method,m,n,forecast,truth,err,k,rep
A_only,1000,2000,-0.6485841202288003,-0.0006760970636952127,-0.6479080231651051,25,0
hybrid,1000,2000,-0.2428769207406281,-0.0006760970636952127,-0.2422008236769329,25,0
B_only,1000,2000,-0.01498356804346329,-0.0006760970636952127,-0.014307470979768077,25,0
A_only,1000,5000,-0.47828523638749953,-0.0028182160594265654,-0.475467020328073,25,0
hybrid,1000,5000,-0.2800990554116865,-0.0028182160594265654,-0.27728083935225994,25,0
B_only,1000,5000,-0.3089959226264028,-0.0028182160594265654,-0.30617770656697624,25,0
A_only,1000,10000,-0.9766864106794313,-0.0028182160594265654,-0.9738681946200047,25,0
hybrid,1000,10000,-0.16539137067622112,-0.0028182160594265654,-0.16257315461679456,25,0
B_only,1000,10000,-2.2382137101022057e-05,-0.0028182160594265654,0.0027958339223255434,25,0
A_only,1000,2000,-1.6366768841192803,-0.0006760970636952127,-1.636000787055585,50,0
hybrid,1000,2000,-1.2485057620260496,-0.0006760970636952127,-1.2478296649623544,50,0
B_only,1000,2000,-0.10418196602703234,-0.0006760970636952127,-0.10350586896333712,50,0
A_only,1000,5000,-1.1143330649636474,-0.0033159803963591777,-1.1110170845672882,50,0
hybrid,1000,5000,-0.8992377628252233,-0.0033159803963591777,-0.8959217824288641,50,0
B_only,1000,5000,-0.029626650493729523,-0.0033159803963591777,-0.026310670097370346,50,0
A_only,1000,10000,-0.38059579216643674,-0.0014035296225299897,-0.37919226254390676,50,0
hybrid,1000,10000,-0.17227472877815367,-0.0014035296225299897,-0.17087119915562368,50,0
B_only,1000,10000,-0.030680579303325156,-0.0014035296225299897,-0.029277049680795166,50,0
A_only,1000,2000,-0.5406471831791358,-0.0014035296225299897,-0.5392436535566059,100,0
hybrid,1000,2000,-0.16124828383207165,-0.0014035296225299897,-0.15984475420954167,100,0
B_only,1000,2000,-0.014285760065482943,-0.0014035296225299897,-0.012882230442952954,100,0
A_only,1000,5000,-1.1002574274949608,-0.016530923319274207,-1.0837265041756865,100,0
hybrid,1000,5000,-0.7194799542436784,-0.016530923319274207,-0.7029490309244042,100,0
B_only,1000,5000,-0.0028743345072660955,-0.016530923319274207,0.01365658881200811,100,0
A_only,1000,10000,-0.8858590167871686,-0.0006760970636952127,-0.8851829197234734,100,0
hybrid,1000,10000,-0.22265652939963237,-0.0006760970636952127,-0.22198043233593717,100,0
B_only,1000,10000,-8.640208563055527e-06,-0.0006760970636952127,0.0006674568551321571,100,0
A_only,1000,2000,-1.0842539534213051,-0.044229416304240946,-1.0400245371170642,200,0
hybrid,1000,2000,-0.35566990107679225,-0.044229416304240946,-0.3114404847725513,200,0
B_only,1000,2000,-0.000415438899992486,-0.044229416304240946,0.04381397740424846,200,0
A_only,1000,5000,-1.3787572945437458,-0.0014035296225299897,-1.3773537649212158,200,0
hybrid,1000,5000,-0.652152952684807,-0.0014035296225299897,-0.650749423062277,200,0
B_only,1000,5000,-0.014525823761007627,-0.0014035296225299897,-0.013122294138477637,200,0
A_only,1000,10000,-0.4228449710529868,-0.016530923319274207,-0.4063140477337126,200,0
hybrid,1000,10000,-0.13584070763339506,-0.016530923319274207,-0.11930978431412086,200,0
B_only,1000,10000,-0.015808419876475337,-0.016530923319274207,0.0007225034427988698,200,0
A_only,1000,2000,-1.0934318227575217,-0.0028182160594265654,-1.0906136066980952,500,0
hybrid,1000,2000,-0.3874362691321344,-0.0028182160594265654,-0.38461805307270786,500,0
B_only,1000,2000,-6.034607833329946e-05,-0.0028182160594265654,0.0027578699810932657,500,0
A_only,1000,5000,-0.5304613517051171,-0.0006760970636952127,-0.5297852546414219,500,0
hybrid,1000,5000,-0.22793543488751586,-0.0006760970636952127,-0.22725933782382066,500,0
B_only,1000,5000,-0.19346087160793018,-0.0006760970636952127,-0.19278477454423498,500,0
A_only,1000,10000,-0.7781486781224896,-0.0006760970636952127,-0.7774725810587944,500,0
hybrid,1000,10000,-0.1531308641778495,-0.0006760970636952127,-0.1524547671141543,500,0
B_only,1000,10000,-0.03357967691271131,-0.0006760970636952127,-0.0329035798490161,500,0
A_only,1000,2000,-1.0520238361409089,-0.048388414022939155,-1.0036354221179697,25,1
hybrid,1000,2000,-0.5129297419162413,-0.048388414022939155,-0.46454132789330216,25,1
B_only,1000,2000,-0.017461697781091846,-0.048388414022939155,0.03092671624184731,25,1
A_only,1000,5000,-0.5235502048631756,-0.0006760970636952127,-0.5228741077994804,25,1
hybrid,1000,5000,-0.25061794588370406,-0.0006760970636952127,-0.24994184882000886,25,1
B_only,1000,5000,-0.013569672073399467,-0.0006760970636952127,-0.012893575009704254,25,1
A_only,1000,10000,-0.627605203351987,-0.0017750072554159953,-0.625830196096571,25,1
hybrid,1000,10000,-0.41785253822476415,-0.0017750072554159953,-0.41607753096934813,25,1
B_only,1000,10000,-0.07307639214666185,-0.0017750072554159953,-0.07130138489124586,25,1
A_only,1000,2000,-1.1255864061768444,-0.0033159803963591777,-1.1222704257804852,50,1
hybrid,1000,2000,-0.6294638428027622,-0.0033159803963591777,-0.6261478624064031,50,1
B_only,1000,2000,-0.039346005280029586,-0.0033159803963591777,-0.03603002488367041,50,1
A_only,1000,5000,-0.6904170441923745,-0.0006760970636952127,-0.6897409471286793,50,1
hybrid,1000,5000,-0.2942775494175847,-0.0006760970636952127,-0.2936014523538895,50,1
B_only,1000,5000,-0.0172104752126631,-0.0006760970636952127,-0.016534378148967886,50,1
A_only,1000,10000,-0.11652633867645946,-0.0006760970636952127,-0.11585024161276425,50,1
hybrid,1000,10000,-0.019870440744230847,-0.0006760970636952127,-0.019194343680535634,50,1
B_only,1000,10000,-0.36010326839535184,-0.0006760970636952127,-0.35942717133165664,50,1
A_only,1000,2000,-0.9785746067815497,-0.0017750072554159953,-0.9767995995261337,100,1
hybrid,1000,2000,-0.5846754464155013,-0.0017750072554159953,-0.5829004391600853,100,1
B_only,1000,2000,-0.157402140326669,-0.0017750072554159953,-0.155627133071253,100,1
A_only,1000,5000,-0.5955104657403452,-0.0006760970636952127,-0.59483436867665,100,1
hybrid,1000,5000,-0.3491494084487154,-0.0006760970636952127,-0.3484733113850202,100,1
B_only,1000,5000,-0.01479411890700923,-0.0006760970636952127,-0.014118021843314017,100,1
A_only,1000,10000,-0.04568787743954109,-0.0014035296225299897,-0.044284347817011106,100,1
hybrid,1000,10000,-0.004677215116388771,-0.0014035296225299897,-0.0032736854938587813,100,1
B_only,1000,10000,-0.013383603234124656,-0.0014035296225299897,-0.011980073611594666,100,1
A_only,1000,2000,-0.9332848258509556,-0.016530923319274207,-0.9167539025316814,200,1
hybrid,1000,2000,-0.1940447305638271,-0.016530923319274207,-0.1775138072445529,200,1
B_only,1000,2000,-2.2986923699649375e-07,-0.016530923319274207,0.01653069345003721,200,1
A_only,1000,5000,-0.3186417312251244,-0.0028182160594265654,-0.31582351516569784,200,1
hybrid,1000,5000,-0.056555321166127756,-0.0028182160594265654,-0.05373710510670119,200,1
B_only,1000,5000,-3.374299705403742e-05,-0.0028182160594265654,0.002784473062372528,200,1
A_only,1000,10000,-0.9961918097212955,-0.0017750072554159953,-0.9944168024658795,200,1
hybrid,1000,10000,-0.3857614010938944,-0.0017750072554159953,-0.3839863938384784,200,1
B_only,1000,10000,-0.0007431894924976276,-0.0017750072554159953,0.0010318177629183678,200,1
A_only,1000,2000,-1.244961017310727,-0.0014035296225299897,-1.243557487688197,500,1
hybrid,1000,2000,-0.45466210886707503,-0.0014035296225299897,-0.45325857924454505,500,1
B_only,1000,2000,-0.04149566981760087,-0.0014035296225299897,-0.04009214019507088,500,1
A_only,1000,5000,-0.37053289326145233,-0.016530923319274207,-0.35400196994217814,500,1
hybrid,1000,5000,-0.07544676567838231,-0.016530923319274207,-0.0589158423591081,500,1
B_only,1000,5000,-0.0032645875835147567,-0.016530923319274207,0.01326633573575945,500,1
A_only,1000,10000,-0.8016587682389243,-0.0006760970636952127,-0.8009826711752291,500,1
hybrid,1000,10000,-0.25598144670812045,-0.0006760970636952127,-0.25530534964442525,500,1
B_only,1000,10000,-0.029150314093556985,-0.0006760970636952127,-0.028474217029861772,500,1
A_only,1000,2000,-1.3717523675087044,-0.05681229432921549,-1.314940073179489,25,2
hybrid,1000,2000,-1.7647938330335526,-0.05681229432921549,-1.707981538704337,25,2
B_only,1000,2000,-0.10616660080588516,-0.05681229432921549,-0.049354306476669677,25,2
A_only,1000,5000,-0.26706699878714735,-0.0014035296225299897,-0.26566346916461736,25,2
hybrid,1000,5000,-0.05676932882212079,-0.0014035296225299897,-0.0553657991995908,25,2
B_only,1000,5000,-0.16029728662461779,-0.0014035296225299897,-0.1588937570020878,25,2
A_only,1000,10000,-1.1185975788581521,-0.0006760970636952127,-1.117921481794457,25,2
hybrid,1000,10000,-0.9863642302853105,-0.0006760970636952127,-0.9856881332216153,25,2
B_only,1000,10000,-0.9583276501419675,-0.0006760970636952127,-0.9576515530782723,25,2
A_only,1000,2000,-0.35038678339520074,-0.04442382739503962,-0.3059629560001611,50,2
hybrid,1000,2000,-0.06644404495630311,-0.04442382739503962,-0.022020217561263496,50,2
B_only,1000,2000,-0.0001766455041547659,-0.04442382739503962,0.044247181890884855,50,2
A_only,1000,5000,-0.6788188642212281,-0.0006760970636952127,-0.6781427671575329,50,2
hybrid,1000,5000,-0.464265328375715,-0.0006760970636952127,-0.4635892313120198,50,2
B_only,1000,5000,-0.011040926241672896,-0.0006760970636952127,-0.010364829177977684,50,2
A_only,1000,10000,-0.22539291333257816,-0.0017750072554159953,-0.22361790607716217,50,2
hybrid,1000,10000,-0.024077805866809878,-0.0017750072554159953,-0.022302798611393882,50,2
B_only,1000,10000,-2.735939245529302e-05,-0.0017750072554159953,0.0017476478629607022,50,2
A_only,1000,2000,-1.1404924740955626,-0.16068049282634783,-0.9798119812692148,100,2
hybrid,1000,2000,-0.3971915281633302,-0.16068049282634783,-0.23651103533698237,100,2
B_only,1000,2000,-0.03411135717300738,-0.16068049282634783,0.12656913565334044,100,2
A_only,1000,5000,-0.3068272804407981,-0.016530923319274207,-0.2902963571215239,100,2
hybrid,1000,5000,-0.18473701081785848,-0.016530923319274207,-0.1682060874985843,100,2
B_only,1000,5000,-0.3767469951068226,-0.016530923319274207,-0.3602160717875484,100,2
A_only,1000,10000,-1.0804344888133115,-0.0006760970636952127,-1.0797583917496163,100,2
hybrid,1000,10000,-0.3816998625076806,-0.0006760970636952127,-0.3810237654439854,100,2
B_only,1000,10000,-0.0015138423386141895,-0.0006760970636952127,-0.0008377452749189768,100,2
A_only,1000,2000,-0.6940782269401881,-0.0017750072554159953,-0.692303219684772,200,2
hybrid,1000,2000,-0.1657390297585029,-0.0017750072554159953,-0.16396402250308692,200,2
B_only,1000,2000,-0.010152550659377197,-0.0017750072554159953,-0.0083775434039612,200,2
A_only,1000,5000,-0.9851045630937209,-0.016652717978201063,-0.9684518451155197,200,2
hybrid,1000,5000,-0.37548041235792,-0.016652717978201063,-0.35882769437971895,200,2
B_only,1000,5000,-0.05588423707497167,-0.016652717978201063,-0.03923151909677061,200,2
A_only,1000,10000,-0.2699578316677121,-0.0014035296225299897,-0.2685543020451821,200,2
hybrid,1000,10000,-0.10713588878635455,-0.0014035296225299897,-0.10573235916382456,200,2
B_only,1000,10000,-0.001910837014880918,-0.0014035296225299897,-0.0005073073923509282,200,2
A_only,1000,2000,-0.9329232183854739,-0.016530923319274207,-0.9163922950661997,500,2
hybrid,1000,2000,-0.4071560034498903,-0.016530923319274207,-0.3906250801306161,500,2
B_only,1000,2000,-0.18405729582866878,-0.016530923319274207,-0.16752637250939456,500,2
A_only,1000,5000,-0.7704135758077623,-0.0028182160594265654,-0.7675953597483357,500,2
hybrid,1000,5000,-0.24623630426085552,-0.0028182160594265654,-0.24341808820142896,500,2
B_only,1000,5000,-0.012044926771753766,-0.0028182160594265654,-0.0092267107123272,500,2
A_only,1000,10000,-0.38915673204422124,-0.0014035296225299897,-0.38775320242169126,500,2
hybrid,1000,10000,-0.12186934089913842,-0.0014035296225299897,-0.12046581127660844,500,2
B_only,1000,10000,-0.0017660000632557875,-0.0014035296225299897,-0.0003624704407257978,500,2
A_only,1000,2000,-1.1943694711360653,-0.026071275432122825,-1.1682981957039424,25,3
hybrid,1000,2000,-0.3317196807581849,-0.026071275432122825,-0.3056484053260621,25,3
B_only,1000,2000,-3.333037179677345e-05,-0.026071275432122825,0.026037945060326053,25,3
A_only,1000,5000,-0.3525275100853668,-0.0006760970636952127,-0.3518514130216716,25,3
hybrid,1000,5000,-0.1231736368408598,-0.0006760970636952127,-0.12249753977716459,25,3
B_only,1000,5000,-0.06963119998287622,-0.0006760970636952127,-0.068955102919181,25,3
A_only,1000,10000,-0.045332623782445076,-0.0017750072554159953,-0.04355761652702908,25,3
hybrid,1000,10000,-0.005498122808351833,-0.0017750072554159953,-0.0037231155529358377,25,3
B_only,1000,10000,-0.062282479797735546,-0.0017750072554159953,-0.06050747254231955,25,3
A_only,1000,2000,-0.8891502290725997,-0.0006760970636952127,-0.8884741320089045,50,3
hybrid,1000,2000,-0.3911755435796289,-0.0006760970636952127,-0.3904994465159337,50,3
B_only,1000,2000,-0.34703488169248303,-0.0006760970636952127,-0.34635878462878783,50,3
A_only,1000,5000,-1.0893405369749067,-0.0033159803963591777,-1.0860245565785476,50,3
hybrid,1000,5000,-0.35471154819200557,-0.0033159803963591777,-0.3513955677956464,50,3
B_only,1000,5000,-0.0005665248673847109,-0.0033159803963591777,0.0027494555289744667,50,3
A_only,1000,10000,-1.041712313768802,-0.0014035296225299897,-1.040308784146272,50,3
hybrid,1000,10000,-0.7079012289877926,-0.0014035296225299897,-0.7064976993652626,50,3
B_only,1000,10000,-0.43438261390649224,-0.0014035296225299897,-0.43297908428396226,50,3
A_only,1000,2000,-1.1859880554486804,-0.02555970165368331,-1.160428353794997,100,3
hybrid,1000,2000,-0.9353241966022114,-0.02555970165368331,-0.9097644949485282,100,3
B_only,1000,2000,-0.40396200261110793,-0.02555970165368331,-0.3784023009574246,100,3
A_only,1000,5000,-0.8633171863563167,-0.0017750072554159953,-0.8615421791009007,100,3
hybrid,1000,5000,-0.4192550860092608,-0.0017750072554159953,-0.4174800787538448,100,3
B_only,1000,5000,-0.02060666585356923,-0.0017750072554159953,-0.018831658598153233,100,3
A_only,1000,10000,-0.19780730952242812,-0.0033159803963591777,-0.19449132912606892,100,3
hybrid,1000,10000,-0.0901593990996934,-0.0033159803963591777,-0.08684341870333422,100,3
B_only,1000,10000,-0.11325384991996033,-0.0033159803963591777,-0.10993786952360116,100,3
A_only,1000,2000,-0.7126571506453256,-0.016652717978201063,-0.6960044326671245,200,3
hybrid,1000,2000,-0.35352555654804785,-0.016652717978201063,-0.3368728385698468,200,3
B_only,1000,2000,-0.06218186144846641,-0.016652717978201063,-0.04552914347026535,200,3
A_only,1000,5000,-0.7017521033862331,-0.0017750072554159953,-0.699977096130817,200,3
hybrid,1000,5000,-0.28312862025784274,-0.0017750072554159953,-0.28135361300242673,200,3
B_only,1000,5000,-0.012376411880027596,-0.0017750072554159953,-0.0106014046246116,200,3
A_only,1000,10000,-0.4214129560048351,-0.0006760970636952127,-0.4207368589411399,200,3
hybrid,1000,10000,-0.1577964494465749,-0.0006760970636952127,-0.1571203523828797,200,3
B_only,1000,10000,-0.008785027766451818,-0.0006760970636952127,-0.008108930702756605,200,3
A_only,1000,2000,-0.8889710099096783,-0.26981257593707875,-0.6191584339725995,500,3
hybrid,1000,2000,-0.1154314802768095,-0.26981257593707875,0.15438109566026925,500,3
B_only,1000,2000,-0.009523139287516334,-0.26981257593707875,0.2602894366495624,500,3
A_only,1000,5000,-0.43245385413895104,-0.0006760970636952127,-0.43177775707525584,500,3
hybrid,1000,5000,-0.16579540548787555,-0.0006760970636952127,-0.16511930842418035,500,3
B_only,1000,5000,-0.0676046201984768,-0.0006760970636952127,-0.06692852313478158,500,3
A_only,1000,10000,-0.5315484759942526,-0.0014035296225299897,-0.5301449463717226,500,3
hybrid,1000,10000,-0.13997906034266383,-0.0014035296225299897,-0.13857553072013384,500,3
B_only,1000,10000,-0.003472127217726138,-0.0014035296225299897,-0.0020685975951961486,500,3
A_only,1000,2000,-1.0217502917666965,-0.0017750072554159953,-1.0199752845112806,25,4
hybrid,1000,2000,-0.3807306625632466,-0.0017750072554159953,-0.3789556553078306,25,4
B_only,1000,2000,-0.010059789551106955,-0.0017750072554159953,-0.008284782295690959,25,4
A_only,1000,5000,-0.5084123138998604,-0.0006760970636952127,-0.5077362168361652,25,4
hybrid,1000,5000,-0.2420171542194258,-0.0006760970636952127,-0.2413410571557306,25,4
B_only,1000,5000,-0.28910602400161883,-0.0006760970636952127,-0.28842992693792363,25,4
A_only,1000,10000,-0.3714322304843247,-0.0014035296225299897,-0.37002870086179473,25,4
hybrid,1000,10000,-0.20294433505470508,-0.0014035296225299897,-0.2015408054321751,25,4
B_only,1000,10000,-0.03829246939912999,-0.0014035296225299897,-0.0368889397766,25,4
A_only,1000,2000,-0.8720435111274526,-0.1155592143897619,-0.7564842967376907,50,4
hybrid,1000,2000,-0.3673626085870903,-0.1155592143897619,-0.2518033941973284,50,4
B_only,1000,2000,-0.48674144610684217,-0.1155592143897619,-0.37118223171708026,50,4
A_only,1000,5000,-0.7732788949883126,-0.0028182160594265654,-0.770460678928886,50,4
hybrid,1000,5000,-0.6818058408887487,-0.0028182160594265654,-0.6789876248293222,50,4
B_only,1000,5000,-0.2610675640551939,-0.0028182160594265654,-0.2582493479957673,50,4
A_only,1000,10000,-1.0995129405646624,-0.0014035296225299897,-1.0981094109421323,50,4
hybrid,1000,10000,-0.44340069799155013,-0.0014035296225299897,-0.44199716836902014,50,4
B_only,1000,10000,-0.013510607971198511,-0.0014035296225299897,-0.012107078348668521,50,4
A_only,1000,2000,-0.7302911146551649,-0.0033159803963591777,-0.7269751342588058,100,4
hybrid,1000,2000,-0.2531404459999769,-0.0033159803963591777,-0.24982446560361776,100,4
B_only,1000,2000,-0.010708131340249656,-0.0033159803963591777,-0.007392150943890478,100,4
A_only,1000,5000,-0.23524041856837355,-0.0006760970636952127,-0.23456432150467835,100,4
hybrid,1000,5000,-0.04708086329618068,-0.0006760970636952127,-0.04640476623248547,100,4
B_only,1000,5000,-0.002438481060266579,-0.0006760970636952127,-0.0017623839965713664,100,4
A_only,1000,10000,-0.561695967603257,-0.0028182160594265654,-0.5588777515438305,100,4
hybrid,1000,10000,-0.21650555742515826,-0.0028182160594265654,-0.2136873413657317,100,4
B_only,1000,10000,-0.09982302338455738,-0.0028182160594265654,-0.09700480732513082,100,4
A_only,1000,2000,-0.5101941618010165,-0.016530923319274207,-0.4936632384817423,200,4
hybrid,1000,2000,-0.17733057019995277,-0.016530923319274207,-0.16079964688067855,200,4
B_only,1000,2000,-0.19022972232731594,-0.016530923319274207,-0.17369879900804175,200,4
A_only,1000,5000,-1.0650425346220884,-0.0006760970636952127,-1.0643664375583932,200,4
hybrid,1000,5000,-0.5376288182586625,-0.0006760970636952127,-0.5369527211949673,200,4
B_only,1000,5000,-0.08555606081398041,-0.0006760970636952127,-0.0848799637502852,200,4
A_only,1000,10000,-0.38402213712644645,-0.0017750072554159953,-0.38224712987103043,200,4
hybrid,1000,10000,-0.12788932884650267,-0.0017750072554159953,-0.12611432159108668,200,4
B_only,1000,10000,-0.02542799496086851,-0.0017750072554159953,-0.023652987705452513,200,4
A_only,1000,2000,-0.6427855867352459,-0.0014035296225299897,-0.6413820571127159,500,4
hybrid,1000,2000,-0.14832789661127896,-0.0014035296225299897,-0.14692436698874897,500,4
B_only,1000,2000,-0.01872563014650274,-0.0014035296225299897,-0.01732210052397275,500,4
A_only,1000,5000,-1.010481723901135,-0.0006760970636952127,-1.0098056268374398,500,4
hybrid,1000,5000,-0.09412834141303086,-0.0006760970636952127,-0.09345224434933565,500,4
B_only,1000,5000,-0.0008202207948001521,-0.0006760970636952127,-0.0001441237311049394,500,4
A_only,1000,10000,-0.005851266111611999,-0.0006760970636952127,-0.005175169047916786,500,4
hybrid,1000,10000,-0.0013704615897778126,-0.0006760970636952127,-0.0006943645260826,500,4
B_only,1000,10000,-0.15223607836037598,-0.0006760970636952127,-0.15155998129668077,500,4
A_only,1000,2000,-0.6107458815426083,-0.0028182160594265654,-0.6079276654831818,25,5
hybrid,1000,2000,-0.31573163203489085,-0.0028182160594265654,-0.3129134159754643,25,5
B_only,1000,2000,-1.4029397957637322,-0.0028182160594265654,-1.4001215797043056,25,5
A_only,1000,5000,-0.16567854728718007,-0.0006760970636952127,-0.16500245022348486,25,5
hybrid,1000,5000,-0.03100644279924234,-0.0006760970636952127,-0.03033034573554713,25,5
B_only,1000,5000,-0.015354727423527094,-0.0006760970636952127,-0.014678630359831881,25,5
A_only,1000,10000,-0.5264756132115734,-0.0017750072554159953,-0.5247006059561574,25,5
hybrid,1000,10000,-0.3377031074468239,-0.0017750072554159953,-0.3359281001914079,25,5
B_only,1000,10000,-0.006199041627154404,-0.0017750072554159953,-0.004424034371738409,25,5
A_only,1000,2000,-0.5625244276184476,-0.0014035296225299897,-0.5611208979959176,50,5
hybrid,1000,2000,-0.1393670920540946,-0.0014035296225299897,-0.1379635624315646,50,5
B_only,1000,2000,-0.029833487459244093,-0.0014035296225299897,-0.028429957836714103,50,5
A_only,1000,5000,-0.8479524027147806,-0.0006760970636952127,-0.8472763056510854,50,5
hybrid,1000,5000,-0.20747668333765296,-0.0006760970636952127,-0.20680058627395775,50,5
B_only,1000,5000,-0.00022115921234748905,-0.0006760970636952127,0.00045493785134772364,50,5
A_only,1000,10000,-0.808363016678352,-0.0006760970636952127,-0.8076869196146568,50,5
hybrid,1000,10000,-0.4041928362425312,-0.0006760970636952127,-0.403516739178836,50,5
B_only,1000,10000,-0.0384255772108876,-0.0006760970636952127,-0.03774948014719239,50,5
A_only,1000,2000,-0.46887295575839466,-0.01849454206597494,-0.4503784136924197,100,5
hybrid,1000,2000,-0.18987608526120292,-0.01849454206597494,-0.17138154319522797,100,5
B_only,1000,2000,-0.10501281457250496,-0.01849454206597494,-0.08651827250653002,100,5
A_only,1000,5000,-0.33740157562401885,-0.0017750072554159953,-0.33562656836860283,100,5
hybrid,1000,5000,-0.13410765195523092,-0.0017750072554159953,-0.13233264469981493,100,5
B_only,1000,5000,-0.008212533612822457,-0.0017750072554159953,-0.006437526357406462,100,5
A_only,1000,10000,-0.9455045594617297,-0.0006760970636952127,-0.9448284623980345,100,5
hybrid,1000,10000,-0.4548497653236982,-0.0006760970636952127,-0.454173668260003,100,5
B_only,1000,10000,-3.5277159205656363e-05,-0.0006760970636952127,0.0006408199044895563,100,5
A_only,1000,2000,-0.6855619675920421,-0.02744009198228548,-0.6581218756097567,200,5
hybrid,1000,2000,-0.2566662099145044,-0.02744009198228548,-0.22922611793221892,200,5
B_only,1000,2000,-0.011770548235291394,-0.02744009198228548,0.015669543746994086,200,5
A_only,1000,5000,-0.21129524928452031,-0.016652717978201063,-0.19464253130631926,200,5
hybrid,1000,5000,-0.052507758186048144,-0.016652717978201063,-0.03585504020784708,200,5
B_only,1000,5000,-0.004664406927662747,-0.016652717978201063,0.011988311050538315,200,5
A_only,1000,10000,-0.3991439879033544,-0.0033159803963591777,-0.39582800750699526,200,5
hybrid,1000,10000,-0.15613131167085653,-0.0033159803963591777,-0.15281533127449737,200,5
B_only,1000,10000,-0.005382887208231289,-0.0033159803963591777,-0.0020669068118721115,200,5
A_only,1000,2000,-0.826763042569408,-0.01849454206597494,-0.8082685005034331,500,5
hybrid,1000,2000,-0.19691977262281982,-0.01849454206597494,-0.17842523055684487,500,5
B_only,1000,2000,-0.03444352819006666,-0.01849454206597494,-0.015948986124091718,500,5
A_only,1000,5000,-0.3590698305429113,-0.026071275432122825,-0.33299855511078846,500,5
hybrid,1000,5000,-0.1350523220101036,-0.026071275432122825,-0.10898104657798076,500,5
B_only,1000,5000,-0.016104862962118344,-0.026071275432122825,0.00996641247000448,500,5
A_only,1000,10000,-0.30142639147434436,-0.0033159803963591777,-0.2981104110779852,500,5
hybrid,1000,10000,-0.06830710247768702,-0.0033159803963591777,-0.06499112208132785,500,5
B_only,1000,10000,-0.015618886167128808,-0.0033159803963591777,-0.01230290577076963,500,5
A_only,1000,2000,-0.9820737500252245,-0.0006760970636952127,-0.9813976529615293,25,6
hybrid,1000,2000,-0.4317127990172737,-0.0006760970636952127,-0.4310367019535785,25,6
B_only,1000,2000,-0.005076807770662343,-0.0006760970636952127,-0.00440071070696713,25,6
A_only,1000,5000,-0.8037020813852758,-0.0006760970636952127,-0.8030259843215806,25,6
hybrid,1000,5000,-0.32095648158490814,-0.0006760970636952127,-0.32028038452121294,25,6
B_only,1000,5000,-0.0005708708241750407,-0.0006760970636952127,0.00010522623952017196,25,6
A_only,1000,10000,-0.21233217248097394,-0.0006760970636952127,-0.21165607541727874,25,6
hybrid,1000,10000,-0.061990327179545,-0.0006760970636952127,-0.06131423011584979,25,6
B_only,1000,10000,-8.633229543619394e-05,-0.0006760970636952127,0.0005897647682590188,25,6
A_only,1000,2000,-1.0450843901123938,-0.0014035296225299897,-1.0436808604898637,50,6
hybrid,1000,2000,-0.4326694882071487,-0.0014035296225299897,-0.4312659585846187,50,6
B_only,1000,2000,-0.004828022692875272,-0.0014035296225299897,-0.0034244930703452824,50,6
A_only,1000,5000,-0.8131411392820602,-0.02555970165368331,-0.787581437628377,50,6
hybrid,1000,5000,-0.20281799000093992,-0.02555970165368331,-0.1772582883472566,50,6
B_only,1000,5000,-0.0021803269497514127,-0.02555970165368331,0.023379374703931897,50,6
A_only,1000,10000,-0.7273558411167552,-0.0014035296225299897,-0.7259523114942252,50,6
hybrid,1000,10000,-0.15504260026069472,-0.0014035296225299897,-0.15363907063816473,50,6
B_only,1000,10000,-1.534706858193603e-09,-0.0014035296225299897,0.0014035280878231316,50,6
A_only,1000,2000,-1.0622015596914098,-0.048388414022939155,-1.0138131456684707,100,6
hybrid,1000,2000,-0.43392259077782236,-0.048388414022939155,-0.3855341767548832,100,6
B_only,1000,2000,-0.0036630578807448325,-0.048388414022939155,0.04472535614219432,100,6
A_only,1000,5000,-0.9389024150995491,-0.0006760970636952127,-0.9382263180358539,100,6
hybrid,1000,5000,-0.4030565542250775,-0.0006760970636952127,-0.4023804571613823,100,6
B_only,1000,5000,-2.788661313595924e-05,-0.0006760970636952127,0.0006482104505592534,100,6
A_only,1000,10000,-0.7740198851317633,-0.0006760970636952127,-0.7733437880680681,100,6
hybrid,1000,10000,-0.24405859793756815,-0.0006760970636952127,-0.24338250087387295,100,6
B_only,1000,10000,-0.0021364020802140623,-0.0006760970636952127,-0.0014603050165188495,100,6
A_only,1000,2000,-1.1479157195219993,-0.026071275432122825,-1.1218444440898765,200,6
hybrid,1000,2000,-0.54829105881681,-0.026071275432122825,-0.5222197833846871,200,6
B_only,1000,2000,-0.06613630351737702,-0.026071275432122825,-0.040065028085254195,200,6
A_only,1000,5000,-1.1709719888323542,-0.0028182160594265654,-1.1681537727729276,200,6
hybrid,1000,5000,-0.6062396246080027,-0.0028182160594265654,-0.6034214085485762,200,6
B_only,1000,5000,-0.14703650465306692,-0.0028182160594265654,-0.14421828859364036,200,6
A_only,1000,10000,-0.31701102906566964,-0.0006760970636952127,-0.31633493200197443,200,6
hybrid,1000,10000,-0.1069181063889636,-0.0006760970636952127,-0.10624200932526838,200,6
B_only,1000,10000,-0.03357287556982129,-0.0006760970636952127,-0.03289677850612608,200,6
A_only,1000,2000,-0.6214332048926834,-0.02555970165368331,-0.5958735032390001,500,6
hybrid,1000,2000,-0.14529795238924206,-0.02555970165368331,-0.11973825073555876,500,6
B_only,1000,2000,-0.013579066883075462,-0.02555970165368331,0.011980634770607847,500,6
A_only,1000,5000,-0.728653208636983,-0.0006760970636952127,-0.7279771115732878,500,6
hybrid,1000,5000,-0.09984913646214602,-0.0006760970636952127,-0.0991730393984508,500,6
B_only,1000,5000,-0.0263619611885787,-0.0006760970636952127,-0.025685864124883488,500,6
A_only,1000,10000,-0.6118570025320808,-0.0014035296225299897,-0.6104534729095508,500,6
hybrid,1000,10000,-0.06033409398046655,-0.0014035296225299897,-0.05893056435793656,500,6
B_only,1000,10000,-0.0009500589015706141,-0.0014035296225299897,0.0004534707209593756,500,6
A_only,1000,2000,-1.156216325497301,-0.02744009198228548,-1.1287762335150155,25,7
hybrid,1000,2000,-2.1324355351827506,-0.02744009198228548,-2.104995443200465,25,7
B_only,1000,2000,-3.553758966112518,-0.02744009198228548,-3.5263188741302325,25,7
A_only,1000,5000,-0.9175719544935514,-0.016530923319274207,-0.9010410311742773,25,7
hybrid,1000,5000,-0.8974648037889504,-0.016530923319274207,-0.8809338804696762,25,7
B_only,1000,5000,-0.02010044820597543,-0.016530923319274207,-0.003569524886701224,25,7
A_only,1000,10000,-0.43708409539060167,-0.0006760970636952127,-0.43640799832690647,25,7
hybrid,1000,10000,-0.11653323125268675,-0.0006760970636952127,-0.11585713418899153,25,7
B_only,1000,10000,-0.008755095084341538,-0.0006760970636952127,-0.008078998020646325,25,7
A_only,1000,2000,-0.6265173573116175,-0.016652717978201063,-0.6098646393334164,50,7
hybrid,1000,2000,-0.2187051243311937,-0.016652717978201063,-0.20205240635299265,50,7
B_only,1000,2000,-0.6233964745469902,-0.016652717978201063,-0.6067437565687891,50,7
A_only,1000,5000,-0.9909194973020057,-0.0028182160594265654,-0.9881012812425791,50,7
hybrid,1000,5000,-0.34681516476840085,-0.0028182160594265654,-0.3439969487089743,50,7
B_only,1000,5000,-6.838334960252081e-10,-0.0028182160594265654,0.0028182153755930694,50,7
A_only,1000,10000,-0.9506110824931936,-0.0006760970636952127,-0.9499349854294984,50,7
hybrid,1000,10000,-0.7736930655465589,-0.0006760970636952127,-0.7730169684828637,50,7
B_only,1000,10000,-0.12873823754272157,-0.0006760970636952127,-0.12806214047902637,50,7
A_only,1000,2000,-1.1859620434495297,-0.04442382739503962,-1.14153821605449,100,7
hybrid,1000,2000,-0.4958596358183736,-0.04442382739503962,-0.451435808423334,100,7
B_only,1000,2000,-0.025291695962337817,-0.04442382739503962,0.0191321314327018,100,7
A_only,1000,5000,-0.6969484608003588,-0.02338563685393675,-0.673562823946422,100,7
hybrid,1000,5000,-0.35433001604309416,-0.02338563685393675,-0.3309443791891574,100,7
B_only,1000,5000,-0.01121273604480162,-0.02338563685393675,0.012172900809135129,100,7
A_only,1000,10000,-0.9590958245586546,-0.0006760970636952127,-0.9584197274949594,100,7
hybrid,1000,10000,-0.2724078941970685,-0.0006760970636952127,-0.2717317971333733,100,7
B_only,1000,10000,-6.480204391116314e-07,-0.0006760970636952127,0.000675449043256101,100,7
A_only,1000,2000,-0.6851777965626781,-0.016530923319274207,-0.6686468732434039,200,7
hybrid,1000,2000,-0.27451004874173823,-0.016530923319274207,-0.25797912542246404,200,7
B_only,1000,2000,-0.025621864330170652,-0.016530923319274207,-0.009090941010896445,200,7
A_only,1000,5000,-0.6984984716468078,-0.0028182160594265654,-0.6956802555873812,200,7
hybrid,1000,5000,-0.17702758036280442,-0.0028182160594265654,-0.17420936430337786,200,7
B_only,1000,5000,-0.00038306115732764887,-0.0028182160594265654,0.0024351549020989165,200,7
A_only,1000,10000,-0.4010136406111047,-0.0006760970636952127,-0.4003375435474095,200,7
hybrid,1000,10000,-0.1078724510189013,-0.0006760970636952127,-0.10719635395520609,200,7
B_only,1000,10000,-0.008353672939296309,-0.0006760970636952127,-0.007677575875601096,200,7
A_only,1000,2000,-0.9885105425039941,-0.016530923319274207,-0.9719796191847199,500,7
hybrid,1000,2000,-0.2718992288316458,-0.016530923319274207,-0.2553683055123716,500,7
B_only,1000,2000,-0.016044636573192866,-0.016530923319274207,0.0004862867460813415,500,7
A_only,1000,5000,-1.471170636829814,-0.0017750072554159953,-1.4693956295743982,500,7
hybrid,1000,5000,-0.3070631348757041,-0.0017750072554159953,-0.30528812762028806,500,7
B_only,1000,5000,-0.00029055597643036426,-0.0017750072554159953,0.001484451278985631,500,7
A_only,1000,10000,-0.020193036025543603,-0.0014035296225299897,-0.018789506403013613,500,7
hybrid,1000,10000,-0.002288159526972144,-0.0014035296225299897,-0.0008846299044421543,500,7
B_only,1000,10000,-0.001134976623746982,-0.0014035296225299897,0.0002685529987830077,500,7
A_only,1000,2000,-0.5833863365177483,-0.111168923611811,-0.47221741290593733,25,8
hybrid,1000,2000,-0.2105006486753856,-0.111168923611811,-0.0993317250635746,25,8
B_only,1000,2000,-3.0027687061599475,-0.111168923611811,-2.8915997825481363,25,8
A_only,1000,5000,-0.5858543187031066,-0.0006760970636952127,-0.5851782216394114,25,8
hybrid,1000,5000,-0.4777952742506045,-0.0006760970636952127,-0.47711917718690927,25,8
B_only,1000,5000,-1.3947614884454358,-0.0006760970636952127,-1.3940853913817406,25,8
A_only,1000,10000,-1.2803135251070945,-0.0006760970636952127,-1.2796374280433993,25,8
hybrid,1000,10000,-0.6119338736066753,-0.0006760970636952127,-0.6112577765429801,25,8
B_only,1000,10000,-0.004318546082351889,-0.0006760970636952127,-0.003642449018656676,25,8
A_only,1000,2000,-0.6945778138192704,-0.0033159803963591777,-0.6912618334229113,50,8
hybrid,1000,2000,-0.16113591112077955,-0.0033159803963591777,-0.15781993072442035,50,8
B_only,1000,2000,-0.008489405751806667,-0.0033159803963591777,-0.00517342535544749,50,8
A_only,1000,5000,-0.7221106675616094,-0.016530923319274207,-0.7055797442423352,50,8
hybrid,1000,5000,-0.43797170639570265,-0.016530923319274207,-0.42144078307642846,50,8
B_only,1000,5000,-0.10555213252027887,-0.016530923319274207,-0.08902120920100466,50,8
A_only,1000,10000,-0.9309439095899915,-0.0014035296225299897,-0.9295403799674615,50,8
hybrid,1000,10000,-0.6932592340383378,-0.0014035296225299897,-0.6918557044158078,50,8
B_only,1000,10000,-8.956345566632941e-05,-0.0014035296225299897,0.0013139661668636602,50,8
A_only,1000,2000,-1.1938430550310237,-0.05681229432921549,-1.1370307607018082,100,8
hybrid,1000,2000,-0.8644815154449343,-0.05681229432921549,-0.8076692211157188,100,8
B_only,1000,2000,-0.2886889938972555,-0.05681229432921549,-0.23187669956804002,100,8
A_only,1000,5000,-0.327484245996027,-0.0017750072554159953,-0.325709238740611,100,8
hybrid,1000,5000,-0.08058906280863712,-0.0017750072554159953,-0.07881405555322113,100,8
B_only,1000,5000,-0.10934184592633327,-0.0017750072554159953,-0.10756683867091728,100,8
A_only,1000,10000,-0.05536499314294424,-0.0006760970636952127,-0.05468889607924903,100,8
hybrid,1000,10000,-0.013612582998791525,-0.0006760970636952127,-0.012936485935096312,100,8
B_only,1000,10000,-0.30082580994545066,-0.0006760970636952127,-0.30014971288175546,100,8
A_only,1000,2000,-0.803712281820445,-0.0017750072554159953,-0.801937274565029,200,8
hybrid,1000,2000,-0.2781307903901163,-0.0017750072554159953,-0.2763557831347003,200,8
B_only,1000,2000,-0.03731928571835412,-0.0017750072554159953,-0.035544278462938124,200,8
A_only,1000,5000,-0.9523442240606028,-0.0006760970636952127,-0.9516681269969076,200,8
hybrid,1000,5000,-0.12909291377324816,-0.0006760970636952127,-0.12841681670955296,200,8
B_only,1000,5000,-0.0048125427058535765,-0.0006760970636952127,-0.004136445642158364,200,8
A_only,1000,10000,-1.104047807597351,-0.0006760970636952127,-1.1033717105336558,200,8
hybrid,1000,10000,-0.3580506002481757,-0.0006760970636952127,-0.3573745031844805,200,8
B_only,1000,10000,-0.00326909240173569,-0.0006760970636952127,-0.0025929953380404774,200,8
A_only,1000,2000,-1.6204907432045872,-0.02555970165368331,-1.594931041550904,500,8
hybrid,1000,2000,-0.19796657943185805,-0.02555970165368331,-0.17240687777817473,500,8
B_only,1000,2000,-7.105077729870582e-05,-0.02555970165368331,0.025488650876384605,500,8
A_only,1000,5000,-0.713321628569383,-0.0014035296225299897,-0.711918098946853,500,8
hybrid,1000,5000,-0.07990547621635649,-0.0014035296225299897,-0.0785019465938265,500,8
B_only,1000,5000,-9.256366442005141e-07,-0.0014035296225299897,0.0014026039858857891,500,8
A_only,1000,10000,-0.5861007705480841,-0.0006760970636952127,-0.5854246734843889,500,8
hybrid,1000,10000,-0.22374200231559485,-0.0006760970636952127,-0.22306590525189965,500,8
B_only,1000,10000,-0.04448923768805496,-0.0006760970636952127,-0.04381314062435975,500,8
A_only,1000,2000,-0.42072661386667765,-0.10941634953475828,-0.3113102643319194,25,9
hybrid,1000,2000,-0.052538407964808305,-0.10941634953475828,0.05687794156994997,25,9
B_only,1000,2000,-0.0005244223736795836,-0.10941634953475828,0.10889192716107869,25,9
A_only,1000,5000,-0.4370460360232433,-0.0028182160594265654,-0.43422781996381676,25,9
hybrid,1000,5000,-0.08204322467441733,-0.0028182160594265654,-0.07922500861499077,25,9
B_only,1000,5000,-0.0032401844381542847,-0.0028182160594265654,-0.0004219683787277193,25,9
A_only,1000,10000,-0.650157485858765,-0.0006760970636952127,-0.6494813887950698,25,9
hybrid,1000,10000,-0.4273396142435077,-0.0006760970636952127,-0.4266635171798125,25,9
B_only,1000,10000,-0.10756956431998037,-0.0006760970636952127,-0.10689346725628515,25,9
A_only,1000,2000,-0.7916384927577829,-0.0006760970636952127,-0.7909623956940877,50,9
hybrid,1000,2000,-0.16636660526598582,-0.0006760970636952127,-0.16569050820229062,50,9
B_only,1000,2000,-0.00027793218154556883,-0.0006760970636952127,0.00039816488214964386,50,9
A_only,1000,5000,-0.9457479827068099,-0.0006760970636952127,-0.9450718856431147,50,9
hybrid,1000,5000,-0.34059143332038855,-0.0006760970636952127,-0.33991533625669335,50,9
B_only,1000,5000,-0.01786854281225856,-0.0006760970636952127,-0.017192445748563347,50,9
A_only,1000,10000,-0.8926326694134376,-0.016530923319274207,-0.8761017460941634,50,9
hybrid,1000,10000,-0.21744213183308778,-0.016530923319274207,-0.20091120851381356,50,9
B_only,1000,10000,-3.427860225438119e-12,-0.016530923319274207,0.01653092331584635,50,9
A_only,1000,2000,-1.2765470052861387,-0.0028182160594265654,-1.2737287892267122,100,9
hybrid,1000,2000,-0.6571008966268063,-0.0028182160594265654,-0.6542826805673797,100,9
B_only,1000,2000,-0.00013089902653825875,-0.0028182160594265654,0.0026873170328883065,100,9
A_only,1000,5000,-0.12650207083087975,-0.0006760970636952127,-0.12582597376718455,100,9
hybrid,1000,5000,-0.03368181289770327,-0.0006760970636952127,-0.03300571583400806,100,9
B_only,1000,5000,-0.09931613465075578,-0.0006760970636952127,-0.09864003758706057,100,9
A_only,1000,10000,-0.8454173610994896,-0.0017750072554159953,-0.8436423538440736,100,9
hybrid,1000,10000,-0.41104898792315253,-0.0017750072554159953,-0.4092739806677365,100,9
B_only,1000,10000,-0.00027072611766220447,-0.0017750072554159953,0.001504281137753791,100,9
A_only,1000,2000,-1.4198997923404946,-0.21139564999887298,-1.2085041423416216,200,9
hybrid,1000,2000,-0.38818507942463154,-0.21139564999887298,-0.17678942942575857,200,9
B_only,1000,2000,-0.00011341230705876327,-0.21139564999887298,0.2112822376918142,200,9
A_only,1000,5000,-0.014931971144896859,-0.016652717978201063,0.0017207468333042038,200,9
hybrid,1000,5000,-0.0011739314729110285,-0.016652717978201063,0.015478786505290033,200,9
B_only,1000,5000,-0.0020707999677693676,-0.016652717978201063,0.014581918010431695,200,9
A_only,1000,10000,-0.2471469300290648,-0.0006760970636952127,-0.2464708329653696,200,9
hybrid,1000,10000,-0.12851760330926815,-0.0006760970636952127,-0.12784150624557294,200,9
B_only,1000,10000,-0.2647572669632202,-0.0006760970636952127,-0.264081169899525,200,9
A_only,1000,2000,-0.9847859269173036,-0.0006760970636952127,-0.9841098298536084,500,9
hybrid,1000,2000,-0.21345169504793166,-0.0006760970636952127,-0.21277559798423645,500,9
B_only,1000,2000,-0.0551578244962837,-0.0006760970636952127,-0.05448172743258849,500,9
A_only,1000,5000,-0.27501796035781584,-0.02555970165368331,-0.24945825870413252,500,9
hybrid,1000,5000,-0.11570295251626976,-0.02555970165368331,-0.09014325086258645,500,9
B_only,1000,5000,-0.10953491176030045,-0.02555970165368331,-0.08397521010661714,500,9
A_only,1000,10000,-0.8889162985169252,-0.0014035296225299897,-0.8875127688943952,500,9
hybrid,1000,10000,-0.32063066131727075,-0.0014035296225299897,-0.31922713169474076,500,9
B_only,1000,10000,-0.019339257766084996,-0.0014035296225299897,-0.017935728143555006,500,9
A_only,1000,2000,-1.28567287761134,-0.03431007729625027,-1.2513628003150896,25,10
hybrid,1000,2000,-0.9681716282007891,-0.03431007729625027,-0.9338615509045388,25,10
B_only,1000,2000,-1.7667508773120064,-0.03431007729625027,-1.732440800015756,25,10
A_only,1000,5000,-1.137897734412357,-0.0017750072554159953,-1.1361227271569412,25,10
hybrid,1000,5000,-0.6661909134441405,-0.0017750072554159953,-0.6644159061887245,25,10
B_only,1000,5000,-0.08535455913910599,-0.0017750072554159953,-0.08357955188369,25,10
A_only,1000,10000,-0.5589118717644044,-0.0014035296225299897,-0.5575083421418744,25,10
hybrid,1000,10000,-0.20933406521238432,-0.0014035296225299897,-0.20793053558985433,25,10
B_only,1000,10000,-0.0001358141489214076,-0.0014035296225299897,0.001267715473608582,25,10
A_only,1000,2000,-1.6267356226874587,-0.04442382739503962,-1.582311795292419,50,10
hybrid,1000,2000,-1.0302334116023222,-0.04442382739503962,-0.9858095842072826,50,10
B_only,1000,2000,-0.006265762650612294,-0.04442382739503962,0.038158064744427324,50,10
A_only,1000,5000,-0.6537620262404388,-0.0006760970636952127,-0.6530859291767436,50,10
hybrid,1000,5000,-0.3001988230743727,-0.0006760970636952127,-0.2995227260106775,50,10
B_only,1000,5000,-0.021280172547275142,-0.0006760970636952127,-0.02060407548357993,50,10
A_only,1000,10000,-0.03544244379909053,-0.0014035296225299897,-0.03403891417656054,50,10
hybrid,1000,10000,-0.0055584873079941215,-0.0014035296225299897,-0.0041549576854641316,50,10
B_only,1000,10000,-0.10241719728315722,-0.0014035296225299897,-0.10101366766062723,50,10
A_only,1000,2000,-0.8172808639908025,-0.021107166088018964,-0.7961736979027835,100,10
hybrid,1000,2000,-0.388177875907297,-0.021107166088018964,-0.36707070981927803,100,10
B_only,1000,2000,-0.11715769534414726,-0.021107166088018964,-0.0960505292561283,100,10
A_only,1000,5000,-1.249622094177517,-0.0014035296225299897,-1.2482185645549868,100,10
hybrid,1000,5000,-0.9616264237797726,-0.0014035296225299897,-0.9602228941572426,100,10
B_only,1000,5000,-0.6450065525516361,-0.0014035296225299897,-0.6436030229291061,100,10
A_only,1000,10000,-0.030881562151628413,-0.0014035296225299897,-0.029478032529098423,100,10
hybrid,1000,10000,-0.003589380352709345,-0.0014035296225299897,-0.002185850730179355,100,10
B_only,1000,10000,-0.03120249068796402,-0.0014035296225299897,-0.02979896106543403,100,10
A_only,1000,2000,-1.14696104130137,-0.016530923319274207,-1.1304301179820957,200,10
hybrid,1000,2000,-0.403394906468954,-0.016530923319274207,-0.3868639831496798,200,10
B_only,1000,2000,-0.022673342027514986,-0.016530923319274207,-0.006142418708240779,200,10
A_only,1000,5000,-0.286577962228541,-0.0033159803963591777,-0.2832619818321818,200,10
hybrid,1000,5000,-0.12612385061842957,-0.0033159803963591777,-0.12280787022207039,200,10
B_only,1000,5000,-0.1391476217317692,-0.0033159803963591777,-0.13583164133541004,200,10
A_only,1000,10000,-0.7505668221127435,-0.0006760970636952127,-0.7498907250490483,200,10
hybrid,1000,10000,-0.2565221533025251,-0.0006760970636952127,-0.2558460562388299,200,10
B_only,1000,10000,-1.2479681388332561e-05,-0.0006760970636952127,0.0006636173823068801,200,10
A_only,1000,2000,-1.0660324797449574,-0.0006760970636952127,-1.0653563826812622,500,10
hybrid,1000,2000,-0.29470457804629574,-0.0006760970636952127,-0.29402848098260054,500,10
B_only,1000,2000,-0.14543538589244803,-0.0006760970636952127,-0.14475928882875283,500,10
A_only,1000,5000,-0.770605088374182,-0.016530923319274207,-0.7540741650549078,500,10
hybrid,1000,5000,-0.17430447259118337,-0.016530923319274207,-0.15777354927190917,500,10
B_only,1000,5000,-0.00035151020103947925,-0.016530923319274207,0.016179413118234728,500,10
A_only,1000,10000,-0.5247533072033552,-0.0006760970636952127,-0.52407721013966,500,10
hybrid,1000,10000,-0.14471890911823718,-0.0006760970636952127,-0.14404281205454197,500,10
B_only,1000,10000,-0.08692621433540737,-0.0006760970636952127,-0.08625011727171215,500,10
A_only,1000,2000,-0.9054288231399222,-0.021107166088018964,-0.8843216570519032,25,11
hybrid,1000,2000,-0.6998028818748051,-0.021107166088018964,-0.6786957157867861,25,11
B_only,1000,2000,-0.4818434995338493,-0.021107166088018964,-0.4607363334458303,25,11
A_only,1000,5000,-1.08832423493928,-0.0028182160594265654,-1.0855060188798535,25,11
hybrid,1000,5000,-0.9418434239084528,-0.0028182160594265654,-0.9390252078490262,25,11
B_only,1000,5000,-0.623780929096468,-0.0028182160594265654,-0.6209627130370414,25,11
A_only,1000,10000,-0.47166169460021923,-0.0006760970636952127,-0.470985597536524,25,11
hybrid,1000,10000,-0.3853229001639025,-0.0006760970636952127,-0.3846468031002073,25,11
B_only,1000,10000,-0.16640156465665934,-0.0006760970636952127,-0.16572546759296414,25,11
A_only,1000,2000,-0.5626426691066602,-0.026071275432122825,-0.5365713936745373,50,11
hybrid,1000,2000,-0.1257596949953458,-0.026071275432122825,-0.09968841956322298,50,11
B_only,1000,2000,-0.12295454253989231,-0.026071275432122825,-0.09688326710776948,50,11
A_only,1000,5000,-0.5228406304201331,-0.0017750072554159953,-0.521065623164717,50,11
hybrid,1000,5000,-0.2216527601620553,-0.0017750072554159953,-0.2198777529066393,50,11
B_only,1000,5000,-0.5081896809202172,-0.0017750072554159953,-0.5064146736648012,50,11
A_only,1000,10000,-0.9337012652661416,-0.0006760970636952127,-0.9330251682024464,50,11
hybrid,1000,10000,-0.28079785102717486,-0.0006760970636952127,-0.28012175396347966,50,11
B_only,1000,10000,-0.00019398573739805538,-0.0006760970636952127,0.0004821113262971573,50,11
A_only,1000,2000,-1.391305945387904,-0.01849454206597494,-1.372811403321929,100,11
hybrid,1000,2000,-0.9674602437725791,-0.01849454206597494,-0.9489657017066042,100,11
B_only,1000,2000,-0.6040738615658114,-0.01849454206597494,-0.5855793194998365,100,11
A_only,1000,5000,-0.7037630582045309,-0.021107166088018964,-0.6826558921165119,100,11
hybrid,1000,5000,-0.3424243219441514,-0.021107166088018964,-0.3213171558561324,100,11
B_only,1000,5000,-0.005949440868633008,-0.021107166088018964,0.015157725219385956,100,11
A_only,1000,10000,-0.6308688381884342,-0.0006760970636952127,-0.630192741124739,100,11
hybrid,1000,10000,-0.22530368741250595,-0.0006760970636952127,-0.22462759034881075,100,11
B_only,1000,10000,-0.0002476356150838982,-0.0006760970636952127,0.0004284614486113145,100,11
A_only,1000,2000,-1.7202850785984996,-0.02338563685393675,-1.6968994417445629,200,11
hybrid,1000,2000,-0.7075802660111083,-0.02338563685393675,-0.6841946291571716,200,11
B_only,1000,2000,-0.1343389191926306,-0.02338563685393675,-0.11095328233869386,200,11
A_only,1000,5000,-0.6331288883497008,-0.0014035296225299897,-0.6317253587271708,200,11
hybrid,1000,5000,-0.14035657617565173,-0.0014035296225299897,-0.13895304655312174,200,11
B_only,1000,5000,-0.000674501964377433,-0.0014035296225299897,0.0007290276581525567,200,11
A_only,1000,10000,-0.29230296525979027,-0.0017750072554159953,-0.29052795800437425,200,11
hybrid,1000,10000,-0.07335963063149202,-0.0017750072554159953,-0.07158462337607603,200,11
B_only,1000,10000,-0.02013581997716671,-0.0017750072554159953,-0.018360812721750715,200,11
A_only,1000,2000,-1.1432308635647286,-0.0017750072554159953,-1.1414558563093127,500,11
hybrid,1000,2000,-0.16683508354909082,-0.0017750072554159953,-0.16506007629367483,500,11
B_only,1000,2000,-0.0024178222165899804,-0.0017750072554159953,-0.000642814961173985,500,11
A_only,1000,5000,-0.5930606812188479,-0.0014035296225299897,-0.5916571515963179,500,11
hybrid,1000,5000,-0.1989798098533808,-0.0014035296225299897,-0.1975762802308508,500,11
B_only,1000,5000,-0.02941261336096096,-0.0014035296225299897,-0.02800908373843097,500,11
A_only,1000,10000,-0.5546381748820375,-0.0014035296225299897,-0.5532346452595075,500,11
hybrid,1000,10000,-0.13779237401035427,-0.0014035296225299897,-0.13638884438782428,500,11
B_only,1000,10000,-0.053001073592528446,-0.0014035296225299897,-0.05159754396999846,500,11
A_only,1000,2000,-1.0173040327853002,-0.016530923319274207,-1.000773109466026,25,12
hybrid,1000,2000,-0.3052628556298705,-0.016530923319274207,-0.2887319323105963,25,12
B_only,1000,2000,-1.878387458443484e-06,-0.016530923319274207,0.016529044931815763,25,12
A_only,1000,5000,-0.9713344487281655,-0.0006760970636952127,-0.9706583516644703,25,12
hybrid,1000,5000,-0.6455664452455641,-0.0006760970636952127,-0.6448903481818689,25,12
B_only,1000,5000,-0.37321410716896486,-0.0006760970636952127,-0.37253801010526966,25,12
A_only,1000,10000,-0.4813605058510468,-0.0014035296225299897,-0.4799569762285168,25,12
hybrid,1000,10000,-0.33934513044177966,-0.0014035296225299897,-0.3379416008192497,25,12
B_only,1000,10000,-0.034865733347228124,-0.0014035296225299897,-0.03346220372469814,25,12
A_only,1000,2000,-1.2526521583622576,-0.13722523345536336,-1.1154269249068942,50,12
hybrid,1000,2000,-0.45136805447867145,-0.13722523345536336,-0.3141428210233081,50,12
B_only,1000,2000,-1.873965450967628e-05,-0.13722523345536336,0.13720649380085367,50,12
A_only,1000,5000,-0.8739577869051361,-0.0014035296225299897,-0.8725542572826062,50,12
hybrid,1000,5000,-0.5745800695788121,-0.0014035296225299897,-0.5731765399562821,50,12
B_only,1000,5000,-0.030819673493412518,-0.0014035296225299897,-0.029416143870882528,50,12
A_only,1000,10000,-1.3759670848723282,-0.0033159803963591777,-1.372651104475969,50,12
hybrid,1000,10000,-0.5675860351398212,-0.0033159803963591777,-0.564270054743462,50,12
B_only,1000,10000,-0.00045251638971732067,-0.0033159803963591777,0.0028634640066418572,50,12
A_only,1000,2000,-0.26951848001454365,-0.016652717978201063,-0.2528657620363426,100,12
hybrid,1000,2000,-0.06218346003210767,-0.016652717978201063,-0.0455307420539066,100,12
B_only,1000,2000,-0.09118531949470993,-0.016652717978201063,-0.07453260151650887,100,12
A_only,1000,5000,-0.23229015767823774,-0.0017750072554159953,-0.23051515042282175,100,12
hybrid,1000,5000,-0.06849102370716696,-0.0017750072554159953,-0.06671601645175097,100,12
B_only,1000,5000,-0.03640221138054083,-0.0017750072554159953,-0.034627204125124836,100,12
A_only,1000,10000,-0.7870458829798331,-0.0006760970636952127,-0.7863697859161379,100,12
hybrid,1000,10000,-0.5287386000483479,-0.0006760970636952127,-0.5280625029846527,100,12
B_only,1000,10000,-0.7657348694686855,-0.0006760970636952127,-0.7650587724049903,100,12
A_only,1000,2000,-0.5138062692990276,-0.0006760970636952127,-0.5131301722353324,200,12
hybrid,1000,2000,-0.1182401284395055,-0.0006760970636952127,-0.11756403137581029,200,12
B_only,1000,2000,-0.06549893137870538,-0.0006760970636952127,-0.06482283431501017,200,12
A_only,1000,5000,-0.23739007597846323,-0.0014035296225299897,-0.23598654635593325,200,12
hybrid,1000,5000,-0.08915076961449675,-0.0014035296225299897,-0.08774723999196676,200,12
B_only,1000,5000,-0.1318028577965578,-0.0014035296225299897,-0.1303993281740278,200,12
A_only,1000,10000,-0.10434600506079698,-0.0006760970636952127,-0.10366990799710177,200,12
hybrid,1000,10000,-0.03446750143999452,-0.0006760970636952127,-0.03379140437629931,200,12
B_only,1000,10000,-0.08708143220786675,-0.0006760970636952127,-0.08640533514417154,200,12
A_only,1000,2000,-1.5146644552190955,-0.01849454206597494,-1.4961699131531205,500,12
hybrid,1000,2000,-0.3055642732758,-0.01849454206597494,-0.28706973120982504,500,12
B_only,1000,2000,-0.08326569573116004,-0.01849454206597494,-0.0647711536651851,500,12
A_only,1000,5000,-0.6651213503698492,-0.048388414022939155,-0.6167329363469101,500,12
hybrid,1000,5000,-0.24767721784686472,-0.048388414022939155,-0.19928880382392555,500,12
B_only,1000,5000,-0.007290581627138903,-0.048388414022939155,0.041097832395800254,500,12
A_only,1000,10000,-0.7385003758747041,-0.0017750072554159953,-0.7367253686192881,500,12
hybrid,1000,10000,-0.18530062418906132,-0.0017750072554159953,-0.18352561693364533,500,12
B_only,1000,10000,-0.03298768290032763,-0.0017750072554159953,-0.031212675644911633,500,12
A_only,1000,2000,-1.3430934576492741,-0.016530923319274207,-1.3265625343299998,25,13
hybrid,1000,2000,-0.13189039258685528,-0.016530923319274207,-0.11535946926758107,25,13
B_only,1000,2000,-1.3678716973818267e-07,-0.016530923319274207,0.01653078653210447,25,13
A_only,1000,5000,-0.8162805009198245,-0.016530923319274207,-0.7997495776005503,25,13
hybrid,1000,5000,-0.6594680957698846,-0.016530923319274207,-0.6429371724506104,25,13
B_only,1000,5000,-2.555510577051404,-0.016530923319274207,-2.5389796537321296,25,13
A_only,1000,10000,-0.8882484885528933,-0.0006760970636952127,-0.8875723914891981,25,13
hybrid,1000,10000,-0.30460452597103344,-0.0006760970636952127,-0.30392842890733823,25,13
B_only,1000,10000,-0.082833352623678,-0.0006760970636952127,-0.08215725555998278,25,13
A_only,1000,2000,-1.2378168003926413,-0.0014035296225299897,-1.2364132707701112,50,13
hybrid,1000,2000,-0.7229543039468863,-0.0014035296225299897,-0.7215507743243563,50,13
B_only,1000,2000,-0.02287504579252509,-0.0014035296225299897,-0.0214715161699951,50,13
A_only,1000,5000,-0.25796450405102556,-0.0014035296225299897,-0.25656097442849557,50,13
hybrid,1000,5000,-0.07833763416755736,-0.0014035296225299897,-0.07693410454502737,50,13
B_only,1000,5000,-0.3392726505015179,-0.0014035296225299897,-0.3378691208789879,50,13
A_only,1000,10000,-0.8344898614760171,-0.0006760970636952127,-0.8338137644123219,50,13
hybrid,1000,10000,-0.45678172126493677,-0.0006760970636952127,-0.45610562420124157,50,13
B_only,1000,10000,-0.06756010142173548,-0.0006760970636952127,-0.06688400435804026,50,13
A_only,1000,2000,-1.0437912841903991,-0.01849454206597494,-1.0252967421244241,100,13
hybrid,1000,2000,-0.3195452285898864,-0.01849454206597494,-0.3010506865239114,100,13
B_only,1000,2000,-0.006393464782558735,-0.01849454206597494,0.012101077283416205,100,13
A_only,1000,5000,-0.8901406716427482,-0.0006760970636952127,-0.889464574579053,100,13
hybrid,1000,5000,-0.4504560297001998,-0.0006760970636952127,-0.4497799326365046,100,13
B_only,1000,5000,-0.008292523160392464,-0.0006760970636952127,-0.007616426096697252,100,13
A_only,1000,10000,-0.8573554841895383,-0.0006760970636952127,-0.8566793871258431,100,13
hybrid,1000,10000,-0.770738313706655,-0.0006760970636952127,-0.7700622166429598,100,13
B_only,1000,10000,-0.02318241353870642,-0.0006760970636952127,-0.022506316475011206,100,13
A_only,1000,2000,-1.462473435106361,-0.01849454206597494,-1.443978893040386,200,13
hybrid,1000,2000,-0.6142462396957683,-0.01849454206597494,-0.5957516976297934,200,13
B_only,1000,2000,-0.0792907427462525,-0.01849454206597494,-0.060796200680277565,200,13
A_only,1000,5000,-0.6593558669312871,-0.0017750072554159953,-0.6575808596758711,200,13
hybrid,1000,5000,-0.23660317496680738,-0.0017750072554159953,-0.2348281677113914,200,13
B_only,1000,5000,-0.041737378370306985,-0.0017750072554159953,-0.03996237111489099,200,13
A_only,1000,10000,-0.5985067522667646,-0.0006760970636952127,-0.5978306552030694,200,13
hybrid,1000,10000,-0.27774710119859825,-0.0006760970636952127,-0.27707100413490304,200,13
B_only,1000,10000,-0.02419412655742848,-0.0006760970636952127,-0.02351802949373327,200,13
A_only,1000,2000,-1.2440133854968818,-0.0006760970636952127,-1.2433372884331866,500,13
hybrid,1000,2000,-0.23247882347265006,-0.0006760970636952127,-0.23180272640895486,500,13
B_only,1000,2000,-0.029248210644439127,-0.0006760970636952127,-0.028572113580743914,500,13
A_only,1000,5000,-0.7630106023433106,-0.06227961821163712,-0.7007309841316736,500,13
hybrid,1000,5000,-0.09862616762321333,-0.06227961821163712,-0.03634654941157621,500,13
B_only,1000,5000,-1.4783219072973523e-05,-0.06227961821163712,0.06226483499256415,500,13
A_only,1000,10000,-0.004122394336992001,-0.0006760970636952127,-0.003446297273296788,500,13
hybrid,1000,10000,-0.00040542002332092416,-0.0006760970636952127,0.00027067704037428853,500,13
B_only,1000,10000,-0.018749987222653024,-0.0006760970636952127,-0.01807389015895781,500,13
A_only,1000,2000,-0.6755396349848117,-0.02338563685393675,-0.6521539981308749,25,14
hybrid,1000,2000,-0.30697195186574894,-0.02338563685393675,-0.2835863150118122,25,14
B_only,1000,2000,-0.6944587490259361,-0.02338563685393675,-0.6710731121719993,25,14
A_only,1000,5000,-0.9000092337944614,-0.0017750072554159953,-0.8982342265390454,25,14
hybrid,1000,5000,-0.4077141770502229,-0.0017750072554159953,-0.4059391697948069,25,14
B_only,1000,5000,-0.2548070307658872,-0.0017750072554159953,-0.25303202351047116,25,14
A_only,1000,10000,-0.7466173155755745,-0.0006760970636952127,-0.7459412185118793,25,14
hybrid,1000,10000,-0.33033039415105664,-0.0006760970636952127,-0.32965429708736144,25,14
B_only,1000,10000,-0.01308214928967183,-0.0006760970636952127,-0.012406052225976617,25,14
A_only,1000,2000,-1.3868302323778527,-0.0006760970636952127,-1.3861541353141575,50,14
hybrid,1000,2000,-0.8832247971197354,-0.0006760970636952127,-0.8825487000560402,50,14
B_only,1000,2000,-0.11297512570686107,-0.0006760970636952127,-0.11229902864316585,50,14
A_only,1000,5000,-0.7095415451732588,-0.016530923319274207,-0.6930106218539847,50,14
hybrid,1000,5000,-0.4118476815614098,-0.016530923319274207,-0.3953167582421356,50,14
B_only,1000,5000,-0.477860235297622,-0.016530923319274207,-0.4613293119783478,50,14
A_only,1000,10000,-0.6757328395831655,-0.0017750072554159953,-0.6739578323277495,50,14
hybrid,1000,10000,-0.34255512052569614,-0.0017750072554159953,-0.3407801132702801,50,14
B_only,1000,10000,-0.0039139948078209495,-0.0017750072554159953,-0.0021389875524049544,50,14
A_only,1000,2000,-1.1398127727606566,-0.016530923319274207,-1.1232818494413823,100,14
hybrid,1000,2000,-0.48149030824592187,-0.016530923319274207,-0.4649593849266477,100,14
B_only,1000,2000,-0.15671162215068957,-0.016530923319274207,-0.14018069883141537,100,14
A_only,1000,5000,-0.7321684806879881,-0.016530923319274207,-0.7156375573687139,100,14
hybrid,1000,5000,-0.22478814185981394,-0.016530923319274207,-0.20825721854053975,100,14
B_only,1000,5000,-8.632815173024546e-05,-0.016530923319274207,0.01644459516754396,100,14
A_only,1000,10000,-0.5599954928917509,-0.0006760970636952127,-0.5593193958280557,100,14
hybrid,1000,10000,-0.23652466670218386,-0.0006760970636952127,-0.23584856963848866,100,14
B_only,1000,10000,-0.008977710614146865,-0.0006760970636952127,-0.008301613550451652,100,14
A_only,1000,2000,-1.3017370204766692,-0.016652717978201063,-1.2850843024984682,200,14
hybrid,1000,2000,-0.8638329564461047,-0.016652717978201063,-0.8471802384679036,200,14
B_only,1000,2000,-0.3525329431268431,-0.016652717978201063,-0.335880225148642,200,14
A_only,1000,5000,-0.43715324691278407,-0.0006760970636952127,-0.43647714984908886,200,14
hybrid,1000,5000,-0.11241453934437955,-0.0006760970636952127,-0.11173844228068433,200,14
B_only,1000,5000,-0.02288895847934889,-0.0006760970636952127,-0.02221286141565368,200,14
A_only,1000,10000,-0.10875215108547791,-0.0028182160594265654,-0.10593393502605135,200,14
hybrid,1000,10000,-0.021368870824046537,-0.0028182160594265654,-0.01855065476461997,200,14
B_only,1000,10000,-0.0025160023211646828,-0.0028182160594265654,0.0003022137382618826,200,14
A_only,1000,2000,-0.7402054987986396,-0.0006760970636952127,-0.7395294017349444,500,14
hybrid,1000,2000,-0.31920106068333076,-0.0006760970636952127,-0.31852496361963556,500,14
B_only,1000,2000,-0.1762759802470107,-0.0006760970636952127,-0.17559988318331549,500,14
A_only,1000,5000,-0.8106209837591515,-0.0033159803963591777,-0.8073050033627923,500,14
hybrid,1000,5000,-0.08608133492547389,-0.0033159803963591777,-0.08276535452911471,500,14
B_only,1000,5000,-5.838329003419873e-07,-0.0033159803963591777,0.0033153965634588355,500,14
A_only,1000,10000,-0.693381641305899,-0.0006760970636952127,-0.6927055442422038,500,14
hybrid,1000,10000,-0.15415495921929936,-0.0006760970636952127,-0.15347886215560416,500,14
B_only,1000,10000,-0.011862047304715975,-0.0006760970636952127,-0.011185950241020762,500,14
A_only,1000,2000,-1.0204345146135334,-0.01849454206597494,-1.0019399725475584,25,15
hybrid,1000,2000,-0.35667303708529396,-0.01849454206597494,-0.338178495019319,25,15
B_only,1000,2000,-9.520931669814043e-05,-0.01849454206597494,0.0183993327492768,25,15
A_only,1000,5000,-0.3737695653091756,-0.0028182160594265654,-0.37095134924974904,25,15
hybrid,1000,5000,-0.14595317411225536,-0.0028182160594265654,-0.1431349580528288,25,15
B_only,1000,5000,-0.39225957164295167,-0.0028182160594265654,-0.3894413555835251,25,15
A_only,1000,10000,-0.33932271555202753,-0.0006760970636952127,-0.33864661848833233,25,15
hybrid,1000,10000,-0.11836711599682041,-0.0006760970636952127,-0.1176910189331252,25,15
B_only,1000,10000,-8.640669175978685e-05,-0.0006760970636952127,0.0005896903719354258,25,15
A_only,1000,2000,-1.109494856224339,-0.09615520256525803,-1.0133396536590809,50,15
hybrid,1000,2000,-0.5759631862304733,-0.09615520256525803,-0.47980798366521527,50,15
B_only,1000,2000,-0.07589004065923333,-0.09615520256525803,0.020265161906024703,50,15
A_only,1000,5000,-1.0391832318126686,-0.01849454206597494,-1.0206886897466936,50,15
hybrid,1000,5000,-0.28139395458798305,-0.01849454206597494,-0.2628994125220081,50,15
B_only,1000,5000,-0.0003738888077582009,-0.01849454206597494,0.01812065325821674,50,15
A_only,1000,10000,-0.44779482140646365,-0.0006760970636952127,-0.44711872434276845,50,15
hybrid,1000,10000,-0.157727911747502,-0.0006760970636952127,-0.1570518146838068,50,15
B_only,1000,10000,-0.0013257183207963737,-0.0006760970636952127,-0.000649621257101161,50,15
A_only,1000,2000,-1.1206099762961184,-0.1362900998449837,-0.9843198764511347,100,15
hybrid,1000,2000,-0.5900942310791656,-0.1362900998449837,-0.4538041312341819,100,15
B_only,1000,2000,-0.04914882182375848,-0.1362900998449837,0.0871412780212252,100,15
A_only,1000,5000,-1.0221487089822443,-0.0006760970636952127,-1.021472611918549,100,15
hybrid,1000,5000,-0.5244128009029161,-0.0006760970636952127,-0.5237367038392209,100,15
B_only,1000,5000,-0.000328711779325163,-0.0006760970636952127,0.0003473852843700497,100,15
A_only,1000,10000,-1.0462152971072964,-0.01849454206597494,-1.0277207550413214,100,15
hybrid,1000,10000,-0.6326239798663582,-0.01849454206597494,-0.6141294378003833,100,15
B_only,1000,10000,-0.0004348546994864258,-0.01849454206597494,0.018059687366488514,100,15
A_only,1000,2000,-0.7769036949376364,-0.10303095660341191,-0.6738727383342246,200,15
hybrid,1000,2000,-0.25442320339366964,-0.10303095660341191,-0.15139224679025773,200,15
B_only,1000,2000,-0.02138824735003223,-0.10303095660341191,0.08164270925337969,200,15
A_only,1000,5000,-1.1193523247429777,-0.0014035296225299897,-1.1179487951204476,200,15
hybrid,1000,5000,-0.5133057851868486,-0.0014035296225299897,-0.5119022555643186,200,15
B_only,1000,5000,-0.03177496489414919,-0.0014035296225299897,-0.030371435271619198,200,15
A_only,1000,10000,-0.7061569453239002,-0.0028182160594265654,-0.7033387292644736,200,15
hybrid,1000,10000,-0.1770805298614722,-0.0028182160594265654,-0.17426231380204565,200,15
B_only,1000,10000,-0.00034222082449486346,-0.0028182160594265654,0.002475995234931702,200,15
A_only,1000,2000,-0.9390288580954833,-0.05681229432921549,-0.8822165637662678,500,15
hybrid,1000,2000,-0.19054958344792572,-0.05681229432921549,-0.13373728911871025,500,15
B_only,1000,2000,-0.0009922141522508943,-0.05681229432921549,0.05582008017696459,500,15
A_only,1000,5000,-0.6363074817429991,-0.0014035296225299897,-0.6349039521204691,500,15
hybrid,1000,5000,-0.19563972425627082,-0.0014035296225299897,-0.19423619463374084,500,15
B_only,1000,5000,-0.0017707802102831086,-0.0014035296225299897,-0.0003672505877531189,500,15
A_only,1000,10000,-0.12703052832346517,-0.0017750072554159953,-0.12525552106804919,500,15
hybrid,1000,10000,-0.020760234144260703,-0.0017750072554159953,-0.018985226888844707,500,15
B_only,1000,10000,-0.010696792976442009,-0.0017750072554159953,-0.008921785721026013,500,15
A_only,1000,2000,-1.0389651998773537,-0.016530923319274207,-1.0224342765580794,25,16
hybrid,1000,2000,-0.564347553192311,-0.016530923319274207,-0.5478166298730368,25,16
B_only,1000,2000,-0.018473316680025626,-0.016530923319274207,-0.001942393360751419,25,16
A_only,1000,5000,-1.030223672005009,-0.0014035296225299897,-1.028820142382479,25,16
hybrid,1000,5000,-0.6958081895372159,-0.0014035296225299897,-0.6944046599146859,25,16
B_only,1000,5000,-0.07488297589423158,-0.0014035296225299897,-0.0734794462717016,25,16
A_only,1000,10000,-0.4434936767862663,-0.0006760970636952127,-0.4428175797225711,25,16
hybrid,1000,10000,-0.16530549140370945,-0.0006760970636952127,-0.16462939434001425,25,16
B_only,1000,10000,-0.08865607098116732,-0.0006760970636952127,-0.0879799739174721,25,16
A_only,1000,2000,-0.9481507287622956,-0.0017750072554159953,-0.9463757215068795,50,16
hybrid,1000,2000,-0.518480867196532,-0.0017750072554159953,-0.516705859941116,50,16
B_only,1000,2000,-0.24121259619012725,-0.0017750072554159953,-0.23943758893471126,50,16
A_only,1000,5000,-0.9084368317007598,-0.0028182160594265654,-0.9056186156413333,50,16
hybrid,1000,5000,-0.5991986435596182,-0.0028182160594265654,-0.5963804275001916,50,16
B_only,1000,5000,-0.07437236332963805,-0.0028182160594265654,-0.07155414727021149,50,16
A_only,1000,10000,-0.07280761377553646,-0.0014035296225299897,-0.07140408415300648,50,16
hybrid,1000,10000,-0.012774918017000978,-0.0014035296225299897,-0.011371388394470988,50,16
B_only,1000,10000,-0.10755115853148718,-0.0014035296225299897,-0.1061476289089572,50,16
A_only,1000,2000,-1.1959983669553342,-0.0028182160594265654,-1.1931801508959077,100,16
hybrid,1000,2000,-1.2779005926701315,-0.0028182160594265654,-1.275082376610705,100,16
B_only,1000,2000,-0.21123777382633546,-0.0028182160594265654,-0.2084195577669089,100,16
A_only,1000,5000,-1.1745298765082228,-0.021107166088018964,-1.153422710420204,100,16
hybrid,1000,5000,-0.5720195477667147,-0.021107166088018964,-0.5509123816786957,100,16
B_only,1000,5000,-0.006825828650931826,-0.021107166088018964,0.014281337437087139,100,16
A_only,1000,10000,-0.5037446815714219,-0.0006760970636952127,-0.5030685845077267,100,16
hybrid,1000,10000,-0.1907806923726201,-0.0006760970636952127,-0.1901045953089249,100,16
B_only,1000,10000,-0.0004242733430563741,-0.0006760970636952127,0.0002518237206388386,100,16
A_only,1000,2000,-0.8571672896260382,-0.0014035296225299897,-0.8557637600035082,200,16
hybrid,1000,2000,-0.3672919488401379,-0.0014035296225299897,-0.3658884192176079,200,16
B_only,1000,2000,-0.09135390950951407,-0.0014035296225299897,-0.08995037988698408,200,16
A_only,1000,5000,-0.5987528370476719,-0.016652717978201063,-0.5821001190694708,200,16
hybrid,1000,5000,-0.08216695731475682,-0.016652717978201063,-0.06551423933655576,200,16
B_only,1000,5000,-2.5307169586689198e-06,-0.016652717978201063,0.016650187261242393,200,16
A_only,1000,10000,-1.0046770590990854,-0.0017750072554159953,-1.0029020518436695,200,16
hybrid,1000,10000,-0.30973273397779716,-0.0017750072554159953,-0.30795772672238114,200,16
B_only,1000,10000,-0.0013476254930876173,-0.0017750072554159953,0.00042738176232837806,200,16
A_only,1000,2000,-1.1190162330981166,-0.0014035296225299897,-1.1176127034755865,500,16
hybrid,1000,2000,-0.19695654387716022,-0.0014035296225299897,-0.19555301425463023,500,16
B_only,1000,2000,-0.02045225832998338,-0.0014035296225299897,-0.01904872870745339,500,16
A_only,1000,5000,-0.6728931513667318,-0.016530923319274207,-0.6563622280474576,500,16
hybrid,1000,5000,-0.10570602482720483,-0.016530923319274207,-0.08917510150793062,500,16
B_only,1000,5000,-9.978215713538495e-06,-0.016530923319274207,0.01652094510356067,500,16
A_only,1000,10000,-0.8529504267795863,-0.0006760970636952127,-0.8522743297158911,500,16
hybrid,1000,10000,-0.16732060844146918,-0.0006760970636952127,-0.16664451137777397,500,16
B_only,1000,10000,-0.00011868381968794273,-0.0006760970636952127,0.00055741324400727,500,16
A_only,1000,2000,-1.0854468361407426,-0.06976201878446649,-1.015684817356276,25,17
hybrid,1000,2000,-0.6214177026190051,-0.06976201878446649,-0.5516556838345386,25,17
B_only,1000,2000,-1.2426290527083004,-0.06976201878446649,-1.1728670339238338,25,17
A_only,1000,5000,-0.7108405787202055,-0.0014035296225299897,-0.7094370490976755,25,17
hybrid,1000,5000,-0.3160115932936244,-0.0014035296225299897,-0.3146080636710944,25,17
B_only,1000,5000,-0.020348590771189272,-0.0014035296225299897,-0.018945061148659282,25,17
A_only,1000,10000,-0.7352630465852128,-0.0014035296225299897,-0.7338595169626828,25,17
hybrid,1000,10000,-1.1049256786963948,-0.0014035296225299897,-1.1035221490738647,25,17
B_only,1000,10000,-2.362556076437501,-0.0014035296225299897,-2.3611525468149708,25,17
A_only,1000,2000,-0.8990592673426087,-0.01849454206597494,-0.8805647252766338,50,17
hybrid,1000,2000,-0.46255151009356327,-0.01849454206597494,-0.4440569680275883,50,17
B_only,1000,2000,-0.025906600885744115,-0.01849454206597494,-0.007412058819769175,50,17
A_only,1000,5000,-0.6207457028960207,-0.0017750072554159953,-0.6189706956406047,50,17
hybrid,1000,5000,-0.22401190586821737,-0.0017750072554159953,-0.22223689861280138,50,17
B_only,1000,5000,-0.007950762087837593,-0.0017750072554159953,-0.006175754832421598,50,17
A_only,1000,10000,-0.21272533607384936,-0.0014035296225299897,-0.21132180645131937,50,17
hybrid,1000,10000,-0.05978726969840575,-0.0014035296225299897,-0.05838374007587576,50,17
B_only,1000,10000,-6.952698182765921e-06,-0.0014035296225299897,0.0013965769243472238,50,17
A_only,1000,2000,-0.31991809246866904,-0.02338563685393675,-0.2965324556147323,100,17
hybrid,1000,2000,-0.043877553239591784,-0.02338563685393675,-0.020491916385655035,100,17
B_only,1000,2000,-0.003908236618490357,-0.02338563685393675,0.01947740023544639,100,17
A_only,1000,5000,-0.6966181018766617,-0.0028182160594265654,-0.6937998858172352,100,17
hybrid,1000,5000,-0.4343248157710785,-0.0028182160594265654,-0.43150659971165195,100,17
B_only,1000,5000,-0.05396584646230264,-0.0028182160594265654,-0.05114763040287607,100,17
A_only,1000,10000,-1.1899262945873386,-0.0014035296225299897,-1.1885227649648085,100,17
hybrid,1000,10000,-0.42149445486827286,-0.0014035296225299897,-0.4200909252457429,100,17
B_only,1000,10000,-0.00023964686990808997,-0.0014035296225299897,0.0011638827526218997,100,17
A_only,1000,2000,-0.8190936615540482,-0.0017750072554159953,-0.8173186542986322,200,17
hybrid,1000,2000,-0.2917044878506187,-0.0017750072554159953,-0.2899294805952027,200,17
B_only,1000,2000,-0.036624146247605696,-0.0017750072554159953,-0.0348491389921897,200,17
A_only,1000,5000,-0.9480244507693529,-0.016530923319274207,-0.9314935274500787,200,17
hybrid,1000,5000,-0.17148396790858403,-0.016530923319274207,-0.1549530445893098,200,17
B_only,1000,5000,-2.5883138548388938e-08,-0.016530923319274207,0.016530897436135658,200,17
A_only,1000,10000,-1.2629543336052849,-0.0006760970636952127,-1.2622782365415897,200,17
hybrid,1000,10000,-0.2712865177816523,-0.0006760970636952127,-0.2706104207179571,200,17
B_only,1000,10000,-3.485806799128287e-05,-0.0006760970636952127,0.0006412389957039298,200,17
A_only,1000,2000,-0.1738135262585627,-0.14881734463971158,-0.024996181618851115,500,17
hybrid,1000,2000,-0.023547406794632263,-0.14881734463971158,0.1252699378450793,500,17
B_only,1000,2000,-0.03181288999734252,-0.14881734463971158,0.11700445464236905,500,17
A_only,1000,5000,-0.7957575995475937,-0.0014035296225299897,-0.7943540699250637,500,17
hybrid,1000,5000,-0.07285992970228801,-0.0014035296225299897,-0.07145640007975802,500,17
B_only,1000,5000,-0.00031154870963761563,-0.0014035296225299897,0.001091980912892374,500,17
A_only,1000,10000,-0.13877741426676335,-0.0006760970636952127,-0.13810131720306815,500,17
hybrid,1000,10000,-0.025032969059438925,-0.0006760970636952127,-0.024356871995743712,500,17
B_only,1000,10000,-0.009269338529904868,-0.0006760970636952127,-0.008593241466209656,500,17
A_only,1000,2000,-0.924202015064673,-0.0033159803963591777,-0.9208860346683139,25,18
hybrid,1000,2000,-0.4676472712724525,-0.0033159803963591777,-0.4643312908760933,25,18
B_only,1000,2000,-1.0634643116617168,-0.0033159803963591777,-1.0601483312653577,25,18
A_only,1000,5000,-1.2152431713777598,-0.0033159803963591777,-1.2119271909814007,25,18
hybrid,1000,5000,-1.1089809804813098,-0.0033159803963591777,-1.1056650000849506,25,18
B_only,1000,5000,-1.2429333477295463,-0.0033159803963591777,-1.2396173673331872,25,18
A_only,1000,10000,-0.4233647954740904,-0.0006760970636952127,-0.4226886984103952,25,18
hybrid,1000,10000,-0.2315268146191484,-0.0006760970636952127,-0.2308507175554532,25,18
B_only,1000,10000,-0.14826918810263565,-0.0006760970636952127,-0.14759309103894044,25,18
A_only,1000,2000,-1.1720209702084603,-0.021107166088018964,-1.1509138041204414,50,18
hybrid,1000,2000,-0.5815651859919987,-0.021107166088018964,-0.5604580199039797,50,18
B_only,1000,2000,-0.13418382769801246,-0.021107166088018964,-0.1130766616099935,50,18
A_only,1000,5000,-1.1581696376226198,-0.021107166088018964,-1.137062471534601,50,18
hybrid,1000,5000,-0.42486448841197716,-0.021107166088018964,-0.4037573223239582,50,18
B_only,1000,5000,-0.000390995449115806,-0.021107166088018964,0.02071617063890316,50,18
A_only,1000,10000,-0.4692367778366108,-0.0014035296225299897,-0.4678332482140808,50,18
hybrid,1000,10000,-0.13828334766574016,-0.0014035296225299897,-0.13687981804321017,50,18
B_only,1000,10000,-0.0006421085106195217,-0.0014035296225299897,0.0007614211119104681,50,18
A_only,1000,2000,-1.515261240503949,-0.016530923319274207,-1.4987303171846746,100,18
hybrid,1000,2000,-0.4416476691886291,-0.016530923319274207,-0.4251167458693549,100,18
B_only,1000,2000,-5.764120971201494e-07,-0.016530923319274207,0.016530346907177088,100,18
A_only,1000,5000,-0.3320842967037659,-0.0014035296225299897,-0.3306807670812359,100,18
hybrid,1000,5000,-0.1751810149135788,-0.0014035296225299897,-0.1737774852910488,100,18
B_only,1000,5000,-0.2942610651590927,-0.0014035296225299897,-0.29285753553656274,100,18
A_only,1000,10000,-0.030221625630825463,-0.0006760970636952127,-0.02954552856713025,100,18
hybrid,1000,10000,-0.0023934362808497546,-0.0006760970636952127,-0.0017173392171545418,100,18
B_only,1000,10000,-0.020136462625605464,-0.0006760970636952127,-0.01946036556191025,100,18
A_only,1000,2000,-1.215986095413799,-0.0006760970636952127,-1.215309998350104,200,18
hybrid,1000,2000,-0.7283091133216578,-0.0006760970636952127,-0.7276330162579626,200,18
B_only,1000,2000,-0.23596977778758668,-0.0006760970636952127,-0.23529368072389148,200,18
A_only,1000,5000,-0.7829487689379887,-0.02555970165368331,-0.7573890672843054,200,18
hybrid,1000,5000,-0.6541601069659305,-0.02555970165368331,-0.6286004053122473,200,18
B_only,1000,5000,-0.3426274782664041,-0.02555970165368331,-0.3170677766127208,200,18
A_only,1000,10000,-0.6520522694693082,-0.0014035296225299897,-0.6506487398467782,200,18
hybrid,1000,10000,-0.38071721632248484,-0.0014035296225299897,-0.37931368669995486,200,18
B_only,1000,10000,-0.003649308902958539,-0.0014035296225299897,-0.002245779280428549,200,18
A_only,1000,2000,-0.8457452127629712,-0.0014035296225299897,-0.8443416831404412,500,18
hybrid,1000,2000,-0.25493581860314823,-0.0014035296225299897,-0.25353228898061825,500,18
B_only,1000,2000,-0.0016991297325165671,-0.0014035296225299897,-0.0002956001099865774,500,18
A_only,1000,5000,-0.9499742649381253,-0.0028182160594265654,-0.9471560488786988,500,18
hybrid,1000,5000,-0.14066815319048256,-0.0028182160594265654,-0.137849937131056,500,18
B_only,1000,5000,-4.0847531548928606e-07,-0.0028182160594265654,0.002817807584111076,500,18
A_only,1000,10000,-0.5698461536779919,-0.0006760970636952127,-0.5691700566142966,500,18
hybrid,1000,10000,-0.1375322273744785,-0.0006760970636952127,-0.1368561303107833,500,18
B_only,1000,10000,-0.0004886753158385101,-0.0006760970636952127,0.00018742174785670257,500,18
A_only,1000,2000,-1.1137159301493036,-0.016530923319274207,-1.0971850068300293,25,19
hybrid,1000,2000,-0.10198929322962896,-0.016530923319274207,-0.08545836991035476,25,19
B_only,1000,2000,-1.6000019002458527e-12,-0.016530923319274207,0.016530923317674206,25,19
A_only,1000,5000,-0.04399110920490821,-0.0006760970636952127,-0.043315012141213,25,19
hybrid,1000,5000,-0.0056361104463050924,-0.0006760970636952127,-0.00496001338260988,25,19
B_only,1000,5000,-2.9903194813892107,-0.0006760970636952127,-2.9896433843255155,25,19
A_only,1000,10000,-0.8665013075156544,-0.0006760970636952127,-0.8658252104519591,25,19
hybrid,1000,10000,-0.7587714839163149,-0.0006760970636952127,-0.7580953868526197,25,19
B_only,1000,10000,-0.8776161816587895,-0.0006760970636952127,-0.8769400845950943,25,19
A_only,1000,2000,-0.9390176045685341,-0.021107166088018964,-0.9179104384805151,50,19
hybrid,1000,2000,-0.4082655187499706,-0.021107166088018964,-0.38715835266195164,50,19
B_only,1000,2000,-0.034142320577159345,-0.021107166088018964,-0.013035154489140381,50,19
A_only,1000,5000,-0.3730625260727421,-0.0006760970636952127,-0.3723864290090469,50,19
hybrid,1000,5000,-0.1637131968425076,-0.0006760970636952127,-0.1630370997788124,50,19
B_only,1000,5000,-0.0596131676791291,-0.0006760970636952127,-0.05893707061543389,50,19
A_only,1000,10000,-1.2294085116850397,-0.0014035296225299897,-1.2280049820625096,50,19
hybrid,1000,10000,-1.0990924598686083,-0.0014035296225299897,-1.0976889302460782,50,19
B_only,1000,10000,-0.35336870979439233,-0.0014035296225299897,-0.35196518017186235,50,19
A_only,1000,2000,-0.9865201878713277,-0.1396905408023715,-0.8468296470689561,100,19
hybrid,1000,2000,-0.4250943681841675,-0.1396905408023715,-0.28540382738179604,100,19
B_only,1000,2000,-0.021694180632440507,-0.1396905408023715,0.117996360169931,100,19
A_only,1000,5000,-0.22864214135803582,-0.0006760970636952127,-0.22796604429434061,100,19
hybrid,1000,5000,-0.05784533464189041,-0.0006760970636952127,-0.0571692375781952,100,19
B_only,1000,5000,-0.46250625271175966,-0.0006760970636952127,-0.46183015564806446,100,19
A_only,1000,10000,-0.6830247516254889,-0.0014035296225299897,-0.6816212220029589,100,19
hybrid,1000,10000,-0.36545968807695073,-0.0014035296225299897,-0.36405615845442074,100,19
B_only,1000,10000,-0.04831596343167956,-0.0014035296225299897,-0.04691243380914957,100,19
A_only,1000,2000,-0.524032211281025,-0.0033159803963591777,-0.5207162308846658,200,19
hybrid,1000,2000,-0.2586028268693622,-0.0033159803963591777,-0.25528684647300304,200,19
B_only,1000,2000,-0.08632453146004827,-0.0033159803963591777,-0.0830085510636891,200,19
A_only,1000,5000,-0.8620602201075706,-0.0006760970636952127,-0.8613841230438753,200,19
hybrid,1000,5000,-0.30131300379629083,-0.0006760970636952127,-0.30063690673259563,200,19
B_only,1000,5000,-0.027495430401148067,-0.0006760970636952127,-0.026819333337452855,200,19
A_only,1000,10000,-0.4204599652020408,-0.0014035296225299897,-0.41905643557951083,200,19
hybrid,1000,10000,-0.09418168107679732,-0.0014035296225299897,-0.09277815145426734,200,19
B_only,1000,10000,-2.4803879729779546e-05,-0.0014035296225299897,0.0013787257428002101,200,19
A_only,1000,2000,-1.1261718963015466,-0.0017750072554159953,-1.1243968890461307,500,19
hybrid,1000,2000,-0.291674946184692,-0.0017750072554159953,-0.28989993892927596,500,19
B_only,1000,2000,-0.0012748218159756859,-0.0017750072554159953,0.0005001854394403094,500,19
A_only,1000,5000,-0.08822294852587337,-0.0006760970636952127,-0.08754685146217815,500,19
hybrid,1000,5000,-0.04256176891717322,-0.0006760970636952127,-0.04188567185347801,500,19
B_only,1000,5000,-0.21791947594172434,-0.0006760970636952127,-0.21724337887802914,500,19
A_only,1000,10000,-0.3469840236597867,-0.0017750072554159953,-0.3452090164043707,500,19
hybrid,1000,10000,-0.11124765527343462,-0.0017750072554159953,-0.10947264801801863,500,19
B_only,1000,10000,-0.0018561951356139822,-0.0017750072554159953,-8.11878801979869e-05,500,19
A_only,1000,2000,-1.396845870866543,-0.09615520256525803,-1.3006906683012849,25,20
hybrid,1000,2000,-1.0814676684155566,-0.09615520256525803,-0.9853124658502986,25,20
B_only,1000,2000,-0.0348699234768516,-0.09615520256525803,0.06128527908840643,25,20
A_only,1000,5000,-1.095451249452656,-0.0033159803963591777,-1.0921352690562969,25,20
hybrid,1000,5000,-0.8069013762777982,-0.0033159803963591777,-0.8035853958814391,25,20
B_only,1000,5000,-0.18931734785484036,-0.0033159803963591777,-0.18600136745848117,25,20
A_only,1000,10000,-0.4292714185400521,-0.0014035296225299897,-0.4278678889175221,25,20
hybrid,1000,10000,-0.29558234865547883,-0.0014035296225299897,-0.29417881903294885,25,20
B_only,1000,10000,-0.1903383824012636,-0.0014035296225299897,-0.18893485277873362,25,20
A_only,1000,2000,-0.9562479390412787,-0.03431007729625027,-0.9219378617450285,50,20
hybrid,1000,2000,-0.40076107495740315,-0.03431007729625027,-0.36645099766115286,50,20
B_only,1000,2000,-0.010487506534900166,-0.03431007729625027,0.023822570761350102,50,20
A_only,1000,5000,-1.0527828582122476,-0.016530923319274207,-1.0362519348929733,50,20
hybrid,1000,5000,-0.5555826360013925,-0.016530923319274207,-0.5390517126821183,50,20
B_only,1000,5000,-0.0161901328326008,-0.016530923319274207,0.00034079048667340697,50,20
A_only,1000,10000,-0.04094671557712383,-0.0006760970636952127,-0.04027061851342862,50,20
hybrid,1000,10000,-0.009935627507582727,-0.0006760970636952127,-0.009259530443887514,50,20
B_only,1000,10000,-0.05432206664753314,-0.0006760970636952127,-0.05364596958383793,50,20
A_only,1000,2000,-1.2413393061388944,-0.10583604024616299,-1.1355032658927315,100,20
hybrid,1000,2000,-0.41439812950974836,-0.10583604024616299,-0.30856208926358536,100,20
B_only,1000,2000,-2.227895154714856e-05,-0.10583604024616299,0.10581376129461584,100,20
A_only,1000,5000,-0.22991101919149853,-0.0017750072554159953,-0.22813601193608254,100,20
hybrid,1000,5000,-0.03731358775412781,-0.0017750072554159953,-0.035538580498711815,100,20
B_only,1000,5000,-0.000512284388644783,-0.0017750072554159953,0.0012627228667712123,100,20
A_only,1000,10000,-0.8816954359575622,-0.0006760970636952127,-0.881019338893867,100,20
hybrid,1000,10000,-0.7563147771367519,-0.0006760970636952127,-0.7556386800730567,100,20
B_only,1000,10000,-0.007993025710026911,-0.0006760970636952127,-0.0073169286463316986,100,20
A_only,1000,2000,-1.1877652999369064,-0.026071275432122825,-1.1616940245047835,200,20
hybrid,1000,2000,-0.32039850713102014,-0.026071275432122825,-0.2943272316988973,200,20
B_only,1000,2000,-5.091654339515785e-07,-0.026071275432122825,0.026070766266688875,200,20
A_only,1000,5000,-1.1050582970985263,-0.0017750072554159953,-1.1032832898431104,200,20
hybrid,1000,5000,-0.4109332569024246,-0.0017750072554159953,-0.4091582496470086,200,20
B_only,1000,5000,-0.0037498283394763058,-0.0017750072554159953,-0.0019748210840603107,200,20
A_only,1000,10000,-0.5834012211922726,-0.0014035296225299897,-0.5819976915697426,200,20
hybrid,1000,10000,-0.26694500179112396,-0.0014035296225299897,-0.265541472168594,200,20
B_only,1000,10000,-0.0028471957386380182,-0.0014035296225299897,-0.0014436661161080285,200,20
A_only,1000,2000,-1.0874294174973935,-0.016530923319274207,-1.0708984941781192,500,20
hybrid,1000,2000,-0.184002036394401,-0.016530923319274207,-0.1674711130751268,500,20
B_only,1000,2000,-0.004636336737856176,-0.016530923319274207,0.01189458658141803,500,20
A_only,1000,5000,-0.224036101626119,-0.0028182160594265654,-0.22121788556669245,500,20
hybrid,1000,5000,-0.030237558280274312,-0.0028182160594265654,-0.027419342220847746,500,20
B_only,1000,5000,-4.325065048518213e-06,-0.0028182160594265654,0.0028138909943780472,500,20
A_only,1000,10000,-0.06292847614461798,-0.0006760970636952127,-0.06225237908092277,500,20
hybrid,1000,10000,-0.01377431861701063,-0.0006760970636952127,-0.013098221553315418,500,20
B_only,1000,10000,-0.012310578652025216,-0.0006760970636952127,-0.011634481588330003,500,20
A_only,1000,2000,-1.201922510513693,-0.021107166088018964,-1.1808153444256742,25,21
hybrid,1000,2000,-0.39244589479722947,-0.021107166088018964,-0.3713387287092105,25,21
B_only,1000,2000,-5.270734103868718e-06,-0.021107166088018964,0.021101895353915094,25,21
A_only,1000,5000,-0.4957714234544859,-0.0033159803963591777,-0.4924554430581267,25,21
hybrid,1000,5000,-0.223743555711081,-0.0033159803963591777,-0.22042757531472185,25,21
B_only,1000,5000,-0.8937664978579639,-0.0033159803963591777,-0.8904505174616048,25,21
A_only,1000,10000,-0.7146076144105017,-0.0006760970636952127,-0.7139315173468065,25,21
hybrid,1000,10000,-0.19980528370246523,-0.0006760970636952127,-0.19912918663877002,25,21
B_only,1000,10000,-1.0696787028442643e-05,-0.0006760970636952127,0.00066540027666677,25,21
A_only,1000,2000,-0.6969000485831199,-0.016652717978201063,-0.6802473306049188,50,21
hybrid,1000,2000,-0.14401071518255099,-0.016652717978201063,-0.12735799720434993,50,21
B_only,1000,2000,-0.008066209360592949,-0.016652717978201063,0.008586508617608114,50,21
A_only,1000,5000,-0.1916238043381669,-0.0028182160594265654,-0.18880558827874033,50,21
hybrid,1000,5000,-0.026608278818324935,-0.0028182160594265654,-0.02379006275889837,50,21
B_only,1000,5000,-0.016126654027324317,-0.0028182160594265654,-0.013308437967897751,50,21
A_only,1000,10000,-0.7464432947907833,-0.0006760970636952127,-0.7457671977270881,50,21
hybrid,1000,10000,-0.48460370430504685,-0.0006760970636952127,-0.48392760724135164,50,21
B_only,1000,10000,-0.11170627297520266,-0.0006760970636952127,-0.11103017591150745,50,21
A_only,1000,2000,-1.1532736421578014,-0.016652717978201063,-1.1366209241796004,100,21
hybrid,1000,2000,-0.6915363827062112,-0.016652717978201063,-0.6748836647280101,100,21
B_only,1000,2000,-0.0034782809142802984,-0.016652717978201063,0.013174437063920765,100,21
A_only,1000,5000,-0.555908363670768,-0.026071275432122825,-0.5298370882386452,100,21
hybrid,1000,5000,-0.2841403770686512,-0.026071275432122825,-0.25806910163652835,100,21
B_only,1000,5000,-0.266292183087621,-0.026071275432122825,-0.24022090765549817,100,21
A_only,1000,10000,-0.7939325881548857,-0.0014035296225299897,-0.7925290585323557,100,21
hybrid,1000,10000,-0.47904021668749275,-0.0014035296225299897,-0.47763668706496276,100,21
B_only,1000,10000,-0.056765700317496386,-0.0014035296225299897,-0.0553621706949664,100,21
A_only,1000,2000,-0.833037707572734,-0.03431007729625027,-0.7987276302764837,200,21
hybrid,1000,2000,-0.3236238681470374,-0.03431007729625027,-0.2893137908507871,200,21
B_only,1000,2000,-0.06279125260131876,-0.03431007729625027,-0.028481175305068496,200,21
A_only,1000,5000,-0.5521461418367609,-0.0017750072554159953,-0.5503711345813449,200,21
hybrid,1000,5000,-0.3057361180652523,-0.0017750072554159953,-0.3039611108098363,200,21
B_only,1000,5000,-0.13705289403092588,-0.0017750072554159953,-0.1352778867755099,200,21
A_only,1000,10000,-0.5132273950955702,-0.0014035296225299897,-0.5118238654730403,200,21
hybrid,1000,10000,-0.15714466543940664,-0.0014035296225299897,-0.15574113581687665,200,21
B_only,1000,10000,-0.0033764867927058746,-0.0014035296225299897,-0.0019729571701758847,200,21
A_only,1000,2000,-1.0126267739890236,-0.0006760970636952127,-1.0119506769253284,500,21
hybrid,1000,2000,-0.13781552954895893,-0.0006760970636952127,-0.13713943248526372,500,21
B_only,1000,2000,-0.004991507318669611,-0.0006760970636952127,-0.004315410254974398,500,21
A_only,1000,5000,-0.7631863892876535,-0.0006760970636952127,-0.7625102922239583,500,21
hybrid,1000,5000,-0.2190787112295278,-0.0006760970636952127,-0.2184026141658326,500,21
B_only,1000,5000,-0.007394115008784536,-0.0006760970636952127,-0.006718017945089323,500,21
A_only,1000,10000,-0.6182785074567765,-0.0014035296225299897,-0.6168749778342465,500,21
hybrid,1000,10000,-0.09610923141949047,-0.0014035296225299897,-0.09470570179696049,500,21
B_only,1000,10000,-1.6448968555382804e-06,-0.0014035296225299897,0.0014018847256744515,500,21
A_only,1000,2000,-1.254924896143102,-0.021107166088018964,-1.2338177300550832,25,22
hybrid,1000,2000,-0.8459778900133637,-0.021107166088018964,-0.8248707239253447,25,22
B_only,1000,2000,-0.3626172726729457,-0.021107166088018964,-0.34151010658492675,25,22
A_only,1000,5000,-0.467713292604733,-0.0028182160594265654,-0.46489507654530643,25,22
hybrid,1000,5000,-0.22207400709105768,-0.0028182160594265654,-0.21925579103163112,25,22
B_only,1000,5000,-0.43253503313447617,-0.0028182160594265654,-0.4297168170750496,25,22
A_only,1000,10000,-0.5444920816673264,-0.0014035296225299897,-0.5430885520447964,25,22
hybrid,1000,10000,-0.3621335904833824,-0.0014035296225299897,-0.3607300608608524,25,22
B_only,1000,10000,-0.6716591497110018,-0.0014035296225299897,-0.6702556200884718,25,22
A_only,1000,2000,-1.2407045573063298,-0.0014035296225299897,-1.2393010276837997,50,22
hybrid,1000,2000,-0.40639159430105537,-0.0014035296225299897,-0.4049880646785254,50,22
B_only,1000,2000,-0.0008809494450776335,-0.0014035296225299897,0.0005225801774523562,50,22
A_only,1000,5000,-0.4824605145428136,-0.0028182160594265654,-0.479642298483387,50,22
hybrid,1000,5000,-0.3965665310816559,-0.0028182160594265654,-0.39374831502222934,50,22
B_only,1000,5000,-0.5468316393671253,-0.0028182160594265654,-0.5440134233076988,50,22
A_only,1000,10000,-0.7492546931085899,-0.0017750072554159953,-0.7474796858531739,50,22
hybrid,1000,10000,-0.20281404928375238,-0.0017750072554159953,-0.2010390420283364,50,22
B_only,1000,10000,-3.172907303536277e-05,-0.0017750072554159953,0.0017432781823806325,50,22
A_only,1000,2000,-0.7059542275911334,-0.0006760970636952127,-0.7052781305274382,100,22
hybrid,1000,2000,-0.31958568936415843,-0.0006760970636952127,-0.31890959230046323,100,22
B_only,1000,2000,-9.377377105733351e-05,-0.0006760970636952127,0.0005823232926378791,100,22
A_only,1000,5000,-0.7825428645396264,-0.0033159803963591777,-0.7792268841432672,100,22
hybrid,1000,5000,-0.29318264465806465,-0.0033159803963591777,-0.2898666642617055,100,22
B_only,1000,5000,-0.0017077764228336848,-0.0033159803963591777,0.001608203973525493,100,22
A_only,1000,10000,-0.22727884314817895,-0.0014035296225299897,-0.22587531352564896,100,22
hybrid,1000,10000,-0.15013252558837198,-0.0014035296225299897,-0.148728995965842,100,22
B_only,1000,10000,-0.1347538875942161,-0.0014035296225299897,-0.13335035797168612,100,22
A_only,1000,2000,-0.7124662298997406,-0.0006760970636952127,-0.7117901328360454,200,22
hybrid,1000,2000,-0.15412381244698237,-0.0006760970636952127,-0.15344771538328716,200,22
B_only,1000,2000,-0.012438187442197662,-0.0006760970636952127,-0.01176209037850245,200,22
A_only,1000,5000,-1.28429010796317,-0.016530923319274207,-1.2677591846438956,200,22
hybrid,1000,5000,-0.5149586291680002,-0.016530923319274207,-0.498427705848726,200,22
B_only,1000,5000,-0.015971541919852193,-0.016530923319274207,0.000559381399422014,200,22
A_only,1000,10000,-0.3479662119889485,-0.0017750072554159953,-0.3461912047335325,200,22
hybrid,1000,10000,-0.18629875767740034,-0.0017750072554159953,-0.18452375042198435,200,22
B_only,1000,10000,-0.002632463198554633,-0.0017750072554159953,-0.0008574559431386377,200,22
A_only,1000,2000,-0.39946722739962676,-0.02555970165368331,-0.37390752574594344,500,22
hybrid,1000,2000,-0.18555437224135835,-0.02555970165368331,-0.15999467058767503,500,22
B_only,1000,2000,-0.3605514723135154,-0.02555970165368331,-0.3349917706598321,500,22
A_only,1000,5000,-0.3291551495931644,-0.0028182160594265654,-0.3263369335337378,500,22
hybrid,1000,5000,-0.05432110368136793,-0.0028182160594265654,-0.051502887621941364,500,22
B_only,1000,5000,-0.0026038202439797186,-0.0028182160594265654,0.0002143958154468468,500,22
A_only,1000,10000,-0.7368915212699121,-0.0014035296225299897,-0.7354879916473821,500,22
hybrid,1000,10000,-0.3263601888920493,-0.0014035296225299897,-0.32495665926951933,500,22
B_only,1000,10000,-0.002458118630952522,-0.0014035296225299897,-0.0010545890084225323,500,22
A_only,1000,2000,-0.7929537216068819,-0.11636221409479208,-0.6765915075120899,25,23
hybrid,1000,2000,-0.3966243047627358,-0.11636221409479208,-0.2802620906679437,25,23
B_only,1000,2000,-0.38869981929433833,-0.11636221409479208,-0.27233760519954625,25,23
A_only,1000,5000,-1.0012694779902636,-0.0033159803963591777,-0.9979534975939044,25,23
hybrid,1000,5000,-0.2974782279794997,-0.0033159803963591777,-0.2941622475831405,25,23
B_only,1000,5000,-1.2505308828646292e-05,-0.0033159803963591777,0.0033034750875305316,25,23
A_only,1000,10000,-0.8498469501699144,-0.0006760970636952127,-0.8491708531062192,25,23
hybrid,1000,10000,-0.6652050501619314,-0.0006760970636952127,-0.6645289530982362,25,23
B_only,1000,10000,-0.10591094062630825,-0.0006760970636952127,-0.10523484356261303,25,23
A_only,1000,2000,-0.9160917744962246,-0.06227961821163712,-0.8538121562845875,50,23
hybrid,1000,2000,-0.3223501188869195,-0.06227961821163712,-0.26007050067528237,50,23
B_only,1000,2000,-0.025729160819124547,-0.06227961821163712,0.03655045739251257,50,23
A_only,1000,5000,-0.9820694943665469,-0.0014035296225299897,-0.9806659647440169,50,23
hybrid,1000,5000,-0.7038531766667491,-0.0014035296225299897,-0.7024496470442191,50,23
B_only,1000,5000,-0.29178134390678623,-0.0014035296225299897,-0.29037781428425624,50,23
A_only,1000,10000,-0.5189510697430536,-0.0006760970636952127,-0.5182749726793584,50,23
hybrid,1000,10000,-0.2133748240109906,-0.0006760970636952127,-0.21269872694729539,50,23
B_only,1000,10000,-3.55110666297854e-05,-0.0006760970636952127,0.0006405859970654273,50,23
A_only,1000,2000,-0.6978661158234637,-0.1155592143897619,-0.5823069014337018,100,23
hybrid,1000,2000,-0.2894234825700151,-0.1155592143897619,-0.1738642681802532,100,23
B_only,1000,2000,-0.09138135221632422,-0.1155592143897619,0.024177862173437675,100,23
A_only,1000,5000,-0.500793601361202,-0.0014035296225299897,-0.499390071738672,100,23
hybrid,1000,5000,-0.22047118203633642,-0.0014035296225299897,-0.21906765241380644,100,23
B_only,1000,5000,-0.18709188375265604,-0.0014035296225299897,-0.18568835413012605,100,23
A_only,1000,10000,-0.12019847197366282,-0.0006760970636952127,-0.1195223749099676,100,23
hybrid,1000,10000,-0.037603488815213096,-0.0006760970636952127,-0.036927391751517886,100,23
B_only,1000,10000,-0.14320446222168667,-0.0006760970636952127,-0.14252836515799147,100,23
A_only,1000,2000,-0.5973895601990864,-0.02744009198228548,-0.5699494682168009,200,23
hybrid,1000,2000,-0.21282274325911046,-0.02744009198228548,-0.185382651276825,200,23
B_only,1000,2000,-0.07331929727966932,-0.02744009198228548,-0.045879205297383846,200,23
A_only,1000,5000,-0.4062930236923957,-0.016530923319274207,-0.38976210037312153,200,23
hybrid,1000,5000,-0.13481355815302662,-0.016530923319274207,-0.11828263483375241,200,23
B_only,1000,5000,-0.023298474827527588,-0.016530923319274207,-0.0067675515082533805,200,23
A_only,1000,10000,-0.5361945116817753,-0.0017750072554159953,-0.5344195044263593,200,23
hybrid,1000,10000,-0.2435792837901687,-0.0017750072554159953,-0.2418042765347527,200,23
B_only,1000,10000,-0.020053069414120085,-0.0017750072554159953,-0.01827806215870409,200,23
A_only,1000,2000,-1.05311161686151,-0.10303095660341191,-0.9500806602580981,500,23
hybrid,1000,2000,-0.22747913739975795,-0.10303095660341191,-0.12444818079634604,500,23
B_only,1000,2000,-0.009587915486308387,-0.10303095660341191,0.09344304111710353,500,23
A_only,1000,5000,-0.6640823908016931,-0.016530923319274207,-0.6475514674824189,500,23
hybrid,1000,5000,-0.08600146741894606,-0.016530923319274207,-0.06947054409967185,500,23
B_only,1000,5000,-0.0011880614260854443,-0.016530923319274207,0.015342861893188764,500,23
A_only,1000,10000,-0.03926820181629256,-0.0006760970636952127,-0.03859210475259735,500,23
hybrid,1000,10000,-0.008233989004816268,-0.0006760970636952127,-0.007557891941121055,500,23
B_only,1000,10000,-0.0009005257734594147,-0.0006760970636952127,-0.000224428709764202,500,23
A_only,1000,2000,-0.8423254263743343,-0.0006760970636952127,-0.8416493293106391,25,24
hybrid,1000,2000,-0.3650284256234535,-0.0006760970636952127,-0.3643523285597583,25,24
B_only,1000,2000,-0.18174942279555306,-0.0006760970636952127,-0.18107332573185786,25,24
A_only,1000,5000,-0.7229668840489304,-0.0014035296225299897,-0.7215633544264004,25,24
hybrid,1000,5000,-0.47582724014931216,-0.0014035296225299897,-0.47442371052678217,25,24
B_only,1000,5000,-0.7377025426291409,-0.0014035296225299897,-0.7362990130066109,25,24
A_only,1000,10000,-1.238696240091978,-0.0006760970636952127,-1.238020143028283,25,24
hybrid,1000,10000,-0.08399342883002389,-0.0006760970636952127,-0.08331733176632868,25,24
B_only,1000,10000,-7.923324493737356e-05,-0.0006760970636952127,0.0005968638187578391,25,24
A_only,1000,2000,-0.6961771798436948,-0.11636221409479208,-0.5798149657489027,50,24
hybrid,1000,2000,-0.2511901053654663,-0.11636221409479208,-0.13482789127067424,50,24
B_only,1000,2000,-0.19590590871753552,-0.11636221409479208,-0.07954369462274344,50,24
A_only,1000,5000,-0.5030852028128919,-0.016652717978201063,-0.48643248483469087,50,24
hybrid,1000,5000,-0.17434324674986662,-0.016652717978201063,-0.15769052877166556,50,24
B_only,1000,5000,-0.42114395467702825,-0.016652717978201063,-0.4044912366988272,50,24
A_only,1000,10000,-0.49757446682155476,-0.0006760970636952127,-0.49689836975785956,50,24
hybrid,1000,10000,-0.3299670164226453,-0.0006760970636952127,-0.3292909193589501,50,24
B_only,1000,10000,-0.0629011225394116,-0.0006760970636952127,-0.06222502547571639,50,24
A_only,1000,2000,-0.04950019849341534,-0.16068049282634783,0.1111802943329325,100,24
hybrid,1000,2000,-0.0019858995608260112,-0.16068049282634783,0.15869459326552182,100,24
B_only,1000,2000,-0.04098420159270071,-0.16068049282634783,0.11969629123364711,100,24
A_only,1000,5000,-0.6977374168173497,-0.0033159803963591777,-0.6944214364209905,100,24
hybrid,1000,5000,-0.18497080778886152,-0.0033159803963591777,-0.18165482739250233,100,24
B_only,1000,5000,-0.0015620923057879286,-0.0033159803963591777,0.0017538880905712492,100,24
A_only,1000,10000,-1.306536928035879,-0.0014035296225299897,-1.3051333984133489,100,24
hybrid,1000,10000,-0.39356869275703604,-0.0014035296225299897,-0.39216516313450606,100,24
B_only,1000,10000,-0.00017658288249675433,-0.0014035296225299897,0.0012269467400332355,100,24
A_only,1000,2000,-1.8482755759967717,-0.0017750072554159953,-1.8465005687413558,200,24
hybrid,1000,2000,-0.7328137353920973,-0.0017750072554159953,-0.7310387281366812,200,24
B_only,1000,2000,-0.24493437709589813,-0.0017750072554159953,-0.24315936984048214,200,24
A_only,1000,5000,-0.8110155557010881,-0.0033159803963591777,-0.8076995753047289,200,24
hybrid,1000,5000,-0.41108349536119054,-0.0033159803963591777,-0.4077675149648314,200,24
B_only,1000,5000,-0.15337074670065698,-0.0033159803963591777,-0.15005476630429782,200,24
A_only,1000,10000,-0.1165479524820152,-0.0006760970636952127,-0.11587185541831999,200,24
hybrid,1000,10000,-0.041505056599220436,-0.0006760970636952127,-0.040828959535525226,200,24
B_only,1000,10000,-0.5024053289392656,-0.0006760970636952127,-0.5017292318755704,200,24
A_only,1000,2000,-0.6775654646910763,-0.01849454206597494,-0.6590709226251014,500,24
hybrid,1000,2000,-0.17957211385216945,-0.01849454206597494,-0.1610775717861945,500,24
B_only,1000,2000,-0.029841598310042954,-0.01849454206597494,-0.011347056244068014,500,24
A_only,1000,5000,-0.6555943810859787,-0.021107166088018964,-0.6344872149979597,500,24
hybrid,1000,5000,-0.11812540078608734,-0.021107166088018964,-0.09701823469806838,500,24
B_only,1000,5000,-3.967089021081746e-06,-0.021107166088018964,0.02110319899899788,500,24
A_only,1000,10000,-0.030297855756190543,-0.016530923319274207,-0.013766932436916336,500,24
hybrid,1000,10000,-0.0019913943206581746,-0.016530923319274207,0.014539528998616033,500,24
B_only,1000,10000,-7.536422903228393e-07,-0.016530923319274207,0.016530169676983883,500,24
A_only,1000,2000,-0.7222762692082714,-0.0028182160594265654,-0.7194580531488448,25,25
hybrid,1000,2000,-0.42130850531619896,-0.0028182160594265654,-0.4184902892567724,25,25
B_only,1000,2000,-1.88837278400162,-0.0028182160594265654,-1.8855545679421934,25,25
A_only,1000,5000,-0.2884285769868562,-0.0028182160594265654,-0.28561036092742964,25,25
hybrid,1000,5000,-0.09790721931178636,-0.0028182160594265654,-0.0950890032523598,25,25
B_only,1000,5000,-0.00928813929420717,-0.0028182160594265654,-0.0064699232347806045,25,25
A_only,1000,10000,-1.143216965923431,-0.0006760970636952127,-1.1425408688597358,25,25
hybrid,1000,10000,-0.754950067088542,-0.0006760970636952127,-0.7542739700248468,25,25
B_only,1000,10000,-0.01776473540261346,-0.0006760970636952127,-0.017088638338918247,25,25
A_only,1000,2000,-0.3717871353708411,-0.02555970165368331,-0.3462274337171578,50,25
hybrid,1000,2000,-0.10596619408461998,-0.02555970165368331,-0.08040649243093667,50,25
B_only,1000,2000,-0.0330480864955319,-0.02555970165368331,-0.007488384841848588,50,25
A_only,1000,5000,-1.5026374509596767,-0.0006760970636952127,-1.5019613538959815,50,25
hybrid,1000,5000,-0.9488136236933126,-0.0006760970636952127,-0.9481375266296174,50,25
B_only,1000,5000,-0.06687890667854975,-0.0006760970636952127,-0.06620280961485453,50,25
A_only,1000,10000,-0.37936822183986657,-0.0006760970636952127,-0.37869212477617137,50,25
hybrid,1000,10000,-0.24462368427757855,-0.0006760970636952127,-0.24394758721388335,50,25
B_only,1000,10000,-0.07156884332330915,-0.0006760970636952127,-0.07089274625961393,50,25
A_only,1000,2000,-0.7250105658028383,-0.02744009198228548,-0.6975704738205528,100,25
hybrid,1000,2000,-0.1624833698235562,-0.02744009198228548,-0.13504327784127074,100,25
B_only,1000,2000,-0.0016296175840349169,-0.02744009198228548,0.02581047439825056,100,25
A_only,1000,5000,-0.57752502849425,-0.0033159803963591777,-0.5742090480978909,100,25
hybrid,1000,5000,-0.1985336507826204,-0.0033159803963591777,-0.1952176703862612,100,25
B_only,1000,5000,-0.010728932332781084,-0.0033159803963591777,-0.007412951936421906,100,25
A_only,1000,10000,-0.5661574272473957,-0.0028182160594265654,-0.5633392111879691,100,25
hybrid,1000,10000,-0.2201692802550254,-0.0028182160594265654,-0.21735106419559885,100,25
B_only,1000,10000,-0.002297068435796338,-0.0028182160594265654,0.0005211476236302273,100,25
A_only,1000,2000,-0.5920026934879223,-0.0017750072554159953,-0.5902276862325063,200,25
hybrid,1000,2000,-0.1562582091659017,-0.0017750072554159953,-0.1544832019104857,200,25
B_only,1000,2000,-0.0004881522783303242,-0.0017750072554159953,0.001286854977085671,200,25
A_only,1000,5000,-0.6245874203559142,-0.0033159803963591777,-0.621271439959555,200,25
hybrid,1000,5000,-0.3443076257001059,-0.0033159803963591777,-0.34099164530374676,200,25
B_only,1000,5000,-0.2617865600377149,-0.0033159803963591777,-0.2584705796413557,200,25
A_only,1000,10000,-0.45713157647732694,-0.0014035296225299897,-0.45572804685479695,200,25
hybrid,1000,10000,-0.07280638689478015,-0.0014035296225299897,-0.07140285727225017,200,25
B_only,1000,10000,-0.00013491971125129785,-0.0014035296225299897,0.0012686099112786918,200,25
A_only,1000,2000,-1.4397824296972404,-0.0028182160594265654,-1.4369642136378138,500,25
hybrid,1000,2000,-0.43727945246107813,-0.0028182160594265654,-0.4344612364016516,500,25
B_only,1000,2000,-0.08488369674065162,-0.0028182160594265654,-0.08206548068122506,500,25
A_only,1000,5000,-0.5598635814080632,-0.0017750072554159953,-0.5580885741526472,500,25
hybrid,1000,5000,-0.04577327369608893,-0.0017750072554159953,-0.04399826644067294,500,25
B_only,1000,5000,-4.2548239146023984e-06,-0.0017750072554159953,0.001770752431501393,500,25
A_only,1000,10000,-0.21246872554858137,-0.0014035296225299897,-0.21106519592605139,500,25
hybrid,1000,10000,-0.03324320260723389,-0.0014035296225299897,-0.0318396729847039,500,25
B_only,1000,10000,-0.0005803817100560441,-0.0014035296225299897,0.0008231479124739457,500,25
A_only,1000,2000,-0.7510546839669808,-0.0028182160594265654,-0.7482364679075543,25,26
hybrid,1000,2000,-0.24531135220334274,-0.0028182160594265654,-0.24249313614391618,25,26
B_only,1000,2000,-0.0005956546573694321,-0.0028182160594265654,0.0022225614020571333,25,26
A_only,1000,5000,-1.2376396034963157,-0.016530923319274207,-1.2211086801770414,25,26
hybrid,1000,5000,-0.9932324850387826,-0.016530923319274207,-0.9767015617195084,25,26
B_only,1000,5000,-0.22370035746233394,-0.016530923319274207,-0.20716943414305972,25,26
A_only,1000,10000,-0.5762061040916132,-0.0006760970636952127,-0.575530007027918,25,26
hybrid,1000,10000,-0.3667893857853479,-0.0006760970636952127,-0.3661132887216527,25,26
B_only,1000,10000,-0.8326529391173749,-0.0006760970636952127,-0.8319768420536797,25,26
A_only,1000,2000,-0.8016493781476608,-0.02338563685393675,-0.778263741293724,50,26
hybrid,1000,2000,-0.49968636804258365,-0.02338563685393675,-0.4763007311886469,50,26
B_only,1000,2000,-0.24407854810430285,-0.02338563685393675,-0.2206929112503661,50,26
A_only,1000,5000,-0.7277609553812041,-0.0028182160594265654,-0.7249427393217776,50,26
hybrid,1000,5000,-0.4979825587214725,-0.0028182160594265654,-0.49516434266204595,50,26
B_only,1000,5000,-0.39474944556809227,-0.0028182160594265654,-0.3919312295086657,50,26
A_only,1000,10000,-0.32631526089568486,-0.0006760970636952127,-0.32563916383198965,50,26
hybrid,1000,10000,-0.13182571418170666,-0.0006760970636952127,-0.13114961711801146,50,26
B_only,1000,10000,-0.029255488192092834,-0.0006760970636952127,-0.02857939112839762,50,26
A_only,1000,2000,-0.045021309028642056,-0.0033159803963591777,-0.04170532863228288,100,26
hybrid,1000,2000,-0.001168981259745832,-0.0033159803963591777,0.0021469991366133458,100,26
B_only,1000,2000,-0.0034817239146175106,-0.0033159803963591777,-0.00016574351825833283,100,26
A_only,1000,5000,-0.7550816606431814,-0.0017750072554159953,-0.7533066533877654,100,26
hybrid,1000,5000,-0.595702748320436,-0.0017750072554159953,-0.59392774106502,100,26
B_only,1000,5000,-0.1472474523039853,-0.0017750072554159953,-0.14547244504856932,100,26
A_only,1000,10000,-0.6265973917815021,-0.0006760970636952127,-0.6259212947178069,100,26
hybrid,1000,10000,-0.3319714041432545,-0.0006760970636952127,-0.3312953070795593,100,26
B_only,1000,10000,-0.014878247123014691,-0.0006760970636952127,-0.014202150059319478,100,26
A_only,1000,2000,-0.05074139689660976,-0.026071275432122825,-0.024670121464486935,200,26
hybrid,1000,2000,-0.0036417255043107544,-0.026071275432122825,0.02242954992781207,200,26
B_only,1000,2000,-0.02857969307286392,-0.026071275432122825,-0.0025084176407410945,200,26
A_only,1000,5000,-0.2811981193533155,-0.0014035296225299897,-0.2797945897307855,200,26
hybrid,1000,5000,-0.07374269112890128,-0.0014035296225299897,-0.07233916150637129,200,26
B_only,1000,5000,-0.03206105807765763,-0.0014035296225299897,-0.030657528455127637,200,26
A_only,1000,10000,-0.592666762702085,-0.0014035296225299897,-0.591263233079555,200,26
hybrid,1000,10000,-0.20454862449426758,-0.0014035296225299897,-0.2031450948717376,200,26
B_only,1000,10000,-0.02035192487135556,-0.0014035296225299897,-0.01894839524882557,200,26
A_only,1000,2000,-1.8788827898918368,-0.0017750072554159953,-1.8771077826364209,500,26
hybrid,1000,2000,-0.6243604008514689,-0.0017750072554159953,-0.6225853935960529,500,26
B_only,1000,2000,-0.042294270166667314,-0.0017750072554159953,-0.04051926291125132,500,26
A_only,1000,5000,-0.20889991049806686,-0.0006760970636952127,-0.20822381343437166,500,26
hybrid,1000,5000,-0.055459480460522396,-0.0006760970636952127,-0.05478338339682719,500,26
B_only,1000,5000,-0.0314597085132407,-0.0006760970636952127,-0.03078361144954549,500,26
A_only,1000,10000,-0.6140237172895776,-0.0006760970636952127,-0.6133476202258824,500,26
hybrid,1000,10000,-0.1474822177704531,-0.0006760970636952127,-0.1468061207067579,500,26
B_only,1000,10000,-0.006092013696147714,-0.0006760970636952127,-0.005415916632452502,500,26
A_only,1000,2000,-1.2650684583918936,-0.02555970165368331,-1.2395087567382104,25,27
hybrid,1000,2000,-0.8579798182724969,-0.02555970165368331,-0.8324201166188137,25,27
B_only,1000,2000,-0.002457760625811852,-0.02555970165368331,0.023101941027871456,25,27
A_only,1000,5000,-0.9478683080718476,-0.0014035296225299897,-0.9464647784493176,25,27
hybrid,1000,5000,-0.8577616106489311,-0.0014035296225299897,-0.8563580810264011,25,27
B_only,1000,5000,-1.9413904674810476,-0.0014035296225299897,-1.9399869378585175,25,27
A_only,1000,10000,-0.8072998333331673,-0.0006760970636952127,-0.8066237362694721,25,27
hybrid,1000,10000,-0.6722475554460406,-0.0006760970636952127,-0.6715714583823454,25,27
B_only,1000,10000,-0.2166868107641593,-0.0006760970636952127,-0.2160107137004641,25,27
A_only,1000,2000,-0.6630112921101879,-0.044229416304240946,-0.618781875805947,50,27
hybrid,1000,2000,-0.14192339207547902,-0.044229416304240946,-0.09769397577123808,50,27
B_only,1000,2000,-0.00021053099843569063,-0.044229416304240946,0.04401888530580526,50,27
A_only,1000,5000,-0.6902028175510257,-0.0017750072554159953,-0.6884278102956097,50,27
hybrid,1000,5000,-0.38441912528040956,-0.0017750072554159953,-0.38264411802499354,50,27
B_only,1000,5000,-0.04883147912305614,-0.0017750072554159953,-0.04705647186764014,50,27
A_only,1000,10000,-1.4559234159561252,-0.0006760970636952127,-1.45524731889243,50,27
hybrid,1000,10000,-1.2670027053463906,-0.0006760970636952127,-1.2663266082826954,50,27
B_only,1000,10000,-0.2351914153581542,-0.0006760970636952127,-0.23451531829445899,50,27
A_only,1000,2000,-0.9700364540730191,-0.0006760970636952127,-0.9693603570093239,100,27
hybrid,1000,2000,-0.5368307579957201,-0.0006760970636952127,-0.5361546609320249,100,27
B_only,1000,2000,-0.15033999838715642,-0.0006760970636952127,-0.14966390132346122,100,27
A_only,1000,5000,-1.0015797065637349,-0.0006760970636952127,-1.0009036095000396,100,27
hybrid,1000,5000,-0.4875027376323341,-0.0006760970636952127,-0.4868266405686389,100,27
B_only,1000,5000,-0.011426703149322657,-0.0006760970636952127,-0.010750606085627444,100,27
A_only,1000,10000,-0.8654067332724467,-0.0014035296225299897,-0.8640032036499167,100,27
hybrid,1000,10000,-0.3221117288524384,-0.0014035296225299897,-0.3207081992299084,100,27
B_only,1000,10000,-4.484204402767066e-06,-0.0014035296225299897,0.0013990454181272228,100,27
A_only,1000,2000,-0.9274610465625369,-0.0017750072554159953,-0.9256860393071209,200,27
hybrid,1000,2000,-0.27308908378060076,-0.0017750072554159953,-0.27131407652518474,200,27
B_only,1000,2000,-0.019495158361283536,-0.0017750072554159953,-0.01772015110586754,200,27
A_only,1000,5000,-0.15753658567076065,-0.0006760970636952127,-0.15686048860706545,200,27
hybrid,1000,5000,-0.018831305466587754,-0.0006760970636952127,-0.01815520840289254,200,27
B_only,1000,5000,-5.632437831324047e-06,-0.0006760970636952127,0.0006704646258638887,200,27
A_only,1000,10000,-0.40998884887254206,-0.0006760970636952127,-0.40931275180884685,200,27
hybrid,1000,10000,-0.20318030747816482,-0.0006760970636952127,-0.20250421041446962,200,27
B_only,1000,10000,-0.0729430793165699,-0.0006760970636952127,-0.07226698225287469,200,27
A_only,1000,2000,-0.9785352121048768,-0.05681229432921549,-0.9217229177756613,500,27
hybrid,1000,2000,-0.21152421995860268,-0.05681229432921549,-0.15471192562938718,500,27
B_only,1000,2000,-0.019590060944430908,-0.05681229432921549,0.03722223338478458,500,27
A_only,1000,5000,-0.01493448549755713,-0.01849454206597494,0.00356005656841781,500,27
hybrid,1000,5000,-0.003646117096059263,-0.01849454206597494,0.014848424969915678,500,27
B_only,1000,5000,-0.03363575940960762,-0.01849454206597494,-0.01514121734363268,500,27
A_only,1000,10000,-0.23655735107116352,-0.0014035296225299897,-0.23515382144863353,500,27
hybrid,1000,10000,-0.03256064352897437,-0.0014035296225299897,-0.03115711390644438,500,27
B_only,1000,10000,-0.0008334895515378589,-0.0014035296225299897,0.0005700400709921309,500,27
A_only,1000,2000,-1.2456761792613178,-0.0006760970636952127,-1.2450000821976226,25,28
hybrid,1000,2000,-0.2815455550629847,-0.0006760970636952127,-0.2808694579992895,25,28
B_only,1000,2000,-9.20529757665291e-08,-0.0006760970636952127,0.0006760050107194462,25,28
A_only,1000,5000,-0.5196967339779957,-0.0017750072554159953,-0.5179217267225796,25,28
hybrid,1000,5000,-0.2933036349534817,-0.0017750072554159953,-0.2915286276980657,25,28
B_only,1000,5000,-0.012559591942930558,-0.0017750072554159953,-0.010784584687514562,25,28
A_only,1000,10000,-0.45866982834365794,-0.0006760970636952127,-0.45799373127996273,25,28
hybrid,1000,10000,-0.04658353145383001,-0.0006760970636952127,-0.0459074343901348,25,28
B_only,1000,10000,-5.4647772148337175e-08,-0.0006760970636952127,0.0006760424159230644,25,28
A_only,1000,2000,-0.8141326921871299,-0.016652717978201063,-0.7974799742089288,50,28
hybrid,1000,2000,-0.23088995087000164,-0.016652717978201063,-0.21423723289180058,50,28
B_only,1000,2000,-0.0015986220276273655,-0.016652717978201063,0.015054095950573698,50,28
A_only,1000,5000,-0.3804048057753615,-0.0017750072554159953,-0.3786297985199455,50,28
hybrid,1000,5000,-0.10189723395354348,-0.0017750072554159953,-0.1001222266981275,50,28
B_only,1000,5000,-0.009438338305212967,-0.0017750072554159953,-0.007663331049796972,50,28
A_only,1000,10000,-0.6949555587840515,-0.0006760970636952127,-0.6942794617203563,50,28
hybrid,1000,10000,-0.45874149574539075,-0.0006760970636952127,-0.45806539868169555,50,28
B_only,1000,10000,-0.22300459073095483,-0.0006760970636952127,-0.22232849366725962,50,28
A_only,1000,2000,-1.159347206391522,-0.0014035296225299897,-1.157943676768992,100,28
hybrid,1000,2000,-0.7360358561468656,-0.0014035296225299897,-0.7346323265243356,100,28
B_only,1000,2000,-0.12117399397856272,-0.0014035296225299897,-0.11977046435603274,100,28
A_only,1000,5000,-0.37421811706630836,-0.0014035296225299897,-0.3728145874437784,100,28
hybrid,1000,5000,-0.16610514060524775,-0.0014035296225299897,-0.16470161098271777,100,28
B_only,1000,5000,-0.19759379533076696,-0.0014035296225299897,-0.19619026570823697,100,28
A_only,1000,10000,-1.284886818141179,-0.0006760970636952127,-1.2842107210774838,100,28
hybrid,1000,10000,-0.5419610971589082,-0.0006760970636952127,-0.541285000095213,100,28
B_only,1000,10000,-0.00281188137828468,-0.0006760970636952127,-0.0021357843145894673,100,28
A_only,1000,2000,-0.8466518400232957,-0.0028182160594265654,-0.8438336239638692,200,28
hybrid,1000,2000,-0.3861460797404155,-0.0028182160594265654,-0.3833278636809889,200,28
B_only,1000,2000,-0.013784449133163129,-0.0028182160594265654,-0.010966233073736564,200,28
A_only,1000,5000,-0.9136180488372908,-0.0006760970636952127,-0.9129419517735956,200,28
hybrid,1000,5000,-0.22788857365806536,-0.0006760970636952127,-0.22721247659437016,200,28
B_only,1000,5000,-0.0061451156577818685,-0.0006760970636952127,-0.005469018594086656,200,28
A_only,1000,10000,-0.621457499670331,-0.0014035296225299897,-0.620053970047801,200,28
hybrid,1000,10000,-0.2563714862391037,-0.0014035296225299897,-0.25496795661657373,200,28
B_only,1000,10000,-0.0035790817860450494,-0.0014035296225299897,-0.00217555216351506,200,28
A_only,1000,2000,-1.1375906761365844,-0.0028182160594265654,-1.1347724600771578,500,28
hybrid,1000,2000,-0.4270750449684284,-0.0028182160594265654,-0.42425682890900185,500,28
B_only,1000,2000,-0.08795063683733001,-0.0028182160594265654,-0.08513242077790345,500,28
A_only,1000,5000,-0.4389347277402022,-0.0006760970636952127,-0.438258630676507,500,28
hybrid,1000,5000,-0.1235594722931616,-0.0006760970636952127,-0.12288337522946638,500,28
B_only,1000,5000,-0.013679528269305248,-0.0006760970636952127,-0.013003431205610035,500,28
A_only,1000,10000,-0.8525843689532162,-0.0006760970636952127,-0.851908271889521,500,28
hybrid,1000,10000,-0.2664134989732185,-0.0006760970636952127,-0.2657374019095233,500,28
B_only,1000,10000,-0.06415793788265892,-0.0006760970636952127,-0.0634818408189637,500,28
A_only,1000,2000,-0.9297523653263675,-0.021107166088018964,-0.9086451992383485,25,29
hybrid,1000,2000,-0.3241315333125753,-0.021107166088018964,-0.3030243672245564,25,29
B_only,1000,2000,-0.03900141088200535,-0.021107166088018964,-0.017894244793986387,25,29
A_only,1000,5000,-0.7590482218763636,-0.0014035296225299897,-0.7576446922538336,25,29
hybrid,1000,5000,-0.5564890877449441,-0.0014035296225299897,-0.5550855581224141,25,29
B_only,1000,5000,-0.015527688009435351,-0.0014035296225299897,-0.014124158386905361,25,29
A_only,1000,10000,-0.871082237664063,-0.0006760970636952127,-0.8704061406003678,25,29
hybrid,1000,10000,-0.5486778444769697,-0.0006760970636952127,-0.5480017474132745,25,29
B_only,1000,10000,-9.86928288960328e-05,-0.0006760970636952127,0.0005774042347991799,25,29
A_only,1000,2000,-1.0103843349169963,-0.0028182160594265654,-1.0075661188575697,50,29
hybrid,1000,2000,-0.18419269754149054,-0.0028182160594265654,-0.18137448148206398,50,29
B_only,1000,2000,-0.010954127800443839,-0.0028182160594265654,-0.008135911741017274,50,29
A_only,1000,5000,-0.8843117379188682,-0.0006760970636952127,-0.883635640855173,50,29
hybrid,1000,5000,-0.6788939067922578,-0.0006760970636952127,-0.6782178097285626,50,29
B_only,1000,5000,-0.12634293381384534,-0.0006760970636952127,-0.12566683675015014,50,29
A_only,1000,10000,-0.22867334217544452,-0.0006760970636952127,-0.22799724511174932,50,29
hybrid,1000,10000,-0.06619219892816433,-0.0006760970636952127,-0.06551610186446911,50,29
B_only,1000,10000,-0.04902282422931333,-0.0006760970636952127,-0.04834672716561812,50,29
A_only,1000,2000,-0.5863870295807526,-0.0028182160594265654,-0.5835688135213261,100,29
hybrid,1000,2000,-0.17178503278198884,-0.0028182160594265654,-0.16896681672256228,100,29
B_only,1000,2000,-0.16364571300516015,-0.0028182160594265654,-0.1608274969457336,100,29
A_only,1000,5000,-0.6861475085080433,-0.0014035296225299897,-0.6847439788855133,100,29
hybrid,1000,5000,-0.34234869954652053,-0.0014035296225299897,-0.34094516992399054,100,29
B_only,1000,5000,-0.00024521094855999075,-0.0014035296225299897,0.001158318673969999,100,29
A_only,1000,10000,-0.8702806728387371,-0.0006760970636952127,-0.8696045757750419,100,29
hybrid,1000,10000,-0.5462236760939824,-0.0006760970636952127,-0.5455475790302872,100,29
B_only,1000,10000,-0.05181477881207865,-0.0006760970636952127,-0.051138681748383444,100,29
A_only,1000,2000,-2.078564028897553,-0.0006760970636952127,-2.0778879318338577,200,29
hybrid,1000,2000,-0.9580156754173547,-0.0006760970636952127,-0.9573395783536595,200,29
B_only,1000,2000,-0.09742385725514588,-0.0006760970636952127,-0.09674776019145066,200,29
A_only,1000,5000,-0.2018103348993834,-0.0014035296225299897,-0.20040680527685342,200,29
hybrid,1000,5000,-0.024076501987575962,-0.0014035296225299897,-0.022672972365045972,200,29
B_only,1000,5000,-9.026865798632678e-05,-0.0014035296225299897,0.001313260964543663,200,29
A_only,1000,10000,-0.5964418368573108,-0.0006760970636952127,-0.5957657397936156,200,29
hybrid,1000,10000,-0.23922530959078686,-0.0006760970636952127,-0.23854921252709166,200,29
B_only,1000,10000,-0.0537084134487032,-0.0006760970636952127,-0.053032316385007994,200,29
A_only,1000,2000,-0.5217012713102703,-0.02555970165368331,-0.496141569656587,500,29
hybrid,1000,2000,-0.06887410016558526,-0.02555970165368331,-0.043314398511901955,500,29
B_only,1000,2000,-0.015969117816269415,-0.02555970165368331,0.009590583837413895,500,29
A_only,1000,5000,-0.6613377623018529,-0.0017750072554159953,-0.6595627550464369,500,29
hybrid,1000,5000,-0.22798039902239844,-0.0017750072554159953,-0.22620539176698246,500,29
B_only,1000,5000,-0.018915017605936457,-0.0017750072554159953,-0.01714001035052046,500,29
A_only,1000,10000,-0.6562599672582176,-0.0006760970636952127,-0.6555838701945224,500,29
hybrid,1000,10000,-0.13496732932552324,-0.0006760970636952127,-0.13429123226182804,500,29
B_only,1000,10000,-0.00011109452691934343,-0.0006760970636952127,0.0005650025367758693,500,29
A_only,1000,2000,-1.482487253047256,-0.021107166088018964,-1.461380086959237,25,30
hybrid,1000,2000,-0.7775556973702643,-0.021107166088018964,-0.7564485312822453,25,30
B_only,1000,2000,-0.002845086592102368,-0.021107166088018964,0.018262079495916596,25,30
A_only,1000,5000,-0.5018971719992938,-0.0017750072554159953,-0.5001221647438778,25,30
hybrid,1000,5000,-0.2392634210349342,-0.0017750072554159953,-0.2374884137795182,25,30
B_only,1000,5000,-0.4384676456538685,-0.0017750072554159953,-0.43669263839845246,25,30
A_only,1000,10000,-0.5060942067530655,-0.0014035296225299897,-0.5046906771305355,25,30
hybrid,1000,10000,-0.07771776158570387,-0.0014035296225299897,-0.07631423196317388,25,30
B_only,1000,10000,-1.3967648499955852e-05,-0.0014035296225299897,0.0013895619740300338,25,30
A_only,1000,2000,-1.1843239551794762,-0.0033159803963591777,-1.181007974783117,50,30
hybrid,1000,2000,-0.29477029284299044,-0.0033159803963591777,-0.2914543124466313,50,30
B_only,1000,2000,-0.00011643048931817103,-0.0033159803963591777,0.003199549907041007,50,30
A_only,1000,5000,-0.723082085282391,-0.016530923319274207,-0.7065511619631168,50,30
hybrid,1000,5000,-0.30483298789998614,-0.016530923319274207,-0.28830206458071195,50,30
B_only,1000,5000,-0.01448074919760958,-0.016530923319274207,0.0020501741216646264,50,30
A_only,1000,10000,-0.8527605614178684,-0.0006760970636952127,-0.8520844643541732,50,30
hybrid,1000,10000,-0.44036284873126275,-0.0006760970636952127,-0.43968675166756754,50,30
B_only,1000,10000,-7.982447251257383e-05,-0.0006760970636952127,0.0005962725911826389,50,30
A_only,1000,2000,-1.0430533745541068,-0.021107166088018964,-1.021946208466088,100,30
hybrid,1000,2000,-0.33873432086513927,-0.021107166088018964,-0.31762715477712034,100,30
B_only,1000,2000,-0.0032445472741803524,-0.021107166088018964,0.01786261881383861,100,30
A_only,1000,5000,-0.44930766686374474,-0.0006760970636952127,-0.44863156980004953,100,30
hybrid,1000,5000,-0.0429696121514198,-0.0006760970636952127,-0.04229351508772459,100,30
B_only,1000,5000,-5.953745882000969e-06,-0.0006760970636952127,0.0006701433178132117,100,30
A_only,1000,10000,-0.30221035885380015,-0.0014035296225299897,-0.30080682923127017,100,30
hybrid,1000,10000,-0.07273302769532693,-0.0014035296225299897,-0.07132949807279694,100,30
B_only,1000,10000,-0.00027331791824919936,-0.0014035296225299897,0.0011302117042807903,100,30
A_only,1000,2000,-0.20146788284470335,-0.016530923319274207,-0.18493695952542916,200,30
hybrid,1000,2000,-0.02803298894999724,-0.016530923319274207,-0.011502065630723032,200,30
B_only,1000,2000,-0.06098897474694482,-0.016530923319274207,-0.04445805142767061,200,30
A_only,1000,5000,-0.46529751140753794,-0.0017750072554159953,-0.46352250415212193,200,30
hybrid,1000,5000,-0.239480183190048,-0.0017750072554159953,-0.237705175934632,200,30
B_only,1000,5000,-0.262496369610893,-0.0017750072554159953,-0.260721362355477,200,30
A_only,1000,10000,-0.9345259844698615,-0.0006760970636952127,-0.9338498874061663,200,30
hybrid,1000,10000,-0.40756929951579207,-0.0006760970636952127,-0.40689320245209687,200,30
B_only,1000,10000,-0.00467890621592205,-0.0006760970636952127,-0.0040028091522268374,200,30
A_only,1000,2000,-1.2259217794002233,-0.0014035296225299897,-1.2245182497776932,500,30
hybrid,1000,2000,-0.4313479670603019,-0.0014035296225299897,-0.4299444374377719,500,30
B_only,1000,2000,-0.184806178823773,-0.0014035296225299897,-0.18340264920124302,500,30
A_only,1000,5000,-0.381160972489878,-0.0017750072554159953,-0.379385965234462,500,30
hybrid,1000,5000,-0.04501938494280427,-0.0017750072554159953,-0.04324437768738827,500,30
B_only,1000,5000,-0.0010126224622599377,-0.0017750072554159953,0.0007623847931560576,500,30
A_only,1000,10000,-0.7495352877321609,-0.0006760970636952127,-0.7488591906684657,500,30
hybrid,1000,10000,-0.25464689872703306,-0.0006760970636952127,-0.25397080166333785,500,30
B_only,1000,10000,-0.14814312396627424,-0.0006760970636952127,-0.14746702690257904,500,30
A_only,1000,2000,-1.0979665055283576,-0.016530923319274207,-1.0814355822090833,25,31
hybrid,1000,2000,-0.7275148966476647,-0.016530923319274207,-0.7109839733283905,25,31
B_only,1000,2000,-0.2763091144432555,-0.016530923319274207,-0.2597781911239813,25,31
A_only,1000,5000,-0.5550931784063113,-0.0028182160594265654,-0.5522749623468848,25,31
hybrid,1000,5000,-0.15245557922255634,-0.0028182160594265654,-0.14963736316312978,25,31
B_only,1000,5000,-0.017582772213731196,-0.0028182160594265654,-0.01476455615430463,25,31
A_only,1000,10000,-1.3529085094605136,-0.0028182160594265654,-1.350090293401087,25,31
hybrid,1000,10000,-0.9019243709274213,-0.0028182160594265654,-0.8991061548679947,25,31
B_only,1000,10000,-0.00026136697667934674,-0.0028182160594265654,0.0025568490827472187,25,31
A_only,1000,2000,-0.8576379225206678,-0.01849454206597494,-0.8391433804546929,50,31
hybrid,1000,2000,-0.7367343049218661,-0.01849454206597494,-0.7182397628558912,50,31
B_only,1000,2000,-1.0394032044358312,-0.01849454206597494,-1.0209086623698562,50,31
A_only,1000,5000,-0.11463036092522186,-0.0017750072554159953,-0.11285535366980587,50,31
hybrid,1000,5000,-0.014055018149599653,-0.0017750072554159953,-0.012280010894183657,50,31
B_only,1000,5000,-0.030691208620496183,-0.0017750072554159953,-0.028916201365080187,50,31
A_only,1000,10000,-0.9994691280071397,-0.0017750072554159953,-0.9976941207517237,50,31
hybrid,1000,10000,-0.5658999442394245,-0.0017750072554159953,-0.5641249369840085,50,31
B_only,1000,10000,-0.014349093243248541,-0.0017750072554159953,-0.012574085987832545,50,31
A_only,1000,2000,-0.8787740091319867,-0.048388414022939155,-0.8303855951090475,100,31
hybrid,1000,2000,-0.48802527382637456,-0.048388414022939155,-0.4396368598034354,100,31
B_only,1000,2000,-0.10444622211671875,-0.048388414022939155,-0.056057808093779596,100,31
A_only,1000,5000,-1.456423234879262,-0.0028182160594265654,-1.4536050188198355,100,31
hybrid,1000,5000,-1.3348703894221996,-0.0028182160594265654,-1.332052173362773,100,31
B_only,1000,5000,-0.5619497907365684,-0.0028182160594265654,-0.5591315746771418,100,31
A_only,1000,10000,-0.8492064367807864,-0.0006760970636952127,-0.8485303397170912,100,31
hybrid,1000,10000,-0.5993259944595423,-0.0006760970636952127,-0.5986498973958471,100,31
B_only,1000,10000,-0.27722970197702773,-0.0006760970636952127,-0.27655360491333253,100,31
A_only,1000,2000,-0.9213163853865198,-0.0033159803963591777,-0.9180004049901607,200,31
hybrid,1000,2000,-0.20366084665974957,-0.0033159803963591777,-0.20034486626339038,200,31
B_only,1000,2000,-0.00016721349509029684,-0.0033159803963591777,0.003148766901268881,200,31
A_only,1000,5000,-1.027361009815681,-0.016530923319274207,-1.0108300864964066,200,31
hybrid,1000,5000,-0.44681349153397926,-0.016530923319274207,-0.43028256821470506,200,31
B_only,1000,5000,-0.03132730576035499,-0.016530923319274207,-0.01479638244108078,200,31
A_only,1000,10000,-0.003911933573356984,-0.0006760970636952127,-0.003235836509661771,200,31
hybrid,1000,10000,-0.00015805488247167188,-0.0006760970636952127,0.0005180421812235408,200,31
B_only,1000,10000,-5.57831194345157e-09,-0.0006760970636952127,0.0006760914853832693,200,31
A_only,1000,2000,-0.9635856991266939,-0.0028182160594265654,-0.9607674830672673,500,31
hybrid,1000,2000,-0.2135259572856951,-0.0028182160594265654,-0.21070774122626854,500,31
B_only,1000,2000,-0.031898320922698196,-0.0028182160594265654,-0.02908010486327163,500,31
A_only,1000,5000,-0.7100266616444803,-0.0006760970636952127,-0.709350564580785,500,31
hybrid,1000,5000,-0.227285886698148,-0.0006760970636952127,-0.2266097896344528,500,31
B_only,1000,5000,-0.00136668405306719,-0.0006760970636952127,-0.0006905869893719772,500,31
A_only,1000,10000,-0.2931141254874471,-0.0006760970636952127,-0.2924380284237519,500,31
hybrid,1000,10000,-0.0918088600776241,-0.0006760970636952127,-0.09113276301392888,500,31
B_only,1000,10000,-0.05704710667199108,-0.0006760970636952127,-0.05637100960829587,500,31
A_only,1000,2000,-0.810328931632533,-0.016652717978201063,-0.7936762136543318,25,32
hybrid,1000,2000,-0.4681893333802084,-0.016652717978201063,-0.45153661540200735,25,32
B_only,1000,2000,-0.7366474751205733,-0.016652717978201063,-0.7199947571423722,25,32
A_only,1000,5000,-0.8434058241131108,-0.0017750072554159953,-0.8416308168576948,25,32
hybrid,1000,5000,-0.2570107829147248,-0.0017750072554159953,-0.2552357756593088,25,32
B_only,1000,5000,-3.209203461064498e-05,-0.0017750072554159953,0.0017429152208053504,25,32
A_only,1000,10000,-0.7298424921372343,-0.0014035296225299897,-0.7284389625147043,25,32
hybrid,1000,10000,-0.5880332016989511,-0.0014035296225299897,-0.5866296720764211,25,32
B_only,1000,10000,-0.9464078141687983,-0.0014035296225299897,-0.9450042845462683,25,32
A_only,1000,2000,-1.32000992857831,-0.02744009198228548,-1.2925698365960245,50,32
hybrid,1000,2000,-0.4991211059737205,-0.02744009198228548,-0.471681013991435,50,32
B_only,1000,2000,-0.005088796174699326,-0.02744009198228548,0.02235129580758615,50,32
A_only,1000,5000,-0.8025663448604412,-0.0006760970636952127,-0.801890247796746,50,32
hybrid,1000,5000,-0.41810037465936123,-0.0006760970636952127,-0.417424277595666,50,32
B_only,1000,5000,-0.91869589012098,-0.0006760970636952127,-0.9180197930572848,50,32
A_only,1000,10000,-1.0280947839678454,-0.0017750072554159953,-1.0263197767124295,50,32
hybrid,1000,10000,-0.8654512400867311,-0.0017750072554159953,-0.8636762328313151,50,32
B_only,1000,10000,-1.7806238250554014,-0.0017750072554159953,-1.7788488177999855,50,32
A_only,1000,2000,-0.05826659856408594,-0.0014035296225299897,-0.056863068941555954,100,32
hybrid,1000,2000,-0.004209535800504513,-0.0014035296225299897,-0.002806006177974523,100,32
B_only,1000,2000,-0.05943774523598588,-0.0014035296225299897,-0.05803421561345589,100,32
A_only,1000,5000,-0.747471721559701,-0.0006760970636952127,-0.7467956244960058,100,32
hybrid,1000,5000,-0.35265446033756653,-0.0006760970636952127,-0.35197836327387133,100,32
B_only,1000,5000,-0.04252269583866259,-0.0006760970636952127,-0.04184659877496738,100,32
A_only,1000,10000,-0.7872233745114612,-0.0017750072554159953,-0.7854483672560452,100,32
hybrid,1000,10000,-0.717336076230963,-0.0017750072554159953,-0.7155610689755469,100,32
B_only,1000,10000,-0.7454453636816116,-0.0017750072554159953,-0.7436703564261956,100,32
A_only,1000,2000,-1.1671670187752217,-0.0017750072554159953,-1.1653920115198058,200,32
hybrid,1000,2000,-0.5570166747997284,-0.0017750072554159953,-0.5552416675443124,200,32
B_only,1000,2000,-0.1421153369575098,-0.0017750072554159953,-0.1403403297020938,200,32
A_only,1000,5000,-0.7364902221991537,-0.02744009198228548,-0.7090501302168682,200,32
hybrid,1000,5000,-0.21307720156480967,-0.02744009198228548,-0.1856371095825242,200,32
B_only,1000,5000,-0.010821284218526165,-0.02744009198228548,0.016618807763759312,200,32
A_only,1000,10000,-0.6471074081195097,-0.0006760970636952127,-0.6464313110558145,200,32
hybrid,1000,10000,-0.12859985615383784,-0.0006760970636952127,-0.12792375909014264,200,32
B_only,1000,10000,-7.437886953449451e-05,-0.0006760970636952127,0.0006017181941607182,200,32
A_only,1000,2000,-1.0417972722738507,-0.0006760970636952127,-1.0411211752101555,500,32
hybrid,1000,2000,-0.19131703827311689,-0.0006760970636952127,-0.19064094120942168,500,32
B_only,1000,2000,-0.019814632162008065,-0.0006760970636952127,-0.019138535098312853,500,32
A_only,1000,5000,-0.2760110551183927,-0.0017750072554159953,-0.2742360478629767,500,32
hybrid,1000,5000,-0.05231522260143391,-0.0017750072554159953,-0.050540215346017915,500,32
B_only,1000,5000,-0.01834384497111562,-0.0017750072554159953,-0.016568837715699624,500,32
A_only,1000,10000,-0.4517218906659865,-0.0014035296225299897,-0.4503183610434565,500,32
hybrid,1000,10000,-0.1147113048182178,-0.0014035296225299897,-0.11330777519568781,500,32
B_only,1000,10000,-0.015098010544705762,-0.0014035296225299897,-0.013694480922175772,500,32
A_only,1000,2000,-1.0057180556559249,-0.044229416304240946,-0.9614886393516839,25,33
hybrid,1000,2000,-0.6994796380509164,-0.044229416304240946,-0.6552502217466755,25,33
B_only,1000,2000,-1.9296324882606366,-0.044229416304240946,-1.8854030719563957,25,33
A_only,1000,5000,-0.22673497855460475,-0.0017750072554159953,-0.22495997129918877,25,33
hybrid,1000,5000,-0.07721811248189449,-0.0017750072554159953,-0.0754431052264785,25,33
B_only,1000,5000,-0.3497947109185679,-0.0017750072554159953,-0.3480197036631519,25,33
A_only,1000,10000,-0.295626235843964,-0.0006760970636952127,-0.2949501387802688,25,33
hybrid,1000,10000,-0.24838459425658538,-0.0006760970636952127,-0.24770849719289018,25,33
B_only,1000,10000,-0.36689695580336656,-0.0006760970636952127,-0.36622085873967136,25,33
A_only,1000,2000,-1.3888226959955665,-0.16068049282634783,-1.2281422031692186,50,33
hybrid,1000,2000,-1.038763560271004,-0.16068049282634783,-0.878083067444656,50,33
B_only,1000,2000,-0.016517807246446123,-0.16068049282634783,0.1441626855799017,50,33
A_only,1000,5000,-0.818226573453757,-0.02338563685393675,-0.7948409365998202,50,33
hybrid,1000,5000,-0.21177199192368484,-0.02338563685393675,-0.1883863550697481,50,33
B_only,1000,5000,-1.2592167137667153e-09,-0.02338563685393675,0.023385635594720035,50,33
A_only,1000,10000,-0.44748888617771115,-0.0033159803963591777,-0.444172905781352,50,33
hybrid,1000,10000,-0.1151012603739943,-0.0033159803963591777,-0.11178527997763513,50,33
B_only,1000,10000,-7.679282695029229e-07,-0.0033159803963591777,0.0033152124680896748,50,33
A_only,1000,2000,-1.0406167610285757,-0.14881734463971158,-0.8917994163888641,100,33
hybrid,1000,2000,-0.20164557131595645,-0.14881734463971158,-0.05282822667624487,100,33
B_only,1000,2000,-5.4476733478595845e-05,-0.14881734463971158,0.14876286790623297,100,33
A_only,1000,5000,-0.7349288924000376,-0.02338563685393675,-0.7115432555461008,100,33
hybrid,1000,5000,-0.2141813999651636,-0.02338563685393675,-0.19079576311122687,100,33
B_only,1000,5000,-1.1860878207689482e-05,-0.02338563685393675,0.02337377597572906,100,33
A_only,1000,10000,-0.5022390661850848,-0.0017750072554159953,-0.5004640589296688,100,33
hybrid,1000,10000,-0.13667005517834702,-0.0017750072554159953,-0.13489504792293103,100,33
B_only,1000,10000,-4.3294870542275e-06,-0.0017750072554159953,0.0017706777683617679,100,33
A_only,1000,2000,-0.7658301146827023,-0.026071275432122825,-0.7397588392505795,200,33
hybrid,1000,2000,-0.1552031044242805,-0.026071275432122825,-0.1291318289921577,200,33
B_only,1000,2000,-0.014954681966289815,-0.026071275432122825,0.01111659346583301,200,33
A_only,1000,5000,-0.3717588489782163,-0.044229416304240946,-0.3275294326739754,200,33
hybrid,1000,5000,-0.07811612141170866,-0.044229416304240946,-0.03388670510746772,200,33
B_only,1000,5000,-1.1346595005951354e-05,-0.044229416304240946,0.044218069709234996,200,33
A_only,1000,10000,-0.44115980503992813,-0.0006760970636952127,-0.44048370797623293,200,33
hybrid,1000,10000,-0.14466891936882742,-0.0006760970636952127,-0.14399282230513222,200,33
B_only,1000,10000,-9.95493766491896e-07,-0.0006760970636952127,0.0006751015699287208,200,33
A_only,1000,2000,-0.6493193919343757,-0.10583604024616299,-0.5434833516882127,500,33
hybrid,1000,2000,-0.11367387682242072,-0.10583604024616299,-0.007837836576257737,500,33
B_only,1000,2000,-0.06653751663968069,-0.10583604024616299,0.0392985236064823,500,33
A_only,1000,5000,-0.8783949626824192,-0.016652717978201063,-0.8617422447042181,500,33
hybrid,1000,5000,-0.46643554327880576,-0.016652717978201063,-0.4497828253006047,500,33
B_only,1000,5000,-0.1802326031441381,-0.016652717978201063,-0.16357988516593705,500,33
A_only,1000,10000,-0.7339263483964469,-0.0017750072554159953,-0.7321513411410309,500,33
hybrid,1000,10000,-0.19917678297064834,-0.0017750072554159953,-0.19740177571523235,500,33
B_only,1000,10000,-0.0023823863834559304,-0.0017750072554159953,-0.0006073791280399351,500,33
A_only,1000,2000,-0.6803005650395963,-0.06976201878446649,-0.6105385462551298,25,34
hybrid,1000,2000,-0.14868149932608193,-0.06976201878446649,-0.07891948054161545,25,34
B_only,1000,2000,-0.0007300893399166894,-0.06976201878446649,0.06903192944454979,25,34
A_only,1000,5000,-0.1805866595449867,-0.0028182160594265654,-0.17776844348556015,25,34
hybrid,1000,5000,-0.042749128900646485,-0.0028182160594265654,-0.03993091284121992,25,34
B_only,1000,5000,-1.0453858848941036,-0.0028182160594265654,-1.042567668834677,25,34
A_only,1000,10000,-0.5066828618904095,-0.0006760970636952127,-0.5060067648267143,25,34
hybrid,1000,10000,-0.1057086070320463,-0.0006760970636952127,-0.10503250996835109,25,34
B_only,1000,10000,-0.00017053142220754475,-0.0006760970636952127,0.0005055656414876679,25,34
A_only,1000,2000,-1.2261950743178456,-0.02338563685393675,-1.202809437463909,50,34
hybrid,1000,2000,-0.7960746489098944,-0.02338563685393675,-0.7726890120559576,50,34
B_only,1000,2000,-0.11426716658288459,-0.02338563685393675,-0.09088152972894784,50,34
A_only,1000,5000,-0.5162535951767417,-0.016652717978201063,-0.4996008771985407,50,34
hybrid,1000,5000,-0.3839453131908349,-0.016652717978201063,-0.36729259521263385,50,34
B_only,1000,5000,-0.9617623699202428,-0.016652717978201063,-0.9451096519420417,50,34
A_only,1000,10000,-1.200532395076624,-0.0014035296225299897,-1.199128865454094,50,34
hybrid,1000,10000,-0.5022843594990355,-0.0014035296225299897,-0.5008808298765055,50,34
B_only,1000,10000,-0.008418287170589947,-0.0014035296225299897,-0.007014757548059957,50,34
A_only,1000,2000,-1.067567198864876,-0.0017750072554159953,-1.0657921916094601,100,34
hybrid,1000,2000,-0.7365479580744557,-0.0017750072554159953,-0.7347729508190397,100,34
B_only,1000,2000,-0.6322369503417805,-0.0017750072554159953,-0.6304619430863645,100,34
A_only,1000,5000,-0.6875081751370876,-0.0006760970636952127,-0.6868320780733924,100,34
hybrid,1000,5000,-0.2889312243675348,-0.0006760970636952127,-0.2882551273038396,100,34
B_only,1000,5000,-0.003388739984385922,-0.0006760970636952127,-0.0027126429206907094,100,34
A_only,1000,10000,-0.5015696094392754,-0.0014035296225299897,-0.5001660798167454,100,34
hybrid,1000,10000,-0.2930266039668814,-0.0014035296225299897,-0.2916230743443514,100,34
B_only,1000,10000,-0.08853619097362109,-0.0014035296225299897,-0.0871326613510911,100,34
A_only,1000,2000,-0.43082820271730815,-0.021107166088018964,-0.40972103662928916,200,34
hybrid,1000,2000,-0.13575400312978525,-0.021107166088018964,-0.11464683704176629,200,34
B_only,1000,2000,-0.05027749885674257,-0.021107166088018964,-0.029170332768723606,200,34
A_only,1000,5000,-0.5223483534193958,-0.0017750072554159953,-0.5205733461639798,200,34
hybrid,1000,5000,-0.16397249537670236,-0.0017750072554159953,-0.16219748812128637,200,34
B_only,1000,5000,-0.0869906933728115,-0.0017750072554159953,-0.08521568611739551,200,34
A_only,1000,10000,-0.2830537950315663,-0.0006760970636952127,-0.2823776979678711,200,34
hybrid,1000,10000,-0.09284694864605587,-0.0006760970636952127,-0.09217085158236066,200,34
B_only,1000,10000,-0.009172292893851283,-0.0006760970636952127,-0.00849619583015607,200,34
A_only,1000,2000,-1.5786633424338399,-0.016530923319274207,-1.5621324191145656,500,34
hybrid,1000,2000,-0.35527572707136745,-0.016530923319274207,-0.33874480375209326,500,34
B_only,1000,2000,-0.025128734193695216,-0.016530923319274207,-0.008597810874421009,500,34
A_only,1000,5000,-0.9397842327145574,-0.021107166088018964,-0.9186770666265384,500,34
hybrid,1000,5000,-0.30454369102126844,-0.021107166088018964,-0.28343652493324945,500,34
B_only,1000,5000,-0.0244010214831625,-0.021107166088018964,-0.0032938553951435377,500,34
A_only,1000,10000,-0.7633140062259766,-0.0006760970636952127,-0.7626379091622814,500,34
hybrid,1000,10000,-0.28105976432249896,-0.0006760970636952127,-0.28038366725880376,500,34
B_only,1000,10000,-0.04265527071470627,-0.0006760970636952127,-0.04197917365101106,500,34
A_only,1000,2000,-1.0755769363581058,-0.0006760970636952127,-1.0749008392944106,25,35
hybrid,1000,2000,-0.6089616392703431,-0.0006760970636952127,-0.6082855422066479,25,35
B_only,1000,2000,-0.03368999956030686,-0.0006760970636952127,-0.03301390249661165,25,35
A_only,1000,5000,-0.37521073870102584,-0.0006760970636952127,-0.37453464163733063,25,35
hybrid,1000,5000,-0.09296139467624079,-0.0006760970636952127,-0.09228529761254557,25,35
B_only,1000,5000,-0.09931073896439452,-0.0006760970636952127,-0.0986346419006993,25,35
A_only,1000,10000,-1.3842728459662446,-0.016530923319274207,-1.3677419226469703,25,35
hybrid,1000,10000,-1.1654847479839223,-0.016530923319274207,-1.148953824664648,25,35
B_only,1000,10000,-0.833459346948446,-0.016530923319274207,-0.8169284236291718,25,35
A_only,1000,2000,-0.9906894804727285,-0.044229416304240946,-0.9464600641684876,50,35
hybrid,1000,2000,-0.6305171075285954,-0.044229416304240946,-0.5862876912243544,50,35
B_only,1000,2000,-0.17025296640302975,-0.044229416304240946,-0.1260235500987888,50,35
A_only,1000,5000,-0.6417126096383717,-0.0006760970636952127,-0.6410365125746765,50,35
hybrid,1000,5000,-0.2940252547492042,-0.0006760970636952127,-0.293349157685509,50,35
B_only,1000,5000,-0.01296154776086048,-0.0006760970636952127,-0.012285450697165266,50,35
A_only,1000,10000,-0.6596825914120389,-0.0028182160594265654,-0.6568643753526123,50,35
hybrid,1000,10000,-0.2752111337522009,-0.0028182160594265654,-0.27239291769277435,50,35
B_only,1000,10000,-0.010473973207742258,-0.0028182160594265654,-0.007655757148315693,50,35
A_only,1000,2000,-0.9681379542728232,-0.021107166088018964,-0.9470307881848042,100,35
hybrid,1000,2000,-0.4406865563980465,-0.021107166088018964,-0.41957939031002756,100,35
B_only,1000,2000,-0.0013128915711440414,-0.021107166088018964,0.019794274516874922,100,35
A_only,1000,5000,-0.6586532470990074,-0.0006760970636952127,-0.6579771500353122,100,35
hybrid,1000,5000,-0.5641483383897381,-0.0006760970636952127,-0.5634722413260429,100,35
B_only,1000,5000,-1.6525697400275827,-0.0006760970636952127,-1.6518936429638875,100,35
A_only,1000,10000,-0.06794780468144118,-0.0028182160594265654,-0.06512958862201462,100,35
hybrid,1000,10000,-0.01799207714310087,-0.0028182160594265654,-0.015173861083674304,100,35
B_only,1000,10000,-0.16190741361637354,-0.0028182160594265654,-0.15908919755694698,100,35
A_only,1000,2000,-0.9203104400229324,-0.0028182160594265654,-0.9174922239635058,200,35
hybrid,1000,2000,-0.2039361478300306,-0.0028182160594265654,-0.20111793177060405,200,35
B_only,1000,2000,-0.0509462504422056,-0.0028182160594265654,-0.04812803438277903,200,35
A_only,1000,5000,-0.7989021940619858,-0.0014035296225299897,-0.7974986644394558,200,35
hybrid,1000,5000,-0.5864183050871097,-0.0014035296225299897,-0.5850147754645797,200,35
B_only,1000,5000,-0.2812740554630538,-0.0014035296225299897,-0.2798705258405238,200,35
A_only,1000,10000,-0.5528155430111308,-0.0014035296225299897,-0.5514120133886008,200,35
hybrid,1000,10000,-0.11215950071635286,-0.0014035296225299897,-0.11075597109382287,200,35
B_only,1000,10000,-1.968129345372499e-05,-0.0014035296225299897,0.0013838483290762647,200,35
A_only,1000,2000,-0.7169361157760599,-0.16804324619811542,-0.5488928695779445,500,35
hybrid,1000,2000,-0.21013425838305855,-0.16804324619811542,-0.04209101218494313,500,35
B_only,1000,2000,-0.03802014067135277,-0.16804324619811542,0.13002310552676266,500,35
A_only,1000,5000,-1.3692228239334814,-0.0033159803963591777,-1.3659068435371222,500,35
hybrid,1000,5000,-0.2227198788747733,-0.0033159803963591777,-0.21940389847841413,500,35
B_only,1000,5000,-0.023507367150310383,-0.0033159803963591777,-0.020191386753951206,500,35
A_only,1000,10000,-0.2525812907962209,-0.0006760970636952127,-0.2519051937325257,500,35
hybrid,1000,10000,-0.09594768002749197,-0.0006760970636952127,-0.09527158296379676,500,35
B_only,1000,10000,-0.1803700754522124,-0.0006760970636952127,-0.1796939783885172,500,35
A_only,1000,2000,-0.8155197284356306,-0.02338563685393675,-0.7921340915816938,25,36
hybrid,1000,2000,-0.34326103469140884,-0.02338563685393675,-0.3198753978374721,25,36
B_only,1000,2000,-0.0016141350937268861,-0.02338563685393675,0.021771501760209862,25,36
A_only,1000,5000,-0.45122752910141034,-0.0006760970636952127,-0.45055143203771514,25,36
hybrid,1000,5000,-0.14077070530021277,-0.0006760970636952127,-0.14009460823651756,25,36
B_only,1000,5000,-0.4907336242790284,-0.0006760970636952127,-0.4900575272153332,25,36
A_only,1000,10000,-0.4371961756456478,-0.0006760970636952127,-0.4365200785819526,25,36
hybrid,1000,10000,-0.08501348182841155,-0.0006760970636952127,-0.08433738476471633,25,36
B_only,1000,10000,-4.413197190881692e-07,-0.0006760970636952127,0.0006756557439761246,25,36
A_only,1000,2000,-1.185528070378511,-0.016530923319274207,-1.1689971470592366,50,36
hybrid,1000,2000,-0.49809892646760423,-0.016530923319274207,-0.48156800314833004,50,36
B_only,1000,2000,-0.0016397866583426142,-0.016530923319274207,0.014891136660931593,50,36
A_only,1000,5000,-0.5540538864291016,-0.0028182160594265654,-0.551235670369675,50,36
hybrid,1000,5000,-0.2551640701653668,-0.0028182160594265654,-0.25234585410594024,50,36
B_only,1000,5000,-0.0074583006906578835,-0.0028182160594265654,-0.004640084631231318,50,36
A_only,1000,10000,-0.3091170599075651,-0.0006760970636952127,-0.3084409628438699,50,36
hybrid,1000,10000,-0.16269479789835906,-0.0006760970636952127,-0.16201870083466385,50,36
B_only,1000,10000,-1.0957049958514703e-05,-0.0006760970636952127,0.000665140013736698,50,36
A_only,1000,2000,-0.47783366472207384,-0.044229416304240946,-0.4336042484178329,100,36
hybrid,1000,2000,-0.05735081163417782,-0.044229416304240946,-0.013121395329936877,100,36
B_only,1000,2000,-2.612881981117229e-09,-0.044229416304240946,0.044229413691358965,100,36
A_only,1000,5000,-0.475593372366345,-0.0028182160594265654,-0.47277515630691846,100,36
hybrid,1000,5000,-0.09899337306986224,-0.0028182160594265654,-0.09617515701043568,100,36
B_only,1000,5000,-1.4030219942855149e-05,-0.0028182160594265654,0.0028041858394837102,100,36
A_only,1000,10000,-0.7807437935626642,-0.0014035296225299897,-0.7793402639401342,100,36
hybrid,1000,10000,-0.5225456480513532,-0.0014035296225299897,-0.5211421184288232,100,36
B_only,1000,10000,-0.34071312690546535,-0.0014035296225299897,-0.33930959728293536,100,36
A_only,1000,2000,-1.4719921417008046,-0.04442382739503962,-1.427568314305765,200,36
hybrid,1000,2000,-0.7286077750049689,-0.04442382739503962,-0.6841839476099293,200,36
B_only,1000,2000,-0.14130361162270033,-0.04442382739503962,-0.09687978422766072,200,36
A_only,1000,5000,-0.7952196874774986,-0.04442382739503962,-0.750795860082459,200,36
hybrid,1000,5000,-0.2103232242618862,-0.04442382739503962,-0.1658993968668466,200,36
B_only,1000,5000,-1.6672856291509855e-05,-0.04442382739503962,0.044407154538748106,200,36
A_only,1000,10000,-1.8527648878645013,-0.0017750072554159953,-1.8509898806090854,200,36
hybrid,1000,10000,-0.8652481729234881,-0.0017750072554159953,-0.8634731656680721,200,36
B_only,1000,10000,-0.0012262730517061608,-0.0017750072554159953,0.0005487342037098345,200,36
A_only,1000,2000,-1.5763267298475556,-0.016530923319274207,-1.5597958065282813,500,36
hybrid,1000,2000,-0.3844221761998919,-0.016530923319274207,-0.3678912528806177,500,36
B_only,1000,2000,-0.010968142297696822,-0.016530923319274207,0.005562781021577385,500,36
A_only,1000,5000,-0.6354801800303486,-0.0028182160594265654,-0.632661963970922,500,36
hybrid,1000,5000,-0.24834514555823886,-0.0028182160594265654,-0.2455269294988123,500,36
B_only,1000,5000,-0.15065595725749886,-0.0028182160594265654,-0.1478377411980723,500,36
A_only,1000,10000,-0.410914870535894,-0.0006760970636952127,-0.4102387734721988,500,36
hybrid,1000,10000,-0.0465253585748654,-0.0006760970636952127,-0.04584926151117019,500,36
B_only,1000,10000,-3.9927586749925107e-07,-0.0006760970636952127,0.0006756977878277134,500,36
A_only,1000,2000,-0.545404465314504,-0.0017750072554159953,-0.543629458059088,25,37
hybrid,1000,2000,-0.06913932792479012,-0.0017750072554159953,-0.06736432066937413,25,37
B_only,1000,2000,-2.2297443040458294e-12,-0.0017750072554159953,0.001775007253186251,25,37
A_only,1000,5000,-0.034592892782766727,-0.0014035296225299897,-0.03318936316023674,25,37
hybrid,1000,5000,-0.0021591401256112826,-0.0014035296225299897,-0.0007556105030812929,25,37
B_only,1000,5000,-0.041297710411021746,-0.0014035296225299897,-0.03989418078849176,25,37
A_only,1000,10000,-1.3869738441240143,-0.0006760970636952127,-1.386297747060319,25,37
hybrid,1000,10000,-1.6863470372306761,-0.0006760970636952127,-1.685670940166981,25,37
B_only,1000,10000,-0.1642102479521859,-0.0006760970636952127,-0.1635341508884907,25,37
A_only,1000,2000,-1.0012721180384765,-0.0028182160594265654,-0.9984539019790499,50,37
hybrid,1000,2000,-0.3768558032092388,-0.0028182160594265654,-0.3740375871498122,50,37
B_only,1000,2000,-0.05244737038103884,-0.0028182160594265654,-0.04962915432161227,50,37
A_only,1000,5000,-0.9511587974570671,-0.021107166088018964,-0.9300516313690481,50,37
hybrid,1000,5000,-0.15325487747675068,-0.021107166088018964,-0.13214771138873171,50,37
B_only,1000,5000,-3.893403237749488e-09,-0.021107166088018964,0.021107162194615725,50,37
A_only,1000,10000,-0.35047933537858106,-0.0014035296225299897,-0.34907580575605107,50,37
hybrid,1000,10000,-0.12233695639070138,-0.0014035296225299897,-0.1209334267681714,50,37
B_only,1000,10000,-0.018886933436276555,-0.0014035296225299897,-0.017483403813746565,50,37
A_only,1000,2000,-1.1197695078766294,-0.016652717978201063,-1.1031167898984284,100,37
hybrid,1000,2000,-0.49995152970582996,-0.016652717978201063,-0.4832988117276289,100,37
B_only,1000,2000,-0.040753214427733574,-0.016652717978201063,-0.02410049644953251,100,37
A_only,1000,5000,-1.0360587247861321,-0.0017750072554159953,-1.0342837175307162,100,37
hybrid,1000,5000,-0.5963202299881452,-0.0017750072554159953,-0.5945452227327291,100,37
B_only,1000,5000,-0.05399792747924136,-0.0017750072554159953,-0.05222292022382537,100,37
A_only,1000,10000,-0.9547951791303573,-0.0006760970636952127,-0.9541190820666621,100,37
hybrid,1000,10000,-0.6498864840375285,-0.0006760970636952127,-0.6492103869738333,100,37
B_only,1000,10000,-0.0004512388595859707,-0.0006760970636952127,0.00022485820410924197,100,37
A_only,1000,2000,-0.8421429104099781,-0.016530923319274207,-0.8256119870907039,200,37
hybrid,1000,2000,-0.30827265356452915,-0.016530923319274207,-0.29174173024525496,200,37
B_only,1000,2000,-0.010061375270212008,-0.016530923319274207,0.006469548049062199,200,37
A_only,1000,5000,-0.3885404784368777,-0.0006760970636952127,-0.3878643813731825,200,37
hybrid,1000,5000,-0.10810830246420343,-0.0006760970636952127,-0.10743220540050821,200,37
B_only,1000,5000,-0.00023302748522827162,-0.0006760970636952127,0.00044306957846694105,200,37
A_only,1000,10000,-0.36327941934876473,-0.0014035296225299897,-0.36187588972623475,200,37
hybrid,1000,10000,-0.08589183347785492,-0.0014035296225299897,-0.08448830385532494,200,37
B_only,1000,10000,-0.00029014194036823266,-0.0014035296225299897,0.0011133876821617572,200,37
A_only,1000,2000,-0.9851787042691201,-0.01849454206597494,-0.9666841622031452,500,37
hybrid,1000,2000,-0.2771656170499172,-0.01849454206597494,-0.25867107498394226,500,37
B_only,1000,2000,-0.006315536459880425,-0.01849454206597494,0.012179005606094515,500,37
A_only,1000,5000,-0.6223156250889965,-0.05681229432921549,-0.565503330759781,500,37
hybrid,1000,5000,-0.12289357125647492,-0.05681229432921549,-0.06608127692725943,500,37
B_only,1000,5000,-5.354288983925585e-05,-0.05681229432921549,0.05675875143937623,500,37
A_only,1000,10000,-1.0842149528191705,-0.0006760970636952127,-1.0835388557554753,500,37
hybrid,1000,10000,-0.1724708315621232,-0.0006760970636952127,-0.171794734498428,500,37
B_only,1000,10000,-0.05160102086964547,-0.0006760970636952127,-0.05092492380595026,500,37
A_only,1000,2000,-0.6547011856168503,-0.016530923319274207,-0.6381702622975761,25,38
hybrid,1000,2000,-0.4041055633750523,-0.016530923319274207,-0.38757464005577813,25,38
B_only,1000,2000,-0.20224308229621438,-0.016530923319274207,-0.18571215897694016,25,38
A_only,1000,5000,-0.3246023733811315,-0.0017750072554159953,-0.3228273661257155,25,38
hybrid,1000,5000,-0.1846823377015721,-0.0017750072554159953,-0.18290733044615612,25,38
B_only,1000,5000,-0.37324985317223536,-0.0017750072554159953,-0.37147484591681934,25,38
A_only,1000,10000,-0.7907278902975486,-0.0017750072554159953,-0.7889528830421326,25,38
hybrid,1000,10000,-0.6981820079963164,-0.0017750072554159953,-0.6964070007409003,25,38
B_only,1000,10000,-1.5853138998045633,-0.0017750072554159953,-1.5835388925491474,25,38
A_only,1000,2000,-1.2449948084854376,-0.048388414022939155,-1.1966063944624985,50,38
hybrid,1000,2000,-0.6967643360317615,-0.048388414022939155,-0.6483759220088223,50,38
B_only,1000,2000,-0.024949353555635857,-0.048388414022939155,0.023439060467303298,50,38
A_only,1000,5000,-0.11926781728472628,-0.0014035296225299897,-0.1178642876621963,50,38
hybrid,1000,5000,-0.029354316264363387,-0.0014035296225299897,-0.027950786641833397,50,38
B_only,1000,5000,-0.0047571733980916,-0.0014035296225299897,-0.0033536437755616096,50,38
A_only,1000,10000,-0.29840609480130686,-0.0017750072554159953,-0.29663108754589085,50,38
hybrid,1000,10000,-0.16823538613413544,-0.0017750072554159953,-0.16646037887871945,50,38
B_only,1000,10000,-0.12574340405715667,-0.0017750072554159953,-0.12396839680174068,50,38
A_only,1000,2000,-0.8575758711385992,-0.0028182160594265654,-0.8547576550791727,100,38
hybrid,1000,2000,-0.20023439506844043,-0.0028182160594265654,-0.19741617900901387,100,38
B_only,1000,2000,-4.5058082748874804e-08,-0.0028182160594265654,0.0028181710013438165,100,38
A_only,1000,5000,-0.9331669975104714,-0.0006760970636952127,-0.9324909004467762,100,38
hybrid,1000,5000,-0.4781117465283368,-0.0006760970636952127,-0.4774356494646416,100,38
B_only,1000,5000,-0.0019221294735616758,-0.0006760970636952127,-0.001246032409866463,100,38
A_only,1000,10000,-0.06497906364878948,-0.0028182160594265654,-0.06216084758936292,100,38
hybrid,1000,10000,-0.01834411243861763,-0.0028182160594265654,-0.015525896379191065,100,38
B_only,1000,10000,-0.6388747415037122,-0.0028182160594265654,-0.6360565254442856,100,38
A_only,1000,2000,-0.9290694737971835,-0.026071275432122825,-0.9029981983650607,200,38
hybrid,1000,2000,-0.2950104729660021,-0.026071275432122825,-0.26893919753387924,200,38
B_only,1000,2000,-0.01878468482939397,-0.026071275432122825,0.0072865906027288554,200,38
A_only,1000,5000,-0.012119770344706097,-0.0006760970636952127,-0.011443673281010884,200,38
hybrid,1000,5000,-0.0007367586064153727,-0.0006760970636952127,-6.0661542720159985e-05,200,38
B_only,1000,5000,-0.010229223115033551,-0.0006760970636952127,-0.009553126051338338,200,38
A_only,1000,10000,-1.024489566237705,-0.0006760970636952127,-1.0238134691740097,200,38
hybrid,1000,10000,-0.45940713684499584,-0.0006760970636952127,-0.45873103978130064,200,38
B_only,1000,10000,-0.0072441462860377975,-0.0006760970636952127,-0.006568049222342585,200,38
A_only,1000,2000,-1.4718109534842096,-0.026071275432122825,-1.4457396780520868,500,38
hybrid,1000,2000,-0.48964769434515365,-0.026071275432122825,-0.4635764189130308,500,38
B_only,1000,2000,-0.14658582734936182,-0.026071275432122825,-0.12051455191723899,500,38
A_only,1000,5000,-0.7462081237925076,-0.0014035296225299897,-0.7448045941699776,500,38
hybrid,1000,5000,-0.14048812991141174,-0.0014035296225299897,-0.13908460028888175,500,38
B_only,1000,5000,-0.01622356336071295,-0.0014035296225299897,-0.014820033738182959,500,38
A_only,1000,10000,-0.9047952228514298,-0.0014035296225299897,-0.9033916932288998,500,38
hybrid,1000,10000,-0.2255059715310592,-0.0014035296225299897,-0.2241024419085292,500,38
B_only,1000,10000,-0.0008223821036875072,-0.0014035296225299897,0.0005811475188424825,500,38
A_only,1000,2000,-1.2380647724208322,-0.1362900998449837,-1.1017746725758486,25,39
hybrid,1000,2000,-0.7609438146035011,-0.1362900998449837,-0.6246537147585174,25,39
B_only,1000,2000,-1.0357409044204366,-0.1362900998449837,-0.899450804575453,25,39
A_only,1000,5000,-0.43431648856721605,-0.0014035296225299897,-0.43291295894468607,25,39
hybrid,1000,5000,-0.16505757322523512,-0.0014035296225299897,-0.16365404360270513,25,39
B_only,1000,5000,-0.059102136946230406,-0.0014035296225299897,-0.05769860732370042,25,39
A_only,1000,10000,-0.7916851412847411,-0.0006760970636952127,-0.7910090442210459,25,39
hybrid,1000,10000,-0.6646478415963522,-0.0006760970636952127,-0.663971744532657,25,39
B_only,1000,10000,-0.3064415899511458,-0.0006760970636952127,-0.3057654928874506,25,39
A_only,1000,2000,-1.0928856544572445,-0.06976201878446649,-1.023123635672778,50,39
hybrid,1000,2000,-0.2854782371886928,-0.06976201878446649,-0.21571621840422633,50,39
B_only,1000,2000,-0.013988270675503015,-0.06976201878446649,0.055773748108963475,50,39
A_only,1000,5000,-0.1787441678855819,-0.016530923319274207,-0.1622132445663077,50,39
hybrid,1000,5000,-0.05288627969574685,-0.016530923319274207,-0.03635535637647264,50,39
B_only,1000,5000,-0.1930340160866176,-0.016530923319274207,-0.17650309276734338,50,39
A_only,1000,10000,-0.7059263584205095,-0.0014035296225299897,-0.7045228287979796,50,39
hybrid,1000,10000,-0.312701366392063,-0.0014035296225299897,-0.311297836769533,50,39
B_only,1000,10000,-0.0025607476798400228,-0.0014035296225299897,-0.001157218057310033,50,39
A_only,1000,2000,-0.9242174375144983,-0.0033159803963591777,-0.9209014571181391,100,39
hybrid,1000,2000,-0.46619175097131715,-0.0033159803963591777,-0.462875770574958,100,39
B_only,1000,2000,-0.015754838057880322,-0.0033159803963591777,-0.012438857661521144,100,39
A_only,1000,5000,-0.41819849487892974,-0.05681229432921549,-0.36138620054971426,100,39
hybrid,1000,5000,-0.22659958110392955,-0.05681229432921549,-0.16978728677471405,100,39
B_only,1000,5000,-0.015582757165228963,-0.05681229432921549,0.04122953716398652,100,39
A_only,1000,10000,-0.2774867740546183,-0.0006760970636952127,-0.2768106769909231,100,39
hybrid,1000,10000,-0.09921347307093764,-0.0006760970636952127,-0.09853737600724242,100,39
B_only,1000,10000,-5.632324336960579e-07,-0.0006760970636952127,0.0006755338312615166,100,39
A_only,1000,2000,-0.21172274255923773,-0.0033159803963591777,-0.20840676216287857,200,39
hybrid,1000,2000,-0.038675915298782754,-0.0033159803963591777,-0.035359934902423576,200,39
B_only,1000,2000,-0.011741663674448824,-0.0033159803963591777,-0.008425683278089647,200,39
A_only,1000,5000,-0.5989347247800317,-0.016652717978201063,-0.5822820068018306,200,39
hybrid,1000,5000,-0.22958244838783076,-0.016652717978201063,-0.2129297304096297,200,39
B_only,1000,5000,-0.011853878161013041,-0.016652717978201063,0.004798839817188021,200,39
A_only,1000,10000,-0.15585575110778188,-0.0006760970636952127,-0.15517965404408668,200,39
hybrid,1000,10000,-0.04739451624916858,-0.0006760970636952127,-0.04671841918547337,200,39
B_only,1000,10000,-0.01240838045681654,-0.0006760970636952127,-0.011732283393121327,200,39
A_only,1000,2000,-0.3197552509209899,-0.0028182160594265654,-0.3169370348615633,500,39
hybrid,1000,2000,-0.056568793955066886,-0.0028182160594265654,-0.05375057789564032,500,39
B_only,1000,2000,-0.013344488257862091,-0.0028182160594265654,-0.010526272198435525,500,39
A_only,1000,5000,-0.9489429859251642,-0.0017750072554159953,-0.9471679786697482,500,39
hybrid,1000,5000,-0.3079450674365614,-0.0017750072554159953,-0.3061700601811454,500,39
B_only,1000,5000,-0.04137750808242983,-0.0017750072554159953,-0.03960250082701383,500,39
A_only,1000,10000,-0.28455360406897534,-0.0006760970636952127,-0.28387750700528014,500,39
hybrid,1000,10000,-0.07019010006382334,-0.0006760970636952127,-0.06951400300012812,500,39
B_only,1000,10000,-0.016679531020392074,-0.0006760970636952127,-0.01600343395669686,500,39
A_only,1000,2000,-1.3948525100080251,-0.044229416304240946,-1.3506230937037842,25,40
hybrid,1000,2000,-0.3549647206297515,-0.044229416304240946,-0.31073530432551055,25,40
B_only,1000,2000,-4.875697396021511e-09,-0.044229416304240946,0.04422941142854355,25,40
A_only,1000,5000,-0.6677387381667499,-0.016530923319274207,-0.6512078148474757,25,40
hybrid,1000,5000,-0.19962691277963487,-0.016530923319274207,-0.18309598946036065,25,40
B_only,1000,5000,-0.002774102235305967,-0.016530923319274207,0.013756821083968241,25,40
A_only,1000,10000,-0.20292280168197513,-0.0006760970636952127,-0.20224670461827993,25,40
hybrid,1000,10000,-0.05325713018118104,-0.0006760970636952127,-0.05258103311748583,25,40
B_only,1000,10000,-0.00528071050559249,-0.0006760970636952127,-0.004604613441897277,25,40
A_only,1000,2000,-0.810642428240192,-0.0006760970636952127,-0.8099663311764967,50,40
hybrid,1000,2000,-0.23071680069788736,-0.0006760970636952127,-0.23004070363419216,50,40
B_only,1000,2000,-0.01563471809068346,-0.0006760970636952127,-0.014958621026988247,50,40
A_only,1000,5000,-0.3581061014639381,-0.0014035296225299897,-0.35670257184140813,50,40
hybrid,1000,5000,-0.26202521231797055,-0.0014035296225299897,-0.26062168269544056,50,40
B_only,1000,5000,-0.7304424389502354,-0.0014035296225299897,-0.7290389093277054,50,40
A_only,1000,10000,-0.45261816488490514,-0.0006760970636952127,-0.45194206782120994,50,40
hybrid,1000,10000,-0.21383154206711863,-0.0006760970636952127,-0.21315544500342343,50,40
B_only,1000,10000,-0.08709440221981574,-0.0006760970636952127,-0.08641830515612052,50,40
A_only,1000,2000,-1.457414085143551,-0.0033159803963591777,-1.454098104747192,100,40
hybrid,1000,2000,-0.9315734620313704,-0.0033159803963591777,-0.9282574816350112,100,40
B_only,1000,2000,-0.029450184385205087,-0.0033159803963591777,-0.02613420398884591,100,40
A_only,1000,5000,-0.46398775350607274,-0.016530923319274207,-0.44745683018679855,100,40
hybrid,1000,5000,-0.197189446995167,-0.016530923319274207,-0.1806585236758928,100,40
B_only,1000,5000,-0.10786331258354373,-0.016530923319274207,-0.09133238926426952,100,40
A_only,1000,10000,-0.508827446048314,-0.0014035296225299897,-0.507423916425784,100,40
hybrid,1000,10000,-0.198494371083129,-0.0014035296225299897,-0.19709084146059902,100,40
B_only,1000,10000,-0.0031582427563539243,-0.0014035296225299897,-0.0017547131338239345,100,40
A_only,1000,2000,-0.6776642555090266,-0.0014035296225299897,-0.6762607258864967,200,40
hybrid,1000,2000,-0.1509558151957194,-0.0014035296225299897,-0.14955228557318942,200,40
B_only,1000,2000,-0.016866938851565757,-0.0014035296225299897,-0.015463409229035767,200,40
A_only,1000,5000,-0.8605479957687496,-0.0028182160594265654,-0.8577297797093231,200,40
hybrid,1000,5000,-0.3015211545729876,-0.0028182160594265654,-0.29870293851356106,200,40
B_only,1000,5000,-0.0032422733371582427,-0.0028182160594265654,-0.0004240572777316773,200,40
A_only,1000,10000,-0.6628996264669722,-0.0014035296225299897,-0.6614960968444422,200,40
hybrid,1000,10000,-0.3535593799255,-0.0014035296225299897,-0.35215585030297003,200,40
B_only,1000,10000,-0.04432021049471114,-0.0014035296225299897,-0.04291668087218115,200,40
A_only,1000,2000,-1.3844803733963202,-0.0017750072554159953,-1.3827053661409043,500,40
hybrid,1000,2000,-0.1875072045200484,-0.0017750072554159953,-0.18573219726463241,500,40
B_only,1000,2000,-0.00018529562767870126,-0.0017750072554159953,0.0015897116277372942,500,40
A_only,1000,5000,-0.8375708312180287,-0.0006760970636952127,-0.8368947341543335,500,40
hybrid,1000,5000,-0.252998896807453,-0.0006760970636952127,-0.2523227997437578,500,40
B_only,1000,5000,-0.015753213568046355,-0.0006760970636952127,-0.015077116504351142,500,40
A_only,1000,10000,-0.7748570766353557,-0.0006760970636952127,-0.7741809795716605,500,40
hybrid,1000,10000,-0.18097420829999405,-0.0006760970636952127,-0.18029811123629885,500,40
B_only,1000,10000,-0.003939157363826089,-0.0006760970636952127,-0.003263060300130876,500,40
A_only,1000,2000,-1.2803603338896592,-0.021107166088018964,-1.2592531678016403,25,41
hybrid,1000,2000,-0.62727558248647,-0.021107166088018964,-0.606168416398451,25,41
B_only,1000,2000,-0.0011980982030483415,-0.021107166088018964,0.019909067884970624,25,41
A_only,1000,5000,-1.2186252957187638,-0.0014035296225299897,-1.2172217660962337,25,41
hybrid,1000,5000,-0.4759068248046491,-0.0014035296225299897,-0.4745032951821191,25,41
B_only,1000,5000,-4.485947929788361e-06,-0.0014035296225299897,0.0013990436746002014,25,41
A_only,1000,10000,-0.9001268844561915,-0.0014035296225299897,-0.8987233548336615,25,41
hybrid,1000,10000,-0.34903074469877193,-0.0014035296225299897,-0.34762721507624195,25,41
B_only,1000,10000,-7.950738744855091e-05,-0.0014035296225299897,0.001324022235081439,25,41
A_only,1000,2000,-1.1569890384613302,-0.016530923319274207,-1.1404581151420559,50,41
hybrid,1000,2000,-0.30937615380765393,-0.016530923319274207,-0.29284523048837974,50,41
B_only,1000,2000,-0.00016671082721414772,-0.016530923319274207,0.01636421249206006,50,41
A_only,1000,5000,-0.8801254120308402,-0.04442382739503962,-0.8357015846358006,50,41
hybrid,1000,5000,-0.46370724746862646,-0.04442382739503962,-0.4192834200735868,50,41
B_only,1000,5000,-0.13917168029398194,-0.04442382739503962,-0.09474785289894233,50,41
A_only,1000,10000,-0.3058331944567351,-0.0006760970636952127,-0.3051570973930399,50,41
hybrid,1000,10000,-0.07950690057153825,-0.0006760970636952127,-0.07883080350784304,50,41
B_only,1000,10000,-0.006755858061580295,-0.0006760970636952127,-0.006079760997885082,50,41
A_only,1000,2000,-1.599627042482517,-0.0006760970636952127,-1.5989509454188218,100,41
hybrid,1000,2000,-1.1220685873101792,-0.0006760970636952127,-1.121392490246484,100,41
B_only,1000,2000,-0.06947666664233151,-0.0006760970636952127,-0.0688005695786363,100,41
A_only,1000,5000,-1.0187998459283572,-0.0033159803963591777,-1.015483865531998,100,41
hybrid,1000,5000,-0.4248681017340459,-0.0033159803963591777,-0.4215521213376867,100,41
B_only,1000,5000,-0.016851369157893713,-0.0033159803963591777,-0.013535388761534536,100,41
A_only,1000,10000,-0.47473093085708773,-0.021107166088018964,-0.45362376476906874,100,41
hybrid,1000,10000,-0.2135696710319463,-0.021107166088018964,-0.19246250494392733,100,41
B_only,1000,10000,-0.03643995301259773,-0.021107166088018964,-0.015332786924578769,100,41
A_only,1000,2000,-1.2778407880574816,-0.13611804156959217,-1.1417227464878894,200,41
hybrid,1000,2000,-0.4828158353421028,-0.13611804156959217,-0.34669779377251064,200,41
B_only,1000,2000,-0.0405632031984912,-0.13611804156959217,0.09555483837110097,200,41
A_only,1000,5000,-0.30524891231120455,-0.0006760970636952127,-0.30457281524750934,200,41
hybrid,1000,5000,-0.10516779345625338,-0.0006760970636952127,-0.10449169639255816,200,41
B_only,1000,5000,-0.0453244359653977,-0.0006760970636952127,-0.04464833890170249,200,41
A_only,1000,10000,-0.765970662146855,-0.0006760970636952127,-0.7652945650831599,200,41
hybrid,1000,10000,-0.38494438063336933,-0.0006760970636952127,-0.38426828356967413,200,41
B_only,1000,10000,-0.006982572980004647,-0.0006760970636952127,-0.006306475916309434,200,41
A_only,1000,2000,-1.1793523761687963,-0.0014035296225299897,-1.1779488465462662,500,41
hybrid,1000,2000,-0.1568458764274663,-0.0014035296225299897,-0.15544234680493632,500,41
B_only,1000,2000,-0.01487562699753118,-0.0014035296225299897,-0.01347209737500119,500,41
A_only,1000,5000,-0.36189426175179995,-0.0006760970636952127,-0.36121816468810475,500,41
hybrid,1000,5000,-0.10551114571049773,-0.0006760970636952127,-0.10483504864680251,500,41
B_only,1000,5000,-0.011269511413721874,-0.0006760970636952127,-0.010593414350026661,500,41
A_only,1000,10000,-0.6961092407703484,-0.0014035296225299897,-0.6947057111478184,500,41
hybrid,1000,10000,-0.12520450976751832,-0.0014035296225299897,-0.12380098014498833,500,41
B_only,1000,10000,-0.0022924981893783372,-0.0014035296225299897,-0.0008889685668483475,500,41
A_only,1000,2000,-1.1263151233731121,-0.016530923319274207,-1.1097842000538378,25,42
hybrid,1000,2000,-0.4588113985240342,-0.016530923319274207,-0.44228047520476,25,42
B_only,1000,2000,-0.1333040375132118,-0.016530923319274207,-0.11677311419393759,25,42
A_only,1000,5000,-0.5533813383852298,-0.0006760970636952127,-0.5527052413215346,25,42
hybrid,1000,5000,-0.22326732573673513,-0.0006760970636952127,-0.22259122867303993,25,42
B_only,1000,5000,-0.06160622254237842,-0.0006760970636952127,-0.06093012547868321,25,42
A_only,1000,10000,-0.19235540663718687,-0.0014035296225299897,-0.19095187701465688,25,42
hybrid,1000,10000,-0.058187240396977806,-0.0014035296225299897,-0.05678371077444782,25,42
B_only,1000,10000,-0.12588247896823895,-0.0014035296225299897,-0.12447894934570897,25,42
A_only,1000,2000,-0.6426833155939905,-0.0014035296225299897,-0.6412797859714605,50,42
hybrid,1000,2000,-0.3140403180637915,-0.0014035296225299897,-0.3126367884412615,50,42
B_only,1000,2000,-0.026886061510675296,-0.0014035296225299897,-0.025482531888145307,50,42
A_only,1000,5000,-0.7887708693011507,-0.021107166088018964,-0.7676637032131317,50,42
hybrid,1000,5000,-0.3622305583267074,-0.021107166088018964,-0.3411233922386885,50,42
B_only,1000,5000,-0.011466378103576293,-0.021107166088018964,0.009640787984442671,50,42
A_only,1000,10000,-0.3600606019080789,-0.0033159803963591777,-0.35674462151171976,50,42
hybrid,1000,10000,-0.10904208679616295,-0.0033159803963591777,-0.10572610639980377,50,42
B_only,1000,10000,-0.0003347170775730474,-0.0033159803963591777,0.0029812633187861304,50,42
A_only,1000,2000,-0.7884941467627524,-0.01849454206597494,-0.7699996046967775,100,42
hybrid,1000,2000,-0.35973102379131333,-0.01849454206597494,-0.3412364817253384,100,42
B_only,1000,2000,-0.002856130171624486,-0.01849454206597494,0.015638411894350453,100,42
A_only,1000,5000,-0.28791709828401546,-0.0017750072554159953,-0.28614209102859944,100,42
hybrid,1000,5000,-0.12227295506050519,-0.0017750072554159953,-0.1204979478050892,100,42
B_only,1000,5000,-0.048691324869256244,-0.0017750072554159953,-0.04691631761384025,100,42
A_only,1000,10000,-0.5649948952224317,-0.0006760970636952127,-0.5643187981587365,100,42
hybrid,1000,10000,-0.17062528930619283,-0.0006760970636952127,-0.16994919224249763,100,42
B_only,1000,10000,-0.0018307604729238946,-0.0006760970636952127,-0.001154663409228682,100,42
A_only,1000,2000,-1.3061498649122552,-0.0033159803963591777,-1.302833884515896,200,42
hybrid,1000,2000,-0.5643467572106639,-0.0033159803963591777,-0.5610307768143047,200,42
B_only,1000,2000,-0.007153519809057409,-0.0033159803963591777,-0.0038375394126982315,200,42
A_only,1000,5000,-0.6629449682415012,-0.0014035296225299897,-0.6615414386189712,200,42
hybrid,1000,5000,-0.35823538409999933,-0.0014035296225299897,-0.35683185447746935,200,42
B_only,1000,5000,-0.08088183554412548,-0.0014035296225299897,-0.0794783059215955,200,42
A_only,1000,10000,-0.2836730585676014,-0.0006760970636952127,-0.2829969615039062,200,42
hybrid,1000,10000,-0.08260154439022664,-0.0006760970636952127,-0.08192544732653143,200,42
B_only,1000,10000,-0.0002108103828873483,-0.0006760970636952127,0.0004652866808078644,200,42
A_only,1000,2000,-1.0417629729204718,-0.0006760970636952127,-1.0410868758567766,500,42
hybrid,1000,2000,-0.23887715597511747,-0.0006760970636952127,-0.23820105891142226,500,42
B_only,1000,2000,-0.02559908168715639,-0.0006760970636952127,-0.024922984623461177,500,42
A_only,1000,5000,-0.5395884145494549,-0.0006760970636952127,-0.5389123174857597,500,42
hybrid,1000,5000,-0.13223497669091425,-0.0006760970636952127,-0.13155887962721904,500,42
B_only,1000,5000,-0.003480340481877759,-0.0006760970636952127,-0.002804243418182546,500,42
A_only,1000,10000,-0.8091602400274512,-0.0028182160594265654,-0.8063420239680247,500,42
hybrid,1000,10000,-0.2559254541745671,-0.0028182160594265654,-0.2531072381151405,500,42
B_only,1000,10000,-0.031308775841395846,-0.0028182160594265654,-0.02849055978196928,500,42
A_only,1000,2000,-0.27456908556321846,-0.0033159803963591777,-0.2712531051668593,25,43
hybrid,1000,2000,-0.11444270865540175,-0.0033159803963591777,-0.11112672825904257,25,43
B_only,1000,2000,-0.16729180206310548,-0.0033159803963591777,-0.1639758216667463,25,43
A_only,1000,5000,-0.2873768648060136,-0.01849454206597494,-0.26888232274003865,25,43
hybrid,1000,5000,-0.07988164963557003,-0.01849454206597494,-0.06138710756959509,25,43
B_only,1000,5000,-0.006814736677918745,-0.01849454206597494,0.011679805388056196,25,43
A_only,1000,10000,-0.5006454173366167,-0.0006760970636952127,-0.4999693202729215,25,43
hybrid,1000,10000,-0.334926283982906,-0.0006760970636952127,-0.3342501869192108,25,43
B_only,1000,10000,-0.08110435512570983,-0.0006760970636952127,-0.08042825806201462,25,43
A_only,1000,2000,-0.6653267409458837,-0.06227961821163712,-0.6030471227342467,50,43
hybrid,1000,2000,-0.30008317536878676,-0.06227961821163712,-0.23780355715714963,50,43
B_only,1000,2000,-0.04373122669448805,-0.06227961821163712,0.01854839151714907,50,43
A_only,1000,5000,-0.8327695539941505,-0.02555970165368331,-0.8072098523404673,50,43
hybrid,1000,5000,-0.0864122648638028,-0.02555970165368331,-0.06085256321011949,50,43
B_only,1000,5000,-1.3562936067062143e-12,-0.02555970165368331,0.025559701652327016,50,43
A_only,1000,10000,-0.34739321335745216,-0.0006760970636952127,-0.34671711629375696,50,43
hybrid,1000,10000,-0.08448392014575537,-0.0006760970636952127,-0.08380782308206015,50,43
B_only,1000,10000,-0.0010970956181472358,-0.0006760970636952127,-0.00042099855445202315,50,43
A_only,1000,2000,-0.9682159022474124,-0.0033159803963591777,-0.9648999218510532,100,43
hybrid,1000,2000,-0.36114060787140867,-0.0033159803963591777,-0.3578246274750495,100,43
B_only,1000,2000,-0.02738462512326055,-0.0033159803963591777,-0.024068644726901373,100,43
A_only,1000,5000,-0.9872636976005552,-0.0006760970636952127,-0.98658760053686,100,43
hybrid,1000,5000,-0.4601053662925288,-0.0006760970636952127,-0.4594292692288336,100,43
B_only,1000,5000,-0.0020623322424212012,-0.0006760970636952127,-0.0013862351787259884,100,43
A_only,1000,10000,-0.7114902485517629,-0.0033159803963591777,-0.7081742681554037,100,43
hybrid,1000,10000,-0.4123909255495222,-0.0033159803963591777,-0.40907494515316306,100,43
B_only,1000,10000,-0.4253409504011102,-0.0033159803963591777,-0.42202497000475103,100,43
A_only,1000,2000,-1.4389083374213654,-0.02555970165368331,-1.413348635767682,200,43
hybrid,1000,2000,-0.7869384967036498,-0.02555970165368331,-0.7613787950499665,200,43
B_only,1000,2000,-0.01295168686130105,-0.02555970165368331,0.01260801479238226,200,43
A_only,1000,5000,-0.688896079521447,-0.01849454206597494,-0.6704015374554722,200,43
hybrid,1000,5000,-0.42867524606381713,-0.01849454206597494,-0.4101807039978422,200,43
B_only,1000,5000,-0.12524357268920552,-0.01849454206597494,-0.10674903062323059,200,43
A_only,1000,10000,-0.5448655360957155,-0.0014035296225299897,-0.5434620064731855,200,43
hybrid,1000,10000,-0.09901436799571946,-0.0014035296225299897,-0.09761083837318947,200,43
B_only,1000,10000,-7.308372310017179e-06,-0.0014035296225299897,0.0013962212502199726,200,43
A_only,1000,2000,-0.9490590392403394,-0.02555970165368331,-0.9234993375866561,500,43
hybrid,1000,2000,-0.3899228994249627,-0.02555970165368331,-0.3643631977712794,500,43
B_only,1000,2000,-0.10954917334196516,-0.02555970165368331,-0.08398947168828186,500,43
A_only,1000,5000,-0.5960334337559146,-0.0006760970636952127,-0.5953573366922194,500,43
hybrid,1000,5000,-0.07956674153581086,-0.0006760970636952127,-0.07889064447211565,500,43
B_only,1000,5000,-0.005247382878302017,-0.0006760970636952127,-0.004571285814606804,500,43
A_only,1000,10000,-0.25074531427988245,-0.0017750072554159953,-0.24897030702446646,500,43
hybrid,1000,10000,-0.10600440303555593,-0.0017750072554159953,-0.10422939578013994,500,43
B_only,1000,10000,-0.042155471167904204,-0.0017750072554159953,-0.04038046391248821,500,43
A_only,1000,2000,-1.2226096156937527,-0.0014035296225299897,-1.2212060860712226,25,44
hybrid,1000,2000,-0.39298120093029537,-0.0014035296225299897,-0.3915776713077654,25,44
B_only,1000,2000,-0.0007788912342582311,-0.0014035296225299897,0.0006246383882717587,25,44
A_only,1000,5000,-0.09099154396053137,-0.0006760970636952127,-0.09031544689683615,25,44
hybrid,1000,5000,-0.010652121313432138,-0.0006760970636952127,-0.009976024249736926,25,44
B_only,1000,5000,-0.015994732589843023,-0.0006760970636952127,-0.01531863552614781,25,44
A_only,1000,10000,-0.2781931397156713,-0.0006760970636952127,-0.2775170426519761,25,44
hybrid,1000,10000,-0.08760808654625028,-0.0006760970636952127,-0.08693198948255507,25,44
B_only,1000,10000,-1.014756688261817e-06,-0.0006760970636952127,0.0006750823070069509,25,44
A_only,1000,2000,-0.2012779126219115,-0.10583604024616299,-0.09544187237574851,50,44
hybrid,1000,2000,-0.03170630939399584,-0.10583604024616299,0.07412973085216715,50,44
B_only,1000,2000,-0.3921943501136462,-0.10583604024616299,-0.2863583098674832,50,44
A_only,1000,5000,-0.06821147266632015,-0.016652717978201063,-0.05155875468811909,50,44
hybrid,1000,5000,-0.006772245221050479,-0.016652717978201063,0.009880472757150583,50,44
B_only,1000,5000,-0.004728832959080845,-0.016652717978201063,0.011923885019120218,50,44
A_only,1000,10000,-1.4413438267592649,-0.0006760970636952127,-1.4406677296955697,50,44
hybrid,1000,10000,-1.1828231077363942,-0.0006760970636952127,-1.182147010672699,50,44
B_only,1000,10000,-0.0888707709565976,-0.0006760970636952127,-0.08819467389290238,50,44
A_only,1000,2000,-1.0665613047598284,-0.0017750072554159953,-1.0647862975044124,100,44
hybrid,1000,2000,-0.28049299401492855,-0.0017750072554159953,-0.27871798675951254,100,44
B_only,1000,2000,-0.026815675798616018,-0.0017750072554159953,-0.02504066854320002,100,44
A_only,1000,5000,-1.009897300755345,-0.01849454206597494,-0.99140275868937,100,44
hybrid,1000,5000,-0.5020674231502356,-0.01849454206597494,-0.4835728810842606,100,44
B_only,1000,5000,-0.01411423911215294,-0.01849454206597494,0.004380302953822,100,44
A_only,1000,10000,-0.5189674990918972,-0.0006760970636952127,-0.518291402028202,100,44
hybrid,1000,10000,-0.27158331756889614,-0.0006760970636952127,-0.27090722050520094,100,44
B_only,1000,10000,-0.09479660270788359,-0.0006760970636952127,-0.09412050564418838,100,44
A_only,1000,2000,-1.007800555191079,-0.0014035296225299897,-1.0063970255685488,200,44
hybrid,1000,2000,-0.11653691131982309,-0.0014035296225299897,-0.1151333816972931,200,44
B_only,1000,2000,-1.4315383148181562e-07,-0.0014035296225299897,0.001403386468698508,200,44
A_only,1000,5000,-0.013583782468081094,-0.0017750072554159953,-0.011808775212665098,200,44
hybrid,1000,5000,-0.0005452413207514454,-0.0017750072554159953,0.00122976593466455,200,44
B_only,1000,5000,-0.0029440535139581693,-0.0017750072554159953,-0.001169046258542174,200,44
A_only,1000,10000,-0.7258873948799464,-0.0006760970636952127,-0.7252112978162512,200,44
hybrid,1000,10000,-0.21980426078619292,-0.0006760970636952127,-0.21912816372249772,200,44
B_only,1000,10000,-4.833658231590419e-05,-0.0006760970636952127,0.0006277604813793085,200,44
A_only,1000,2000,-1.1453143851324217,-0.016652717978201063,-1.1286616671542207,500,44
hybrid,1000,2000,-0.4129145854124094,-0.016652717978201063,-0.3962618674342083,500,44
B_only,1000,2000,-0.12041665049732636,-0.016652717978201063,-0.1037639325191253,500,44
A_only,1000,5000,-0.7020962406067843,-0.0017750072554159953,-0.7003212333513683,500,44
hybrid,1000,5000,-0.15536944761000576,-0.0017750072554159953,-0.15359444035458977,500,44
B_only,1000,5000,-0.01037582649245036,-0.0017750072554159953,-0.008600819237034363,500,44
A_only,1000,10000,-0.5677136642454068,-0.0006760970636952127,-0.5670375671817116,500,44
hybrid,1000,10000,-0.09249689878357245,-0.0006760970636952127,-0.09182080171987723,500,44
B_only,1000,10000,-1.1728770185510206e-06,-0.0006760970636952127,0.0006749241866766617,500,44
A_only,1000,2000,-0.8731027586464984,-0.0033159803963591777,-0.8697867782501393,25,45
hybrid,1000,2000,-0.21802031816657763,-0.0033159803963591777,-0.21470433777021847,25,45
B_only,1000,2000,-0.011229254909092821,-0.0033159803963591777,-0.007913274512733643,25,45
A_only,1000,5000,-0.6598606226878214,-0.016652717978201063,-0.6432079047096203,25,45
hybrid,1000,5000,-0.45054896031283614,-0.016652717978201063,-0.4338962423346351,25,45
B_only,1000,5000,-0.009288454076232631,-0.016652717978201063,0.007364263901968432,25,45
A_only,1000,10000,-1.382605400474129,-0.0006760970636952127,-1.3819293034104339,25,45
hybrid,1000,10000,-1.6605868673620197,-0.0006760970636952127,-1.6599107702983245,25,45
B_only,1000,10000,-0.7804566147458261,-0.0006760970636952127,-0.7797805176821309,25,45
A_only,1000,2000,-0.7711444374235478,-0.0006760970636952127,-0.7704683403598526,50,45
hybrid,1000,2000,-0.47823038334380114,-0.0006760970636952127,-0.47755428628010593,50,45
B_only,1000,2000,-0.2702541874427931,-0.0006760970636952127,-0.2695780903790979,50,45
A_only,1000,5000,-0.529425414803587,-0.0017750072554159953,-0.5276504075481709,50,45
hybrid,1000,5000,-0.19241466315019495,-0.0017750072554159953,-0.19063965589477896,50,45
B_only,1000,5000,-0.10552413732147152,-0.0017750072554159953,-0.10374913006605553,50,45
A_only,1000,10000,-0.6367794951874463,-0.0006760970636952127,-0.636103398123751,50,45
hybrid,1000,10000,-0.379636012387264,-0.0006760970636952127,-0.3789599153235688,50,45
B_only,1000,10000,-0.2302887132486795,-0.0006760970636952127,-0.2296126161849843,50,45
A_only,1000,2000,-0.6011614526461257,-0.02555970165368331,-0.5756017509924425,100,45
hybrid,1000,2000,-0.20265770599809374,-0.02555970165368331,-0.17709800434441042,100,45
B_only,1000,2000,-0.009395056857522064,-0.02555970165368331,0.016164644796161247,100,45
A_only,1000,5000,-0.2543465545667004,-0.021107166088018964,-0.23323938847868145,100,45
hybrid,1000,5000,-0.07975557736157327,-0.021107166088018964,-0.0586484112735543,100,45
B_only,1000,5000,-0.0007809222154425272,-0.021107166088018964,0.020326243872576436,100,45
A_only,1000,10000,-0.792704656526102,-0.0006760970636952127,-0.7920285594624068,100,45
hybrid,1000,10000,-0.2994331739206913,-0.0006760970636952127,-0.2987570768569961,100,45
B_only,1000,10000,-0.0002174852511968269,-0.0006760970636952127,0.0004586118124983858,100,45
A_only,1000,2000,-1.0653622761722288,-0.02338563685393675,-1.041976639318292,200,45
hybrid,1000,2000,-0.25818224184688876,-0.02338563685393675,-0.23479660499295202,200,45
B_only,1000,2000,-0.00016889012955637763,-0.02338563685393675,0.02321674672438037,200,45
A_only,1000,5000,-0.6824347220045177,-0.02744009198228548,-0.6549946300222322,200,45
hybrid,1000,5000,-0.2723259859224973,-0.02744009198228548,-0.24488589394021182,200,45
B_only,1000,5000,-0.029029245380653306,-0.02744009198228548,-0.0015891533983678277,200,45
A_only,1000,10000,-0.5453794196052203,-0.0014035296225299897,-0.5439758899826903,200,45
hybrid,1000,10000,-0.1698268679104088,-0.0014035296225299897,-0.1684233382878788,200,45
B_only,1000,10000,-0.00016676589146205417,-0.0014035296225299897,0.0012367637310679355,200,45
A_only,1000,2000,-0.6920337069854431,-0.02744009198228548,-0.6645936150031576,500,45
hybrid,1000,2000,-0.22159891698259376,-0.02744009198228548,-0.1941588250003083,500,45
B_only,1000,2000,-0.014880724704448947,-0.02744009198228548,0.012559367277836532,500,45
A_only,1000,5000,-1.1490218553861402,-0.0006760970636952127,-1.148345758322445,500,45
hybrid,1000,5000,-0.06884719953215677,-0.0006760970636952127,-0.06817110246846156,500,45
B_only,1000,5000,-1.4940654528104417e-05,-0.0006760970636952127,0.0006611564091671083,500,45
A_only,1000,10000,-0.3756515022761228,-0.0017750072554159953,-0.3738764950207068,500,45
hybrid,1000,10000,-0.08844971087322635,-0.0017750072554159953,-0.08667470361781036,500,45
B_only,1000,10000,-0.0010403726796882314,-0.0017750072554159953,0.0007346345757277639,500,45
A_only,1000,2000,-0.8890343960908577,-0.026071275432122825,-0.8629631206587348,25,46
hybrid,1000,2000,-0.559072528687779,-0.026071275432122825,-0.5330012532556562,25,46
B_only,1000,2000,-0.4541998076444061,-0.026071275432122825,-0.42812853221228325,25,46
A_only,1000,5000,-0.7869904668000246,-0.0006760970636952127,-0.7863143697363294,25,46
hybrid,1000,5000,-0.6508682742269046,-0.0006760970636952127,-0.6501921771632094,25,46
B_only,1000,5000,-1.1870280685925556,-0.0006760970636952127,-1.1863519715288604,25,46
A_only,1000,10000,-0.47566492022630175,-0.0014035296225299897,-0.47426139060377176,25,46
hybrid,1000,10000,-0.08259608264563144,-0.0014035296225299897,-0.08119255302310145,25,46
B_only,1000,10000,-1.6597549159835853e-06,-0.0014035296225299897,0.001401869867614006,25,46
A_only,1000,2000,-1.0776469907624955,-0.0033159803963591777,-1.0743310103661363,50,46
hybrid,1000,2000,-0.42355541928377427,-0.0033159803963591777,-0.4202394388874151,50,46
B_only,1000,2000,-1.2221177120690578e-05,-0.0033159803963591777,0.003303759219238487,50,46
A_only,1000,5000,-0.5141425888262824,-0.0014035296225299897,-0.5127390592037524,50,46
hybrid,1000,5000,-0.1495414555295469,-0.0014035296225299897,-0.1481379259070169,50,46
B_only,1000,5000,-0.0008825953447165796,-0.0014035296225299897,0.0005209342778134101,50,46
A_only,1000,10000,-0.037517945637944694,-0.01849454206597494,-0.019023403571969754,50,46
hybrid,1000,10000,-0.00789107782497158,-0.01849454206597494,0.01060346424100336,50,46
B_only,1000,10000,-0.023475611520565494,-0.01849454206597494,-0.004981069454590554,50,46
A_only,1000,2000,-1.3354896525245659,-0.0006760970636952127,-1.3348135554608707,100,46
hybrid,1000,2000,-0.8687293615485145,-0.0006760970636952127,-0.8680532644848193,100,46
B_only,1000,2000,-0.315663104214951,-0.0006760970636952127,-0.31498700715125577,100,46
A_only,1000,5000,-0.5005799352252741,-0.016530923319274207,-0.4840490119059999,100,46
hybrid,1000,5000,-0.11033351844457652,-0.016530923319274207,-0.09380259512530231,100,46
B_only,1000,5000,-0.0016274644025692567,-0.016530923319274207,0.014903458916704951,100,46
A_only,1000,10000,-1.1575081721043816,-0.0006760970636952127,-1.1568320750406864,100,46
hybrid,1000,10000,-0.5682120438052111,-0.0006760970636952127,-0.5675359467415159,100,46
B_only,1000,10000,-0.00018442694194197623,-0.0006760970636952127,0.0004916701217532364,100,46
A_only,1000,2000,-0.631657119992674,-0.016652717978201063,-0.6150044020144729,200,46
hybrid,1000,2000,-0.3561286375731593,-0.016652717978201063,-0.33947591959495826,200,46
B_only,1000,2000,-0.025209126095436754,-0.016652717978201063,-0.008556408117235691,200,46
A_only,1000,5000,-0.7486341050708201,-0.026071275432122825,-0.7225628296386972,200,46
hybrid,1000,5000,-0.16691560406517061,-0.026071275432122825,-0.1408443286330478,200,46
B_only,1000,5000,-1.694516489626634e-05,-0.026071275432122825,0.026054330267226557,200,46
A_only,1000,10000,-0.4140120501919861,-0.0006760970636952127,-0.4133359531282909,200,46
hybrid,1000,10000,-0.12160239502599622,-0.0006760970636952127,-0.120926297962301,200,46
B_only,1000,10000,-0.0021199706664473544,-0.0006760970636952127,-0.0014438736027521416,200,46
A_only,1000,2000,-0.9004595729968061,-0.048388414022939155,-0.852071158973867,500,46
hybrid,1000,2000,-0.399848325566934,-0.048388414022939155,-0.35145991154399486,500,46
B_only,1000,2000,-0.2526214405993774,-0.048388414022939155,-0.20423302657643827,500,46
A_only,1000,5000,-0.7063716234927861,-0.0028182160594265654,-0.7035534074333596,500,46
hybrid,1000,5000,-0.1729331322590651,-0.0028182160594265654,-0.17011491619963853,500,46
B_only,1000,5000,-0.059976408770984674,-0.0028182160594265654,-0.05715819271155811,500,46
A_only,1000,10000,-0.47577119308403276,-0.0028182160594265654,-0.4729529770246062,500,46
hybrid,1000,10000,-0.06993247375718038,-0.0028182160594265654,-0.06711425769775382,500,46
B_only,1000,10000,-1.872643976969204e-05,-0.0028182160594265654,0.002799489619656873,500,46
A_only,1000,2000,-1.1623853390700738,-0.016652717978201063,-1.1457326210918728,25,47
hybrid,1000,2000,-0.8057694210387067,-0.016652717978201063,-0.7891167030605056,25,47
B_only,1000,2000,-0.4594217914452889,-0.016652717978201063,-0.4427690734670878,25,47
A_only,1000,5000,-0.6417826819816592,-0.0033159803963591777,-0.6384667015853001,25,47
hybrid,1000,5000,-0.32537195647143596,-0.0033159803963591777,-0.3220559760750768,25,47
B_only,1000,5000,-0.263954510298739,-0.0033159803963591777,-0.26063852990237985,25,47
A_only,1000,10000,-0.4531566470424889,-0.0006760970636952127,-0.4524805499787937,25,47
hybrid,1000,10000,-0.19139938773542997,-0.0006760970636952127,-0.19072329067173477,25,47
B_only,1000,10000,-0.0011073628989202754,-0.0006760970636952127,-0.00043126583522506274,25,47
A_only,1000,2000,-1.4360665833670554,-0.0033159803963591777,-1.4327506029706962,50,47
hybrid,1000,2000,-0.8288309398118521,-0.0033159803963591777,-0.8255149594154929,50,47
B_only,1000,2000,-0.2738438743611234,-0.0033159803963591777,-0.27052789396476423,50,47
A_only,1000,5000,-0.3355558918639201,-0.016530923319274207,-0.3190249685446459,50,47
hybrid,1000,5000,-0.11039886950524687,-0.016530923319274207,-0.09386794618597266,50,47
B_only,1000,5000,-0.36224729926418187,-0.016530923319274207,-0.3457163759449077,50,47
A_only,1000,10000,-0.3497554664255158,-0.0006760970636952127,-0.3490793693618206,50,47
hybrid,1000,10000,-0.10595485387533286,-0.0006760970636952127,-0.10527875681163765,50,47
B_only,1000,10000,-0.010982331281690282,-0.0006760970636952127,-0.010306234217995069,50,47
A_only,1000,2000,-0.6211159999723868,-0.021107166088018964,-0.6000088338843678,100,47
hybrid,1000,2000,-0.25472517958933144,-0.021107166088018964,-0.23361801350131248,100,47
B_only,1000,2000,-0.04187227601261129,-0.021107166088018964,-0.020765109924592323,100,47
A_only,1000,5000,-0.43274526213538467,-0.01849454206597494,-0.4142507200694097,100,47
hybrid,1000,5000,-0.19101549987973648,-0.01849454206597494,-0.17252095781376153,100,47
B_only,1000,5000,-0.2995811182000545,-0.01849454206597494,-0.28108657613407956,100,47
A_only,1000,10000,-0.44971468512933416,-0.0014035296225299897,-0.44831115550680417,100,47
hybrid,1000,10000,-0.12254508874413944,-0.0014035296225299897,-0.12114155912160945,100,47
B_only,1000,10000,-9.670453077093788e-07,-0.0014035296225299897,0.0014025625772222804,100,47
A_only,1000,2000,-1.5311523678799779,-0.03431007729625027,-1.4968422905837275,200,47
hybrid,1000,2000,-0.5945469558927409,-0.03431007729625027,-0.5602368785964906,200,47
B_only,1000,2000,-0.04690535665919231,-0.03431007729625027,-0.012595279362942038,200,47
A_only,1000,5000,-0.4791628470712505,-0.0014035296225299897,-0.4777593174487205,200,47
hybrid,1000,5000,-0.16281322507857923,-0.0014035296225299897,-0.16140969545604925,200,47
B_only,1000,5000,-0.00963332682631931,-0.0014035296225299897,-0.00822979720378932,200,47
A_only,1000,10000,-0.537108169078042,-0.0006760970636952127,-0.5364320720143468,200,47
hybrid,1000,10000,-0.12892327481938773,-0.0006760970636952127,-0.12824717775569253,200,47
B_only,1000,10000,-3.8042004699949726e-06,-0.0006760970636952127,0.0006722928632252178,200,47
A_only,1000,2000,-0.9552093133898004,-0.03431007729625027,-0.9208992360935502,500,47
hybrid,1000,2000,-0.13833434994400975,-0.03431007729625027,-0.10402427264775949,500,47
B_only,1000,2000,-0.0036188193723390573,-0.03431007729625027,0.03069125792391121,500,47
A_only,1000,5000,-1.5078972694567188,-0.0028182160594265654,-1.5050790533972922,500,47
hybrid,1000,5000,-0.38183760872858247,-0.0028182160594265654,-0.3790193926691559,500,47
B_only,1000,5000,-0.005521877305100104,-0.0028182160594265654,-0.0027036612456735384,500,47
A_only,1000,10000,-0.3753472778104545,-0.0006760970636952127,-0.3746711807467593,500,47
hybrid,1000,10000,-0.09305477957911668,-0.0006760970636952127,-0.09237868251542146,500,47
B_only,1000,10000,-0.047898111421236546,-0.0006760970636952127,-0.047222014357541336,500,47
A_only,1000,2000,-1.109757169340885,-0.04442382739503962,-1.0653333419458453,25,48
hybrid,1000,2000,-0.646109316374805,-0.04442382739503962,-0.6016854889797654,25,48
B_only,1000,2000,-0.11848184379774991,-0.04442382739503962,-0.07405801640271029,25,48
A_only,1000,5000,-0.8594990556136286,-0.0033159803963591777,-0.8561830752172694,25,48
hybrid,1000,5000,-0.6055884513104126,-0.0033159803963591777,-0.6022724709140534,25,48
B_only,1000,5000,-0.04744262716622396,-0.0033159803963591777,-0.04412664676986478,25,48
A_only,1000,10000,-0.3080543100031775,-0.0028182160594265654,-0.30523609394375095,25,48
hybrid,1000,10000,-0.09452450987124672,-0.0028182160594265654,-0.09170629381182016,25,48
B_only,1000,10000,-0.009275986954354934,-0.0028182160594265654,-0.006457770894928368,25,48
A_only,1000,2000,-0.9976938040336277,-0.0006760970636952127,-0.9970177069699325,50,48
hybrid,1000,2000,-0.4382655719607708,-0.0006760970636952127,-0.4375894748970756,50,48
B_only,1000,2000,-0.041674739915943664,-0.0006760970636952127,-0.040998642852248454,50,48
A_only,1000,5000,-0.7004042480789197,-0.0006760970636952127,-0.6997281510152245,50,48
hybrid,1000,5000,-0.7852578289142039,-0.0006760970636952127,-0.7845817318505087,50,48
B_only,1000,5000,-0.41355636176922944,-0.0006760970636952127,-0.41288026470553424,50,48
A_only,1000,10000,-0.7657045133342006,-0.0014035296225299897,-0.7643009837116707,50,48
hybrid,1000,10000,-0.03074708462327658,-0.0014035296225299897,-0.02934355500074659,50,48
B_only,1000,10000,-1.2605550963835434e-14,-0.0014035296225299897,0.0014035296225173841,50,48
A_only,1000,2000,-1.313870616573971,-0.03431007729625027,-1.2795605392777207,100,48
hybrid,1000,2000,-1.0822890759493629,-0.03431007729625027,-1.0479789986531125,100,48
B_only,1000,2000,-0.05143081061829054,-0.03431007729625027,-0.01712073332204027,100,48
A_only,1000,5000,-0.4992925907558136,-0.0006760970636952127,-0.4986164936921184,100,48
hybrid,1000,5000,-0.2570029894441413,-0.0006760970636952127,-0.2563268923804461,100,48
B_only,1000,5000,-0.21559120698794196,-0.0006760970636952127,-0.21491510992424676,100,48
A_only,1000,10000,-0.28654749377745253,-0.0006760970636952127,-0.28587139671375733,100,48
hybrid,1000,10000,-0.0885569685262482,-0.0006760970636952127,-0.08788087146255298,100,48
B_only,1000,10000,-0.18333743097802752,-0.0006760970636952127,-0.1826613339143323,100,48
A_only,1000,2000,-1.0724599879977208,-0.04442382739503962,-1.028036160602681,200,48
hybrid,1000,2000,-0.40147250645032073,-0.04442382739503962,-0.3570486790552811,200,48
B_only,1000,2000,-0.02885340135242862,-0.04442382739503962,0.015570426042611,200,48
A_only,1000,5000,-1.2959405090912903,-0.016652717978201063,-1.2792877911130893,200,48
hybrid,1000,5000,-0.5297551764022492,-0.016652717978201063,-0.5131024584240481,200,48
B_only,1000,5000,-0.057370839002609475,-0.016652717978201063,-0.040718121024408416,200,48
A_only,1000,10000,-0.09884468285857582,-0.0017750072554159953,-0.09706967560315984,200,48
hybrid,1000,10000,-0.022178961103796854,-0.0017750072554159953,-0.020403953848380858,200,48
B_only,1000,10000,-0.014049172698452869,-0.0017750072554159953,-0.012274165443036873,200,48
A_only,1000,2000,-1.6408926028939288,-0.0006760970636952127,-1.6402165058302336,500,48
hybrid,1000,2000,-0.21320394485129743,-0.0006760970636952127,-0.21252784778760223,500,48
B_only,1000,2000,-0.0020073775280688754,-0.0006760970636952127,-0.0013312804643736626,500,48
A_only,1000,5000,-0.9147967225951595,-0.0033159803963591777,-0.9114807421988004,500,48
hybrid,1000,5000,-0.42643395088109765,-0.0033159803963591777,-0.4231179704847385,500,48
B_only,1000,5000,-0.17494016094824097,-0.0033159803963591777,-0.17162418055188178,500,48
A_only,1000,10000,-0.22540261976220816,-0.0006760970636952127,-0.22472652269851295,500,48
hybrid,1000,10000,-0.0720910260223697,-0.0006760970636952127,-0.07141492895867449,500,48
B_only,1000,10000,-0.03154645001303262,-0.0006760970636952127,-0.030870352949337408,500,48
A_only,1000,2000,-0.6849404257741544,-0.044229416304240946,-0.6407110094699134,25,49
hybrid,1000,2000,-0.3415377775022833,-0.044229416304240946,-0.2973083611980424,25,49
B_only,1000,2000,-1.1007277590870772,-0.044229416304240946,-1.0564983427828363,25,49
A_only,1000,5000,-0.25011191809689987,-0.016530923319274207,-0.23358099477762567,25,49
hybrid,1000,5000,-0.06291430950106486,-0.016530923319274207,-0.04638338618179065,25,49
B_only,1000,5000,-0.12823887488917052,-0.016530923319274207,-0.11170795156989631,25,49
A_only,1000,10000,-0.6165925408351436,-0.0006760970636952127,-0.6159164437714484,25,49
hybrid,1000,10000,-0.38383720907309615,-0.0006760970636952127,-0.38316111200940095,25,49
B_only,1000,10000,-0.4213830335883173,-0.0006760970636952127,-0.4207069365246221,25,49
A_only,1000,2000,-0.5093098913107678,-0.03431007729625027,-0.4749998140145175,50,49
hybrid,1000,2000,-0.06927349788651851,-0.03431007729625027,-0.034963420590268246,50,49
B_only,1000,2000,-0.009125451836108328,-0.03431007729625027,0.02518462546014194,50,49
A_only,1000,5000,-0.08650505274828453,-0.0006760970636952127,-0.08582895568458931,50,49
hybrid,1000,5000,-0.009068217947388027,-0.0006760970636952127,-0.008392120883692815,50,49
B_only,1000,5000,-0.0016311501280644747,-0.0006760970636952127,-0.000955053064369262,50,49
A_only,1000,10000,-0.15120902647427145,-0.0014035296225299897,-0.14980549685174147,50,49
hybrid,1000,10000,-0.062242057057386904,-0.0014035296225299897,-0.06083852743485692,50,49
B_only,1000,10000,-0.3474899812008317,-0.0014035296225299897,-0.3460864515783017,50,49
A_only,1000,2000,-1.0398794245486909,-0.0014035296225299897,-1.0384758949261608,100,49
hybrid,1000,2000,-0.44321479665934876,-0.0014035296225299897,-0.4418112670368188,100,49
B_only,1000,2000,-0.009402195450901403,-0.0014035296225299897,-0.007998665828371413,100,49
A_only,1000,5000,-0.06449354809836179,-0.0028182160594265654,-0.06167533203893522,100,49
hybrid,1000,5000,-0.004648332007477224,-0.0028182160594265654,-0.001830115948050659,100,49
B_only,1000,5000,-0.0018639310635134953,-0.0028182160594265654,0.00095428499591307,100,49
A_only,1000,10000,-1.1863420796206874,-0.0006760970636952127,-1.1856659825569922,100,49
hybrid,1000,10000,-0.5345797359252061,-0.0006760970636952127,-0.5339036388615109,100,49
B_only,1000,10000,-0.041906368970027565,-0.0006760970636952127,-0.041230271906332355,100,49
A_only,1000,2000,-1.2162952897765602,-0.0017750072554159953,-1.2145202825211443,200,49
hybrid,1000,2000,-0.5941917921884902,-0.0017750072554159953,-0.5924167849330741,200,49
B_only,1000,2000,-0.1346103830339144,-0.0017750072554159953,-0.1328353757784984,200,49
A_only,1000,5000,-0.5293630372915821,-0.0028182160594265654,-0.5265448212321555,200,49
hybrid,1000,5000,-0.19262429039367826,-0.0028182160594265654,-0.1898060743342517,200,49
B_only,1000,5000,-0.03493323539945283,-0.0028182160594265654,-0.032115019340026266,200,49
A_only,1000,10000,-0.13437579061060534,-0.0033159803963591777,-0.13105981021424618,200,49
hybrid,1000,10000,-0.035841365065484125,-0.0033159803963591777,-0.03252538466912495,200,49
B_only,1000,10000,-0.025329212421186232,-0.0033159803963591777,-0.022013232024827054,200,49
A_only,1000,2000,-1.3399968267085616,-0.03431007729625027,-1.3056867494123112,500,49
hybrid,1000,2000,-0.14146167125267586,-0.03431007729625027,-0.1071515939564256,500,49
B_only,1000,2000,-4.789157988272068e-05,-0.03431007729625027,0.03426218571636755,500,49
A_only,1000,5000,-0.6300612747944148,-0.0014035296225299897,-0.6286577451718848,500,49
hybrid,1000,5000,-0.09624939090976382,-0.0014035296225299897,-0.09484586128723384,500,49
B_only,1000,5000,-0.00010528586988658858,-0.0014035296225299897,0.001298243752643401,500,49
A_only,1000,10000,-0.10343073891266917,-0.0006760970636952127,-0.10275464184897395,500,49
hybrid,1000,10000,-0.013138096128106248,-0.0006760970636952127,-0.012461999064411035,500,49
B_only,1000,10000,-0.001965966035085476,-0.0006760970636952127,-0.0012898689713902634,500,49
A_only,1000,2000,-0.16194936033456517,-0.0006760970636952127,-0.16127326327086997,25,50
hybrid,1000,2000,-0.009231399233085004,-0.0006760970636952127,-0.008555302169389791,25,50
B_only,1000,2000,-0.0019027293662496952,-0.0006760970636952127,-0.0012266323025544824,25,50
A_only,1000,5000,-0.2828323991532466,-0.0014035296225299897,-0.2814288695307166,25,50
hybrid,1000,5000,-0.07439279127653152,-0.0014035296225299897,-0.07298926165400153,25,50
B_only,1000,5000,-0.016955613869857288,-0.0014035296225299897,-0.015552084247327298,25,50
A_only,1000,10000,-1.0185915234039797,-0.0033159803963591777,-1.0152755430076206,25,50
hybrid,1000,10000,-0.7914252819702294,-0.0033159803963591777,-0.7881093015738703,25,50
B_only,1000,10000,-1.2108802900746778,-0.0033159803963591777,-1.2075643096783186,25,50
A_only,1000,2000,-0.8439728197976222,-0.02744009198228548,-0.8165327278153367,50,50
hybrid,1000,2000,-0.4907502435919464,-0.02744009198228548,-0.46331015160966094,50,50
B_only,1000,2000,-0.03717952246501174,-0.02744009198228548,-0.009739430482726259,50,50
A_only,1000,5000,-1.6876867684350854,-0.0006760970636952127,-1.6870106713713902,50,50
hybrid,1000,5000,-1.7020240035890588,-0.0006760970636952127,-1.7013479065253636,50,50
B_only,1000,5000,-1.0008213810567765,-0.0006760970636952127,-1.0001452839930813,50,50
A_only,1000,10000,-0.7886182731419289,-0.0017750072554159953,-0.7868432658865129,50,50
hybrid,1000,10000,-0.3358991135587745,-0.0017750072554159953,-0.3341241063033585,50,50
B_only,1000,10000,-5.119673992953902e-07,-0.0017750072554159953,0.0017744952880167,50,50
A_only,1000,2000,-0.689065870387843,-0.016530923319274207,-0.6725349470685688,100,50
hybrid,1000,2000,-0.19580201308640066,-0.016530923319274207,-0.17927108976712647,100,50
B_only,1000,2000,-0.005122300158359363,-0.016530923319274207,0.011408623160914844,100,50
A_only,1000,5000,-0.09326934058637715,-0.0017750072554159953,-0.09149433333096116,100,50
hybrid,1000,5000,-0.006662915126840933,-0.0017750072554159953,-0.004887907871424938,100,50
B_only,1000,5000,-0.11815663416467076,-0.0017750072554159953,-0.11638162690925477,100,50
A_only,1000,10000,-0.6386888216821035,-0.0017750072554159953,-0.6369138144266875,100,50
hybrid,1000,10000,-0.3001299178065889,-0.0017750072554159953,-0.29835491055117286,100,50
B_only,1000,10000,-0.0038832061908804986,-0.0017750072554159953,-0.002108198935464503,100,50
A_only,1000,2000,-1.2840024133872612,-0.01849454206597494,-1.2655078713212862,200,50
hybrid,1000,2000,-0.2654185947123018,-0.01849454206597494,-0.24692405264632683,200,50
B_only,1000,2000,-2.4478763572434313e-06,-0.01849454206597494,0.018492094189617697,200,50
A_only,1000,5000,-0.9913574426590916,-0.0014035296225299897,-0.9899539130365617,200,50
hybrid,1000,5000,-0.41392041273743935,-0.0014035296225299897,-0.41251688311490936,200,50
B_only,1000,5000,-0.03694597921050291,-0.0014035296225299897,-0.035542449587972924,200,50
A_only,1000,10000,-0.6991187289999777,-0.016530923319274207,-0.6825878056807035,200,50
hybrid,1000,10000,-0.36120069800237853,-0.016530923319274207,-0.34466977468310434,200,50
B_only,1000,10000,-0.021605418503803788,-0.016530923319274207,-0.005074495184529581,200,50
A_only,1000,2000,-1.2437201398640068,-0.02338563685393675,-1.22033450301007,500,50
hybrid,1000,2000,-0.3483208543670871,-0.02338563685393675,-0.32493521751315035,500,50
B_only,1000,2000,-0.0196741902435877,-0.02338563685393675,0.0037114466103490493,500,50
A_only,1000,5000,-0.15823621188816792,-0.0014035296225299897,-0.15683268226563793,500,50
hybrid,1000,5000,-0.008175919872775854,-0.0014035296225299897,-0.006772390250245864,500,50
B_only,1000,5000,-1.2203159819876672e-07,-0.0014035296225299897,0.0014034075909317909,500,50
A_only,1000,10000,-0.40830446035473145,-0.0006760970636952127,-0.40762836329103624,500,50
hybrid,1000,10000,-0.1050433090586402,-0.0006760970636952127,-0.10436721199494499,500,50
B_only,1000,10000,-0.00528427284320714,-0.0006760970636952127,-0.004608175779511927,500,50
A_only,1000,2000,-0.8752023196153828,-0.0017750072554159953,-0.8734273123599667,25,51
hybrid,1000,2000,-0.4867909292883677,-0.0017750072554159953,-0.4850159220329517,25,51
B_only,1000,2000,-0.004042713813550555,-0.0017750072554159953,-0.00226770655813456,25,51
A_only,1000,5000,-0.8832355608079836,-0.0017750072554159953,-0.8814605535525676,25,51
hybrid,1000,5000,-0.5964581008640706,-0.0017750072554159953,-0.5946830936086546,25,51
B_only,1000,5000,-0.40630480681267683,-0.0017750072554159953,-0.4045297995572608,25,51
A_only,1000,10000,-0.04967073102054737,-0.0017750072554159953,-0.047895723765131376,25,51
hybrid,1000,10000,-0.006789872261501384,-0.0017750072554159953,-0.0050148650060853886,25,51
B_only,1000,10000,-0.3002769134593637,-0.0017750072554159953,-0.2985019062039477,25,51
A_only,1000,2000,-0.8812854288447303,-0.03431007729625027,-0.84697535154848,50,51
hybrid,1000,2000,-0.6957070461035118,-0.03431007729625027,-0.6613969688072615,50,51
B_only,1000,2000,-0.2522614222732483,-0.03431007729625027,-0.21795134497699806,50,51
A_only,1000,5000,-0.4582765140339957,-0.0006760970636952127,-0.4576004169703005,50,51
hybrid,1000,5000,-0.09692756687787671,-0.0006760970636952127,-0.09625146981418149,50,51
B_only,1000,5000,-0.00041078181575044287,-0.0006760970636952127,0.0002653152479447698,50,51
A_only,1000,10000,-0.8756303976991535,-0.0006760970636952127,-0.8749543006354583,50,51
hybrid,1000,10000,-0.3578556539246031,-0.0006760970636952127,-0.3571795568609079,50,51
B_only,1000,10000,-0.011583588041098034,-0.0006760970636952127,-0.01090749097740282,50,51
A_only,1000,2000,-0.4702386804440156,-0.016530923319274207,-0.45370775712474143,100,51
hybrid,1000,2000,-0.1468165691499984,-0.016530923319274207,-0.13028564583072422,100,51
B_only,1000,2000,-0.23254996229224376,-0.016530923319274207,-0.21601903897296953,100,51
A_only,1000,5000,-0.8898169042388627,-0.0014035296225299897,-0.8884133746163327,100,51
hybrid,1000,5000,-0.46956601335184406,-0.0014035296225299897,-0.46816248372931407,100,51
B_only,1000,5000,-0.15451061143890157,-0.0014035296225299897,-0.1531070818163716,100,51
A_only,1000,10000,-0.3266351456671029,-0.0006760970636952127,-0.3259590486034077,100,51
hybrid,1000,10000,-0.0607840146696256,-0.0006760970636952127,-0.06010791760593039,100,51
B_only,1000,10000,-4.310044217990699e-05,-0.0006760970636952127,0.0006329966215153057,100,51
A_only,1000,2000,-0.8717419153688408,-0.0014035296225299897,-0.8703383857463108,200,51
hybrid,1000,2000,-0.38516104912228055,-0.0014035296225299897,-0.38375751949975057,200,51
B_only,1000,2000,-0.12407850453107337,-0.0014035296225299897,-0.12267497490854339,200,51
A_only,1000,5000,-0.5235032903644662,-0.016652717978201063,-0.5068505723862651,200,51
hybrid,1000,5000,-0.19015705081994697,-0.016652717978201063,-0.1735043328417459,200,51
B_only,1000,5000,-0.0018253544372819602,-0.016652717978201063,0.014827363540919103,200,51
A_only,1000,10000,-0.5195123124994531,-0.0006760970636952127,-0.5188362154357579,200,51
hybrid,1000,10000,-0.2229492153176386,-0.0006760970636952127,-0.22227311825394339,200,51
B_only,1000,10000,-0.0005657271583616885,-0.0006760970636952127,0.00011036990533352421,200,51
A_only,1000,2000,-0.6698353111521177,-0.10943260677201108,-0.5604027043801066,500,51
hybrid,1000,2000,-0.21842433123138677,-0.10943260677201108,-0.10899172445937569,500,51
B_only,1000,2000,-0.042963268182384697,-0.10943260677201108,0.06646933858962639,500,51
A_only,1000,5000,-0.5351629995804161,-0.0017750072554159953,-0.5333879923250001,500,51
hybrid,1000,5000,-0.15705448800252786,-0.0017750072554159953,-0.15527948074711187,500,51
B_only,1000,5000,-0.039689690981280605,-0.0017750072554159953,-0.03791468372586461,500,51
A_only,1000,10000,-0.7217344261776325,-0.0006760970636952127,-0.7210583291139373,500,51
hybrid,1000,10000,-0.1489139269742695,-0.0006760970636952127,-0.1482378299105743,500,51
B_only,1000,10000,-9.325701680629058e-05,-0.0006760970636952127,0.0005828400468889222,500,51
A_only,1000,2000,-1.2457686387146187,-0.09615520256525803,-1.1496134361493606,25,52
hybrid,1000,2000,-0.7818782910203071,-0.09615520256525803,-0.6857230884550491,25,52
B_only,1000,2000,-0.007834446711511145,-0.09615520256525803,0.08832075585374688,25,52
A_only,1000,5000,-0.7474029903409526,-0.0028182160594265654,-0.744584774281526,25,52
hybrid,1000,5000,-0.40865419433805233,-0.0028182160594265654,-0.4058359782786258,25,52
B_only,1000,5000,-0.00418182823560012,-0.0028182160594265654,-0.001363612176173555,25,52
A_only,1000,10000,-1.2538868051301517,-0.0006760970636952127,-1.2532107080664565,25,52
hybrid,1000,10000,-1.6519405509586012,-0.0006760970636952127,-1.651264453894906,25,52
B_only,1000,10000,-0.04071029703885299,-0.0006760970636952127,-0.04003419997515778,25,52
A_only,1000,2000,-1.3469606374711598,-0.016530923319274207,-1.3304297141518855,50,52
hybrid,1000,2000,-0.9367568268021277,-0.016530923319274207,-0.9202259034828535,50,52
B_only,1000,2000,-0.002334397573233776,-0.016530923319274207,0.01419652574604043,50,52
A_only,1000,5000,-0.11347315184649208,-0.02338563685393675,-0.09008751499255532,50,52
hybrid,1000,5000,-0.015791291356224466,-0.02338563685393675,0.0075943454977122835,50,52
B_only,1000,5000,-0.008214429813818806,-0.02338563685393675,0.015171207040117943,50,52
A_only,1000,10000,-0.7993107700655638,-0.0006760970636952127,-0.7986346730018686,50,52
hybrid,1000,10000,-0.5793435005453362,-0.0006760970636952127,-0.578667403481641,50,52
B_only,1000,10000,-0.010876191120130423,-0.0006760970636952127,-0.01020009405643521,50,52
A_only,1000,2000,-0.5096664662215846,-0.0028182160594265654,-0.5068482501621581,100,52
hybrid,1000,2000,-0.12741091536671292,-0.0028182160594265654,-0.12459269930728636,100,52
B_only,1000,2000,-0.033611821663031005,-0.0028182160594265654,-0.03079360560360444,100,52
A_only,1000,5000,-0.5749431021725533,-0.0014035296225299897,-0.5735395725500233,100,52
hybrid,1000,5000,-0.2062150207078585,-0.0014035296225299897,-0.2048114910853285,100,52
B_only,1000,5000,-0.006060482989535635,-0.0014035296225299897,-0.004656953367005645,100,52
A_only,1000,10000,-0.005923124400409542,-0.0017750072554159953,-0.004148117144993547,100,52
hybrid,1000,10000,-0.0004777570063399981,-0.0017750072554159953,0.0012972502490759972,100,52
B_only,1000,10000,-0.01706332649292314,-0.0017750072554159953,-0.015288319237507144,100,52
A_only,1000,2000,-1.0375753029516233,-0.0006760970636952127,-1.036899205887928,200,52
hybrid,1000,2000,-0.4650598265095846,-0.0006760970636952127,-0.4643837294458894,200,52
B_only,1000,2000,-0.18029409056060974,-0.0006760970636952127,-0.17961799349691454,200,52
A_only,1000,5000,-0.37285267102741315,-0.0006760970636952127,-0.37217657396371795,200,52
hybrid,1000,5000,-0.07326429150112394,-0.0006760970636952127,-0.07258819443742873,200,52
B_only,1000,5000,-1.5726922477520698e-08,-0.0006760970636952127,0.0006760813367727352,200,52
A_only,1000,10000,-0.6361368625658407,-0.0006760970636952127,-0.6354607655021455,200,52
hybrid,1000,10000,-0.23346018013024591,-0.0006760970636952127,-0.2327840830665507,200,52
B_only,1000,10000,-0.009764534748367243,-0.0006760970636952127,-0.00908843768467203,200,52
A_only,1000,2000,-1.173737966821941,-0.09615520256525803,-1.0775827642566829,500,52
hybrid,1000,2000,-0.2886830462535507,-0.09615520256525803,-0.19252784368829265,500,52
B_only,1000,2000,-0.0018641511860656296,-0.09615520256525803,0.0942910513791924,500,52
A_only,1000,5000,-0.07775211788748455,-0.0006760970636952127,-0.07707602082378934,500,52
hybrid,1000,5000,-0.013483383571753688,-0.0006760970636952127,-0.012807286508058475,500,52
B_only,1000,5000,-0.0005100371072768149,-0.0006760970636952127,0.0001660599564183978,500,52
A_only,1000,10000,-0.8212281604569217,-0.0014035296225299897,-0.8198246308343917,500,52
hybrid,1000,10000,-0.2234635199640521,-0.0014035296225299897,-0.2220599903415221,500,52
B_only,1000,10000,-0.02074628383247085,-0.0014035296225299897,-0.01934275420994086,500,52
A_only,1000,2000,-0.8735075811868415,-0.01849454206597494,-0.8550130391208666,25,53
hybrid,1000,2000,-0.1783565649641718,-0.01849454206597494,-0.15986202289819684,25,53
B_only,1000,2000,-1.0445023075333265e-08,-0.01849454206597494,0.018494531620951864,25,53
A_only,1000,5000,-0.8721495717918366,-0.048388414022939155,-0.8237611577688975,25,53
hybrid,1000,5000,-0.5253415928372657,-0.048388414022939155,-0.47695317881432653,25,53
B_only,1000,5000,-0.3038871210080141,-0.048388414022939155,-0.255498706985075,25,53
A_only,1000,10000,-0.19817031140475097,-0.0014035296225299897,-0.19676678178222098,25,53
hybrid,1000,10000,-0.03677724703677831,-0.0014035296225299897,-0.03537371741424832,25,53
B_only,1000,10000,-0.006867561304132137,-0.0014035296225299897,-0.005464031681602147,25,53
A_only,1000,2000,-1.0625620029367158,-0.016530923319274207,-1.0460310796174415,50,53
hybrid,1000,2000,-0.7095037155058799,-0.016530923319274207,-0.6929727921866057,50,53
B_only,1000,2000,-1.1216310223967025,-0.016530923319274207,-1.1051000990774282,50,53
A_only,1000,5000,-1.1788572595881661,-0.0017750072554159953,-1.1770822523327502,50,53
hybrid,1000,5000,-0.7698975925652645,-0.0017750072554159953,-0.7681225853098484,50,53
B_only,1000,5000,-0.02305582562549028,-0.0017750072554159953,-0.021280818370074284,50,53
A_only,1000,10000,-0.42752836606809197,-0.0033159803963591777,-0.4242123856717328,50,53
hybrid,1000,10000,-0.40299409591053476,-0.0033159803963591777,-0.3996781155141756,50,53
B_only,1000,10000,-0.5669862174240704,-0.0033159803963591777,-0.5636702370277112,50,53
A_only,1000,2000,-0.5865939186880034,-0.0033159803963591777,-0.5832779382916442,100,53
hybrid,1000,2000,-0.26861621034936334,-0.0033159803963591777,-0.2653002299530042,100,53
B_only,1000,2000,-0.0032932345296108048,-0.0033159803963591777,2.2745866748372957e-05,100,53
A_only,1000,5000,-0.4635451246983179,-0.0014035296225299897,-0.4621415950757879,100,53
hybrid,1000,5000,-0.11663121814954089,-0.0014035296225299897,-0.1152276885270109,100,53
B_only,1000,5000,-0.0014340864920182892,-0.0014035296225299897,-3.0556869488299445e-05,100,53
A_only,1000,10000,-0.5182831362959548,-0.0006760970636952127,-0.5176070392322596,100,53
hybrid,1000,10000,-0.1868838027905438,-0.0006760970636952127,-0.1862077057268486,100,53
B_only,1000,10000,-0.027106819837286637,-0.0006760970636952127,-0.026430722773591424,100,53
A_only,1000,2000,-0.9119777929029349,-0.1362900998449837,-0.7756876930579513,200,53
hybrid,1000,2000,-0.16991204546442515,-0.1362900998449837,-0.03362194561944146,200,53
B_only,1000,2000,-0.0006305475745082035,-0.1362900998449837,0.1356595522704755,200,53
A_only,1000,5000,-0.10907732868351613,-0.0014035296225299897,-0.10767379906098615,200,53
hybrid,1000,5000,-0.012338850335576312,-0.0014035296225299897,-0.010935320713046322,200,53
B_only,1000,5000,-0.004449208554112087,-0.0014035296225299897,-0.0030456789315820966,200,53
A_only,1000,10000,-0.019506368701871443,-0.0028182160594265654,-0.016688152642444876,200,53
hybrid,1000,10000,-0.002556810434116507,-0.0028182160594265654,0.0002614056253100582,200,53
B_only,1000,10000,-0.046601069319645805,-0.0028182160594265654,-0.04378285326021924,200,53
A_only,1000,2000,-0.187980071115103,-0.026071275432122825,-0.1619087956829802,500,53
hybrid,1000,2000,-0.021337439168914046,-0.026071275432122825,0.004733836263208779,500,53
B_only,1000,2000,-0.00495733795677603,-0.026071275432122825,0.021113937475346796,500,53
A_only,1000,5000,-1.348904255215122,-0.0006760970636952127,-1.3482281581514268,500,53
hybrid,1000,5000,-0.35766221288581673,-0.0006760970636952127,-0.35698611582212153,500,53
B_only,1000,5000,-0.011642056359337405,-0.0006760970636952127,-0.010965959295642192,500,53
A_only,1000,10000,-1.2773477808539841,-0.0028182160594265654,-1.2745295647945576,500,53
hybrid,1000,10000,-0.2897900965474183,-0.0028182160594265654,-0.2869718804879917,500,53
B_only,1000,10000,-0.003226360268886075,-0.0028182160594265654,-0.0004081442094595097,500,53
A_only,1000,2000,-1.131934328427733,-0.016530923319274207,-1.1154034051084587,25,54
hybrid,1000,2000,-1.3091020672682216,-0.016530923319274207,-1.2925711439489473,25,54
B_only,1000,2000,-0.40608029536831725,-0.016530923319274207,-0.38954937204904305,25,54
A_only,1000,5000,-0.3473177297312173,-0.0033159803963591777,-0.3440017493348581,25,54
hybrid,1000,5000,-0.20811570518629258,-0.0033159803963591777,-0.2047997247899334,25,54
B_only,1000,5000,-0.21914358695181216,-0.0033159803963591777,-0.21582760655545297,25,54
A_only,1000,10000,-1.1974214927382953,-0.0006760970636952127,-1.1967453956746001,25,54
hybrid,1000,10000,-0.39473709315760386,-0.0006760970636952127,-0.39406099609390866,25,54
B_only,1000,10000,-1.9536469304890684e-07,-0.0006760970636952127,0.0006759016990021638,25,54
A_only,1000,2000,-0.9307197191853989,-0.021107166088018964,-0.9096125530973799,50,54
hybrid,1000,2000,-0.42270338733295876,-0.021107166088018964,-0.40159622124493977,50,54
B_only,1000,2000,-0.009654005157446905,-0.021107166088018964,0.011453160930572059,50,54
A_only,1000,5000,-1.0012247667765788,-0.0017750072554159953,-0.9994497595211628,50,54
hybrid,1000,5000,-0.2652401786309279,-0.0017750072554159953,-0.2634651713755119,50,54
B_only,1000,5000,-8.733343136203748e-05,-0.0017750072554159953,0.0016876738240539579,50,54
A_only,1000,10000,-1.0663378632452334,-0.016652717978201063,-1.0496851452670324,50,54
hybrid,1000,10000,-0.2172586308958364,-0.016652717978201063,-0.20060591291763535,50,54
B_only,1000,10000,-4.8904303365498176e-09,-0.016652717978201063,0.016652713087770728,50,54
A_only,1000,2000,-1.1574843468198364,-0.0014035296225299897,-1.1560808171973063,100,54
hybrid,1000,2000,-0.16288035688639205,-0.0014035296225299897,-0.16147682726386206,100,54
B_only,1000,2000,-3.0889832358437155e-05,-0.0014035296225299897,0.0013726397901715525,100,54
A_only,1000,5000,-0.4017626577961272,-0.0014035296225299897,-0.4003591281735972,100,54
hybrid,1000,5000,-0.21992492916002027,-0.0014035296225299897,-0.21852139953749028,100,54
B_only,1000,5000,-1.1149569209153356,-0.0014035296225299897,-1.1135533912928055,100,54
A_only,1000,10000,-0.2174567805257311,-0.0006760970636952127,-0.2167806834620359,100,54
hybrid,1000,10000,-0.06119106006126319,-0.0006760970636952127,-0.06051496299756798,100,54
B_only,1000,10000,-0.03958554992823491,-0.0006760970636952127,-0.0389094528645397,100,54
A_only,1000,2000,-0.7643452112248409,-0.0033159803963591777,-0.7610292308284817,200,54
hybrid,1000,2000,-0.23843650697593205,-0.0033159803963591777,-0.23512052657957289,200,54
B_only,1000,2000,-0.02499446119224217,-0.0033159803963591777,-0.02167848079588299,200,54
A_only,1000,5000,-1.133555697301053,-0.0006760970636952127,-1.1328796002373578,200,54
hybrid,1000,5000,-0.49908544573603597,-0.0006760970636952127,-0.49840934867234077,200,54
B_only,1000,5000,-0.0017859124786909176,-0.0006760970636952127,-0.001109815414995705,200,54
A_only,1000,10000,-0.41672187245933334,-0.0028182160594265654,-0.4139036563999068,200,54
hybrid,1000,10000,-0.07334532322869998,-0.0028182160594265654,-0.07052710716927342,200,54
B_only,1000,10000,-0.0018823488456692387,-0.0028182160594265654,0.0009358672137573267,200,54
A_only,1000,2000,-1.3455051380283098,-0.06976201878446649,-1.2757431192438433,500,54
hybrid,1000,2000,-0.319495093084628,-0.06976201878446649,-0.2497330743001615,500,54
B_only,1000,2000,-0.08807587114249464,-0.06976201878446649,-0.018313852358028154,500,54
A_only,1000,5000,-0.1803854390816216,-0.0017750072554159953,-0.17861043182620562,500,54
hybrid,1000,5000,-0.05168068616160941,-0.0017750072554159953,-0.049905678906193414,500,54
B_only,1000,5000,-0.018709176584669775,-0.0017750072554159953,-0.01693416932925378,500,54
A_only,1000,10000,-0.87931398263204,-0.0006760970636952127,-0.8786378855683448,500,54
hybrid,1000,10000,-0.15255226556567605,-0.0006760970636952127,-0.15187616850198085,500,54
B_only,1000,10000,-0.0002280710216101931,-0.0006760970636952127,0.00044802604208501963,500,54
A_only,1000,2000,-1.1118489299532663,-0.01849454206597494,-1.0933543878872913,25,55
hybrid,1000,2000,-0.43514503732170734,-0.01849454206597494,-0.4166504952557324,25,55
B_only,1000,2000,-0.034694038071750005,-0.01849454206597494,-0.016199496005775065,25,55
A_only,1000,5000,-0.8473771571010114,-0.02555970165368331,-0.8218174554473281,25,55
hybrid,1000,5000,-0.3308035596375339,-0.02555970165368331,-0.30524385798385056,25,55
B_only,1000,5000,-0.13361830814060344,-0.02555970165368331,-0.10805860648692013,25,55
A_only,1000,10000,-0.49132659554535996,-0.0014035296225299897,-0.48992306592282997,25,55
hybrid,1000,10000,-0.14294001143104382,-0.0014035296225299897,-0.14153648180851383,25,55
B_only,1000,10000,-0.0001681157901664392,-0.0014035296225299897,0.0012354138323635506,25,55
A_only,1000,2000,-1.145713703210574,-0.0028182160594265654,-1.1428954871511474,50,55
hybrid,1000,2000,-0.64153134868872,-0.0028182160594265654,-0.6387131326292934,50,55
B_only,1000,2000,-0.2731527324669739,-0.0028182160594265654,-0.27033451640754735,50,55
A_only,1000,5000,-0.8391686676025623,-0.0006760970636952127,-0.838492570538867,50,55
hybrid,1000,5000,-0.3693339746935197,-0.0006760970636952127,-0.3686578776298245,50,55
B_only,1000,5000,-0.019619533634302782,-0.0006760970636952127,-0.01894343657060757,50,55
A_only,1000,10000,-0.6493787635975173,-0.0014035296225299897,-0.6479752339749874,50,55
hybrid,1000,10000,-0.39347884601901445,-0.0014035296225299897,-0.39207531639648446,50,55
B_only,1000,10000,-1.1419494619467927,-0.0014035296225299897,-1.1405459323242626,50,55
A_only,1000,2000,-1.1892507495468805,-0.10583604024616299,-1.0834147093007176,100,55
hybrid,1000,2000,-0.3143921379165465,-0.10583604024616299,-0.20855609767038352,100,55
B_only,1000,2000,-2.1296320497887327e-08,-0.10583604024616299,0.10583601894984249,100,55
A_only,1000,5000,-0.7468226574918296,-0.0014035296225299897,-0.7454191278692996,100,55
hybrid,1000,5000,-0.32860359933227384,-0.0014035296225299897,-0.32720006970974386,100,55
B_only,1000,5000,-0.012053350679147304,-0.0014035296225299897,-0.010649821056617314,100,55
A_only,1000,10000,-0.2741406331853515,-0.0014035296225299897,-0.2727371035628215,100,55
hybrid,1000,10000,-0.07992598923327833,-0.0014035296225299897,-0.07852245961074834,100,55
B_only,1000,10000,-0.0006972697465559216,-0.0014035296225299897,0.0007062598759740681,100,55
A_only,1000,2000,-1.055131903535712,-0.03431007729625027,-1.0208218262394617,200,55
hybrid,1000,2000,-0.22070305187714137,-0.03431007729625027,-0.1863929745808911,200,55
B_only,1000,2000,-0.002666474676890444,-0.03431007729625027,0.03164360261935983,200,55
A_only,1000,5000,-0.4317153717899536,-0.016530923319274207,-0.4151844484706794,200,55
hybrid,1000,5000,-0.19860714756867026,-0.016530923319274207,-0.18207622424939607,200,55
B_only,1000,5000,-0.061583556464138794,-0.016530923319274207,-0.04505263314486459,200,55
A_only,1000,10000,-0.5860119372315638,-0.0006760970636952127,-0.5853358401678685,200,55
hybrid,1000,10000,-0.18888871974474092,-0.0006760970636952127,-0.18821262268104572,200,55
B_only,1000,10000,-0.01485165413649799,-0.0006760970636952127,-0.014175557072802778,200,55
A_only,1000,2000,-1.4832662115728694,-0.02555970165368331,-1.4577065099191862,500,55
hybrid,1000,2000,-0.3819371850323759,-0.02555970165368331,-0.35637748337869257,500,55
B_only,1000,2000,-0.10356570498050056,-0.02555970165368331,-0.07800600332681726,500,55
A_only,1000,5000,-1.0597938353105676,-0.02338563685393675,-1.036408198456631,500,55
hybrid,1000,5000,-0.07562789535456854,-0.02338563685393675,-0.05224225850063179,500,55
B_only,1000,5000,-1.289141647402503e-06,-0.02338563685393675,0.023384347712289345,500,55
A_only,1000,10000,-1.137575251971062,-0.016530923319274207,-1.1210443286517877,500,55
hybrid,1000,10000,-0.19621313848797975,-0.016530923319274207,-0.17968221516870553,500,55
B_only,1000,10000,-0.0001713767507976026,-0.016530923319274207,0.016359546568476605,500,55
A_only,1000,2000,-1.067209023462993,-0.02555970165368331,-1.0416493218093097,25,56
hybrid,1000,2000,-0.4579324944925704,-0.02555970165368331,-0.4323727928388871,25,56
B_only,1000,2000,-1.2970725135005141,-0.02555970165368331,-1.2715128118468308,25,56
A_only,1000,5000,-0.11328820658543336,-0.0014035296225299897,-0.11188467696290337,25,56
hybrid,1000,5000,-0.01837863149484959,-0.0014035296225299897,-0.0169751018723196,25,56
B_only,1000,5000,-2.882900572192351,-0.0014035296225299897,-2.881497042569821,25,56
A_only,1000,10000,-0.41872414767847244,-0.0006760970636952127,-0.41804805061477723,25,56
hybrid,1000,10000,-0.16695811740024913,-0.0006760970636952127,-0.16628202033655393,25,56
B_only,1000,10000,-0.052490439702372285,-0.0006760970636952127,-0.051814342638677076,25,56
A_only,1000,2000,-0.895331211861312,-0.021107166088018964,-0.874224045773293,50,56
hybrid,1000,2000,-0.3454066656301258,-0.021107166088018964,-0.3242994995421068,50,56
B_only,1000,2000,-0.0011970553712348038,-0.021107166088018964,0.01991011071678416,50,56
A_only,1000,5000,-0.8546345571606402,-0.0006760970636952127,-0.853958460096945,50,56
hybrid,1000,5000,-0.8158424980598892,-0.0006760970636952127,-0.815166400996194,50,56
B_only,1000,5000,-0.15914558606098247,-0.0006760970636952127,-0.15846948899728727,50,56
A_only,1000,10000,-0.9989658339156497,-0.0006760970636952127,-0.9982897368519545,50,56
hybrid,1000,10000,-0.913197763050555,-0.0006760970636952127,-0.9125216659868598,50,56
B_only,1000,10000,-0.039972404411905645,-0.0006760970636952127,-0.039296307348210435,50,56
A_only,1000,2000,-0.7443690459400154,-0.10953837719691305,-0.6348306687431023,100,56
hybrid,1000,2000,-0.23308940846722648,-0.10953837719691305,-0.12355103127031343,100,56
B_only,1000,2000,-0.016286155281392607,-0.10953837719691305,0.09325222191552043,100,56
A_only,1000,5000,-0.21302995464214552,-0.021107166088018964,-0.19192278855412656,100,56
hybrid,1000,5000,-0.09396478719849077,-0.021107166088018964,-0.07285762111047181,100,56
B_only,1000,5000,-0.2818244243355771,-0.021107166088018964,-0.2607172582475581,100,56
A_only,1000,10000,-0.5169411347344989,-0.0014035296225299897,-0.5155376051119689,100,56
hybrid,1000,10000,-0.3026038626084113,-0.0014035296225299897,-0.30120033298588134,100,56
B_only,1000,10000,-0.14497023293173034,-0.0014035296225299897,-0.14356670330920035,100,56
A_only,1000,2000,-1.0367594912127434,-0.01849454206597494,-1.0182649491467684,200,56
hybrid,1000,2000,-0.645479851769569,-0.01849454206597494,-0.6269853097035941,200,56
B_only,1000,2000,-0.0670184154279449,-0.01849454206597494,-0.04852387336196996,200,56
A_only,1000,5000,-0.6489937912728677,-0.0006760970636952127,-0.6483176942091725,200,56
hybrid,1000,5000,-0.12781863337071925,-0.0006760970636952127,-0.12714253630702405,200,56
B_only,1000,5000,-0.02038207206115822,-0.0006760970636952127,-0.019705974997463006,200,56
A_only,1000,10000,-0.10703658830215111,-0.0014035296225299897,-0.10563305867962113,200,56
hybrid,1000,10000,-0.021135959508209495,-0.0014035296225299897,-0.019732429885679505,200,56
B_only,1000,10000,-0.02942416741210858,-0.0014035296225299897,-0.02802063778957859,200,56
A_only,1000,2000,-1.1337654818147695,-0.016652717978201063,-1.1171127638365685,500,56
hybrid,1000,2000,-0.21362033455100968,-0.016652717978201063,-0.19696761657280862,500,56
B_only,1000,2000,-0.0461065370778897,-0.016652717978201063,-0.029453819099688635,500,56
A_only,1000,5000,-0.38044186223862836,-0.0006760970636952127,-0.37976576517493316,500,56
hybrid,1000,5000,-0.06637480848034882,-0.0006760970636952127,-0.06569871141665361,500,56
B_only,1000,5000,-0.0012779641175515387,-0.0006760970636952127,-0.000601867053856326,500,56
A_only,1000,10000,-0.7482848194192988,-0.0006760970636952127,-0.7476087223556036,500,56
hybrid,1000,10000,-0.1191978125918429,-0.0006760970636952127,-0.11852171552814768,500,56
B_only,1000,10000,-0.0011502840211319648,-0.0006760970636952127,-0.0004741869574367521,500,56
A_only,1000,2000,-0.8806135563806329,-0.0028182160594265654,-0.8777953403212063,25,57
hybrid,1000,2000,-1.0591728256078068,-0.0028182160594265654,-1.0563546095483802,25,57
B_only,1000,2000,-0.5300792022195385,-0.0028182160594265654,-0.527260986160112,25,57
A_only,1000,5000,-0.5040977081483106,-0.0014035296225299897,-0.5026941785257806,25,57
hybrid,1000,5000,-0.4207742526935253,-0.0014035296225299897,-0.4193707230709953,25,57
B_only,1000,5000,-0.36582122609396284,-0.0014035296225299897,-0.36441769647143285,25,57
A_only,1000,10000,-0.3894085746761417,-0.0014035296225299897,-0.3880050450536117,25,57
hybrid,1000,10000,-0.1816767050462934,-0.0014035296225299897,-0.18027317542376342,25,57
B_only,1000,10000,-0.011170332357600999,-0.0014035296225299897,-0.009766802735071009,25,57
A_only,1000,2000,-1.2021431668962177,-0.13611804156959217,-1.0660251253266255,50,57
hybrid,1000,2000,-0.66020460529948,-0.13611804156959217,-0.5240865637298878,50,57
B_only,1000,2000,-0.01875332169638561,-0.13611804156959217,0.11736471987320657,50,57
A_only,1000,5000,-1.2136205395419397,-0.0028182160594265654,-1.2108023234825132,50,57
hybrid,1000,5000,-0.6418292958544914,-0.0028182160594265654,-0.6390110797950649,50,57
B_only,1000,5000,-0.022386420846036797,-0.0028182160594265654,-0.01956820478661023,50,57
A_only,1000,10000,-1.0188763967571597,-0.0006760970636952127,-1.0182002996934645,50,57
hybrid,1000,10000,-0.5475646031695803,-0.0006760970636952127,-0.5468885061058851,50,57
B_only,1000,10000,-0.061695759414730815,-0.0006760970636952127,-0.061019662351035606,50,57
A_only,1000,2000,-1.1665945044042623,-0.0014035296225299897,-1.1651909747817322,100,57
hybrid,1000,2000,-0.3333187149789168,-0.0014035296225299897,-0.3319151853563868,100,57
B_only,1000,2000,-1.3041969174370756e-05,-0.0014035296225299897,0.0013904876533556189,100,57
A_only,1000,5000,-1.446503789722023,-0.0017750072554159953,-1.444728782466607,100,57
hybrid,1000,5000,-1.6822898317218686,-0.0017750072554159953,-1.6805148244664527,100,57
B_only,1000,5000,-0.1931981358290139,-0.0017750072554159953,-0.19142312857359792,100,57
A_only,1000,10000,-0.003391647020674321,-0.0033159803963591777,-7.566662431514326e-05,100,57
hybrid,1000,10000,-0.0001011860992674984,-0.0033159803963591777,0.0032147942970916794,100,57
B_only,1000,10000,-0.22624546577164611,-0.0033159803963591777,-0.22292948537528695,100,57
A_only,1000,2000,-0.23563456376938163,-0.0028182160594265654,-0.23281634770995507,200,57
hybrid,1000,2000,-0.024404942101850912,-0.0028182160594265654,-0.021586726042424346,200,57
B_only,1000,2000,-0.025862398792011028,-0.0028182160594265654,-0.02304418273258446,200,57
A_only,1000,5000,-0.8203846845845539,-0.0014035296225299897,-0.818981154962024,200,57
hybrid,1000,5000,-0.31239928824354507,-0.0014035296225299897,-0.3109957586210151,200,57
B_only,1000,5000,-0.02795351064037991,-0.0014035296225299897,-0.02654998101784992,200,57
A_only,1000,10000,-0.5446020280942362,-0.0028182160594265654,-0.5417838120348096,200,57
hybrid,1000,10000,-0.23124559665141517,-0.0028182160594265654,-0.2284273805919886,200,57
B_only,1000,10000,-0.0014208740539442557,-0.0028182160594265654,0.0013973420054823097,200,57
A_only,1000,2000,-1.1215414767693093,-0.0033159803963591777,-1.11822549637295,500,57
hybrid,1000,2000,-0.13686844636234607,-0.0033159803963591777,-0.1335524659659869,500,57
B_only,1000,2000,-4.3531313181225616e-05,-0.0033159803963591777,0.003272449083177952,500,57
A_only,1000,5000,-1.432667426551352,-0.0028182160594265654,-1.4298492104919254,500,57
hybrid,1000,5000,-0.32070140939314945,-0.0028182160594265654,-0.3178831933337229,500,57
B_only,1000,5000,-0.0018030968016995608,-0.0028182160594265654,0.0010151192577270045,500,57
A_only,1000,10000,-0.2038734512082935,-0.0006760970636952127,-0.2031973541445983,500,57
hybrid,1000,10000,-0.08232156221176505,-0.0006760970636952127,-0.08164546514806983,500,57
B_only,1000,10000,-0.05069585129284058,-0.0006760970636952127,-0.05001975422914537,500,57
A_only,1000,2000,-1.0057691652413763,-0.01849454206597494,-0.9872746231754014,25,58
hybrid,1000,2000,-0.2032475202803903,-0.01849454206597494,-0.18475297821441536,25,58
B_only,1000,2000,-4.756990552905071e-09,-0.01849454206597494,0.01849453730898439,25,58
A_only,1000,5000,-0.11927525211775858,-0.02555970165368331,-0.09371555046407527,25,58
hybrid,1000,5000,-0.02394935237465716,-0.02555970165368331,0.00161034927902615,25,58
B_only,1000,5000,-0.4120955633058082,-0.02555970165368331,-0.3865358616521249,25,58
A_only,1000,10000,-1.3611217335142518,-0.0014035296225299897,-1.3597182038917217,25,58
hybrid,1000,10000,-0.42857493343230296,-0.0014035296225299897,-0.427171403809773,25,58
B_only,1000,10000,-1.3690706129009678e-06,-0.0014035296225299897,0.0014021605519170888,25,58
A_only,1000,2000,-1.003885473669776,-0.02555970165368331,-0.9783257720160927,50,58
hybrid,1000,2000,-0.699428449248801,-0.02555970165368331,-0.6738687475951177,50,58
B_only,1000,2000,-0.005953539878864779,-0.02555970165368331,0.019606161774818533,50,58
A_only,1000,5000,-0.42376585794967286,-0.0028182160594265654,-0.4209476418902463,50,58
hybrid,1000,5000,-0.07417757849366646,-0.0028182160594265654,-0.0713593624342399,50,58
B_only,1000,5000,-0.0026801833960529734,-0.0028182160594265654,0.0001380326633735919,50,58
A_only,1000,10000,-0.649989285608462,-0.0014035296225299897,-0.648585755985932,50,58
hybrid,1000,10000,-0.4931148373394566,-0.0014035296225299897,-0.4917113077169266,50,58
B_only,1000,10000,-0.14311628589711572,-0.0014035296225299897,-0.14171275627458574,50,58
A_only,1000,2000,-1.2064733974497635,-0.01849454206597494,-1.1879788553837884,100,58
hybrid,1000,2000,-0.6619159215955155,-0.01849454206597494,-0.6434213795295406,100,58
B_only,1000,2000,-0.058837912149078575,-0.01849454206597494,-0.04034337008310364,100,58
A_only,1000,5000,-0.743451582184181,-0.0017750072554159953,-0.7416765749287649,100,58
hybrid,1000,5000,-0.3306695085449405,-0.0017750072554159953,-0.32889450128952447,100,58
B_only,1000,5000,-0.000736139140728105,-0.0017750072554159953,0.0010388681146878903,100,58
A_only,1000,10000,-0.45637475434341895,-0.0006760970636952127,-0.45569865727972375,100,58
hybrid,1000,10000,-0.1374858860292507,-0.0006760970636952127,-0.13680978896555548,100,58
B_only,1000,10000,-0.0029345513798480207,-0.0006760970636952127,-0.002258454316152808,100,58
A_only,1000,2000,-0.6498953364730088,-0.01849454206597494,-0.6314007944070339,200,58
hybrid,1000,2000,-0.2809385232786806,-0.01849454206597494,-0.2624439812127056,200,58
B_only,1000,2000,-0.20624868373517363,-0.01849454206597494,-0.18775414166919868,200,58
A_only,1000,5000,-0.7085447562452436,-0.05681229432921549,-0.6517324619160281,200,58
hybrid,1000,5000,-0.2164212072399327,-0.05681229432921549,-0.15960891291071722,200,58
B_only,1000,5000,-1.0243341859447816e-07,-0.05681229432921549,0.05681219189579689,200,58
A_only,1000,10000,-0.25507656084409974,-0.0033159803963591777,-0.2517605804477406,200,58
hybrid,1000,10000,-0.10314576681659397,-0.0033159803963591777,-0.0998297864202348,200,58
B_only,1000,10000,-0.03916420566104856,-0.0033159803963591777,-0.03584822526468938,200,58
A_only,1000,2000,-1.0365159744249128,-0.016530923319274207,-1.0199850511056385,500,58
hybrid,1000,2000,-0.36858880933785315,-0.016530923319274207,-0.35205788601857896,500,58
B_only,1000,2000,-0.06925835085628387,-0.016530923319274207,-0.052727427537009666,500,58
A_only,1000,5000,-0.514969872736338,-0.0017750072554159953,-0.513194865480922,500,58
hybrid,1000,5000,-0.05144612312830698,-0.0017750072554159953,-0.049671115872890984,500,58
B_only,1000,5000,-0.00022596909539898132,-0.0017750072554159953,0.001549038160017014,500,58
A_only,1000,10000,-0.4388585176161662,-0.0006760970636952127,-0.438182420552471,500,58
hybrid,1000,10000,-0.10579124219635405,-0.0006760970636952127,-0.10511514513265884,500,58
B_only,1000,10000,-0.0062604160253627965,-0.0006760970636952127,-0.005584318961667584,500,58
A_only,1000,2000,-0.5067782675464093,-0.0006760970636952127,-0.5061021704827141,25,59
hybrid,1000,2000,-0.11906405134432772,-0.0006760970636952127,-0.1183879542806325,25,59
B_only,1000,2000,-0.0050641257314769355,-0.0006760970636952127,-0.004388028667781723,25,59
A_only,1000,5000,-0.6043405196326274,-0.01849454206597494,-0.5858459775666525,25,59
hybrid,1000,5000,-0.2715888036980117,-0.01849454206597494,-0.25309426163203674,25,59
B_only,1000,5000,-0.25492180191725056,-0.01849454206597494,-0.2364272598512756,25,59
A_only,1000,10000,-0.7196934811988293,-0.0006760970636952127,-0.719017384135134,25,59
hybrid,1000,10000,-0.27482336555858244,-0.0006760970636952127,-0.27414726849488724,25,59
B_only,1000,10000,-0.001883738007665376,-0.0006760970636952127,-0.0012076409439701632,25,59
A_only,1000,2000,-1.681952698878598,-0.0017750072554159953,-1.680177691623182,50,59
hybrid,1000,2000,-1.3452770582806919,-0.0017750072554159953,-1.343502051025276,50,59
B_only,1000,2000,-0.29157932272499726,-0.0017750072554159953,-0.28980431546958124,50,59
A_only,1000,5000,-0.5424699742913047,-0.016530923319274207,-0.5259390509720305,50,59
hybrid,1000,5000,-0.10454658925208085,-0.016530923319274207,-0.08801566593280664,50,59
B_only,1000,5000,-0.0005392878441886011,-0.016530923319274207,0.015991635475085607,50,59
A_only,1000,10000,-0.7641270976225214,-0.0014035296225299897,-0.7627235679999914,50,59
hybrid,1000,10000,-0.40750920476748254,-0.0014035296225299897,-0.40610567514495255,50,59
B_only,1000,10000,-0.0014346257043258961,-0.0014035296225299897,-3.109608179590641e-05,50,59
A_only,1000,2000,-0.5300740456216425,-0.02338563685393675,-0.5066884087677057,100,59
hybrid,1000,2000,-0.19403853944634208,-0.02338563685393675,-0.17065290259240534,100,59
B_only,1000,2000,-0.7743858605900561,-0.02338563685393675,-0.7510002237361193,100,59
A_only,1000,5000,-0.3761611766047669,-0.0017750072554159953,-0.3743861693493509,100,59
hybrid,1000,5000,-0.05745981925972812,-0.0017750072554159953,-0.05568481200431213,100,59
B_only,1000,5000,-0.0021506215756261836,-0.0017750072554159953,-0.00037561432021018825,100,59
A_only,1000,10000,-0.988447497983111,-0.0033159803963591777,-0.9851315175867519,100,59
hybrid,1000,10000,-0.21434066490322465,-0.0033159803963591777,-0.21102468450686546,100,59
B_only,1000,10000,-4.718057014018865e-06,-0.0033159803963591777,0.003311262339345159,100,59
A_only,1000,2000,-1.1801357976641929,-0.10303095660341191,-1.0771048410607809,200,59
hybrid,1000,2000,-0.45223989492586636,-0.10303095660341191,-0.3492089383224545,200,59
B_only,1000,2000,-0.25196520368357295,-0.10303095660341191,-0.14893424708016104,200,59
A_only,1000,5000,-1.2478459248184104,-0.0006760970636952127,-1.2471698277547152,200,59
hybrid,1000,5000,-0.38479816618883755,-0.0006760970636952127,-0.38412206912514235,200,59
B_only,1000,5000,-0.0023763848755902054,-0.0006760970636952127,-0.0017002878118949926,200,59
A_only,1000,10000,-0.7972378142078023,-0.0014035296225299897,-0.7958342845852723,200,59
hybrid,1000,10000,-0.2430272712106427,-0.0014035296225299897,-0.2416237415881127,200,59
B_only,1000,10000,-2.9552908398906677e-06,-0.0014035296225299897,0.0014005743316900991,200,59
A_only,1000,2000,-1.1921956035827452,-0.05681229432921549,-1.1353833092535297,500,59
hybrid,1000,2000,-0.2789738809500448,-0.05681229432921549,-0.2221615866208293,500,59
B_only,1000,2000,-0.01661477202043229,-0.05681229432921549,0.04019752230878319,500,59
A_only,1000,5000,-1.063793284431492,-0.0017750072554159953,-1.062018277176076,500,59
hybrid,1000,5000,-0.32143414042824675,-0.0017750072554159953,-0.31965913317283073,500,59
B_only,1000,5000,-0.04345521374077529,-0.0017750072554159953,-0.04168020648535929,500,59
A_only,1000,10000,-0.7295704741181818,-0.0006760970636952127,-0.7288943770544866,500,59
hybrid,1000,10000,-0.29417363854208955,-0.0006760970636952127,-0.29349754147839435,500,59
B_only,1000,10000,-0.014283546377276832,-0.0006760970636952127,-0.01360744931358162,500,59
A_only,1000,2000,-0.8875278253925656,-0.06976201878446649,-0.817765806608099,25,60
hybrid,1000,2000,-0.5872310925416888,-0.06976201878446649,-0.5174690737572223,25,60
B_only,1000,2000,-0.010573072122565799,-0.06976201878446649,0.059188946661900686,25,60
A_only,1000,5000,-0.7256742610439728,-0.016530923319274207,-0.7091433377246986,25,60
hybrid,1000,5000,-0.1337918614590956,-0.016530923319274207,-0.1172609381398214,25,60
B_only,1000,5000,-3.2388866306037713e-07,-0.016530923319274207,0.016530599430611147,25,60
A_only,1000,10000,-0.5554080865088319,-0.0017750072554159953,-0.5536330792534159,25,60
hybrid,1000,10000,-0.35467175450854915,-0.0017750072554159953,-0.35289674725313314,25,60
B_only,1000,10000,-0.009905492761017215,-0.0017750072554159953,-0.008130485505601219,25,60
A_only,1000,2000,-0.68017999150448,-0.02555970165368331,-0.6546202898507968,50,60
hybrid,1000,2000,-0.3239432510522298,-0.02555970165368331,-0.2983835493985465,50,60
B_only,1000,2000,-0.18326368741229096,-0.02555970165368331,-0.15770398575860764,50,60
A_only,1000,5000,-0.6673893780412352,-0.026071275432122825,-0.6413181026091124,50,60
hybrid,1000,5000,-0.3300736610354287,-0.026071275432122825,-0.30400238560330584,50,60
B_only,1000,5000,-0.0009126885045015576,-0.026071275432122825,0.025158586927621268,50,60
A_only,1000,10000,-0.2852567348738522,-0.016652717978201063,-0.26860401689565117,50,60
hybrid,1000,10000,-0.07812088933857482,-0.016652717978201063,-0.06146817136037376,50,60
B_only,1000,10000,-0.0010585081264984587,-0.016652717978201063,0.015594209851702604,50,60
A_only,1000,2000,-0.4526354019136658,-0.0017750072554159953,-0.4508603946582498,100,60
hybrid,1000,2000,-0.15005769916004577,-0.0017750072554159953,-0.14828269190462978,100,60
B_only,1000,2000,-0.08239687328688718,-0.0017750072554159953,-0.08062186603147119,100,60
A_only,1000,5000,-0.7754954376845345,-0.016652717978201063,-0.7588427197063334,100,60
hybrid,1000,5000,-0.32178394973401603,-0.016652717978201063,-0.30513123175581497,100,60
B_only,1000,5000,-0.013633102030421387,-0.016652717978201063,0.0030196159477796757,100,60
A_only,1000,10000,-0.5166862730637051,-0.0014035296225299897,-0.5152827434411751,100,60
hybrid,1000,10000,-0.21455632721969387,-0.0014035296225299897,-0.21315279759716388,100,60
B_only,1000,10000,-0.036688153196192994,-0.0014035296225299897,-0.03528462357366301,100,60
A_only,1000,2000,-0.9145580263140167,-0.0006760970636952127,-0.9138819292503215,200,60
hybrid,1000,2000,-0.21039775820595508,-0.0006760970636952127,-0.20972166114225987,200,60
B_only,1000,2000,-0.03525661105657899,-0.0006760970636952127,-0.03458051399288378,200,60
A_only,1000,5000,-1.0663846156757821,-0.0028182160594265654,-1.0635663996163556,200,60
hybrid,1000,5000,-0.5939952906547127,-0.0028182160594265654,-0.5911770745952861,200,60
B_only,1000,5000,-0.07785457058891275,-0.0028182160594265654,-0.07503635452948619,200,60
A_only,1000,10000,-0.4558000883920142,-0.0006760970636952127,-0.455123991328319,200,60
hybrid,1000,10000,-0.063430156199169,-0.0006760970636952127,-0.06275405913547379,200,60
B_only,1000,10000,-0.0014840880718548193,-0.0006760970636952127,-0.0008079910081596067,200,60
A_only,1000,2000,-1.2037934439448155,-0.02555970165368331,-1.1782337422911322,500,60
hybrid,1000,2000,-0.19764208592026092,-0.02555970165368331,-0.1720823842665776,500,60
B_only,1000,2000,-0.0023016655471665994,-0.02555970165368331,0.02325803610651671,500,60
A_only,1000,5000,-1.12885482340143,-0.0033159803963591777,-1.1255388430050708,500,60
hybrid,1000,5000,-0.26309088300902334,-0.0033159803963591777,-0.25977490261266417,500,60
B_only,1000,5000,-0.014577581713145844,-0.0033159803963591777,-0.011261601316786666,500,60
A_only,1000,10000,-0.2941987731842298,-0.0014035296225299897,-0.29279524356169984,500,60
hybrid,1000,10000,-0.0415170503494655,-0.0014035296225299897,-0.04011352072693551,500,60
B_only,1000,10000,-0.0004811210639763965,-0.0014035296225299897,0.0009224085585535932,500,60
A_only,1000,2000,-0.685766507082524,-0.016530923319274207,-0.6692355837632498,25,61
hybrid,1000,2000,-0.2376912940959267,-0.016530923319274207,-0.22116037077665252,25,61
B_only,1000,2000,-0.004190946326567312,-0.016530923319274207,0.012339976992706895,25,61
A_only,1000,5000,-0.0938266517352972,-0.0017750072554159953,-0.0920516444798812,25,61
hybrid,1000,5000,-0.0036000417787605227,-0.0017750072554159953,-0.0018250345233445273,25,61
B_only,1000,5000,-0.00036084759743285587,-0.0017750072554159953,0.0014141596579831394,25,61
A_only,1000,10000,-0.8461015969674508,-0.0028182160594265654,-0.8432833809080242,25,61
hybrid,1000,10000,-0.46175349677784466,-0.0028182160594265654,-0.4589352807184181,25,61
B_only,1000,10000,-0.0031471421744900547,-0.0028182160594265654,-0.00032892611506348934,25,61
A_only,1000,2000,-0.6408374758464718,-0.0014035296225299897,-0.6394339462239418,50,61
hybrid,1000,2000,-0.31119174383157244,-0.0014035296225299897,-0.30978821420904246,50,61
B_only,1000,2000,-0.5168471348916999,-0.0014035296225299897,-0.5154436052691699,50,61
A_only,1000,5000,-0.3979824751749627,-0.0006760970636952127,-0.3973063781112675,50,61
hybrid,1000,5000,-0.04882802582456581,-0.0006760970636952127,-0.0481519287608706,50,61
B_only,1000,5000,-1.6164320984938081e-09,-0.0006760970636952127,0.0006760954472631142,50,61
A_only,1000,10000,-0.20737418778045177,-0.0017750072554159953,-0.20559918052503579,50,61
hybrid,1000,10000,-0.0665433277295365,-0.0017750072554159953,-0.06476832047412051,50,61
B_only,1000,10000,-0.010210746238051405,-0.0017750072554159953,-0.008435738982635409,50,61
A_only,1000,2000,-1.331366784847426,-0.0017750072554159953,-1.32959177759201,100,61
hybrid,1000,2000,-1.2684620357652325,-0.0017750072554159953,-1.2666870285098166,100,61
B_only,1000,2000,-0.6725890252598281,-0.0017750072554159953,-0.6708140180044121,100,61
A_only,1000,5000,-0.5762306165069984,-0.0014035296225299897,-0.5748270868844684,100,61
hybrid,1000,5000,-0.24440336652329753,-0.0014035296225299897,-0.24299983690076754,100,61
B_only,1000,5000,-0.1525867960731058,-0.0014035296225299897,-0.1511832664505758,100,61
A_only,1000,10000,-0.5642354636959533,-0.0014035296225299897,-0.5628319340734234,100,61
hybrid,1000,10000,-0.3210725935293131,-0.0014035296225299897,-0.3196690639067831,100,61
B_only,1000,10000,-0.08409173520600342,-0.0014035296225299897,-0.08268820558347344,100,61
A_only,1000,2000,-0.5658802526505852,-0.01849454206597494,-0.5473857105846103,200,61
hybrid,1000,2000,-0.14405661896890812,-0.01849454206597494,-0.12556207690293317,200,61
B_only,1000,2000,-0.007354528074269441,-0.01849454206597494,0.0111400139917055,200,61
A_only,1000,5000,-0.9614730270317839,-0.0028182160594265654,-0.9586548109723574,200,61
hybrid,1000,5000,-0.3693395533072167,-0.0028182160594265654,-0.3665213372477901,200,61
B_only,1000,5000,-0.025454422173076263,-0.0028182160594265654,-0.022636206113649696,200,61
A_only,1000,10000,-0.11315140229741256,-0.0033159803963591777,-0.10983542190105339,200,61
hybrid,1000,10000,-0.019903382318554475,-0.0033159803963591777,-0.016587401922195297,200,61
B_only,1000,10000,-0.0010720479655808447,-0.0033159803963591777,0.002243932430778333,200,61
A_only,1000,2000,-0.9625271956027093,-0.0006760970636952127,-0.9618510985390141,500,61
hybrid,1000,2000,-0.17824699100145777,-0.0006760970636952127,-0.17757089393776257,500,61
B_only,1000,2000,-0.002019424050050821,-0.0006760970636952127,-0.001343326986355608,500,61
A_only,1000,5000,-0.7252497968827416,-0.0028182160594265654,-0.722431580823315,500,61
hybrid,1000,5000,-0.1632161169604386,-0.0028182160594265654,-0.16039790090101205,500,61
B_only,1000,5000,-0.021442115301293186,-0.0028182160594265654,-0.01862389924186662,500,61
A_only,1000,10000,-0.24095388755220465,-0.0006760970636952127,-0.24027779048850945,500,61
hybrid,1000,10000,-0.061168231564821776,-0.0006760970636952127,-0.06049213450112657,500,61
B_only,1000,10000,-0.00808325276323724,-0.0006760970636952127,-0.007407155699542027,500,61
A_only,1000,2000,-0.6156298520267559,-0.04442382739503962,-0.5712060246317163,25,62
hybrid,1000,2000,-0.14124465599231306,-0.04442382739503962,-0.09682082859727345,25,62
B_only,1000,2000,-0.03592123717069533,-0.04442382739503962,0.00850259022434429,25,62
A_only,1000,5000,-0.20248494024752867,-0.0006760970636952127,-0.20180884318383346,25,62
hybrid,1000,5000,-0.011146928240334789,-0.0006760970636952127,-0.010470831176639576,25,62
B_only,1000,5000,-7.288597368465259e-14,-0.0006760970636952127,0.0006760970636223268,25,62
A_only,1000,10000,-0.1299426795132092,-0.0006760970636952127,-0.129266582449514,25,62
hybrid,1000,10000,-0.05489567932189744,-0.0006760970636952127,-0.05421958225820223,25,62
B_only,1000,10000,-1.2429686903448014,-0.0006760970636952127,-1.2422925932811062,25,62
A_only,1000,2000,-0.9899847371442286,-0.10941634953475828,-0.8805683876094703,50,62
hybrid,1000,2000,-0.3422412523836352,-0.10941634953475828,-0.2328249028488769,50,62
B_only,1000,2000,-0.016417291867845317,-0.10941634953475828,0.09299905766691297,50,62
A_only,1000,5000,-0.820049596513422,-0.0017750072554159953,-0.818274589258006,50,62
hybrid,1000,5000,-0.5141524615552352,-0.0017750072554159953,-0.5123774542998192,50,62
B_only,1000,5000,-0.034305192085249195,-0.0017750072554159953,-0.0325301848298332,50,62
A_only,1000,10000,-0.11752972228339739,-0.0006760970636952127,-0.11685362521970218,50,62
hybrid,1000,10000,-0.021558836027503955,-0.0006760970636952127,-0.020882738963808743,50,62
B_only,1000,10000,-0.04666380475871834,-0.0006760970636952127,-0.04598770769502313,50,62
A_only,1000,2000,-1.4344346187252723,-0.0014035296225299897,-1.4330310891027422,100,62
hybrid,1000,2000,-0.7097485527542035,-0.0014035296225299897,-0.7083450231316735,100,62
B_only,1000,2000,-0.07364787520326621,-0.0014035296225299897,-0.07224434558073622,100,62
A_only,1000,5000,-1.2195762989954542,-0.016530923319274207,-1.2030453756761799,100,62
hybrid,1000,5000,-0.6894036876341803,-0.016530923319274207,-0.6728727643149061,100,62
B_only,1000,5000,-0.021360190976048212,-0.016530923319274207,-0.004829267656774005,100,62
A_only,1000,10000,-0.22258414757925596,-0.0014035296225299897,-0.22118061795672597,100,62
hybrid,1000,10000,-0.01968446734350021,-0.0014035296225299897,-0.01828093772097022,100,62
B_only,1000,10000,-2.1469763488993158e-06,-0.0014035296225299897,0.0014013826461810905,100,62
A_only,1000,2000,-0.70587193606971,-0.0033159803963591777,-0.7025559556733508,200,62
hybrid,1000,2000,-0.08989085820207378,-0.0033159803963591777,-0.0865748778057146,200,62
B_only,1000,2000,-0.007580256774605885,-0.0033159803963591777,-0.004264276378246707,200,62
A_only,1000,5000,-0.6628425538549926,-0.0014035296225299897,-0.6614390242324626,200,62
hybrid,1000,5000,-0.16643995910185164,-0.0014035296225299897,-0.16503642947932165,200,62
B_only,1000,5000,-0.00022560354682806913,-0.0014035296225299897,0.0011779260757019206,200,62
A_only,1000,10000,-0.26279192956661496,-0.0014035296225299897,-0.26138839994408497,200,62
hybrid,1000,10000,-0.08254861313637991,-0.0014035296225299897,-0.08114508351384993,200,62
B_only,1000,10000,-0.003331119376953815,-0.0014035296225299897,-0.0019275897544238252,200,62
A_only,1000,2000,-1.3392913607222894,-0.10953837719691305,-1.2297529835253764,500,62
hybrid,1000,2000,-0.36701766381209944,-0.10953837719691305,-0.2574792866151864,500,62
B_only,1000,2000,-0.22808089760031056,-0.10953837719691305,-0.11854252040339751,500,62
A_only,1000,5000,-0.7393017735751769,-0.0006760970636952127,-0.7386256765114817,500,62
hybrid,1000,5000,-0.08395931562557447,-0.0006760970636952127,-0.08328321856187926,500,62
B_only,1000,5000,-2.3732187250687723e-05,-0.0006760970636952127,0.0006523648764445249,500,62
A_only,1000,10000,-0.3537099942931946,-0.0028182160594265654,-0.35089177823376805,500,62
hybrid,1000,10000,-0.08609002287879758,-0.0028182160594265654,-0.08327180681937102,500,62
B_only,1000,10000,-0.009979321763685496,-0.0028182160594265654,-0.007161105704258931,500,62
A_only,1000,2000,-0.763945839010307,-0.016652717978201063,-0.7472931210321059,25,63
hybrid,1000,2000,-0.07036060777250741,-0.016652717978201063,-0.05370788979430635,25,63
B_only,1000,2000,-0.08202781002899866,-0.016652717978201063,-0.0653750920507976,25,63
A_only,1000,5000,-0.564555484460688,-0.0033159803963591777,-0.5612395040643289,25,63
hybrid,1000,5000,-0.25041885541145653,-0.0033159803963591777,-0.24710287501509737,25,63
B_only,1000,5000,-0.0511969930493746,-0.0033159803963591777,-0.04788101265301542,25,63
A_only,1000,10000,-0.29984138437867597,-0.0006760970636952127,-0.29916528731498077,25,63
hybrid,1000,10000,-0.07974100805959951,-0.0006760970636952127,-0.07906491099590429,25,63
B_only,1000,10000,-0.002029979127659068,-0.0006760970636952127,-0.0013538820639638553,25,63
A_only,1000,2000,-0.8111322390002246,-0.02744009198228548,-0.7836921470179391,50,63
hybrid,1000,2000,-0.2887959613960828,-0.02744009198228548,-0.26135586941379735,50,63
B_only,1000,2000,-0.017879230921265008,-0.02744009198228548,0.00956086106102047,50,63
A_only,1000,5000,-0.8986523628209734,-0.0017750072554159953,-0.8968773555655574,50,63
hybrid,1000,5000,-0.37474269262653087,-0.0017750072554159953,-0.37296768537111485,50,63
B_only,1000,5000,-0.18132461127549157,-0.0017750072554159953,-0.17954960402007558,50,63
A_only,1000,10000,-0.9526015763390477,-0.0014035296225299897,-0.9511980467165178,50,63
hybrid,1000,10000,-0.35859871040262203,-0.0014035296225299897,-0.35719518078009205,50,63
B_only,1000,10000,-0.0005688308192379027,-0.0014035296225299897,0.0008346988032920871,50,63
A_only,1000,2000,-0.1907696586731316,-0.0017750072554159953,-0.1889946514177156,100,63
hybrid,1000,2000,-0.016304504567349408,-0.0017750072554159953,-0.014529497311933412,100,63
B_only,1000,2000,-0.0009682635339239066,-0.0017750072554159953,0.0008067437214920887,100,63
A_only,1000,5000,-0.7008190379848652,-0.044229416304240946,-0.6565896216806243,100,63
hybrid,1000,5000,-0.20980764829203294,-0.044229416304240946,-0.16557823198779198,100,63
B_only,1000,5000,-2.478712543943085e-05,-0.044229416304240946,0.04420462917880152,100,63
A_only,1000,10000,-0.4663715188447561,-0.0006760970636952127,-0.4656954217810609,100,63
hybrid,1000,10000,-0.20409803797024179,-0.0006760970636952127,-0.20342194090654658,100,63
B_only,1000,10000,-0.009515097888234514,-0.0006760970636952127,-0.008839000824539301,100,63
A_only,1000,2000,-0.9784364360478058,-0.0033159803963591777,-0.9751204556514467,200,63
hybrid,1000,2000,-0.2389562498000102,-0.0033159803963591777,-0.23564026940365101,200,63
B_only,1000,2000,-0.0625942293663331,-0.0033159803963591777,-0.059278248969973926,200,63
A_only,1000,5000,-0.9999034376184461,-0.0014035296225299897,-0.9984999079959161,200,63
hybrid,1000,5000,-0.23968889049599737,-0.0014035296225299897,-0.23828536087346738,200,63
B_only,1000,5000,-4.977794314957265e-05,-0.0014035296225299897,0.001353751679380417,200,63
A_only,1000,10000,-0.04097266051631936,-0.0006760970636952127,-0.040296563452624154,200,63
hybrid,1000,10000,-0.005987026729301255,-0.0006760970636952127,-0.005310929665606042,200,63
B_only,1000,10000,-0.008047024817872145,-0.0006760970636952127,-0.007370927754176932,200,63
A_only,1000,2000,-0.930522295801482,-0.0006760970636952127,-0.9298461987377868,500,63
hybrid,1000,2000,-0.16337021446254751,-0.0006760970636952127,-0.1626941173988523,500,63
B_only,1000,2000,-0.003839655688216547,-0.0006760970636952127,-0.0031635586245213343,500,63
A_only,1000,5000,-1.6504108930429569,-0.0006760970636952127,-1.6497347959792616,500,63
hybrid,1000,5000,-0.47575258459448333,-0.0006760970636952127,-0.4750764875307881,500,63
B_only,1000,5000,-0.05869838587288762,-0.0006760970636952127,-0.05802228880919241,500,63
A_only,1000,10000,-0.029852976054436153,-0.0006760970636952127,-0.02917687899074094,500,63
hybrid,1000,10000,-0.00810007244248136,-0.0006760970636952127,-0.007423975378786148,500,63
B_only,1000,10000,-0.003817329968813117,-0.0006760970636952127,-0.003141232905117904,500,63
A_only,1000,2000,-0.23680162468491978,-0.016530923319274207,-0.22027070136564558,25,64
hybrid,1000,2000,-0.02076709649746611,-0.016530923319274207,-0.0042361731781919015,25,64
B_only,1000,2000,-0.001488572957681545,-0.016530923319274207,0.015042350361592662,25,64
A_only,1000,5000,-0.9372953171092543,-0.0014035296225299897,-0.9358917874867243,25,64
hybrid,1000,5000,-0.6658344482834505,-0.0014035296225299897,-0.6644309186609205,25,64
B_only,1000,5000,-0.6834606339797573,-0.0014035296225299897,-0.6820571043572273,25,64
A_only,1000,10000,-0.47589243417937455,-0.0017750072554159953,-0.47411742692395853,25,64
hybrid,1000,10000,-0.11266903895435959,-0.0017750072554159953,-0.1108940316989436,25,64
B_only,1000,10000,-2.7143074816615446e-07,-0.0017750072554159953,0.0017747358246678292,25,64
A_only,1000,2000,-1.2671056034493426,-0.06227961821163712,-1.2048259852377055,50,64
hybrid,1000,2000,-0.4633519263523043,-0.06227961821163712,-0.4010723081406672,50,64
B_only,1000,2000,-0.0009832720212412805,-0.06227961821163712,0.06129634619039584,50,64
A_only,1000,5000,-0.7274893587156414,-0.0006760970636952127,-0.7268132616519462,50,64
hybrid,1000,5000,-0.4418656891579354,-0.0006760970636952127,-0.4411895920942402,50,64
B_only,1000,5000,-0.5956561548044879,-0.0006760970636952127,-0.5949800577407927,50,64
A_only,1000,10000,-0.9468000412482879,-0.0017750072554159953,-0.9450250339928719,50,64
hybrid,1000,10000,-0.5749265873448012,-0.0017750072554159953,-0.5731515800893852,50,64
B_only,1000,10000,-4.318870368189302e-08,-0.0017750072554159953,0.0017749640667123134,50,64
A_only,1000,2000,-0.37688931110371865,-0.016530923319274207,-0.36035838778444446,100,64
hybrid,1000,2000,-0.11617224645816941,-0.016530923319274207,-0.0996413231388952,100,64
B_only,1000,2000,-0.3281242337571636,-0.016530923319274207,-0.3115933104378894,100,64
A_only,1000,5000,-0.5714370110711231,-0.0006760970636952127,-0.5707609140074279,100,64
hybrid,1000,5000,-0.3851362658690925,-0.0006760970636952127,-0.3844601688053973,100,64
B_only,1000,5000,-0.0842473489934284,-0.0006760970636952127,-0.08357125192973318,100,64
A_only,1000,10000,-0.42399799527247983,-0.0006760970636952127,-0.42332189820878463,100,64
hybrid,1000,10000,-0.1709307107124301,-0.0006760970636952127,-0.1702546136487349,100,64
B_only,1000,10000,-0.13930182105530137,-0.0006760970636952127,-0.13862572399160616,100,64
A_only,1000,2000,-1.1189631697178304,-0.0006760970636952127,-1.1182870726541352,200,64
hybrid,1000,2000,-0.5349678006858984,-0.0006760970636952127,-0.5342917036222032,200,64
B_only,1000,2000,-0.30382179057995123,-0.0006760970636952127,-0.30314569351625603,200,64
A_only,1000,5000,-0.20552091639219647,-0.0028182160594265654,-0.2027027003327699,200,64
hybrid,1000,5000,-0.07030224484875737,-0.0028182160594265654,-0.06748402878933081,200,64
B_only,1000,5000,-0.18455757620113092,-0.0028182160594265654,-0.18173936014170436,200,64
A_only,1000,10000,-0.5655971558241206,-0.0017750072554159953,-0.5638221485687046,200,64
hybrid,1000,10000,-0.14500242336686814,-0.0017750072554159953,-0.14322741611145215,200,64
B_only,1000,10000,-8.626662053729632e-05,-0.0017750072554159953,0.001688740634878699,200,64
A_only,1000,2000,-0.6996191333964019,-0.044229416304240946,-0.655389717092161,500,64
hybrid,1000,2000,-0.20636011855450762,-0.044229416304240946,-0.16213070225026666,500,64
B_only,1000,2000,-0.001834991124242461,-0.044229416304240946,0.04239442517999849,500,64
A_only,1000,5000,-0.3708723291936977,-0.0006760970636952127,-0.3701962321300025,500,64
hybrid,1000,5000,-0.046737279887986406,-0.0006760970636952127,-0.0460611828242912,500,64
B_only,1000,5000,-0.0013826823580606596,-0.0006760970636952127,-0.0007065852943654469,500,64
A_only,1000,10000,-0.8056350773699402,-0.0014035296225299897,-0.8042315477474102,500,64
hybrid,1000,10000,-0.12411984051078853,-0.0014035296225299897,-0.12271631088825855,500,64
B_only,1000,10000,-0.000793488729590964,-0.0014035296225299897,0.0006100408929390257,500,64
A_only,1000,2000,-0.7029605230286521,-0.20750551136338097,-0.4954550116652711,25,65
hybrid,1000,2000,-0.18221270372190587,-0.20750551136338097,0.025292807641475096,25,65
B_only,1000,2000,-0.005363178982521653,-0.20750551136338097,0.20214233238085932,25,65
A_only,1000,5000,-1.2021732770583915,-0.0006760970636952127,-1.2014971799946963,25,65
hybrid,1000,5000,-0.9258265164915567,-0.0006760970636952127,-0.9251504194278615,25,65
B_only,1000,5000,-2.5737129670979593e-05,-0.0006760970636952127,0.000650359934024233,25,65
A_only,1000,10000,-0.3190544750141706,-0.0006760970636952127,-0.3183783779504754,25,65
hybrid,1000,10000,-0.12550602817410467,-0.0006760970636952127,-0.12482993111040945,25,65
B_only,1000,10000,-0.00022079633027631223,-0.0006760970636952127,0.00045530073341890044,25,65
A_only,1000,2000,-1.2694280004040353,-0.0014035296225299897,-1.2680244707815052,50,65
hybrid,1000,2000,-1.0626431928961582,-0.0014035296225299897,-1.061239663273628,50,65
B_only,1000,2000,-0.8197114569897175,-0.0014035296225299897,-0.8183079273671875,50,65
A_only,1000,5000,-1.3910605400098972,-0.0006760970636952127,-1.390384442946202,50,65
hybrid,1000,5000,-1.6247898097988314,-0.0006760970636952127,-1.6241137127351362,50,65
B_only,1000,5000,-0.8233352180017971,-0.0006760970636952127,-0.8226591209381019,50,65
A_only,1000,10000,-0.5621291504185146,-0.0014035296225299897,-0.5607256207959846,50,65
hybrid,1000,10000,-0.5795227493979176,-0.0014035296225299897,-0.5781192197753876,50,65
B_only,1000,10000,-0.08197227402692732,-0.0014035296225299897,-0.08056874440439733,50,65
A_only,1000,2000,-0.7701066707451127,-0.01849454206597494,-0.7516121286791378,100,65
hybrid,1000,2000,-0.4196592026969041,-0.01849454206597494,-0.40116466063092915,100,65
B_only,1000,2000,-0.26371681290206517,-0.01849454206597494,-0.24522227083609022,100,65
A_only,1000,5000,-0.5770947260142723,-0.0028182160594265654,-0.5742765099548457,100,65
hybrid,1000,5000,-0.19309641650591092,-0.0028182160594265654,-0.19027820044648436,100,65
B_only,1000,5000,-9.588044771323224e-06,-0.0028182160594265654,0.002808628014655242,100,65
A_only,1000,10000,-0.3257916148269397,-0.0006760970636952127,-0.3251155177632445,100,65
hybrid,1000,10000,-0.07793246267049828,-0.0006760970636952127,-0.07725636560680306,100,65
B_only,1000,10000,-9.820507192182644e-06,-0.0006760970636952127,0.00066627655650303,100,65
A_only,1000,2000,-0.9402668596146789,-0.016652717978201063,-0.9236141416364778,200,65
hybrid,1000,2000,-0.5056342720543321,-0.016652717978201063,-0.48898155407613103,200,65
B_only,1000,2000,-0.08778359094937854,-0.016652717978201063,-0.07113087297117748,200,65
A_only,1000,5000,-0.9767357180379839,-0.0017750072554159953,-0.9749607107825679,200,65
hybrid,1000,5000,-0.3523348579430255,-0.0017750072554159953,-0.3505598506876095,200,65
B_only,1000,5000,-0.07720040572987451,-0.0017750072554159953,-0.07542539847445852,200,65
A_only,1000,10000,-0.17851274311407453,-0.0006760970636952127,-0.17783664605037933,200,65
hybrid,1000,10000,-0.06293426155626755,-0.0006760970636952127,-0.06225816449257234,200,65
B_only,1000,10000,-0.00690397891652023,-0.0006760970636952127,-0.006227881852825017,200,65
A_only,1000,2000,-0.4473368501250407,-0.0028182160594265654,-0.44451863406561415,500,65
hybrid,1000,2000,-0.08083056718705015,-0.0028182160594265654,-0.07801235112762359,500,65
B_only,1000,2000,-0.0047701338447033274,-0.0028182160594265654,-0.001951917785276762,500,65
A_only,1000,5000,-1.440544158445844,-0.0017750072554159953,-1.4387691511904281,500,65
hybrid,1000,5000,-0.27400985459657046,-0.0017750072554159953,-0.27223484734115444,500,65
B_only,1000,5000,-0.0006788329151137013,-0.0017750072554159953,0.001096174340302294,500,65
A_only,1000,10000,-0.7290952295461465,-0.0014035296225299897,-0.7276916999236165,500,65
hybrid,1000,10000,-0.4957390697552083,-0.0014035296225299897,-0.49433554013267833,500,65
B_only,1000,10000,-0.13483996108928611,-0.0014035296225299897,-0.13343643146675613,500,65
A_only,1000,2000,-1.337148605165471,-0.0028182160594265654,-1.3343303891060445,25,66
hybrid,1000,2000,-1.6441632927780867,-0.0028182160594265654,-1.6413450767186601,25,66
B_only,1000,2000,-1.26315203270504,-0.0028182160594265654,-1.2603338166456135,25,66
A_only,1000,5000,-0.526069063977847,-0.0028182160594265654,-0.5232508479184205,25,66
hybrid,1000,5000,-0.35005736759014544,-0.0028182160594265654,-0.3472391515307189,25,66
B_only,1000,5000,-0.9789994683988534,-0.0028182160594265654,-0.9761812523394269,25,66
A_only,1000,10000,-0.48896653711327526,-0.0017750072554159953,-0.48719152985785924,25,66
hybrid,1000,10000,-0.3029634100421351,-0.0017750072554159953,-0.3011884027867191,25,66
B_only,1000,10000,-0.004932025817419615,-0.0017750072554159953,-0.00315701856200362,25,66
A_only,1000,2000,-0.7886550857768543,-0.02555970165368331,-0.763095384123171,50,66
hybrid,1000,2000,-0.31772269278562026,-0.02555970165368331,-0.29216299113193694,50,66
B_only,1000,2000,-0.03374206432239897,-0.02555970165368331,-0.008182362668715661,50,66
A_only,1000,5000,-0.38896366681415334,-0.0033159803963591777,-0.3856476864177942,50,66
hybrid,1000,5000,-0.10046247583697987,-0.0033159803963591777,-0.09714649544062069,50,66
B_only,1000,5000,-7.404282675388133e-05,-0.0033159803963591777,0.0032419375696052964,50,66
A_only,1000,10000,-0.5767076943141687,-0.0014035296225299897,-0.5753041646916387,50,66
hybrid,1000,10000,-0.18162774575394547,-0.0014035296225299897,-0.18022421613141548,50,66
B_only,1000,10000,-0.011038942163439093,-0.0014035296225299897,-0.009635412540909103,50,66
A_only,1000,2000,-1.2023314399212452,-0.02744009198228548,-1.1748913479389598,100,66
hybrid,1000,2000,-0.3948243982501959,-0.02744009198228548,-0.3673843062679104,100,66
B_only,1000,2000,-0.0026015512092828945,-0.02744009198228548,0.024838540773002585,100,66
A_only,1000,5000,-0.5814198198401872,-0.0017750072554159953,-0.5796448125847712,100,66
hybrid,1000,5000,-0.24208318357825892,-0.0017750072554159953,-0.24030817632284293,100,66
B_only,1000,5000,-0.09573256675715192,-0.0017750072554159953,-0.09395755950173593,100,66
A_only,1000,10000,-0.31034622120601013,-0.0014035296225299897,-0.30894269158348014,100,66
hybrid,1000,10000,-0.0671544953155375,-0.0014035296225299897,-0.06575096569300751,100,66
B_only,1000,10000,-0.0008795965350409225,-0.0014035296225299897,0.0005239330874890672,100,66
A_only,1000,2000,-1.150086796447273,-0.10583604024616299,-1.04425075620111,200,66
hybrid,1000,2000,-0.3489911042459166,-0.10583604024616299,-0.24315506399975362,200,66
B_only,1000,2000,-0.026094802471690094,-0.10583604024616299,0.0797412377744729,200,66
A_only,1000,5000,-1.2908827564916243,-0.0006760970636952127,-1.2902066594279291,200,66
hybrid,1000,5000,-0.7178277056989911,-0.0006760970636952127,-0.7171516086352959,200,66
B_only,1000,5000,-0.051584657605201895,-0.0006760970636952127,-0.050908560541506685,200,66
A_only,1000,10000,-0.15041339707646884,-0.0028182160594265654,-0.14759518101704228,200,66
hybrid,1000,10000,-0.03636474183278478,-0.0028182160594265654,-0.03354652577335821,200,66
B_only,1000,10000,-0.01388156010318732,-0.0028182160594265654,-0.011063344043760755,200,66
A_only,1000,2000,-1.124739708730343,-0.11636221409479208,-1.008377494635551,500,66
hybrid,1000,2000,-0.27672439830104284,-0.11636221409479208,-0.16036218420625076,500,66
B_only,1000,2000,-0.040472087907698226,-0.11636221409479208,0.07589012618709386,500,66
A_only,1000,5000,-0.5831729241432028,-0.0006760970636952127,-0.5824968270795076,500,66
hybrid,1000,5000,-0.11753554472066792,-0.0006760970636952127,-0.1168594476569727,500,66
B_only,1000,5000,-0.038400226067443116,-0.0006760970636952127,-0.03772412900374791,500,66
A_only,1000,10000,-0.860250072207909,-0.0014035296225299897,-0.858846542585379,500,66
hybrid,1000,10000,-0.19189902942444428,-0.0014035296225299897,-0.1904954998019143,500,66
B_only,1000,10000,-0.0001848331039787636,-0.0014035296225299897,0.001218696518551226,500,66
A_only,1000,2000,-0.19381989618029463,-0.02744009198228548,-0.16637980419800916,25,67
hybrid,1000,2000,-0.012522637987032318,-0.02744009198228548,0.01491745399525316,25,67
B_only,1000,2000,-0.004771200147918495,-0.02744009198228548,0.022668891834366982,25,67
A_only,1000,5000,-0.07024127923353328,-0.016530923319274207,-0.05371035591425907,25,67
hybrid,1000,5000,-0.0012598257463202866,-0.016530923319274207,0.015271097572953921,25,67
B_only,1000,5000,-8.80558586712441e-09,-0.016530923319274207,0.01653091451368834,25,67
A_only,1000,10000,-0.5404904286925988,-0.0006760970636952127,-0.5398143316289036,25,67
hybrid,1000,10000,-0.30428804704745493,-0.0006760970636952127,-0.30361194998375973,25,67
B_only,1000,10000,-1.1125626210780875,-0.0006760970636952127,-1.1118865240143923,25,67
A_only,1000,2000,-1.249194484025819,-0.0014035296225299897,-1.2477909544032888,50,67
hybrid,1000,2000,-1.0448014203315286,-0.0014035296225299897,-1.0433978907089985,50,67
B_only,1000,2000,-1.5183904872343403,-0.0014035296225299897,-1.5169869576118102,50,67
A_only,1000,5000,-1.109668996802455,-0.0017750072554159953,-1.107893989547039,50,67
hybrid,1000,5000,-1.2196030990435518,-0.0017750072554159953,-1.217828091788136,50,67
B_only,1000,5000,-0.2865763384934939,-0.0017750072554159953,-0.2848013312380779,50,67
A_only,1000,10000,-0.03517307119384027,-0.0014035296225299897,-0.033769541571310284,50,67
hybrid,1000,10000,-0.004670801963333421,-0.0014035296225299897,-0.0032672723408034314,50,67
B_only,1000,10000,-0.21728966313278567,-0.0014035296225299897,-0.21588613351025568,50,67
A_only,1000,2000,-1.387590959456677,-0.021107166088018964,-1.3664837933686582,100,67
hybrid,1000,2000,-0.9668630498559764,-0.021107166088018964,-0.9457558837679574,100,67
B_only,1000,2000,-0.017469880155213568,-0.021107166088018964,0.003637285932805396,100,67
A_only,1000,5000,-0.6223479931299412,-0.0006760970636952127,-0.621671896066246,100,67
hybrid,1000,5000,-0.1921050854434575,-0.0006760970636952127,-0.1914289883797623,100,67
B_only,1000,5000,-3.194244661809852e-06,-0.0006760970636952127,0.0006729028190334028,100,67
A_only,1000,10000,-0.7333637410849374,-0.0006760970636952127,-0.7326876440212422,100,67
hybrid,1000,10000,-0.7815458491964485,-0.0006760970636952127,-0.7808697521327533,100,67
B_only,1000,10000,-0.34949353823042945,-0.0006760970636952127,-0.34881744116673424,100,67
A_only,1000,2000,-1.104727140606126,-0.11636221409479208,-0.988364926511334,200,67
hybrid,1000,2000,-0.4376731449028385,-0.11636221409479208,-0.3213109308080464,200,67
B_only,1000,2000,-0.05174931070056234,-0.11636221409479208,0.06461290339422975,200,67
A_only,1000,5000,-0.7002444104988843,-0.0006760970636952127,-0.6995683134351891,200,67
hybrid,1000,5000,-0.09336491312864714,-0.0006760970636952127,-0.09268881606495193,200,67
B_only,1000,5000,-0.0006543927806486093,-0.0006760970636952127,2.1704283046603402e-05,200,67
A_only,1000,10000,-0.3852713111264507,-0.0006760970636952127,-0.3845952140627555,200,67
hybrid,1000,10000,-0.07316839380325621,-0.0006760970636952127,-0.072492296739561,200,67
B_only,1000,10000,-0.00013811581801487937,-0.0006760970636952127,0.0005379812456803334,200,67
A_only,1000,2000,-1.1671981647244054,-0.021107166088018964,-1.1460909986363865,500,67
hybrid,1000,2000,-0.21942450305032876,-0.021107166088018964,-0.1983173369623098,500,67
B_only,1000,2000,-0.02512185277021737,-0.021107166088018964,-0.004014686682198405,500,67
A_only,1000,5000,-0.08128877174401962,-0.0006760970636952127,-0.0806126746803244,500,67
hybrid,1000,5000,-0.016579061086618437,-0.0006760970636952127,-0.015902964022923224,500,67
B_only,1000,5000,-0.012243989414355705,-0.0006760970636952127,-0.011567892350660492,500,67
A_only,1000,10000,-0.6404884719397735,-0.0028182160594265654,-0.637670255880347,500,67
hybrid,1000,10000,-0.25419816459940364,-0.0028182160594265654,-0.2513799485399771,500,67
B_only,1000,10000,-0.006181783551241007,-0.0028182160594265654,-0.003363567491814442,500,67
A_only,1000,2000,-0.9556361211132182,-0.021107166088018964,-0.9345289550251992,25,68
hybrid,1000,2000,-0.7215804946337502,-0.021107166088018964,-0.7004733285457312,25,68
B_only,1000,2000,-0.32775123230281794,-0.021107166088018964,-0.306644066214799,25,68
A_only,1000,5000,-1.366670667695353,-0.0033159803963591777,-1.363354687298994,25,68
hybrid,1000,5000,-0.4985937088407498,-0.0033159803963591777,-0.49527772844439066,25,68
B_only,1000,5000,-0.00018509102640450873,-0.0033159803963591777,0.003130889369954669,25,68
A_only,1000,10000,-0.6125211452453125,-0.0014035296225299897,-0.6111176156227826,25,68
hybrid,1000,10000,-0.3057375816369142,-0.0014035296225299897,-0.30433405201438424,25,68
B_only,1000,10000,-0.006066640743418369,-0.0014035296225299897,-0.004663111120888379,25,68
A_only,1000,2000,-0.24396356943915504,-0.10941634953475828,-0.13454721990439678,50,68
hybrid,1000,2000,-0.014834109653084765,-0.10941634953475828,0.09458223988167351,50,68
B_only,1000,2000,-0.00029542375493561544,-0.10941634953475828,0.10912092577982266,50,68
A_only,1000,5000,-0.6334185931898298,-0.0006760970636952127,-0.6327424961261346,50,68
hybrid,1000,5000,-0.2911540332052694,-0.0006760970636952127,-0.2904779361415742,50,68
B_only,1000,5000,-0.0013568643150216081,-0.0006760970636952127,-0.0006807672513263954,50,68
A_only,1000,10000,-0.6863757755750178,-0.0006760970636952127,-0.6856996785113226,50,68
hybrid,1000,10000,-0.5174605586070044,-0.0006760970636952127,-0.5167844615433091,50,68
B_only,1000,10000,-1.8478670973234443,-0.0006760970636952127,-1.8471910002597491,50,68
A_only,1000,2000,-0.2705711021406922,-0.01849454206597494,-0.25207656007471724,100,68
hybrid,1000,2000,-0.056067325269313045,-0.01849454206597494,-0.03757278320333811,100,68
B_only,1000,2000,-0.09619930127273026,-0.01849454206597494,-0.07770475920675532,100,68
A_only,1000,5000,-0.4922984473065493,-0.02555970165368331,-0.466738745652866,100,68
hybrid,1000,5000,-0.187427502684903,-0.02555970165368331,-0.16186780103121967,100,68
B_only,1000,5000,-0.057165199042284134,-0.02555970165368331,-0.03160549738860083,100,68
A_only,1000,10000,-0.5530100267780859,-0.0028182160594265654,-0.5501918107186593,100,68
hybrid,1000,10000,-0.266662291270021,-0.0028182160594265654,-0.26384407521059444,100,68
B_only,1000,10000,-0.21089376481931094,-0.0028182160594265654,-0.20807554875988438,100,68
A_only,1000,2000,-0.42162604911472346,-0.016530923319274207,-0.40509512579544926,200,68
hybrid,1000,2000,-0.15205621645050657,-0.016530923319274207,-0.13552529313123235,200,68
B_only,1000,2000,-0.005144176495456174,-0.016530923319274207,0.011386746823818034,200,68
A_only,1000,5000,-0.34132613249689975,-0.02744009198228548,-0.3138860405146143,200,68
hybrid,1000,5000,-0.08442370891776155,-0.02744009198228548,-0.05698361693547607,200,68
B_only,1000,5000,-0.006373019674944939,-0.02744009198228548,0.02106707230734054,200,68
A_only,1000,10000,-0.3661934092154862,-0.0006760970636952127,-0.365517312151791,200,68
hybrid,1000,10000,-0.13383772011435088,-0.0006760970636952127,-0.13316162305065568,200,68
B_only,1000,10000,-0.003520432025156484,-0.0006760970636952127,-0.0028443349614612713,200,68
A_only,1000,2000,-1.485097183659032,-0.0017750072554159953,-1.4833221764036162,500,68
hybrid,1000,2000,-0.399913470131918,-0.0017750072554159953,-0.398138462876502,500,68
B_only,1000,2000,-0.00657900641589708,-0.0017750072554159953,-0.004803999160481085,500,68
A_only,1000,5000,-0.7534369807249517,-0.01849454206597494,-0.7349424386589768,500,68
hybrid,1000,5000,-0.2974241872061672,-0.01849454206597494,-0.27892964514019225,500,68
B_only,1000,5000,-0.07315416504640893,-0.01849454206597494,-0.05465962298043399,500,68
A_only,1000,10000,-0.6375850630675989,-0.0006760970636952127,-0.6369089660039037,500,68
hybrid,1000,10000,-0.1767681408095193,-0.0006760970636952127,-0.1760920437458241,500,68
B_only,1000,10000,-0.05810103005914602,-0.0006760970636952127,-0.05742493299545081,500,68
A_only,1000,2000,-0.8645726251054368,-0.0006760970636952127,-0.8638965280417416,25,69
hybrid,1000,2000,-0.4012876352754947,-0.0006760970636952127,-0.4006115382117995,25,69
B_only,1000,2000,-1.7860119704422437,-0.0006760970636952127,-1.7853358733785485,25,69
A_only,1000,5000,-0.7794008677578943,-0.0006760970636952127,-0.7787247706941991,25,69
hybrid,1000,5000,-0.5224169526641514,-0.0006760970636952127,-0.5217408556004562,25,69
B_only,1000,5000,-1.516506728765429,-0.0006760970636952127,-1.5158306317017338,25,69
A_only,1000,10000,-0.5500826514375435,-0.0014035296225299897,-0.5486791218150135,25,69
hybrid,1000,10000,-0.27385925223354846,-0.0014035296225299897,-0.27245572261101847,25,69
B_only,1000,10000,-1.070256341486938,-0.0014035296225299897,-1.0688528118644078,25,69
A_only,1000,2000,-1.1114894145608467,-0.0006760970636952127,-1.1108133174971515,50,69
hybrid,1000,2000,-0.7184434003264504,-0.0006760970636952127,-0.7177673032627552,50,69
B_only,1000,2000,-0.029467652849736813,-0.0006760970636952127,-0.0287915557860416,50,69
A_only,1000,5000,-0.957685653898671,-0.0006760970636952127,-0.9570095568349758,50,69
hybrid,1000,5000,-0.6262276037812107,-0.0006760970636952127,-0.6255515067175155,50,69
B_only,1000,5000,-0.03969994898600723,-0.0006760970636952127,-0.039023851922312024,50,69
A_only,1000,10000,-0.8005776644291218,-0.0014035296225299897,-0.7991741348065918,50,69
hybrid,1000,10000,-0.47876261490711897,-0.0014035296225299897,-0.477359085284589,50,69
B_only,1000,10000,-0.02158297905954129,-0.0014035296225299897,-0.0201794494370113,50,69
A_only,1000,2000,-0.8621376135553779,-0.10953837719691305,-0.7525992363584648,100,69
hybrid,1000,2000,-0.7423441928583879,-0.10953837719691305,-0.6328058156614749,100,69
B_only,1000,2000,-0.31200070627710996,-0.10953837719691305,-0.2024623290801969,100,69
A_only,1000,5000,-0.9501946179233868,-0.0006760970636952127,-0.9495185208596916,100,69
hybrid,1000,5000,-0.18462632032165774,-0.0006760970636952127,-0.18395022325796254,100,69
B_only,1000,5000,-4.314468982958334e-06,-0.0006760970636952127,0.0006717825947122544,100,69
A_only,1000,10000,-0.523594616777701,-0.0014035296225299897,-0.522191087155171,100,69
hybrid,1000,10000,-0.17489500690752025,-0.0014035296225299897,-0.17349147728499026,100,69
B_only,1000,10000,-1.23719059994325e-06,-0.0014035296225299897,0.0014022924319300465,100,69
A_only,1000,2000,-0.9384100318938702,-0.0033159803963591777,-0.935094051497511,200,69
hybrid,1000,2000,-0.3289204707669532,-0.0033159803963591777,-0.325604490370594,200,69
B_only,1000,2000,-0.04903688989872802,-0.0033159803963591777,-0.045720909502368845,200,69
A_only,1000,5000,-0.7934846652430689,-0.0028182160594265654,-0.7906664491836424,200,69
hybrid,1000,5000,-0.12984022722748154,-0.0028182160594265654,-0.12702201116805498,200,69
B_only,1000,5000,-6.408632742664278e-08,-0.0028182160594265654,0.0028181519730991387,200,69
A_only,1000,10000,-0.848599387525661,-0.01849454206597494,-0.8301048454596861,200,69
hybrid,1000,10000,-0.2098937957971699,-0.01849454206597494,-0.19139925373119496,200,69
B_only,1000,10000,-0.0014616647504003047,-0.01849454206597494,0.017032877315574634,200,69
A_only,1000,2000,-1.3226082028848138,-0.0033159803963591777,-1.3192922224884547,500,69
hybrid,1000,2000,-0.42671282112506115,-0.0033159803963591777,-0.423396840728702,500,69
B_only,1000,2000,-0.05525762051400926,-0.0033159803963591777,-0.05194164011765008,500,69
A_only,1000,5000,-0.6042107028249352,-0.0006760970636952127,-0.60353460576124,500,69
hybrid,1000,5000,-0.10582457583319713,-0.0006760970636952127,-0.10514847876950191,500,69
B_only,1000,5000,-0.000852163638049004,-0.0006760970636952127,-0.0001760665743537913,500,69
A_only,1000,10000,-0.41156154959363034,-0.0006760970636952127,-0.41088545252993514,500,69
hybrid,1000,10000,-0.027889812506769168,-0.0006760970636952127,-0.027213715443073955,500,69
B_only,1000,10000,-9.659799413384221e-09,-0.0006760970636952127,0.0006760874038957993,500,69
A_only,1000,2000,-0.8240489765626823,-0.0006760970636952127,-0.8233728794989871,25,70
hybrid,1000,2000,-0.5922084693609697,-0.0006760970636952127,-0.5915323722972745,25,70
B_only,1000,2000,-0.7087160204195015,-0.0006760970636952127,-0.7080399233558063,25,70
A_only,1000,5000,-0.7848954159438901,-0.0014035296225299897,-0.7834918863213601,25,70
hybrid,1000,5000,-0.23718686418115523,-0.0014035296225299897,-0.23578333455862524,25,70
B_only,1000,5000,-0.00016873219500809124,-0.0014035296225299897,0.0012347974275218985,25,70
A_only,1000,10000,-0.44551386222309874,-0.0006760970636952127,-0.44483776515940354,25,70
hybrid,1000,10000,-0.11703118438548102,-0.0006760970636952127,-0.1163550873217858,25,70
B_only,1000,10000,-6.174777467475889e-06,-0.0006760970636952127,0.0006699222862277368,25,70
A_only,1000,2000,-0.5572613003468709,-0.016530923319274207,-0.5407303770275967,50,70
hybrid,1000,2000,-0.18901886173133745,-0.016530923319274207,-0.17248793841206322,50,70
B_only,1000,2000,-0.4004722916749349,-0.016530923319274207,-0.38394136835566073,50,70
A_only,1000,5000,-1.1861822225697651,-0.02744009198228548,-1.1587421305874797,50,70
hybrid,1000,5000,-0.44460815856803276,-0.02744009198228548,-0.4171680665857473,50,70
B_only,1000,5000,-0.0008101691783265722,-0.02744009198228548,0.026629922803958907,50,70
A_only,1000,10000,-0.015812659889107215,-0.0014035296225299897,-0.014409130266577225,50,70
hybrid,1000,10000,-0.0008063539851052972,-0.0014035296225299897,0.0005971756374246925,50,70
B_only,1000,10000,-0.018791957352192013,-0.0014035296225299897,-0.017388427729662023,50,70
A_only,1000,2000,-0.18873699204212568,-0.0028182160594265654,-0.18591877598269912,100,70
hybrid,1000,2000,-0.026080199197141458,-0.0028182160594265654,-0.02326198313771489,100,70
B_only,1000,2000,-0.06469260264185642,-0.0028182160594265654,-0.06187438658242985,100,70
A_only,1000,5000,-0.5669241247773593,-0.0033159803963591777,-0.5636081443810002,100,70
hybrid,1000,5000,-0.3198646173202881,-0.0033159803963591777,-0.3165486369239289,100,70
B_only,1000,5000,-0.14059407882374805,-0.0033159803963591777,-0.13727809842738886,100,70
A_only,1000,10000,-0.6444647655982033,-0.0014035296225299897,-0.6430612359756733,100,70
hybrid,1000,10000,-0.4021550462524206,-0.0014035296225299897,-0.4007515166298906,100,70
B_only,1000,10000,-0.30336181470687984,-0.0014035296225299897,-0.30195828508434985,100,70
A_only,1000,2000,-0.9360187578927588,-0.021107166088018964,-0.9149115918047398,200,70
hybrid,1000,2000,-0.31065817258022504,-0.021107166088018964,-0.2895510064922061,200,70
B_only,1000,2000,-0.039117022680934116,-0.021107166088018964,-0.018009856592915152,200,70
A_only,1000,5000,-0.8811268593231054,-0.02338563685393675,-0.8577412224691686,200,70
hybrid,1000,5000,-0.2657404661901862,-0.02338563685393675,-0.24235482933624947,200,70
B_only,1000,5000,-0.0008489015013925939,-0.02338563685393675,0.022536735352544156,200,70
A_only,1000,10000,-1.0311930355744683,-0.0006760970636952127,-1.030516938510773,200,70
hybrid,1000,10000,-0.5080407515373717,-0.0006760970636952127,-0.5073646544736765,200,70
B_only,1000,10000,-0.0005564286391457846,-0.0006760970636952127,0.00011966842454942813,200,70
A_only,1000,2000,-1.3980593195195847,-0.048388414022939155,-1.3496709054966456,500,70
hybrid,1000,2000,-0.1634234879938305,-0.048388414022939155,-0.11503507397089134,500,70
B_only,1000,2000,-0.002802616618794353,-0.048388414022939155,0.045585797404144805,500,70
A_only,1000,5000,-0.47945470528462864,-0.0014035296225299897,-0.47805117566209865,500,70
hybrid,1000,5000,-0.14545443918620823,-0.0014035296225299897,-0.14405090956367825,500,70
B_only,1000,5000,-0.024743401547883844,-0.0014035296225299897,-0.023339871925353854,500,70
A_only,1000,10000,-0.8134134625412033,-0.0006760970636952127,-0.8127373654775081,500,70
hybrid,1000,10000,-0.07619160566013669,-0.0006760970636952127,-0.07551550859644147,500,70
B_only,1000,10000,-0.00012325188548832676,-0.0006760970636952127,0.0005528451782068859,500,70
A_only,1000,2000,-0.6134050095925354,-0.016530923319274207,-0.5968740862732612,25,71
hybrid,1000,2000,-0.2523797666685613,-0.016530923319274207,-0.23584884334928713,25,71
B_only,1000,2000,-0.023002025772518253,-0.016530923319274207,-0.006471102453244046,25,71
A_only,1000,5000,-0.3498394972925013,-0.016530923319274207,-0.3333085739732271,25,71
hybrid,1000,5000,-0.10016182171037805,-0.016530923319274207,-0.08363089839110384,25,71
B_only,1000,5000,-0.0002552557140018524,-0.016530923319274207,0.016275667605272354,25,71
A_only,1000,10000,-0.45414035146480475,-0.0006760970636952127,-0.45346425440110955,25,71
hybrid,1000,10000,-0.1611678989687939,-0.0006760970636952127,-0.1604918019050987,25,71
B_only,1000,10000,-0.000598731743485798,-0.0006760970636952127,7.736532020941468e-05,25,71
A_only,1000,2000,-0.6779897680262559,-0.0014035296225299897,-0.6765862384037259,50,71
hybrid,1000,2000,-0.1902288076477936,-0.0014035296225299897,-0.1888252780252636,50,71
B_only,1000,2000,-0.0018999986820119534,-0.0014035296225299897,-0.0004964690594819637,50,71
A_only,1000,5000,-0.07367644811068465,-0.0028182160594265654,-0.07085823205125809,50,71
hybrid,1000,5000,-0.01224018904990379,-0.0028182160594265654,-0.009421972990477225,50,71
B_only,1000,5000,-0.10909724683427124,-0.0028182160594265654,-0.10627903077484468,50,71
A_only,1000,10000,-1.2458748567144153,-0.0028182160594265654,-1.2430566406549888,50,71
hybrid,1000,10000,-0.9262377728865275,-0.0028182160594265654,-0.923419556827101,50,71
B_only,1000,10000,-0.19460545887759098,-0.0028182160594265654,-0.19178724281816442,50,71
A_only,1000,2000,-0.9125833265370311,-0.02338563685393675,-0.8891976896830943,100,71
hybrid,1000,2000,-0.5695362374321479,-0.02338563685393675,-0.5461506005782111,100,71
B_only,1000,2000,-0.534287304005857,-0.02338563685393675,-0.5109016671519202,100,71
A_only,1000,5000,-0.33567129253905437,-0.0006760970636952127,-0.33499519547535916,100,71
hybrid,1000,5000,-0.15866229288586556,-0.0006760970636952127,-0.15798619582217036,100,71
B_only,1000,5000,-0.10794510319708105,-0.0006760970636952127,-0.10726900613338583,100,71
A_only,1000,10000,-1.0299102639505802,-0.0006760970636952127,-1.029234166886885,100,71
hybrid,1000,10000,-0.5158925132126871,-0.0006760970636952127,-0.5152164161489919,100,71
B_only,1000,10000,-0.02901410488702741,-0.0006760970636952127,-0.028338007823332196,100,71
A_only,1000,2000,-0.8626475378214233,-0.01849454206597494,-0.8441529957554484,200,71
hybrid,1000,2000,-0.35507566128172374,-0.01849454206597494,-0.3365811192157488,200,71
B_only,1000,2000,-0.06394628572851842,-0.01849454206597494,-0.04545174366254348,200,71
A_only,1000,5000,-0.48713327559027336,-0.0014035296225299897,-0.4857297459677434,200,71
hybrid,1000,5000,-0.13542717646499963,-0.0014035296225299897,-0.13402364684246965,200,71
B_only,1000,5000,-0.004126461603277546,-0.0014035296225299897,-0.0027229319807475557,200,71
A_only,1000,10000,-0.8696554774799211,-0.0014035296225299897,-0.8682519478573911,200,71
hybrid,1000,10000,-0.21740168727949183,-0.0014035296225299897,-0.21599815765696184,200,71
B_only,1000,10000,-0.0006884315010393992,-0.0014035296225299897,0.0007150981214905905,200,71
A_only,1000,2000,-0.8825610538663349,-0.01849454206597494,-0.86406651180036,500,71
hybrid,1000,2000,-0.1656609962157933,-0.01849454206597494,-0.14716645414981835,500,71
B_only,1000,2000,-0.0320159917147244,-0.01849454206597494,-0.013521449648749458,500,71
A_only,1000,5000,-0.21128762567129505,-0.0017750072554159953,-0.20951261841587906,500,71
hybrid,1000,5000,-0.07768034370128314,-0.0017750072554159953,-0.07590533644586715,500,71
B_only,1000,5000,-0.11108577043283141,-0.0017750072554159953,-0.10931076317741542,500,71
A_only,1000,10000,-0.6854755342221402,-0.0006760970636952127,-0.684799437158445,500,71
hybrid,1000,10000,-0.06006649910975119,-0.0006760970636952127,-0.05939040204605598,500,71
B_only,1000,10000,-2.176555534892844e-06,-0.0006760970636952127,0.0006739205081603199,500,71
A_only,1000,2000,-0.42468302452733464,-0.0017750072554159953,-0.4229080172719186,25,72
hybrid,1000,2000,-0.12568570104363774,-0.0017750072554159953,-0.12391069378822175,25,72
B_only,1000,2000,-0.9465884952855546,-0.0017750072554159953,-0.9448134880301385,25,72
A_only,1000,5000,-0.6123645382808423,-0.0028182160594265654,-0.6095463222214157,25,72
hybrid,1000,5000,-0.2977485537266138,-0.0028182160594265654,-0.29493033766718724,25,72
B_only,1000,5000,-0.00010123352622480563,-0.0028182160594265654,0.00271698253320176,25,72
A_only,1000,10000,-0.31424176910910234,-0.0006760970636952127,-0.31356567204540714,25,72
hybrid,1000,10000,-0.08694026163610603,-0.0006760970636952127,-0.08626416457241082,25,72
B_only,1000,10000,-1.3430058428631447e-05,-0.0006760970636952127,0.0006626670052665813,25,72
A_only,1000,2000,-0.6547600001583274,-0.016652717978201063,-0.6381072821801262,50,72
hybrid,1000,2000,-0.1583452607804632,-0.016652717978201063,-0.14169254280226215,50,72
B_only,1000,2000,-0.00972654147437858,-0.016652717978201063,0.006926176503822483,50,72
A_only,1000,5000,-0.0687404780187194,-0.01849454206597494,-0.05024593595274446,50,72
hybrid,1000,5000,-0.0075940622060625745,-0.01849454206597494,0.010900479859912365,50,72
B_only,1000,5000,-0.00011542705568968337,-0.01849454206597494,0.018379115010285257,50,72
A_only,1000,10000,-0.314373898006065,-0.0014035296225299897,-0.31297036838353504,50,72
hybrid,1000,10000,-0.14405226390067324,-0.0014035296225299897,-0.14264873427814326,50,72
B_only,1000,10000,-0.021832834018106897,-0.0014035296225299897,-0.020429304395576907,50,72
A_only,1000,2000,-0.7421395853832591,-0.016530923319274207,-0.7256086620639849,100,72
hybrid,1000,2000,-0.1697503123465392,-0.016530923319274207,-0.153219389027265,100,72
B_only,1000,2000,-0.001570020081025456,-0.016530923319274207,0.014960903238248752,100,72
A_only,1000,5000,-0.0850759089210512,-0.0006760970636952127,-0.08439981185735598,100,72
hybrid,1000,5000,-0.0075528926353796814,-0.0006760970636952127,-0.006876795571684469,100,72
B_only,1000,5000,-0.0050195291367410005,-0.0006760970636952127,-0.004343432073045788,100,72
A_only,1000,10000,-0.12545609701184662,-0.0014035296225299897,-0.12405256738931664,100,72
hybrid,1000,10000,-0.02986029274839021,-0.0014035296225299897,-0.02845676312586022,100,72
B_only,1000,10000,-0.0007213901746995885,-0.0014035296225299897,0.0006821394478304012,100,72
A_only,1000,2000,-1.603375862353845,-0.0028182160594265654,-1.6005576462944184,200,72
hybrid,1000,2000,-0.5100181785473888,-0.0028182160594265654,-0.5071999624879623,200,72
B_only,1000,2000,-0.009751044604620878,-0.0028182160594265654,-0.006932828545194313,200,72
A_only,1000,5000,-1.4073515870079312,-0.016530923319274207,-1.3908206636886569,200,72
hybrid,1000,5000,-0.6990997627014289,-0.016530923319274207,-0.6825688393821547,200,72
B_only,1000,5000,-0.04130979639106097,-0.016530923319274207,-0.024778873071786764,200,72
A_only,1000,10000,-1.2759093359022389,-0.0006760970636952127,-1.2752332388385437,200,72
hybrid,1000,10000,-0.7453162623695895,-0.0006760970636952127,-0.7446401653058943,200,72
B_only,1000,10000,-0.006753864507594667,-0.0006760970636952127,-0.006077767443899454,200,72
A_only,1000,2000,-0.17429818522663668,-0.05681229432921549,-0.11748589089742119,500,72
hybrid,1000,2000,-0.044073364681766806,-0.05681229432921549,0.012738929647448681,500,72
B_only,1000,2000,-0.07765413986085268,-0.05681229432921549,-0.02084184553163719,500,72
A_only,1000,5000,-0.07061578060160303,-0.048388414022939155,-0.02222736657866388,500,72
hybrid,1000,5000,-0.016293709879906138,-0.048388414022939155,0.03209470414303302,500,72
B_only,1000,5000,-0.01096245061725695,-0.048388414022939155,0.0374259634056822,500,72
A_only,1000,10000,-1.1170484480226064,-0.0006760970636952127,-1.1163723509589112,500,72
hybrid,1000,10000,-0.25045347647088867,-0.0006760970636952127,-0.24977737940719347,500,72
B_only,1000,10000,-0.00824258396415065,-0.0006760970636952127,-0.007566486900455437,500,72
A_only,1000,2000,-0.929173580370643,-0.0014035296225299897,-0.927770050748113,25,73
hybrid,1000,2000,-0.3943418916873001,-0.0014035296225299897,-0.3929383620647701,25,73
B_only,1000,2000,-0.037024667657366915,-0.0014035296225299897,-0.03562113803483693,25,73
A_only,1000,5000,-0.39735279164401266,-0.0017750072554159953,-0.39557778438859664,25,73
hybrid,1000,5000,-0.0934967027842864,-0.0017750072554159953,-0.09172169552887041,25,73
B_only,1000,5000,-0.0365531013772856,-0.0017750072554159953,-0.03477809412186961,25,73
A_only,1000,10000,-0.13808154511071313,-0.0014035296225299897,-0.13667801548818315,25,73
hybrid,1000,10000,-0.040207938106465495,-0.0014035296225299897,-0.03880440848393551,25,73
B_only,1000,10000,-0.05875717653966091,-0.0014035296225299897,-0.05735364691713092,25,73
A_only,1000,2000,-0.19629524882260527,-0.03431007729625027,-0.161985171526355,50,73
hybrid,1000,2000,-0.02280401362326036,-0.03431007729625027,0.011506063672989907,50,73
B_only,1000,2000,-0.090161846402854,-0.03431007729625027,-0.055851769106603735,50,73
A_only,1000,5000,-0.9062769185442836,-0.03431007729625027,-0.8719668412480334,50,73
hybrid,1000,5000,-0.4058891870662353,-0.03431007729625027,-0.371579109769985,50,73
B_only,1000,5000,-0.005964941368059972,-0.03431007729625027,0.028345135928190296,50,73
A_only,1000,10000,-0.13529372404210896,-0.0006760970636952127,-0.13461762697841376,50,73
hybrid,1000,10000,-0.05292809878070668,-0.0006760970636952127,-0.05225200171701147,50,73
B_only,1000,10000,-0.10866782098515777,-0.0006760970636952127,-0.10799172392146256,50,73
A_only,1000,2000,-0.8213816065259495,-0.016652717978201063,-0.8047288885477484,100,73
hybrid,1000,2000,-0.3052750153565401,-0.016652717978201063,-0.28862229737833905,100,73
B_only,1000,2000,-0.28437299736323807,-0.016652717978201063,-0.267720279385037,100,73
A_only,1000,5000,-0.5483333606537736,-0.0006760970636952127,-0.5476572635900784,100,73
hybrid,1000,5000,-0.2236701023648675,-0.0006760970636952127,-0.2229940053011723,100,73
B_only,1000,5000,-0.013915512390986285,-0.0006760970636952127,-0.013239415327291072,100,73
A_only,1000,10000,-0.3601161739579379,-0.0006760970636952127,-0.3594400768942427,100,73
hybrid,1000,10000,-0.15260284919717101,-0.0006760970636952127,-0.1519267521334758,100,73
B_only,1000,10000,-0.02073630940771172,-0.0006760970636952127,-0.020060212344016507,100,73
A_only,1000,2000,-0.8350495754603521,-0.06227961821163712,-0.772769957248715,200,73
hybrid,1000,2000,-0.22390667362911398,-0.06227961821163712,-0.16162705541747685,200,73
B_only,1000,2000,-0.0023004918392364147,-0.06227961821163712,0.0599791263724007,200,73
A_only,1000,5000,-0.7778914671219723,-0.0033159803963591777,-0.7745754867256132,200,73
hybrid,1000,5000,-0.3468753068973722,-0.0033159803963591777,-0.34355932650101306,200,73
B_only,1000,5000,-0.049455251316650364,-0.0033159803963591777,-0.04613927092029119,200,73
A_only,1000,10000,-0.9104024130107083,-0.0028182160594265654,-0.9075841969512818,200,73
hybrid,1000,10000,-0.3749268530739378,-0.0028182160594265654,-0.37210863701451125,200,73
B_only,1000,10000,-0.0005120124593072699,-0.0028182160594265654,0.0023062036001192956,200,73
A_only,1000,2000,-1.3447920069811135,-0.1155592143897619,-1.2292327925913515,500,73
hybrid,1000,2000,-0.4492781081004179,-0.1155592143897619,-0.333718893710656,500,73
B_only,1000,2000,-0.23374648274962806,-0.1155592143897619,-0.11818726835986616,500,73
A_only,1000,5000,-0.16232441382471252,-0.0017750072554159953,-0.16054940656929653,500,73
hybrid,1000,5000,-0.017577560879356274,-0.0017750072554159953,-0.01580255362394028,500,73
B_only,1000,5000,-0.0006683760036532375,-0.0017750072554159953,0.0011066312517627578,500,73
A_only,1000,10000,-1.0544596380671014,-0.0014035296225299897,-1.0530561084445713,500,73
hybrid,1000,10000,-0.15731076781662598,-0.0014035296225299897,-0.155907238194096,500,73
B_only,1000,10000,-0.0010147326135471542,-0.0014035296225299897,0.0003887970089828355,500,73
A_only,1000,2000,-0.6691980096215685,-0.0014035296225299897,-0.6677944799990385,25,74
hybrid,1000,2000,-0.23277518506297215,-0.0014035296225299897,-0.23137165544044216,25,74
B_only,1000,2000,-0.29991204333535415,-0.0014035296225299897,-0.29850851371282416,25,74
A_only,1000,5000,-0.7267911744750678,-0.016530923319274207,-0.7102602511557936,25,74
hybrid,1000,5000,-0.6465089751333627,-0.016530923319274207,-0.6299780518140885,25,74
B_only,1000,5000,-1.0523008196387345,-0.016530923319274207,-1.0357698963194601,25,74
A_only,1000,10000,-0.5213523040689382,-0.016530923319274207,-0.504821380749664,25,74
hybrid,1000,10000,-0.21830338355307868,-0.016530923319274207,-0.20177246023380446,25,74
B_only,1000,10000,-0.003248099117242687,-0.016530923319274207,0.01328282420203152,25,74
A_only,1000,2000,-0.9517645630140388,-0.0006760970636952127,-0.9510884659503436,50,74
hybrid,1000,2000,-0.47825412824982333,-0.0006760970636952127,-0.4775780311861281,50,74
B_only,1000,2000,-0.014246466414642714,-0.0006760970636952127,-0.0135703693509475,50,74
A_only,1000,5000,-0.623406833215729,-0.0028182160594265654,-0.6205886171563024,50,74
hybrid,1000,5000,-0.3540210432285989,-0.0028182160594265654,-0.35120282716917234,50,74
B_only,1000,5000,-0.00013202377550412882,-0.0028182160594265654,0.0026861922839224363,50,74
A_only,1000,10000,-0.7606878545186233,-0.0017750072554159953,-0.7589128472632073,50,74
hybrid,1000,10000,-0.4439023577933614,-0.0017750072554159953,-0.4421273505379454,50,74
B_only,1000,10000,-2.777670455343453e-05,-0.0017750072554159953,0.0017472305508625609,50,74
A_only,1000,2000,-0.9793437470864832,-0.0014035296225299897,-0.9779402174639532,100,74
hybrid,1000,2000,-0.2829558966662578,-0.0014035296225299897,-0.2815523670437278,100,74
B_only,1000,2000,-0.013812262266534439,-0.0014035296225299897,-0.01240873264400445,100,74
A_only,1000,5000,-0.6996347129844872,-0.0014035296225299897,-0.6982311833619572,100,74
hybrid,1000,5000,-0.34310384046747033,-0.0014035296225299897,-0.34170031084494035,100,74
B_only,1000,5000,-0.007789083041008621,-0.0014035296225299897,-0.006385553418478631,100,74
A_only,1000,10000,-0.2282259935654875,-0.0006760970636952127,-0.2275498965017923,100,74
hybrid,1000,10000,-0.07044881716134754,-0.0006760970636952127,-0.06977272009765233,100,74
B_only,1000,10000,-0.0009690046633682516,-0.0006760970636952127,-0.0002929075996730389,100,74
A_only,1000,2000,-1.3367063181766503,-0.09615520256525803,-1.2405511156113922,200,74
hybrid,1000,2000,-0.4703587495367937,-0.09615520256525803,-0.3742035469715357,200,74
B_only,1000,2000,-0.030470709779737974,-0.09615520256525803,0.06568449278552005,200,74
A_only,1000,5000,-0.017779539348325026,-0.016530923319274207,-0.0012486160290508183,200,74
hybrid,1000,5000,-0.0025593001444559464,-0.016530923319274207,0.013971623174818261,200,74
B_only,1000,5000,-0.013977933088258562,-0.016530923319274207,0.0025529902310156456,200,74
A_only,1000,10000,-1.1205885743521302,-0.0006760970636952127,-1.119912477288435,200,74
hybrid,1000,10000,-0.6723548074532043,-0.0006760970636952127,-0.6716787103895091,200,74
B_only,1000,10000,-0.0284025799220376,-0.0006760970636952127,-0.027726482858342387,200,74
A_only,1000,2000,-1.2037432393295608,-0.0017750072554159953,-1.201968232074145,500,74
hybrid,1000,2000,-0.24269759239587352,-0.0017750072554159953,-0.24092258514045753,500,74
B_only,1000,2000,-0.0030024892729177202,-0.0017750072554159953,-0.001227482017501725,500,74
A_only,1000,5000,-0.426341233266409,-0.09615520256525803,-0.33018603070115093,500,74
hybrid,1000,5000,-0.10338189571975198,-0.09615520256525803,-0.007226693154493952,500,74
B_only,1000,5000,-0.02381749757368586,-0.09615520256525803,0.07233770499157217,500,74
A_only,1000,10000,-0.7307039169127558,-0.016530923319274207,-0.7141729935934816,500,74
hybrid,1000,10000,-0.2767930672876312,-0.016530923319274207,-0.260262143968357,500,74
B_only,1000,10000,-0.00027767355096041703,-0.016530923319274207,0.016253249768313792,500,74
A_only,1000,2000,-1.1065636324601205,-0.0014035296225299897,-1.1051601028375904,25,75
hybrid,1000,2000,-0.2501175550952243,-0.0014035296225299897,-0.24871402547269433,25,75
B_only,1000,2000,-1.2214724154410478e-05,-0.0014035296225299897,0.0013913148983755793,25,75
A_only,1000,5000,-0.6017428631340481,-0.0014035296225299897,-0.6003393335115181,25,75
hybrid,1000,5000,-0.17378580149516923,-0.0014035296225299897,-0.17238227187263924,25,75
B_only,1000,5000,-3.259331819799588e-05,-0.0014035296225299897,0.0013709363043319937,25,75
A_only,1000,10000,-0.9640573272057151,-0.0006760970636952127,-0.9633812301420199,25,75
hybrid,1000,10000,-0.17373573590121633,-0.0006760970636952127,-0.17305963883752112,25,75
B_only,1000,10000,-2.6223716252983332e-14,-0.0006760970636952127,0.000676097063668989,25,75
A_only,1000,2000,-0.1503788493875103,-0.10583604024616299,-0.044542809141347325,50,75
hybrid,1000,2000,-0.012747275949676722,-0.10583604024616299,0.09308876429648627,50,75
B_only,1000,2000,-0.0879347170672029,-0.10583604024616299,0.01790132317896008,50,75
A_only,1000,5000,-0.4076464152772801,-0.0017750072554159953,-0.4058714080218641,50,75
hybrid,1000,5000,-0.13523391968744403,-0.0017750072554159953,-0.13345891243202804,50,75
B_only,1000,5000,-4.6937198377055635e-06,-0.0017750072554159953,0.0017703135355782898,50,75
A_only,1000,10000,-0.2265338147816959,-0.0006760970636952127,-0.2258577177180007,50,75
hybrid,1000,10000,-0.08737834289283214,-0.0006760970636952127,-0.08670224582913692,50,75
B_only,1000,10000,-0.34584348510805474,-0.0006760970636952127,-0.34516738804435954,50,75
A_only,1000,2000,-0.5784198098492218,-0.0033159803963591777,-0.5751038294528626,100,75
hybrid,1000,2000,-0.17793993646668319,-0.0033159803963591777,-0.174623956070324,100,75
B_only,1000,2000,-0.043178345019385576,-0.0033159803963591777,-0.0398623646230264,100,75
A_only,1000,5000,-0.827337909270436,-0.0006760970636952127,-0.8266618122067408,100,75
hybrid,1000,5000,-0.15742496754897697,-0.0006760970636952127,-0.15674887048528177,100,75
B_only,1000,5000,-8.418991665290223e-06,-0.0006760970636952127,0.0006676780720299225,100,75
A_only,1000,10000,-0.06608204675418244,-0.0017750072554159953,-0.06430703949876646,100,75
hybrid,1000,10000,-0.017732123021038545,-0.0017750072554159953,-0.01595711576562255,100,75
B_only,1000,10000,-0.20764455960381323,-0.0017750072554159953,-0.20586955234839724,100,75
A_only,1000,2000,-0.5773933265926268,-0.06227961821163712,-0.5151137083809897,200,75
hybrid,1000,2000,-0.13980161404569247,-0.06227961821163712,-0.07752199583405535,200,75
B_only,1000,2000,-0.00024000317429830048,-0.06227961821163712,0.06203961503733882,200,75
A_only,1000,5000,-1.0562061464283716,-0.0006760970636952127,-1.0555300493646764,200,75
hybrid,1000,5000,-0.6745675111461702,-0.0006760970636952127,-0.673891414082475,200,75
B_only,1000,5000,-0.1669901728853664,-0.0006760970636952127,-0.1663140758216712,200,75
A_only,1000,10000,-0.6305789702124927,-0.0006760970636952127,-0.6299028731487974,200,75
hybrid,1000,10000,-0.34964571569027153,-0.0006760970636952127,-0.34896961862657633,200,75
B_only,1000,10000,-0.10827027283347865,-0.0006760970636952127,-0.10759417576978343,200,75
A_only,1000,2000,-1.7548185788381605,-0.03431007729625027,-1.7205085015419102,500,75
hybrid,1000,2000,-0.17625144960321762,-0.03431007729625027,-0.14194137230696735,500,75
B_only,1000,2000,-7.429764660920472e-05,-0.03431007729625027,0.034235779649641064,500,75
A_only,1000,5000,-0.9228232405298206,-0.016652717978201063,-0.9061705225516195,500,75
hybrid,1000,5000,-0.24470768333698228,-0.016652717978201063,-0.22805496535878123,500,75
B_only,1000,5000,-0.003681538567036769,-0.016652717978201063,0.012971179411164293,500,75
A_only,1000,10000,-0.5122814451468763,-0.0014035296225299897,-0.5108779155243464,500,75
hybrid,1000,10000,-0.08148331144471525,-0.0014035296225299897,-0.08007978182218527,500,75
B_only,1000,10000,-2.863330422967053e-05,-0.0014035296225299897,0.0013748963183003193,500,75
A_only,1000,2000,-1.1830012687384466,-0.0028182160594265654,-1.18018305267902,25,76
hybrid,1000,2000,-0.7732975571285439,-0.0028182160594265654,-0.7704793410691173,25,76
B_only,1000,2000,-0.002835074575649492,-0.0028182160594265654,-1.6858516222926622e-05,25,76
A_only,1000,5000,-0.8218574150487884,-0.02744009198228548,-0.7944173230665029,25,76
hybrid,1000,5000,-0.45531582921918207,-0.02744009198228548,-0.4278757372368966,25,76
B_only,1000,5000,-0.8448718449675002,-0.02744009198228548,-0.8174317529852148,25,76
A_only,1000,10000,-0.4846571610279522,-0.01849454206597494,-0.46616261896197725,25,76
hybrid,1000,10000,-0.19265374241778643,-0.01849454206597494,-0.17415920035181148,25,76
B_only,1000,10000,-0.00011278020765323734,-0.01849454206597494,0.018381761858321702,25,76
A_only,1000,2000,-1.085592256572761,-0.0028182160594265654,-1.0827740405133344,50,76
hybrid,1000,2000,-0.6623056896840634,-0.0028182160594265654,-0.6594874736246369,50,76
B_only,1000,2000,-0.375453373905954,-0.0028182160594265654,-0.37263515784652745,50,76
A_only,1000,5000,-0.5168788460824975,-0.0006760970636952127,-0.5162027490188023,50,76
hybrid,1000,5000,-0.2292981094508246,-0.0006760970636952127,-0.2286220123871294,50,76
B_only,1000,5000,-0.11060879540158287,-0.0006760970636952127,-0.10993269833788766,50,76
A_only,1000,10000,-0.54718521433046,-0.0028182160594265654,-0.5443669982710334,50,76
hybrid,1000,10000,-0.19658231741282273,-0.0028182160594265654,-0.19376410135339617,50,76
B_only,1000,10000,-0.0018091579828295615,-0.0028182160594265654,0.0010090580765970039,50,76
A_only,1000,2000,-0.521475666589054,-0.0017750072554159953,-0.519700659333638,100,76
hybrid,1000,2000,-0.18422773356823097,-0.0017750072554159953,-0.18245272631281498,100,76
B_only,1000,2000,-0.2731598256742231,-0.0017750072554159953,-0.27138481841880707,100,76
A_only,1000,5000,-1.224827209883511,-0.016652717978201063,-1.20817449190531,100,76
hybrid,1000,5000,-0.6243019343295094,-0.016652717978201063,-0.6076492163513083,100,76
B_only,1000,5000,-0.003791860349353895,-0.016652717978201063,0.012860857628847169,100,76
A_only,1000,10000,-0.17592760612740407,-0.016530923319274207,-0.15939668280812985,100,76
hybrid,1000,10000,-0.04438726542556124,-0.016530923319274207,-0.027856342106287034,100,76
B_only,1000,10000,-0.12073700625229102,-0.016530923319274207,-0.10420608293301681,100,76
A_only,1000,2000,-1.6304992876141358,-0.02338563685393675,-1.607113650760199,200,76
hybrid,1000,2000,-1.0568717716894616,-0.02338563685393675,-1.0334861348355249,200,76
B_only,1000,2000,-0.6564565368079954,-0.02338563685393675,-0.6330708999540586,200,76
A_only,1000,5000,-1.094988315374147,-0.0017750072554159953,-1.0932133081187312,200,76
hybrid,1000,5000,-0.35300263153303096,-0.0017750072554159953,-0.35122762427761495,200,76
B_only,1000,5000,-0.028381014363618826,-0.0017750072554159953,-0.02660600710820283,200,76
A_only,1000,10000,-1.2570969354271353,-0.0017750072554159953,-1.2553219281717194,200,76
hybrid,1000,10000,-0.7849836245849159,-0.0017750072554159953,-0.7832086173294999,200,76
B_only,1000,10000,-0.325540145893697,-0.0017750072554159953,-0.323765138638281,200,76
A_only,1000,2000,-0.36497761859743905,-0.02555970165368331,-0.3394179169437557,500,76
hybrid,1000,2000,-0.08938512451486609,-0.02555970165368331,-0.06382542286118278,500,76
B_only,1000,2000,-0.011413564012721804,-0.02555970165368331,0.014146137640961506,500,76
A_only,1000,5000,-0.5222472766697924,-0.016652717978201063,-0.5055945586915913,500,76
hybrid,1000,5000,-0.1524917446192716,-0.016652717978201063,-0.13583902664107053,500,76
B_only,1000,5000,-0.010236521244254167,-0.016652717978201063,0.006416196733946895,500,76
A_only,1000,10000,-0.3739116082513516,-0.0006760970636952127,-0.3732355111876564,500,76
hybrid,1000,10000,-0.1027220206306511,-0.0006760970636952127,-0.10204592356695588,500,76
B_only,1000,10000,-0.028094786822548394,-0.0006760970636952127,-0.02741868975885318,500,76
A_only,1000,2000,-0.9621756427613394,-0.01849454206597494,-0.9436811006953645,25,77
hybrid,1000,2000,-0.44396023233109083,-0.01849454206597494,-0.4254656902651159,25,77
B_only,1000,2000,-0.04770408845996643,-0.01849454206597494,-0.02920954639399149,25,77
A_only,1000,5000,-0.5408783886703262,-0.0014035296225299897,-0.5394748590477962,25,77
hybrid,1000,5000,-0.1519325476523833,-0.0014035296225299897,-0.1505290180298533,25,77
B_only,1000,5000,-0.011725286575311314,-0.0014035296225299897,-0.010321756952781324,25,77
A_only,1000,10000,-1.039988114543947,-0.0006760970636952127,-1.0393120174802517,25,77
hybrid,1000,10000,-0.6043564923682528,-0.0006760970636952127,-0.6036803953045576,25,77
B_only,1000,10000,-6.560683761845663e-07,-0.0006760970636952127,0.0006754409953190282,25,77
A_only,1000,2000,-1.1129203626575708,-0.06227961821163712,-1.0506407444459336,50,77
hybrid,1000,2000,-0.3921491774545115,-0.06227961821163712,-0.32986955924287437,50,77
B_only,1000,2000,-0.002723140291886264,-0.06227961821163712,0.059556477919750855,50,77
A_only,1000,5000,-0.4008053407597054,-0.0006760970636952127,-0.4001292436960102,50,77
hybrid,1000,5000,-0.2097105672438732,-0.0006760970636952127,-0.209034470180178,50,77
B_only,1000,5000,-0.18224376944121834,-0.0006760970636952127,-0.18156767237752314,50,77
A_only,1000,10000,-0.535531853218272,-0.0006760970636952127,-0.5348557561545768,50,77
hybrid,1000,10000,-0.15283207064040968,-0.0006760970636952127,-0.15215597357671448,50,77
B_only,1000,10000,-1.2927471062344456e-05,-0.0006760970636952127,0.0006631695926328683,50,77
A_only,1000,2000,-0.9318637913300979,-0.10943260677201108,-0.8224311845580868,100,77
hybrid,1000,2000,-0.6116631591970496,-0.10943260677201108,-0.5022305524250386,100,77
B_only,1000,2000,-0.5267248945115582,-0.10943260677201108,-0.4172922877395472,100,77
A_only,1000,5000,-1.5068957833141712,-0.02555970165368331,-1.481336081660488,100,77
hybrid,1000,5000,-1.3888481635512047,-0.02555970165368331,-1.3632884618975214,100,77
B_only,1000,5000,-0.4218540398697988,-0.02555970165368331,-0.3962943382161155,100,77
A_only,1000,10000,-0.37477819704245335,-0.0006760970636952127,-0.37410209997875815,100,77
hybrid,1000,10000,-0.1694085994626426,-0.0006760970636952127,-0.1687325023989474,100,77
B_only,1000,10000,-0.10797073558946801,-0.0006760970636952127,-0.1072946385257728,100,77
A_only,1000,2000,-0.8363780315676338,-0.0028182160594265654,-0.8335598155082072,200,77
hybrid,1000,2000,-0.47948840190954467,-0.0028182160594265654,-0.4766701858501181,200,77
B_only,1000,2000,-0.14072068339708219,-0.0028182160594265654,-0.13790246733765563,200,77
A_only,1000,5000,-1.5071769590120279,-0.01849454206597494,-1.4886824169460529,200,77
hybrid,1000,5000,-1.0427417706170552,-0.01849454206597494,-1.0242472285510802,200,77
B_only,1000,5000,-0.008068073359012135,-0.01849454206597494,0.010426468706962806,200,77
A_only,1000,10000,-0.06119182135762632,-0.0033159803963591777,-0.05787584096126714,200,77
hybrid,1000,10000,-0.007956446742627963,-0.0033159803963591777,-0.0046404663462687856,200,77
B_only,1000,10000,-0.0006464096391491271,-0.0033159803963591777,0.0026695707572100508,200,77
A_only,1000,2000,-0.5851726482575814,-0.05681229432921549,-0.5283603539283659,500,77
hybrid,1000,2000,-0.09426369256609067,-0.05681229432921549,-0.03745139823687518,500,77
B_only,1000,2000,-0.00013784932117500895,-0.05681229432921549,0.05667444500804048,500,77
A_only,1000,5000,-0.8566587152620497,-0.0006760970636952127,-0.8559826181983545,500,77
hybrid,1000,5000,-0.3042349412348584,-0.0006760970636952127,-0.3035588441711632,500,77
B_only,1000,5000,-0.026855628780748517,-0.0006760970636952127,-0.026179531717053305,500,77
A_only,1000,10000,-0.6877685021117728,-0.0014035296225299897,-0.6863649724892428,500,77
hybrid,1000,10000,-0.20476805321218933,-0.0014035296225299897,-0.20336452358965934,500,77
B_only,1000,10000,-0.1568934133352663,-0.0014035296225299897,-0.1554898837127363,500,77
A_only,1000,2000,-0.129634344254154,-0.0014035296225299897,-0.128230814631624,25,78
hybrid,1000,2000,-0.008654926761185545,-0.0014035296225299897,-0.0072513971386555555,25,78
B_only,1000,2000,-0.04527664112764397,-0.0014035296225299897,-0.043873111505113985,25,78
A_only,1000,5000,-0.8251983724088341,-0.0006760970636952127,-0.8245222753451389,25,78
hybrid,1000,5000,-0.34979596208706915,-0.0006760970636952127,-0.34911986502337394,25,78
B_only,1000,5000,-0.007966726264063523,-0.0006760970636952127,-0.00729062920036831,25,78
A_only,1000,10000,-0.6493226976470934,-0.0017750072554159953,-0.6475476903916774,25,78
hybrid,1000,10000,-0.6801488125028132,-0.0017750072554159953,-0.6783738052473972,25,78
B_only,1000,10000,-0.7533481322397276,-0.0017750072554159953,-0.7515731249843116,25,78
A_only,1000,2000,-0.6840021774395985,-0.016652717978201063,-0.6673494594613973,50,78
hybrid,1000,2000,-0.2858876703989397,-0.016652717978201063,-0.26923495242073864,50,78
B_only,1000,2000,-0.04298717136435491,-0.016652717978201063,-0.02633445338615385,50,78
A_only,1000,5000,-1.1809803007022424,-0.0006760970636952127,-1.1803042036385472,50,78
hybrid,1000,5000,-0.6554263757998767,-0.0006760970636952127,-0.6547502787361815,50,78
B_only,1000,5000,-0.20498857129428444,-0.0006760970636952127,-0.20431247423058924,50,78
A_only,1000,10000,-0.48182656611792435,-0.0006760970636952127,-0.48115046905422915,50,78
hybrid,1000,10000,-0.16031929101120412,-0.0006760970636952127,-0.15964319394750892,50,78
B_only,1000,10000,-0.01892102555392641,-0.0006760970636952127,-0.018244928490231196,50,78
A_only,1000,2000,-0.7909552130284954,-0.10941634953475828,-0.681538863493737,100,78
hybrid,1000,2000,-0.2674992861166111,-0.10941634953475828,-0.15808293658185285,100,78
B_only,1000,2000,-0.10046221630251308,-0.10941634953475828,0.008954133232245198,100,78
A_only,1000,5000,-0.8029592001315671,-0.0006760970636952127,-0.8022831030678719,100,78
hybrid,1000,5000,-0.3252150159017391,-0.0006760970636952127,-0.3245389188380439,100,78
B_only,1000,5000,-0.0002753432110564007,-0.0006760970636952127,0.000400753852638812,100,78
A_only,1000,10000,-0.44625922763778103,-0.0006760970636952127,-0.44558313057408583,100,78
hybrid,1000,10000,-0.11430962856816274,-0.0006760970636952127,-0.11363353150446752,100,78
B_only,1000,10000,-5.491463138818089e-07,-0.0006760970636952127,0.0006755479173813309,100,78
A_only,1000,2000,-1.57197033140843,-0.044229416304240946,-1.527740915104189,200,78
hybrid,1000,2000,-0.5887109082729008,-0.044229416304240946,-0.5444814919686599,200,78
B_only,1000,2000,-0.16258038435392597,-0.044229416304240946,-0.11835096804968502,200,78
A_only,1000,5000,-1.0244562021217725,-0.0028182160594265654,-1.021637986062346,200,78
hybrid,1000,5000,-0.36092418241796664,-0.0028182160594265654,-0.3581059663585401,200,78
B_only,1000,5000,-0.034004641419059844,-0.0028182160594265654,-0.03118642535963328,200,78
A_only,1000,10000,-0.25143059347604946,-0.0014035296225299897,-0.25002706385351947,200,78
hybrid,1000,10000,-0.045462007777489793,-0.0014035296225299897,-0.04405847815495981,200,78
B_only,1000,10000,-0.001463614795415688,-0.0014035296225299897,-6.008517288569825e-05,200,78
A_only,1000,2000,-0.42507605240433316,-0.10943260677201108,-0.31564344563232205,500,78
hybrid,1000,2000,-0.03151345624015375,-0.10943260677201108,0.07791915053185733,500,78
B_only,1000,2000,-1.0077182267275642e-05,-0.10943260677201108,0.1094225295897438,500,78
A_only,1000,5000,-0.6417203330777798,-0.016652717978201063,-0.6250676150995786,500,78
hybrid,1000,5000,-0.2219088700527871,-0.016652717978201063,-0.20525615207458603,500,78
B_only,1000,5000,-0.03190976140000211,-0.016652717978201063,-0.015257043421801047,500,78
A_only,1000,10000,-0.32573072963294847,-0.0006760970636952127,-0.32505463256925327,500,78
hybrid,1000,10000,-0.052789040145810005,-0.0006760970636952127,-0.052112943082114796,500,78
B_only,1000,10000,-0.00014133171590902644,-0.0006760970636952127,0.0005347653477861862,500,78
A_only,1000,2000,-1.0854464952047258,-0.02744009198228548,-1.0580064032224403,25,79
hybrid,1000,2000,-0.9869317804130066,-0.02744009198228548,-0.9594916884307211,25,79
B_only,1000,2000,-0.5968957520656163,-0.02744009198228548,-0.5694556600833308,25,79
A_only,1000,5000,-0.7489202438954263,-0.0014035296225299897,-0.7475167142728963,25,79
hybrid,1000,5000,-0.3975476857533233,-0.0014035296225299897,-0.3961441561307933,25,79
B_only,1000,5000,-0.37860717088365986,-0.0014035296225299897,-0.3772036412611299,25,79
A_only,1000,10000,-0.585408984823868,-0.0006760970636952127,-0.5847328877601728,25,79
hybrid,1000,10000,-0.37914244916649914,-0.0006760970636952127,-0.37846635210280394,25,79
B_only,1000,10000,-1.755287954164014,-0.0006760970636952127,-1.7546118571003189,25,79
A_only,1000,2000,-0.2773908872942308,-0.0028182160594265654,-0.2745726712348042,50,79
hybrid,1000,2000,-0.03965147957152178,-0.0028182160594265654,-0.03683326351209521,50,79
B_only,1000,2000,-0.05107637241374187,-0.0028182160594265654,-0.0482581563543153,50,79
A_only,1000,5000,-1.2881533524799245,-0.016530923319274207,-1.2716224291606502,50,79
hybrid,1000,5000,-0.41247195984455365,-0.016530923319274207,-0.39594103652527946,50,79
B_only,1000,5000,-0.0061364550221811465,-0.016530923319274207,0.01039446829709306,50,79
A_only,1000,10000,-0.7328374131933093,-0.0017750072554159953,-0.7310624059378933,50,79
hybrid,1000,10000,-0.2493002264324105,-0.0017750072554159953,-0.24752521917699452,50,79
B_only,1000,10000,-0.00036032408257875604,-0.0017750072554159953,0.0014146831728372392,50,79
A_only,1000,2000,-0.8967483762054771,-0.044229416304240946,-0.8525189599012362,100,79
hybrid,1000,2000,-0.4899012184973599,-0.044229416304240946,-0.44567180219311897,100,79
B_only,1000,2000,-0.6200564717709784,-0.044229416304240946,-0.5758270554667375,100,79
A_only,1000,5000,-0.4474536128621777,-0.0014035296225299897,-0.44605008323964773,100,79
hybrid,1000,5000,-0.17648212767098312,-0.0014035296225299897,-0.17507859804845313,100,79
B_only,1000,5000,-0.007136638503757754,-0.0014035296225299897,-0.005733108881227764,100,79
A_only,1000,10000,-0.7945779426004432,-0.0006760970636952127,-0.793901845536748,100,79
hybrid,1000,10000,-0.3880651520941507,-0.0006760970636952127,-0.3873890550304555,100,79
B_only,1000,10000,-0.002242781037755477,-0.0006760970636952127,-0.001566683974060264,100,79
A_only,1000,2000,-0.6655931802483903,-0.0028182160594265654,-0.6627749641889638,200,79
hybrid,1000,2000,-0.2601602672217006,-0.0028182160594265654,-0.25734205116227404,200,79
B_only,1000,2000,-0.16131331069183832,-0.0028182160594265654,-0.15849509463241176,200,79
A_only,1000,5000,-0.9521027298250673,-0.0006760970636952127,-0.9514266327613721,200,79
hybrid,1000,5000,-0.2992360921298142,-0.0006760970636952127,-0.298559995066119,200,79
B_only,1000,5000,-0.04281889116199651,-0.0006760970636952127,-0.0421427940983013,200,79
A_only,1000,10000,-1.126782910005366,-0.0028182160594265654,-1.1239646939459393,200,79
hybrid,1000,10000,-0.42573426319162394,-0.0028182160594265654,-0.4229160471321974,200,79
B_only,1000,10000,-0.0041891064456375604,-0.0028182160594265654,-0.001370890386210995,200,79
A_only,1000,2000,-0.7679572232030142,-0.04442382739503962,-0.7235333958079746,500,79
hybrid,1000,2000,-0.07200624871985611,-0.04442382739503962,-0.027582421324816496,500,79
B_only,1000,2000,-1.2678840578783865e-05,-0.04442382739503962,0.044411148554460836,500,79
A_only,1000,5000,-0.7867500891351321,-0.016530923319274207,-0.7702191658158579,500,79
hybrid,1000,5000,-0.3009627126829664,-0.016530923319274207,-0.28443178936369223,500,79
B_only,1000,5000,-0.009727813449550017,-0.016530923319274207,0.00680310986972419,500,79
A_only,1000,10000,-0.6283016167125479,-0.0028182160594265654,-0.6254834006531214,500,79
hybrid,1000,10000,-0.11161237466074686,-0.0028182160594265654,-0.1087941586013203,500,79
B_only,1000,10000,-2.1801192093950454e-06,-0.0028182160594265654,0.0028160359402171703,500,79
A_only,1000,2000,-0.6936162957031557,-0.01849454206597494,-0.6751217536371809,25,80
hybrid,1000,2000,-0.1703500664013345,-0.01849454206597494,-0.15185552433535954,25,80
B_only,1000,2000,-0.21632423719404553,-0.01849454206597494,-0.19782969512807058,25,80
A_only,1000,5000,-0.969155643889501,-0.0006760970636952127,-0.9684795468258058,25,80
hybrid,1000,5000,-1.0298769308807505,-0.0006760970636952127,-1.0292008338170553,25,80
B_only,1000,5000,-0.5628643532831633,-0.0006760970636952127,-0.5621882562194681,25,80
A_only,1000,10000,-0.06173566469405748,-0.0017750072554159953,-0.059960657438641485,25,80
hybrid,1000,10000,-0.008380864850911338,-0.0017750072554159953,-0.006605857595495343,25,80
B_only,1000,10000,-0.008648654507101413,-0.0017750072554159953,-0.006873647251685418,25,80
A_only,1000,2000,-0.7165953786236716,-0.10583604024616299,-0.6107593383775086,50,80
hybrid,1000,2000,-0.2186217538564323,-0.10583604024616299,-0.1127857136102693,50,80
B_only,1000,2000,-0.0037498408725097567,-0.10583604024616299,0.10208619937365322,50,80
A_only,1000,5000,-0.8993585546082816,-0.016652717978201063,-0.8827058366300805,50,80
hybrid,1000,5000,-1.003320716596,-0.016652717978201063,-0.986667998617799,50,80
B_only,1000,5000,-1.6844480913520035,-0.016652717978201063,-1.6677953733738025,50,80
A_only,1000,10000,-0.4276604940763307,-0.0006760970636952127,-0.4269843970126355,50,80
hybrid,1000,10000,-0.1099413996229727,-0.0006760970636952127,-0.10926530255927748,50,80
B_only,1000,10000,-0.009348753417383351,-0.0006760970636952127,-0.008672656353688139,50,80
A_only,1000,2000,-0.3518804129897839,-0.016530923319274207,-0.3353494896705097,100,80
hybrid,1000,2000,-0.08682178474772471,-0.016530923319274207,-0.07029086142845051,100,80
B_only,1000,2000,-0.5281807995128031,-0.016530923319274207,-0.5116498761935289,100,80
A_only,1000,5000,-0.9705235678649923,-0.016530923319274207,-0.9539926445457181,100,80
hybrid,1000,5000,-0.6448002846116284,-0.016530923319274207,-0.6282693612923542,100,80
B_only,1000,5000,-0.008117274072812306,-0.016530923319274207,0.008413649246461902,100,80
A_only,1000,10000,-0.5502002849463052,-0.0028182160594265654,-0.5473820688868787,100,80
hybrid,1000,10000,-0.32219592696687266,-0.0028182160594265654,-0.3193777109074461,100,80
B_only,1000,10000,-0.0023153898669146123,-0.0028182160594265654,0.000502826192511953,100,80
A_only,1000,2000,-0.9017739286881965,-0.02338563685393675,-0.8783882918342597,200,80
hybrid,1000,2000,-0.2892044725945947,-0.02338563685393675,-0.26581883574065795,200,80
B_only,1000,2000,-0.017069532710402898,-0.02338563685393675,0.006316104143533851,200,80
A_only,1000,5000,-0.6690762584060679,-0.0014035296225299897,-0.6676727287835379,200,80
hybrid,1000,5000,-0.36289708725851716,-0.0014035296225299897,-0.3614935576359872,200,80
B_only,1000,5000,-0.04085173959431627,-0.0014035296225299897,-0.03944820997178628,200,80
A_only,1000,10000,-0.7660364151060607,-0.0006760970636952127,-0.7653603180423655,200,80
hybrid,1000,10000,-0.16997204548875072,-0.0006760970636952127,-0.16929594842505552,200,80
B_only,1000,10000,-7.213804483561253e-06,-0.0006760970636952127,0.0006688832592116515,200,80
A_only,1000,2000,-0.35878987958823655,-0.1362900998449837,-0.22249977974325286,500,80
hybrid,1000,2000,-0.10326247044642943,-0.1362900998449837,0.03302762939855426,500,80
B_only,1000,2000,-0.05131895456787001,-0.1362900998449837,0.08497114527711369,500,80
A_only,1000,5000,-0.5708268755244672,-0.0033159803963591777,-0.567510895128108,500,80
hybrid,1000,5000,-0.13483239726659066,-0.0033159803963591777,-0.13151641687023147,500,80
B_only,1000,5000,-0.10977586657930086,-0.0033159803963591777,-0.10645988618294168,500,80
A_only,1000,10000,-1.1937799612764446,-0.0006760970636952127,-1.1931038642127494,500,80
hybrid,1000,10000,-0.21828348705619988,-0.0006760970636952127,-0.21760738999250467,500,80
B_only,1000,10000,-0.00011082904168406911,-0.0006760970636952127,0.0005652680220111436,500,80
A_only,1000,2000,-0.7532246208740019,-0.03431007729625027,-0.7189145435777516,25,81
hybrid,1000,2000,-0.38720334791196126,-0.03431007729625027,-0.35289327061571096,25,81
B_only,1000,2000,-0.026353141620097425,-0.03431007729625027,0.007956935676152844,25,81
A_only,1000,5000,-0.638832352497945,-0.01849454206597494,-0.6203378104319701,25,81
hybrid,1000,5000,-0.2967848375280338,-0.01849454206597494,-0.27829029546205886,25,81
B_only,1000,5000,-0.36363531583511105,-0.01849454206597494,-0.3451407737691361,25,81
A_only,1000,10000,-0.4678858327523883,-0.0017750072554159953,-0.4661108254969723,25,81
hybrid,1000,10000,-0.26133865749385654,-0.0017750072554159953,-0.2595636502384405,25,81
B_only,1000,10000,-0.0012710548284881706,-0.0017750072554159953,0.0005039524269278247,25,81
A_only,1000,2000,-0.15630284484792784,-0.01849454206597494,-0.13780830278195288,50,81
hybrid,1000,2000,-0.005265746958782937,-0.01849454206597494,0.013228795107192003,50,81
B_only,1000,2000,-7.381744456748593e-06,-0.01849454206597494,0.018487160321518193,50,81
A_only,1000,5000,-0.7587157237014466,-0.0028182160594265654,-0.75589750764202,50,81
hybrid,1000,5000,-0.2028606566614337,-0.0028182160594265654,-0.20004244060200715,50,81
B_only,1000,5000,-0.00023266885411097715,-0.0028182160594265654,0.002585547205315588,50,81
A_only,1000,10000,-0.28074797061918255,-0.0006760970636952127,-0.28007187355548735,50,81
hybrid,1000,10000,-0.12142273418077093,-0.0006760970636952127,-0.12074663711707571,50,81
B_only,1000,10000,-0.0018747276325461009,-0.0006760970636952127,-0.0011986305688508883,50,81
A_only,1000,2000,-1.0069842439702046,-0.15617664701059494,-0.8508075969596096,100,81
hybrid,1000,2000,-0.39314055995862096,-0.15617664701059494,-0.23696391294802602,100,81
B_only,1000,2000,-0.007040488076503765,-0.15617664701059494,0.14913615893409118,100,81
A_only,1000,5000,-0.7733579514433313,-0.016652717978201063,-0.7567052334651302,100,81
hybrid,1000,5000,-0.5827833057853848,-0.016652717978201063,-0.5661305878071837,100,81
B_only,1000,5000,-0.14568158477883036,-0.016652717978201063,-0.1290288668006293,100,81
A_only,1000,10000,-0.6568184767805345,-0.0006760970636952127,-0.6561423797168393,100,81
hybrid,1000,10000,-0.4815173950457495,-0.0006760970636952127,-0.48084129798205427,100,81
B_only,1000,10000,-0.346308383026375,-0.0006760970636952127,-0.3456322859626798,100,81
A_only,1000,2000,-0.6265520762822692,-0.016652717978201063,-0.609899358304068,200,81
hybrid,1000,2000,-0.1873857357721873,-0.016652717978201063,-0.17073301779398625,200,81
B_only,1000,2000,-0.23648906456345814,-0.016652717978201063,-0.21983634658525708,200,81
A_only,1000,5000,-0.4641184416204562,-0.02555970165368331,-0.43855873996677286,200,81
hybrid,1000,5000,-0.1280991378763225,-0.02555970165368331,-0.10253943622263918,200,81
B_only,1000,5000,-0.01695765573541923,-0.02555970165368331,0.008602045918264078,200,81
A_only,1000,10000,-0.406590704383402,-0.0017750072554159953,-0.404815697127986,200,81
hybrid,1000,10000,-0.18698012529486138,-0.0017750072554159953,-0.1852051180394454,200,81
B_only,1000,10000,-0.14288888249593185,-0.0017750072554159953,-0.14111387524051586,200,81
A_only,1000,2000,-1.2909442766665948,-0.0028182160594265654,-1.2881260606071683,500,81
hybrid,1000,2000,-0.27887684684969777,-0.0028182160594265654,-0.2760586307902712,500,81
B_only,1000,2000,-0.005940731326698886,-0.0028182160594265654,-0.0031225152672723208,500,81
A_only,1000,5000,-0.36607045394924576,-0.016530923319274207,-0.34953953062997156,500,81
hybrid,1000,5000,-0.036353249467493416,-0.016530923319274207,-0.01982232614821921,500,81
B_only,1000,5000,-1.545334476893379e-05,-0.016530923319274207,0.016515469974505273,500,81
A_only,1000,10000,-0.12473312784499521,-0.0017750072554159953,-0.12295812058957922,500,81
hybrid,1000,10000,-0.031040884553006066,-0.0017750072554159953,-0.02926587729759007,500,81
B_only,1000,10000,-0.005986504692400153,-0.0017750072554159953,-0.004211497436984158,500,81
A_only,1000,2000,-1.2024686897809231,-0.0014035296225299897,-1.201065160158393,25,82
hybrid,1000,2000,-0.3538118844809738,-0.0014035296225299897,-0.3524083548584438,25,82
B_only,1000,2000,-0.025472253262549923,-0.0014035296225299897,-0.024068723640019933,25,82
A_only,1000,5000,-0.4476190704017524,-0.0006760970636952127,-0.4469429733380572,25,82
hybrid,1000,5000,-0.26628234463974926,-0.0006760970636952127,-0.26560624757605406,25,82
B_only,1000,5000,-0.26411682502159634,-0.0006760970636952127,-0.26344072795790113,25,82
A_only,1000,10000,-1.088651653988175,-0.0006760970636952127,-1.0879755569244798,25,82
hybrid,1000,10000,-0.8202824142046545,-0.0006760970636952127,-0.8196063171409593,25,82
B_only,1000,10000,-0.002789709623543435,-0.0006760970636952127,-0.002113612559848222,25,82
A_only,1000,2000,-0.36618646199379656,-0.021107166088018964,-0.34507929590577757,50,82
hybrid,1000,2000,-0.0832099667741702,-0.021107166088018964,-0.06210280068615123,50,82
B_only,1000,2000,-0.013773568564193487,-0.021107166088018964,0.007333597523825477,50,82
A_only,1000,5000,-0.7224224126685674,-0.016530923319274207,-0.7058914893492932,50,82
hybrid,1000,5000,-0.43596766008517146,-0.016530923319274207,-0.41943673676589727,50,82
B_only,1000,5000,-0.02401958467824358,-0.016530923319274207,-0.007488661358969372,50,82
A_only,1000,10000,-0.9859839292298499,-0.0006760970636952127,-0.9853078321661547,50,82
hybrid,1000,10000,-0.8257887578165984,-0.0006760970636952127,-0.8251126607529032,50,82
B_only,1000,10000,-0.29241019474758484,-0.0006760970636952127,-0.29173409768388964,50,82
A_only,1000,2000,-0.7691206760308812,-0.0028182160594265654,-0.7663024599714546,100,82
hybrid,1000,2000,-0.23770401000548821,-0.0028182160594265654,-0.23488579394606166,100,82
B_only,1000,2000,-7.914954024048388e-05,-0.0028182160594265654,0.0027390665191860813,100,82
A_only,1000,5000,-0.22292782145255288,-0.0028182160594265654,-0.22010960539312632,100,82
hybrid,1000,5000,-0.06605930808904852,-0.0028182160594265654,-0.06324109202962196,100,82
B_only,1000,5000,-0.005229034911147658,-0.0028182160594265654,-0.0024108188517210924,100,82
A_only,1000,10000,-0.8550685671968556,-0.0006760970636952127,-0.8543924701331604,100,82
hybrid,1000,10000,-0.5390950414779215,-0.0006760970636952127,-0.5384189444142263,100,82
B_only,1000,10000,-0.07083478762510906,-0.0006760970636952127,-0.07015869056141384,100,82
A_only,1000,2000,-1.3034644117405303,-0.0006760970636952127,-1.302788314676835,200,82
hybrid,1000,2000,-0.16010910401868025,-0.0006760970636952127,-0.15943300695498505,200,82
B_only,1000,2000,-0.00020151797644814005,-0.0006760970636952127,0.00047457908724707267,200,82
A_only,1000,5000,-0.2741052027452728,-0.0017750072554159953,-0.27233019548985676,200,82
hybrid,1000,5000,-0.06495232849560076,-0.0017750072554159953,-0.06317732124018477,200,82
B_only,1000,5000,-0.011178701631846024,-0.0017750072554159953,-0.009403694376430028,200,82
A_only,1000,10000,-0.5092080120974695,-0.0006760970636952127,-0.5085319150337743,200,82
hybrid,1000,10000,-0.26430922062482676,-0.0006760970636952127,-0.26363312356113155,200,82
B_only,1000,10000,-0.016016619592955274,-0.0006760970636952127,-0.015340522529260062,200,82
A_only,1000,2000,-0.9165557887301494,-0.026071275432122825,-0.8904845132980266,500,82
hybrid,1000,2000,-0.17195377747272986,-0.026071275432122825,-0.14588250204060704,500,82
B_only,1000,2000,-0.013938334820086235,-0.026071275432122825,0.01213294061203659,500,82
A_only,1000,5000,-0.9647204939812349,-0.0017750072554159953,-0.9629454867258189,500,82
hybrid,1000,5000,-0.41170214724155296,-0.0017750072554159953,-0.40992713998613695,500,82
B_only,1000,5000,-0.04876496767303012,-0.0017750072554159953,-0.04698996041761412,500,82
A_only,1000,10000,-0.8181232345161038,-0.0006760970636952127,-0.8174471374524086,500,82
hybrid,1000,10000,-0.2873745420352626,-0.0006760970636952127,-0.2866984449715674,500,82
B_only,1000,10000,-0.03164248850761878,-0.0006760970636952127,-0.030966391443923564,500,82
A_only,1000,2000,-1.014561259970683,-0.06976201878446649,-0.9447992411862165,25,83
hybrid,1000,2000,-0.7511976861758562,-0.06976201878446649,-0.6814356673913897,25,83
B_only,1000,2000,-0.7621774494906028,-0.06976201878446649,-0.6924154307061363,25,83
A_only,1000,5000,-0.8649678019456538,-0.0017750072554159953,-0.8631927946902378,25,83
hybrid,1000,5000,-0.29000468086817727,-0.0017750072554159953,-0.28822967361276125,25,83
B_only,1000,5000,-0.002153870688789165,-0.0017750072554159953,-0.0003788634333731697,25,83
A_only,1000,10000,-1.044816284262523,-0.0006760970636952127,-1.0441401871988278,25,83
hybrid,1000,10000,-0.7911019187669611,-0.0006760970636952127,-0.7904258217032659,25,83
B_only,1000,10000,-0.10199770284889169,-0.0006760970636952127,-0.10132160578519647,25,83
A_only,1000,2000,-0.9401460325169845,-0.02338563685393675,-0.9167603956630477,50,83
hybrid,1000,2000,-0.516651283113978,-0.02338563685393675,-0.49326564626004127,50,83
B_only,1000,2000,-0.06656691261646067,-0.02338563685393675,-0.04318127576252392,50,83
A_only,1000,5000,-1.124336307615118,-0.0033159803963591777,-1.1210203272187589,50,83
hybrid,1000,5000,-0.552498237325254,-0.0033159803963591777,-0.5491822569288949,50,83
B_only,1000,5000,-0.001886850344952897,-0.0033159803963591777,0.0014291300514062807,50,83
A_only,1000,10000,-0.04776677111914147,-0.0028182160594265654,-0.0449485550597149,50,83
hybrid,1000,10000,-0.007594428939518667,-0.0028182160594265654,-0.004776212880092102,50,83
B_only,1000,10000,-0.02561236882588004,-0.0028182160594265654,-0.022794152766453475,50,83
A_only,1000,2000,-0.9107553603189799,-0.0006760970636952127,-0.9100792632552847,100,83
hybrid,1000,2000,-0.5213658838780668,-0.0006760970636952127,-0.5206897868143716,100,83
B_only,1000,2000,-0.2918516406688215,-0.0006760970636952127,-0.2911755436051263,100,83
A_only,1000,5000,-0.25938720477840466,-0.0014035296225299897,-0.25798367515587467,100,83
hybrid,1000,5000,-0.07954760903110387,-0.0014035296225299897,-0.07814407940857389,100,83
B_only,1000,5000,-0.0003946818192549129,-0.0014035296225299897,0.0010088478032750769,100,83
A_only,1000,10000,-1.139497264268367,-0.0014035296225299897,-1.1380937346458369,100,83
hybrid,1000,10000,-0.49592049081548933,-0.0014035296225299897,-0.49451696119295935,100,83
B_only,1000,10000,-0.00018993118086625847,-0.0014035296225299897,0.0012135984416637312,100,83
A_only,1000,2000,-0.4425286521632804,-0.0017750072554159953,-0.4407536449078644,200,83
hybrid,1000,2000,-0.15163532555800543,-0.0017750072554159953,-0.14986031830258945,200,83
B_only,1000,2000,-0.3080387235062739,-0.0017750072554159953,-0.3062637162508579,200,83
A_only,1000,5000,-1.0963548146364763,-0.016652717978201063,-1.0797020966582753,200,83
hybrid,1000,5000,-0.4873658226022657,-0.016652717978201063,-0.4707131046240646,200,83
B_only,1000,5000,-0.017634157818070473,-0.016652717978201063,-0.0009814398398694107,200,83
A_only,1000,10000,-0.678158594072254,-0.0006760970636952127,-0.6774824970085588,200,83
hybrid,1000,10000,-0.28511061355815986,-0.0006760970636952127,-0.28443451649446466,200,83
B_only,1000,10000,-0.0038015014122666116,-0.0006760970636952127,-0.0031254043485713988,200,83
A_only,1000,2000,-1.0617636204819558,-0.016652717978201063,-1.0451109025037548,500,83
hybrid,1000,2000,-0.04188790983064208,-0.016652717978201063,-0.025235191852441014,500,83
B_only,1000,2000,-3.515901416812927e-06,-0.016652717978201063,0.01664920207678425,500,83
A_only,1000,5000,-0.9815380686542191,-0.0006760970636952127,-0.9808619715905239,500,83
hybrid,1000,5000,-0.34272288033611065,-0.0006760970636952127,-0.34204678327241544,500,83
B_only,1000,5000,-0.010526702995260994,-0.0006760970636952127,-0.009850605931565781,500,83
A_only,1000,10000,-0.6617260436099328,-0.0006760970636952127,-0.6610499465462376,500,83
hybrid,1000,10000,-0.03952088924749439,-0.0006760970636952127,-0.03884479218379918,500,83
B_only,1000,10000,-4.728343064591838e-07,-0.0006760970636952127,0.0006756242293887535,500,83
A_only,1000,2000,-1.5385864913553746,-0.03431007729625027,-1.5042764140591243,25,84
hybrid,1000,2000,-1.3266353124021977,-0.03431007729625027,-1.2923252351059473,25,84
B_only,1000,2000,-0.1261704843762092,-0.03431007729625027,-0.09186040707995893,25,84
A_only,1000,5000,-0.5539595903585245,-0.0006760970636952127,-0.5532834932948293,25,84
hybrid,1000,5000,-0.15618225551391812,-0.0006760970636952127,-0.15550615845022292,25,84
B_only,1000,5000,-0.006807897420549977,-0.0006760970636952127,-0.006131800356854764,25,84
A_only,1000,10000,-0.8367850498833965,-0.0006760970636952127,-0.8361089528197013,25,84
hybrid,1000,10000,-0.6327414130690591,-0.0006760970636952127,-0.6320653160053639,25,84
B_only,1000,10000,-0.06426369945984488,-0.0006760970636952127,-0.06358760239614966,25,84
A_only,1000,2000,-0.1946039057252736,-0.10941634953475828,-0.08518755619051534,50,84
hybrid,1000,2000,-0.04329197567232593,-0.10941634953475828,0.06612437386243235,50,84
B_only,1000,2000,-0.5925426861086786,-0.10941634953475828,-0.4831263365739203,50,84
A_only,1000,5000,-0.7980642802114631,-0.0006760970636952127,-0.7973881831477679,50,84
hybrid,1000,5000,-0.2474807644872905,-0.0006760970636952127,-0.2468046674235953,50,84
B_only,1000,5000,-1.6292706831048735e-05,-0.0006760970636952127,0.0006598043568641639,50,84
A_only,1000,10000,-0.9106569319588654,-0.0017750072554159953,-0.9088819247034494,50,84
hybrid,1000,10000,-0.2307462830707408,-0.0017750072554159953,-0.2289712758153248,50,84
B_only,1000,10000,-2.3000757403595884e-08,-0.0017750072554159953,0.0017749842546585918,50,84
A_only,1000,2000,-0.854954263707653,-0.23788350048319243,-0.6170707632244606,100,84
hybrid,1000,2000,-0.4909299641444293,-0.23788350048319243,-0.25304646366123684,100,84
B_only,1000,2000,-0.18373706553533362,-0.23788350048319243,0.05414643494785881,100,84
A_only,1000,5000,-1.211275943759105,-0.02555970165368331,-1.1857162421054217,100,84
hybrid,1000,5000,-1.1210173542193185,-0.02555970165368331,-1.0954576525656352,100,84
B_only,1000,5000,-0.17136619366050335,-0.02555970165368331,-0.14580649200682003,100,84
A_only,1000,10000,-0.4951036249882104,-0.0017750072554159953,-0.4933286177327944,100,84
hybrid,1000,10000,-0.21021226711483157,-0.0017750072554159953,-0.20843725985941558,100,84
B_only,1000,10000,-0.0034611409598836983,-0.0017750072554159953,-0.001686133704467703,100,84
A_only,1000,2000,-0.9491617007333171,-0.016652717978201063,-0.932508982755116,200,84
hybrid,1000,2000,-0.3423815266215238,-0.016652717978201063,-0.32572880864332276,200,84
B_only,1000,2000,-0.07019580156124111,-0.016652717978201063,-0.05354308358304005,200,84
A_only,1000,5000,-0.6860334797461267,-0.016530923319274207,-0.6695025564268525,200,84
hybrid,1000,5000,-0.35641921271599986,-0.016530923319274207,-0.33988828939672566,200,84
B_only,1000,5000,-0.06594898879589137,-0.016530923319274207,-0.04941806547661716,200,84
A_only,1000,10000,-1.0060661448456505,-0.0014035296225299897,-1.0046626152231204,200,84
hybrid,1000,10000,-0.6683683723390054,-0.0014035296225299897,-0.6669648427164754,200,84
B_only,1000,10000,-0.09996810117049788,-0.0014035296225299897,-0.0985645715479679,200,84
A_only,1000,2000,-0.9161816882134087,-0.0033159803963591777,-0.9128657078170496,500,84
hybrid,1000,2000,-0.25139240469314444,-0.0033159803963591777,-0.24807642429678528,500,84
B_only,1000,2000,-0.019727364418181355,-0.0033159803963591777,-0.016411384021822177,500,84
A_only,1000,5000,-0.53504414822689,-0.03431007729625027,-0.5007340709306397,500,84
hybrid,1000,5000,-0.05340094689978099,-0.03431007729625027,-0.019090869603530722,500,84
B_only,1000,5000,-1.3920933741731116e-06,-0.03431007729625027,0.034308685202876096,500,84
A_only,1000,10000,-0.6892931552473451,-0.0014035296225299897,-0.6878896256248151,500,84
hybrid,1000,10000,-0.3284527567131419,-0.0014035296225299897,-0.3270492270906119,500,84
B_only,1000,10000,-0.06863660123125423,-0.0014035296225299897,-0.06723307160872424,500,84
A_only,1000,2000,-0.5984195320317013,-0.0014035296225299897,-0.5970160024091713,25,85
hybrid,1000,2000,-0.2480925892010281,-0.0014035296225299897,-0.24668905957849813,25,85
B_only,1000,2000,-0.01151462440746851,-0.0014035296225299897,-0.01011109478493852,25,85
A_only,1000,5000,-0.4869549924007858,-0.02744009198228548,-0.45951490041850035,25,85
hybrid,1000,5000,-0.18011226511158512,-0.02744009198228548,-0.15267217312929965,25,85
B_only,1000,5000,-0.002734330378116458,-0.02744009198228548,0.02470576160416902,25,85
A_only,1000,10000,-0.8591965034756849,-0.0006760970636952127,-0.8585204064119897,25,85
hybrid,1000,10000,-0.25144261304545595,-0.0006760970636952127,-0.25076651598176075,25,85
B_only,1000,10000,-2.3634018815283154e-05,-0.0006760970636952127,0.0006524630448799296,25,85
A_only,1000,2000,-0.4463394221956224,-0.0033159803963591777,-0.44302344179926323,50,85
hybrid,1000,2000,-0.21649518979950622,-0.0033159803963591777,-0.21317920940314705,50,85
B_only,1000,2000,-0.6577851115486497,-0.0033159803963591777,-0.6544691311522906,50,85
A_only,1000,5000,-0.16447320450990124,-0.0033159803963591777,-0.16115722411354205,50,85
hybrid,1000,5000,-0.026221285450110963,-0.0033159803963591777,-0.022905305053751785,50,85
B_only,1000,5000,-0.03270131976806318,-0.0033159803963591777,-0.029385339371704004,50,85
A_only,1000,10000,-1.060391555022419,-0.0006760970636952127,-1.0597154579587238,50,85
hybrid,1000,10000,-0.8522689517538897,-0.0006760970636952127,-0.8515928546901945,50,85
B_only,1000,10000,-0.1544356198291212,-0.0006760970636952127,-0.153759522765426,50,85
A_only,1000,2000,-0.6711327627430405,-0.02744009198228548,-0.643692670760755,100,85
hybrid,1000,2000,-0.4784355482856471,-0.02744009198228548,-0.45099545630336163,100,85
B_only,1000,2000,-0.49516365627477776,-0.02744009198228548,-0.4677235642924923,100,85
A_only,1000,5000,-0.5446213514181287,-0.0017750072554159953,-0.5428463441627127,100,85
hybrid,1000,5000,-0.32856021036795485,-0.0017750072554159953,-0.32678520311253884,100,85
B_only,1000,5000,-0.09529661291519463,-0.0017750072554159953,-0.09352160565977864,100,85
A_only,1000,10000,-0.3330202112602106,-0.0006760970636952127,-0.3323441141965154,100,85
hybrid,1000,10000,-0.21301112501135364,-0.0006760970636952127,-0.21233502794765843,100,85
B_only,1000,10000,-0.06357206285650202,-0.0006760970636952127,-0.0628959657928068,100,85
A_only,1000,2000,-0.8259949212919935,-0.0014035296225299897,-0.8245913916694635,200,85
hybrid,1000,2000,-0.2261094017715554,-0.0014035296225299897,-0.2247058721490254,200,85
B_only,1000,2000,-0.00040990256504125724,-0.0014035296225299897,0.0009936270574887325,200,85
A_only,1000,5000,-0.695335703217856,-0.0033159803963591777,-0.6920197228214968,200,85
hybrid,1000,5000,-0.3349269017269955,-0.0033159803963591777,-0.33161092133063635,200,85
B_only,1000,5000,-0.07278373336392459,-0.0033159803963591777,-0.06946775296756541,200,85
A_only,1000,10000,-0.3360711537852398,-0.0014035296225299897,-0.3346676241627098,200,85
hybrid,1000,10000,-0.09836955013047147,-0.0014035296225299897,-0.09696602050794148,200,85
B_only,1000,10000,-0.0003809721956916196,-0.0014035296225299897,0.00102255742683837,200,85
A_only,1000,2000,-1.1686200277177052,-0.0028182160594265654,-1.1658018116582787,500,85
hybrid,1000,2000,-0.24798858356470288,-0.0028182160594265654,-0.24517036750527632,500,85
B_only,1000,2000,-0.031428658203465916,-0.0028182160594265654,-0.02861044214403935,500,85
A_only,1000,5000,-1.292219306644199,-0.0033159803963591777,-1.2889033262478398,500,85
hybrid,1000,5000,-0.2139675584610764,-0.0033159803963591777,-0.21065157806471724,500,85
B_only,1000,5000,-7.496194617759851e-06,-0.0033159803963591777,0.003308484201741418,500,85
A_only,1000,10000,-0.6017984941973793,-0.0006760970636952127,-0.6011223971336841,500,85
hybrid,1000,10000,-0.2159027977639009,-0.0006760970636952127,-0.2152267007002057,500,85
B_only,1000,10000,-0.06459403934980817,-0.0006760970636952127,-0.06391794228611296,500,85
A_only,1000,2000,-0.943177875894608,-0.016652717978201063,-0.9265251579164069,25,86
hybrid,1000,2000,-0.3968368101572699,-0.016652717978201063,-0.38018409217906884,25,86
B_only,1000,2000,-0.006689173459563854,-0.016652717978201063,0.009963544518637209,25,86
A_only,1000,5000,-0.46269313820069496,-0.0014035296225299897,-0.461289608578165,25,86
hybrid,1000,5000,-0.16668346165534115,-0.0014035296225299897,-0.16527993203281116,25,86
B_only,1000,5000,-0.003074668563888217,-0.0014035296225299897,-0.0016711389413582272,25,86
A_only,1000,10000,-0.5134464372601492,-0.0014035296225299897,-0.5120429076376192,25,86
hybrid,1000,10000,-0.3043757185855352,-0.0014035296225299897,-0.3029721889630052,25,86
B_only,1000,10000,-0.06017042776807344,-0.0014035296225299897,-0.05876689814554345,25,86
A_only,1000,2000,-0.1918415922929897,-0.0014035296225299897,-0.1904380626704597,50,86
hybrid,1000,2000,-0.012186065179502222,-0.0014035296225299897,-0.010782535556972232,50,86
B_only,1000,2000,-0.04584870336679983,-0.0014035296225299897,-0.044445173744269845,50,86
A_only,1000,5000,-0.4036174795210018,-0.02555970165368331,-0.3780577778673185,50,86
hybrid,1000,5000,-0.042367815246823835,-0.02555970165368331,-0.016808113593140526,50,86
B_only,1000,5000,-1.1503781042937353e-07,-0.02555970165368331,0.02555958661587288,50,86
A_only,1000,10000,-0.6219211541457116,-0.0006760970636952127,-0.6212450570820164,50,86
hybrid,1000,10000,-0.19597211300286096,-0.0006760970636952127,-0.19529601593916576,50,86
B_only,1000,10000,-0.000892200889804052,-0.0006760970636952127,-0.00021610382610883926,50,86
A_only,1000,2000,-1.1200108177441148,-0.0033159803963591777,-1.1166948373477557,100,86
hybrid,1000,2000,-0.6615349816903855,-0.0033159803963591777,-0.6582190012940263,100,86
B_only,1000,2000,-0.48706905596648503,-0.0033159803963591777,-0.48375307557012587,100,86
A_only,1000,5000,-1.4952383058122827,-0.0033159803963591777,-1.4919223254159235,100,86
hybrid,1000,5000,-0.6541017756595993,-0.0033159803963591777,-0.6507857952632401,100,86
B_only,1000,5000,-0.0012119252225461117,-0.0033159803963591777,0.002104055173813066,100,86
A_only,1000,10000,-0.6326324448641545,-0.0006760970636952127,-0.6319563478004593,100,86
hybrid,1000,10000,-0.3972239817632391,-0.0006760970636952127,-0.3965478846995439,100,86
B_only,1000,10000,-0.24876256383501685,-0.0006760970636952127,-0.24808646677132165,100,86
A_only,1000,2000,-1.1082637122983277,-0.0006760970636952127,-1.1075876152346324,200,86
hybrid,1000,2000,-0.22253522097233203,-0.0006760970636952127,-0.22185912390863682,200,86
B_only,1000,2000,-5.258907272141748e-06,-0.0006760970636952127,0.000670838156423071,200,86
A_only,1000,5000,-0.9562939641480732,-0.0017750072554159953,-0.9545189568926572,200,86
hybrid,1000,5000,-0.5917284659160397,-0.0017750072554159953,-0.5899534586606237,200,86
B_only,1000,5000,-0.14730385315768024,-0.0017750072554159953,-0.14552884590226425,200,86
A_only,1000,10000,-1.5693978673094735,-0.0014035296225299897,-1.5679943376869434,200,86
hybrid,1000,10000,-1.1574052994986912,-0.0014035296225299897,-1.156001769876161,200,86
B_only,1000,10000,-0.061009041363103554,-0.0014035296225299897,-0.05960551174057357,200,86
A_only,1000,2000,-0.8246087659269155,-0.016652717978201063,-0.8079560479487143,500,86
hybrid,1000,2000,-0.10692606526643668,-0.016652717978201063,-0.09027334728823562,500,86
B_only,1000,2000,-1.2744350135447925e-05,-0.016652717978201063,0.016639973628065616,500,86
A_only,1000,5000,-1.022228225204628,-0.016530923319274207,-1.0056973018853537,500,86
hybrid,1000,5000,-0.19836228521641203,-0.016530923319274207,-0.18183136189713783,500,86
B_only,1000,5000,-0.030839642009629596,-0.016530923319274207,-0.014308718690355389,500,86
A_only,1000,10000,-0.7043583363007324,-0.0028182160594265654,-0.7015401202413059,500,86
hybrid,1000,10000,-0.1903107243368155,-0.0028182160594265654,-0.18749250827738895,500,86
B_only,1000,10000,-6.198096501172874e-05,-0.0028182160594265654,0.0027562350944148367,500,86
A_only,1000,2000,-0.9521399332264716,-0.048388414022939155,-0.9037515192035325,25,87
hybrid,1000,2000,-0.5798235772000374,-0.048388414022939155,-0.5314351631770983,25,87
B_only,1000,2000,-0.1625874352847544,-0.048388414022939155,-0.11419902126181523,25,87
A_only,1000,5000,-0.8653511169320374,-0.0006760970636952127,-0.8646750198683422,25,87
hybrid,1000,5000,-0.5680273140045726,-0.0006760970636952127,-0.5673512169408774,25,87
B_only,1000,5000,-0.15144371210684157,-0.0006760970636952127,-0.15076761504314637,25,87
A_only,1000,10000,-0.32461817299322093,-0.0006760970636952127,-0.32394207592952573,25,87
hybrid,1000,10000,-0.053306651128879855,-0.0006760970636952127,-0.052630554065184645,25,87
B_only,1000,10000,-0.00025769420461536116,-0.0006760970636952127,0.00041840285907985154,25,87
A_only,1000,2000,-1.1744769045290124,-0.02555970165368331,-1.1489172028753292,50,87
hybrid,1000,2000,-0.16057079808639954,-0.02555970165368331,-0.13501109643271622,50,87
B_only,1000,2000,-0.00012331552603347097,-0.02555970165368331,0.025436386127649837,50,87
A_only,1000,5000,-0.3823558690534371,-0.0017750072554159953,-0.3805808617980211,50,87
hybrid,1000,5000,-0.19207036301868485,-0.0017750072554159953,-0.19029535576326886,50,87
B_only,1000,5000,-0.052237666170998655,-0.0017750072554159953,-0.05046265891558266,50,87
A_only,1000,10000,-0.5292932923705838,-0.0006760970636952127,-0.5286171953068886,50,87
hybrid,1000,10000,-0.16999749628053865,-0.0006760970636952127,-0.16932139921684344,50,87
B_only,1000,10000,-3.819727085237902e-05,-0.0006760970636952127,0.0006378997928428336,50,87
A_only,1000,2000,-0.6807753931145346,-0.04442382739503962,-0.636351565719495,100,87
hybrid,1000,2000,-0.24157187425738116,-0.04442382739503962,-0.19714804686234155,100,87
B_only,1000,2000,-0.029949744109606633,-0.04442382739503962,0.014474083285432985,100,87
A_only,1000,5000,-1.0632794321695545,-0.0028182160594265654,-1.060461216110128,100,87
hybrid,1000,5000,-0.8585990591531429,-0.0028182160594265654,-0.8557808430937164,100,87
B_only,1000,5000,-0.5308751350260306,-0.0028182160594265654,-0.528056918966604,100,87
A_only,1000,10000,-0.970996507814687,-0.0014035296225299897,-0.9695929781921571,100,87
hybrid,1000,10000,-0.8955547779369876,-0.0014035296225299897,-0.8941512483144576,100,87
B_only,1000,10000,-0.3878503445650448,-0.0014035296225299897,-0.3864468149425148,100,87
A_only,1000,2000,-0.17098710233643333,-0.02555970165368331,-0.14542740068275,200,87
hybrid,1000,2000,-0.03368592079800759,-0.02555970165368331,-0.008126219144324282,200,87
B_only,1000,2000,-0.21721625591052504,-0.02555970165368331,-0.19165655425684172,200,87
A_only,1000,5000,-1.1571620659601825,-0.0028182160594265654,-1.154343849900756,200,87
hybrid,1000,5000,-0.43102325615532605,-0.0028182160594265654,-0.4282050400958995,200,87
B_only,1000,5000,-0.018800103489785943,-0.0028182160594265654,-0.015981887430359377,200,87
A_only,1000,10000,-0.47777705661518566,-0.0006760970636952127,-0.47710095955149046,200,87
hybrid,1000,10000,-0.26736305435488844,-0.0006760970636952127,-0.26668695729119324,200,87
B_only,1000,10000,-0.08206639208034691,-0.0006760970636952127,-0.0813902950166517,200,87
A_only,1000,2000,-0.9435852273936514,-0.02555970165368331,-0.9180255257399681,500,87
hybrid,1000,2000,-0.27422084690798937,-0.02555970165368331,-0.24866114525430605,500,87
B_only,1000,2000,-0.03133547664536961,-0.02555970165368331,-0.005775774991686303,500,87
A_only,1000,5000,-0.4382171625988501,-0.01849454206597494,-0.4197226205328751,500,87
hybrid,1000,5000,-0.09922623308574313,-0.01849454206597494,-0.0807316910197682,500,87
B_only,1000,5000,-0.001054154472714404,-0.01849454206597494,0.017440387593260536,500,87
A_only,1000,10000,-0.6669794473901401,-0.0017750072554159953,-0.6652044401347241,500,87
hybrid,1000,10000,-0.15866257140640747,-0.0017750072554159953,-0.15688756415099148,500,87
B_only,1000,10000,-0.0002995291878244084,-0.0017750072554159953,0.001475478067591587,500,87
A_only,1000,2000,-1.1420130824161496,-0.016652717978201063,-1.1253603644379486,25,88
hybrid,1000,2000,-0.5401200802964929,-0.016652717978201063,-0.5234673623182918,25,88
B_only,1000,2000,-0.11929404742639263,-0.016652717978201063,-0.10264132944819157,25,88
A_only,1000,5000,-1.1908096428972639,-0.0006760970636952127,-1.1901335458335687,25,88
hybrid,1000,5000,-0.5880769339205155,-0.0006760970636952127,-0.5874008368568203,25,88
B_only,1000,5000,-0.018281220707963456,-0.0006760970636952127,-0.017605123644268243,25,88
A_only,1000,10000,-0.4824566544026662,-0.0006760970636952127,-0.481780557338971,25,88
hybrid,1000,10000,-0.09671769330741728,-0.0006760970636952127,-0.09604159624372206,25,88
B_only,1000,10000,-0.00040945808600389484,-0.0006760970636952127,0.00026663897769131786,25,88
A_only,1000,2000,-1.0181620967852913,-0.02555970165368331,-0.9926023951316081,50,88
hybrid,1000,2000,-0.4158527808732479,-0.02555970165368331,-0.3902930792195646,50,88
B_only,1000,2000,-0.18364112085454684,-0.02555970165368331,-0.15808141920086352,50,88
A_only,1000,5000,-1.4391404922982662,-0.0006760970636952127,-1.438464395234571,50,88
hybrid,1000,5000,-0.5409760679979156,-0.0006760970636952127,-0.5402999709342204,50,88
B_only,1000,5000,-1.5193393878719425e-06,-0.0006760970636952127,0.0006745777243073408,50,88
A_only,1000,10000,-0.9434809817344862,-0.0006760970636952127,-0.942804884670791,50,88
hybrid,1000,10000,-0.5803418047220933,-0.0006760970636952127,-0.5796657076583981,50,88
B_only,1000,10000,-1.0356918613722088,-0.0006760970636952127,-1.0350157643085136,50,88
A_only,1000,2000,-1.242215660738922,-0.13611804156959217,-1.10609761916933,100,88
hybrid,1000,2000,-0.32141184874721235,-0.13611804156959217,-0.18529380717762017,100,88
B_only,1000,2000,-4.490612338185141e-05,-0.13611804156959217,0.13607313544621033,100,88
A_only,1000,5000,-1.2880658214835783,-0.0017750072554159953,-1.2862908142281624,100,88
hybrid,1000,5000,-0.7731369459862489,-0.0017750072554159953,-0.7713619387308329,100,88
B_only,1000,5000,-0.021794824230990426,-0.0017750072554159953,-0.02001981697557443,100,88
A_only,1000,10000,-0.8575509591639658,-0.0006760970636952127,-0.8568748621002706,100,88
hybrid,1000,10000,-0.4788700811288068,-0.0006760970636952127,-0.4781939840651116,100,88
B_only,1000,10000,-0.007413138376062389,-0.0006760970636952127,-0.006737041312367176,100,88
A_only,1000,2000,-0.972685816644667,-0.0033159803963591777,-0.9693698362483079,200,88
hybrid,1000,2000,-0.23519791165204534,-0.0033159803963591777,-0.23188193125568618,200,88
B_only,1000,2000,-0.000776381893242886,-0.0033159803963591777,0.002539598503116292,200,88
A_only,1000,5000,-0.5731728934253325,-0.0006760970636952127,-0.5724967963616373,200,88
hybrid,1000,5000,-0.18843992585677777,-0.0006760970636952127,-0.18776382879308257,200,88
B_only,1000,5000,-5.2875779798152155e-05,-0.0006760970636952127,0.0006232212838970606,200,88
A_only,1000,10000,-0.6533189080142389,-0.0006760970636952127,-0.6526428109505437,200,88
hybrid,1000,10000,-0.18708330274797041,-0.0006760970636952127,-0.1864072056842752,200,88
B_only,1000,10000,-0.029836816734410902,-0.0006760970636952127,-0.02916071967071569,200,88
A_only,1000,2000,-0.7630533972140788,-0.0028182160594265654,-0.7602351811546523,500,88
hybrid,1000,2000,-0.14803888586842126,-0.0028182160594265654,-0.1452206698089947,500,88
B_only,1000,2000,-0.003774419255637264,-0.0028182160594265654,-0.0009562031962106988,500,88
A_only,1000,5000,-1.3441260545379907,-0.0028182160594265654,-1.3413078384785642,500,88
hybrid,1000,5000,-0.28117859958850006,-0.0028182160594265654,-0.2783603835290735,500,88
B_only,1000,5000,-0.02084054041903542,-0.0028182160594265654,-0.018022324359608852,500,88
A_only,1000,10000,-0.6952946863286572,-0.0014035296225299897,-0.6938911567061272,500,88
hybrid,1000,10000,-0.10203388402147208,-0.0014035296225299897,-0.10063035439894209,500,88
B_only,1000,10000,-0.0002177425014126877,-0.0014035296225299897,0.001185787121117302,500,88
A_only,1000,2000,-0.5374726759657752,-0.0014035296225299897,-0.5360691463432452,25,89
hybrid,1000,2000,-0.09490899253071955,-0.0014035296225299897,-0.09350546290818956,25,89
B_only,1000,2000,-0.0009537661176256677,-0.0014035296225299897,0.00044976350490432207,25,89
A_only,1000,5000,-0.014054601278894914,-0.0006760970636952127,-0.013378504215199701,25,89
hybrid,1000,5000,-0.0003929913595283359,-0.0006760970636952127,0.0002831057041668768,25,89
B_only,1000,5000,-0.00438205378353049,-0.0006760970636952127,-0.003705956719835277,25,89
A_only,1000,10000,-0.03170064085196189,-0.0006760970636952127,-0.03102454378826668,25,89
hybrid,1000,10000,-0.0021949623882332623,-0.0006760970636952127,-0.0015188653245380495,25,89
B_only,1000,10000,-0.031155768381188487,-0.0006760970636952127,-0.030479671317493275,25,89
A_only,1000,2000,-0.8592252163113083,-0.1362900998449837,-0.7229351164663247,50,89
hybrid,1000,2000,-0.5772717489238205,-0.1362900998449837,-0.4409816490788368,50,89
B_only,1000,2000,-0.019842305460405774,-0.1362900998449837,0.11644779438457792,50,89
A_only,1000,5000,-0.3687490631104296,-0.02744009198228548,-0.3413089711281441,50,89
hybrid,1000,5000,-0.11663513693717761,-0.02744009198228548,-0.08919504495489214,50,89
B_only,1000,5000,-0.0011198110598811244,-0.02744009198228548,0.026320280922404356,50,89
A_only,1000,10000,-0.16997554700206322,-0.0006760970636952127,-0.169299449938368,50,89
hybrid,1000,10000,-0.07636435711583552,-0.0006760970636952127,-0.0756882600521403,50,89
B_only,1000,10000,-0.4975120494296042,-0.0006760970636952127,-0.496835952365909,50,89
A_only,1000,2000,-0.9608480801318892,-0.03431007729625027,-0.9265380028356389,100,89
hybrid,1000,2000,-0.5118102865365072,-0.03431007729625027,-0.47750020924025693,100,89
B_only,1000,2000,-0.07545852705008825,-0.03431007729625027,-0.04114844975383798,100,89
A_only,1000,5000,-0.9826956280724587,-0.0028182160594265654,-0.9798774120130321,100,89
hybrid,1000,5000,-0.34595424018780874,-0.0028182160594265654,-0.3431360241283822,100,89
B_only,1000,5000,-0.0008832647489447016,-0.0028182160594265654,0.0019349513104818636,100,89
A_only,1000,10000,-0.8074045373327361,-0.0006760970636952127,-0.8067284402690409,100,89
hybrid,1000,10000,-0.48678332890341364,-0.0006760970636952127,-0.48610723183971843,100,89
B_only,1000,10000,-0.037444597201832665,-0.0006760970636952127,-0.036768500138137455,100,89
A_only,1000,2000,-1.1428574106302107,-0.1155592143897619,-1.0272981962404488,200,89
hybrid,1000,2000,-0.3152438904832929,-0.1155592143897619,-0.19968467609353097,200,89
B_only,1000,2000,-0.0016645817699939395,-0.1155592143897619,0.11389463261976795,200,89
A_only,1000,5000,-1.3101345618104785,-0.0017750072554159953,-1.3083595545550626,200,89
hybrid,1000,5000,-0.28624944528127344,-0.0017750072554159953,-0.2844744380258574,200,89
B_only,1000,5000,-7.978234056755957e-06,-0.0017750072554159953,0.0017670290213592393,200,89
A_only,1000,10000,-0.7517688215986671,-0.0014035296225299897,-0.7503652919761371,200,89
hybrid,1000,10000,-0.1900601161779845,-0.0014035296225299897,-0.1886565865554545,200,89
B_only,1000,10000,-0.0001240397835287133,-0.0014035296225299897,0.0012794898390012764,200,89
A_only,1000,2000,-0.9948336070540804,-0.0014035296225299897,-0.9934300774315504,500,89
hybrid,1000,2000,-0.32470637223814214,-0.0014035296225299897,-0.32330284261561215,500,89
B_only,1000,2000,-0.07155081424652698,-0.0014035296225299897,-0.070147284623997,500,89
A_only,1000,5000,-0.6305400364452375,-0.016652717978201063,-0.6138873184670364,500,89
hybrid,1000,5000,-0.12517223685041629,-0.016652717978201063,-0.10851951887221523,500,89
B_only,1000,5000,-0.006460838414554674,-0.016652717978201063,0.01019187956364639,500,89
A_only,1000,10000,-0.4760555131774369,-0.0014035296225299897,-0.4746519835549069,500,89
hybrid,1000,10000,-0.09437703429984358,-0.0014035296225299897,-0.09297350467731359,500,89
B_only,1000,10000,-0.0080413566358055,-0.0014035296225299897,-0.00663782701327551,500,89
A_only,1000,2000,-1.1303348565969527,-0.0006760970636952127,-1.1296587595332575,25,90
hybrid,1000,2000,-0.37894589585531957,-0.0006760970636952127,-0.37826979879162437,25,90
B_only,1000,2000,-0.2500917405665145,-0.0006760970636952127,-0.2494156435028193,25,90
A_only,1000,5000,-0.5322677287885398,-0.0028182160594265654,-0.5294495127291132,25,90
hybrid,1000,5000,-0.29607240255726974,-0.0028182160594265654,-0.2932541864978432,25,90
B_only,1000,5000,-0.0014824935351636544,-0.0028182160594265654,0.001335722524262911,25,90
A_only,1000,10000,-0.8587852397829262,-0.0006760970636952127,-0.858109142719231,25,90
hybrid,1000,10000,-0.629709254669023,-0.0006760970636952127,-0.6290331576053279,25,90
B_only,1000,10000,-1.2637622207368011,-0.0006760970636952127,-1.263086123673106,25,90
A_only,1000,2000,-0.664546917758862,-0.016530923319274207,-0.6480159944395878,50,90
hybrid,1000,2000,-0.25882655976356433,-0.016530923319274207,-0.24229563644429014,50,90
B_only,1000,2000,-0.10632845651606558,-0.016530923319274207,-0.08979753319679137,50,90
A_only,1000,5000,-0.7311703466543927,-0.0033159803963591777,-0.7278543662580336,50,90
hybrid,1000,5000,-0.40166759324320606,-0.0033159803963591777,-0.3983516128468469,50,90
B_only,1000,5000,-0.09847628432690542,-0.0033159803963591777,-0.09516030393054624,50,90
A_only,1000,10000,-0.46334148192851543,-0.0006760970636952127,-0.46266538486482023,50,90
hybrid,1000,10000,-0.12487993551712961,-0.0006760970636952127,-0.1242038384534344,50,90
B_only,1000,10000,-0.000701917972331054,-0.0006760970636952127,-2.582090863584134e-05,50,90
A_only,1000,2000,-0.7302720535598904,-0.0006760970636952127,-0.7295959564961952,100,90
hybrid,1000,2000,-0.2704376904373452,-0.0006760970636952127,-0.26976159337365,100,90
B_only,1000,2000,-0.02169611048864247,-0.0006760970636952127,-0.02102001342494726,100,90
A_only,1000,5000,-0.828188367244685,-0.0014035296225299897,-0.826784837622155,100,90
hybrid,1000,5000,-0.2633957128653872,-0.0014035296225299897,-0.2619921832428572,100,90
B_only,1000,5000,-0.026345583377017933,-0.0014035296225299897,-0.024942053754487943,100,90
A_only,1000,10000,-0.38622054949404505,-0.0014035296225299897,-0.38481701987151506,100,90
hybrid,1000,10000,-0.2048886898016368,-0.0014035296225299897,-0.2034851601791068,100,90
B_only,1000,10000,-0.24338542831109886,-0.0014035296225299897,-0.24198189868856887,100,90
A_only,1000,2000,-0.7024451461394945,-0.0017750072554159953,-0.7006701388840785,200,90
hybrid,1000,2000,-0.3291136434005837,-0.0017750072554159953,-0.32733863614516767,200,90
B_only,1000,2000,-0.058603744680844484,-0.0017750072554159953,-0.05682873742542849,200,90
A_only,1000,5000,-0.98548208630767,-0.0017750072554159953,-0.983707079052254,200,90
hybrid,1000,5000,-0.46089392748212,-0.0017750072554159953,-0.459118920226704,200,90
B_only,1000,5000,-0.03448713982551232,-0.0017750072554159953,-0.03271213257009632,200,90
A_only,1000,10000,-0.6392453052254974,-0.0014035296225299897,-0.6378417756029674,200,90
hybrid,1000,10000,-0.166235156317056,-0.0014035296225299897,-0.164831626694526,200,90
B_only,1000,10000,-3.2491204170459013e-05,-0.0014035296225299897,0.0013710384183595308,200,90
A_only,1000,2000,-0.6857712274184787,-0.0014035296225299897,-0.6843676977959487,500,90
hybrid,1000,2000,-0.11437709318973881,-0.0014035296225299897,-0.11297356356720882,500,90
B_only,1000,2000,-0.0019439262400006477,-0.0014035296225299897,-0.000540396617470658,500,90
A_only,1000,5000,-0.9513685525775611,-0.0033159803963591777,-0.948052572181202,500,90
hybrid,1000,5000,-0.295771375285827,-0.0033159803963591777,-0.2924553948894678,500,90
B_only,1000,5000,-0.02652708990655721,-0.0033159803963591777,-0.023211109510198034,500,90
A_only,1000,10000,-0.41462193683642107,-0.0014035296225299897,-0.4132184072138911,500,90
hybrid,1000,10000,-0.04711781916878233,-0.0014035296225299897,-0.04571428954625234,500,90
B_only,1000,10000,-0.006019354731168241,-0.0014035296225299897,-0.004615825108638251,500,90
A_only,1000,2000,-0.6019215092019838,-0.0006760970636952127,-0.6012454121382886,25,91
hybrid,1000,2000,-0.23909023075824612,-0.0006760970636952127,-0.23841413369455092,25,91
B_only,1000,2000,-0.009406961631449927,-0.0006760970636952127,-0.008730864567754714,25,91
A_only,1000,5000,-0.6228527245088644,-0.021107166088018964,-0.6017455584208454,25,91
hybrid,1000,5000,-0.243460229638419,-0.021107166088018964,-0.22235306355040005,25,91
B_only,1000,5000,-0.34038890233113933,-0.021107166088018964,-0.3192817362431204,25,91
A_only,1000,10000,-0.04589784167692486,-0.0014035296225299897,-0.04449431205439487,25,91
hybrid,1000,10000,-0.0005572301783509796,-0.0014035296225299897,0.0008462994441790101,25,91
B_only,1000,10000,-1.3845573078495468e-05,-0.0014035296225299897,0.0013896840494514943,25,91
A_only,1000,2000,-0.6599448241553179,-0.0028182160594265654,-0.6571266080958913,50,91
hybrid,1000,2000,-0.18661776934875893,-0.0028182160594265654,-0.18379955328933237,50,91
B_only,1000,2000,-0.12488575467997753,-0.0028182160594265654,-0.12206753862055097,50,91
A_only,1000,5000,-1.3016848040045825,-0.0028182160594265654,-1.298866587945156,50,91
hybrid,1000,5000,-0.6897342773149766,-0.0028182160594265654,-0.68691606125555,50,91
B_only,1000,5000,-0.01587786447521422,-0.0028182160594265654,-0.013059648415787654,50,91
A_only,1000,10000,-0.24787191493496064,-0.0006760970636952127,-0.24719581787126543,50,91
hybrid,1000,10000,-0.06351273659917861,-0.0006760970636952127,-0.0628366395354834,50,91
B_only,1000,10000,-0.0039913695194065775,-0.0006760970636952127,-0.0033152724557113647,50,91
A_only,1000,2000,-1.6395205517443618,-0.111168923611811,-1.5283516281325509,100,91
hybrid,1000,2000,-0.7796553827196485,-0.111168923611811,-0.6684864591078375,100,91
B_only,1000,2000,-1.2053312758423035e-05,-0.111168923611811,0.11115687029905257,100,91
A_only,1000,5000,-0.3193610373686137,-0.0028182160594265654,-0.31654282130918715,100,91
hybrid,1000,5000,-0.08243736218912875,-0.0028182160594265654,-0.0796191461297022,100,91
B_only,1000,5000,-0.0302739461035213,-0.0028182160594265654,-0.027455730044094732,100,91
A_only,1000,10000,-0.8996086308484155,-0.0006760970636952127,-0.8989325337847203,100,91
hybrid,1000,10000,-0.594984922744045,-0.0006760970636952127,-0.5943088256803498,100,91
B_only,1000,10000,-0.18505941222585412,-0.0006760970636952127,-0.18438331516215892,100,91
A_only,1000,2000,-0.3562918688359969,-0.13722523345536336,-0.21906663538063353,200,91
hybrid,1000,2000,-0.05899391039136695,-0.13722523345536336,0.07823132306399641,200,91
B_only,1000,2000,-0.016203047120604584,-0.13722523345536336,0.12102218633475878,200,91
A_only,1000,5000,-0.419845309662121,-0.0014035296225299897,-0.41844178003959104,200,91
hybrid,1000,5000,-0.15450704694226222,-0.0014035296225299897,-0.15310351731973224,200,91
B_only,1000,5000,-0.01393111792508185,-0.0014035296225299897,-0.01252758830255186,200,91
A_only,1000,10000,-0.6977812215481232,-0.0006760970636952127,-0.697105124484428,200,91
hybrid,1000,10000,-0.1632770187940475,-0.0006760970636952127,-0.1626009217303523,200,91
B_only,1000,10000,-4.317798411832684e-08,-0.0006760970636952127,0.0006760538857110943,200,91
A_only,1000,2000,-1.0494439026458036,-0.01849454206597494,-1.0309493605798286,500,91
hybrid,1000,2000,-0.3440204057216477,-0.01849454206597494,-0.32552586365567276,500,91
B_only,1000,2000,-0.15300978539011456,-0.01849454206597494,-0.1345152433241396,500,91
A_only,1000,5000,-1.1003183123143563,-0.0014035296225299897,-1.0989147826918262,500,91
hybrid,1000,5000,-0.21925222804413091,-0.0014035296225299897,-0.21784869842160093,500,91
B_only,1000,5000,-0.012609599827290657,-0.0014035296225299897,-0.011206070204760667,500,91
A_only,1000,10000,-0.06502590415131146,-0.0006760970636952127,-0.06434980708761624,500,91
hybrid,1000,10000,-0.016780546873723108,-0.0006760970636952127,-0.016104449810027895,500,91
B_only,1000,10000,-0.04594979375664717,-0.0006760970636952127,-0.04527369669295196,500,91
A_only,1000,2000,-0.6492663558154146,-0.016652717978201063,-0.6326136378372135,25,92
hybrid,1000,2000,-0.13344871573283454,-0.016652717978201063,-0.11679599775463348,25,92
B_only,1000,2000,-0.30144836518878676,-0.016652717978201063,-0.2847956472105857,25,92
A_only,1000,5000,-0.2541658634437885,-0.016530923319274207,-0.2376349401245143,25,92
hybrid,1000,5000,-0.04474050118979763,-0.016530923319274207,-0.028209577870523424,25,92
B_only,1000,5000,-0.0039714631319132864,-0.016530923319274207,0.01255946018736092,25,92
A_only,1000,10000,-0.8904868583308579,-0.0006760970636952127,-0.8898107612671627,25,92
hybrid,1000,10000,-0.8498023692854814,-0.0006760970636952127,-0.8491262722217862,25,92
B_only,1000,10000,-2.201515937416943,-0.0006760970636952127,-2.2008398403532476,25,92
A_only,1000,2000,-0.7362444194358418,-0.016530923319274207,-0.7197134961165677,50,92
hybrid,1000,2000,-0.2319754535970853,-0.016530923319274207,-0.21544453027781107,50,92
B_only,1000,2000,-0.022560045258226767,-0.016530923319274207,-0.00602912193895256,50,92
A_only,1000,5000,-0.9941939872826037,-0.0006760970636952127,-0.9935178902189085,50,92
hybrid,1000,5000,-0.4015918816372952,-0.0006760970636952127,-0.4009157845736,50,92
B_only,1000,5000,-0.0012182348948871844,-0.0006760970636952127,-0.0005421378311919717,50,92
A_only,1000,10000,-1.0422022608891857,-0.0006760970636952127,-1.0415261638254905,50,92
hybrid,1000,10000,-0.6551860943601389,-0.0006760970636952127,-0.6545099972964437,50,92
B_only,1000,10000,-0.011058172163742906,-0.0006760970636952127,-0.010382075100047693,50,92
A_only,1000,2000,-1.1440941686698345,-0.0033159803963591777,-1.1407781882734753,100,92
hybrid,1000,2000,-0.5891744141559123,-0.0033159803963591777,-0.5858584337595532,100,92
B_only,1000,2000,-0.6558417948123367,-0.0033159803963591777,-0.6525258144159776,100,92
A_only,1000,5000,-0.5477529196231772,-0.0033159803963591777,-0.544436939226818,100,92
hybrid,1000,5000,-0.19309250558295116,-0.0033159803963591777,-0.189776525186592,100,92
B_only,1000,5000,-6.282134692269023e-05,-0.0033159803963591777,0.0032531590494364877,100,92
A_only,1000,10000,-0.3365372747084626,-0.0006760970636952127,-0.3358611776447674,100,92
hybrid,1000,10000,-0.18719962028896528,-0.0006760970636952127,-0.18652352322527008,100,92
B_only,1000,10000,-0.1689123361861071,-0.0006760970636952127,-0.1682362391224119,100,92
A_only,1000,2000,-1.1261728500034354,-0.0006760970636952127,-1.1254967529397402,200,92
hybrid,1000,2000,-0.4728974132956731,-0.0006760970636952127,-0.4722213162319779,200,92
B_only,1000,2000,-0.044989813947999065,-0.0006760970636952127,-0.044313716884303855,200,92
A_only,1000,5000,-0.9181399323711656,-0.0017750072554159953,-0.9163649251157496,200,92
hybrid,1000,5000,-0.39830991939816096,-0.0017750072554159953,-0.39653491214274494,200,92
B_only,1000,5000,-0.03635457911095286,-0.0017750072554159953,-0.03457957185553687,200,92
A_only,1000,10000,-1.2330016892024627,-0.0014035296225299897,-1.2315981595799326,200,92
hybrid,1000,10000,-0.24253466207654564,-0.0014035296225299897,-0.24113113245401566,200,92
B_only,1000,10000,-4.3879444044290985e-10,-0.0014035296225299897,0.0014035291837355493,200,92
A_only,1000,2000,-0.6876950625762114,-0.02555970165368331,-0.6621353609225281,500,92
hybrid,1000,2000,-0.13450137039046223,-0.02555970165368331,-0.10894166873677892,500,92
B_only,1000,2000,-0.07039172409779697,-0.02555970165368331,-0.04483202244411366,500,92
A_only,1000,5000,-0.49833040272632817,-0.0014035296225299897,-0.4969268731037982,500,92
hybrid,1000,5000,-0.10486740171805756,-0.0014035296225299897,-0.10346387209552757,500,92
B_only,1000,5000,-1.2887709742108191e-05,-0.0014035296225299897,0.0013906419127878815,500,92
A_only,1000,10000,-0.621658760067199,-0.0014035296225299897,-0.620255230444669,500,92
hybrid,1000,10000,-0.21478276161274149,-0.0014035296225299897,-0.2133792319902115,500,92
B_only,1000,10000,-0.013426053686057132,-0.0014035296225299897,-0.012022524063527142,500,92
A_only,1000,2000,-1.790423286460066,-0.13722523345536336,-1.6531980530047026,25,93
hybrid,1000,2000,-2.134225943094221,-0.13722523345536336,-1.9970007096388578,25,93
B_only,1000,2000,-0.26483130370168667,-0.13722523345536336,-0.1276060702463233,25,93
A_only,1000,5000,-0.3226660154372972,-0.0006760970636952127,-0.321989918373602,25,93
hybrid,1000,5000,-0.09136586880653984,-0.0006760970636952127,-0.09068977174284462,25,93
B_only,1000,5000,-0.1988014919026834,-0.0006760970636952127,-0.1981253948389882,25,93
A_only,1000,10000,-0.7184888857180558,-0.0014035296225299897,-0.7170853560955258,25,93
hybrid,1000,10000,-0.23597297461995087,-0.0014035296225299897,-0.23456944499742088,25,93
B_only,1000,10000,-0.0001374775569524638,-0.0014035296225299897,0.001266052065577526,25,93
A_only,1000,2000,-1.044714837809551,-0.0006760970636952127,-1.0440387407458558,50,93
hybrid,1000,2000,-0.48377919349967735,-0.0006760970636952127,-0.48310309643598215,50,93
B_only,1000,2000,-0.0687395261330771,-0.0006760970636952127,-0.06806342906938188,50,93
A_only,1000,5000,-0.044312613473434445,-0.0006760970636952127,-0.043636516409739236,50,93
hybrid,1000,5000,-0.004326615781974483,-0.0006760970636952127,-0.0036505187182792704,50,93
B_only,1000,5000,-0.03989068154752852,-0.0006760970636952127,-0.03921458448383331,50,93
A_only,1000,10000,-0.5665361568120351,-0.0017750072554159953,-0.564761149556619,50,93
hybrid,1000,10000,-0.17602070154393207,-0.0017750072554159953,-0.17424569428851608,50,93
B_only,1000,10000,-0.011483265871394968,-0.0017750072554159953,-0.009708258615978972,50,93
A_only,1000,2000,-0.747772306621836,-0.021107166088018964,-0.726665140533817,100,93
hybrid,1000,2000,-0.38909657628966854,-0.021107166088018964,-0.36798941020164955,100,93
B_only,1000,2000,-0.024825132974606312,-0.021107166088018964,-0.0037179668865873483,100,93
A_only,1000,5000,-0.6608615318933014,-0.0006760970636952127,-0.6601854348296062,100,93
hybrid,1000,5000,-0.36721474956895345,-0.0006760970636952127,-0.36653865250525824,100,93
B_only,1000,5000,-0.01202232024650278,-0.0006760970636952127,-0.011346223182807567,100,93
A_only,1000,10000,-0.7577869395167133,-0.0014035296225299897,-0.7563834098941833,100,93
hybrid,1000,10000,-0.5332696077254049,-0.0014035296225299897,-0.5318660781028749,100,93
B_only,1000,10000,-0.030648115925757342,-0.0014035296225299897,-0.029244586303227352,100,93
A_only,1000,2000,-0.5123242881545416,-0.0006760970636952127,-0.5116481910908464,200,93
hybrid,1000,2000,-0.12953308833418922,-0.0006760970636952127,-0.12885699127049402,200,93
B_only,1000,2000,-2.522854345714826e-06,-0.0006760970636952127,0.0006735742093494978,200,93
A_only,1000,5000,-0.840642085388527,-0.0014035296225299897,-0.839238555765997,200,93
hybrid,1000,5000,-0.3884480694129358,-0.0014035296225299897,-0.3870445397904058,200,93
B_only,1000,5000,-0.0006996647796621981,-0.0014035296225299897,0.0007038648428677916,200,93
A_only,1000,10000,-0.8452587666364371,-0.0006760970636952127,-0.8445826695727419,200,93
hybrid,1000,10000,-0.17600282618749055,-0.0006760970636952127,-0.17532672912379535,200,93
B_only,1000,10000,-0.00038218213181956184,-0.0006760970636952127,0.00029391493187565086,200,93
A_only,1000,2000,-1.3724399595354957,-0.06227961821163712,-1.3101603413238585,500,93
hybrid,1000,2000,-0.30687482278032063,-0.06227961821163712,-0.2445952045686835,500,93
B_only,1000,2000,-0.00712719348501466,-0.06227961821163712,0.05515242472662246,500,93
A_only,1000,5000,-1.256795565624583,-0.0014035296225299897,-1.255392036002053,500,93
hybrid,1000,5000,-0.23177250477494898,-0.0014035296225299897,-0.230368975152419,500,93
B_only,1000,5000,-0.035018384592127645,-0.0014035296225299897,-0.03361485496959766,500,93
A_only,1000,10000,-0.12818702510211363,-0.0033159803963591777,-0.12487104470575446,500,93
hybrid,1000,10000,-0.022598623827280537,-0.0033159803963591777,-0.01928264343092136,500,93
B_only,1000,10000,-0.0016395618404826883,-0.0033159803963591777,0.0016764185558764894,500,93
A_only,1000,2000,-0.4742452656765132,-0.0028182160594265654,-0.47142704961708665,25,94
hybrid,1000,2000,-0.10061421699773247,-0.0028182160594265654,-0.09779600093830591,25,94
B_only,1000,2000,-0.02392385592134894,-0.0028182160594265654,-0.021105639861922373,25,94
A_only,1000,5000,-0.2939255746844122,-0.0033159803963591777,-0.29060959428805305,25,94
hybrid,1000,5000,-0.101307434045204,-0.0033159803963591777,-0.09799145364884482,25,94
B_only,1000,5000,-0.14371165293898475,-0.0033159803963591777,-0.14039567254262558,25,94
A_only,1000,10000,-0.8516541211017493,-0.0006760970636952127,-0.8509780240380541,25,94
hybrid,1000,10000,-0.6707055753901483,-0.0006760970636952127,-0.6700294783264531,25,94
B_only,1000,10000,-0.01596955580458029,-0.0006760970636952127,-0.015293458740885078,25,94
A_only,1000,2000,-0.7758938822014423,-0.048388414022939155,-0.7275054681785031,50,94
hybrid,1000,2000,-0.334199545178483,-0.048388414022939155,-0.28581113115554385,50,94
B_only,1000,2000,-0.5291156535314,-0.048388414022939155,-0.48072723950846086,50,94
A_only,1000,5000,-0.7450404368561558,-0.0028182160594265654,-0.7422222207967293,50,94
hybrid,1000,5000,-0.3328524717588803,-0.0028182160594265654,-0.3300342556994537,50,94
B_only,1000,5000,-0.18974976168490346,-0.0028182160594265654,-0.1869315456254769,50,94
A_only,1000,10000,-0.555532653354287,-0.016530923319274207,-0.5390017300350128,50,94
hybrid,1000,10000,-0.2365972986610319,-0.016530923319274207,-0.22006637534175771,50,94
B_only,1000,10000,-0.007928795349346325,-0.016530923319274207,0.008602127969927882,50,94
A_only,1000,2000,-1.252196896335789,-0.016652717978201063,-1.235544178357588,100,94
hybrid,1000,2000,-0.8215302071088029,-0.016652717978201063,-0.8048774891306018,100,94
B_only,1000,2000,-0.009259880314509302,-0.016652717978201063,0.007392837663691761,100,94
A_only,1000,5000,-1.1461202104337216,-0.0006760970636952127,-1.1454441133700264,100,94
hybrid,1000,5000,-0.7915731440317845,-0.0006760970636952127,-0.7908970469680893,100,94
B_only,1000,5000,-0.16106473326432222,-0.0006760970636952127,-0.16038863620062702,100,94
A_only,1000,10000,-0.8382841012769833,-0.0014035296225299897,-0.8368805716544533,100,94
hybrid,1000,10000,-0.39291521196177115,-0.0014035296225299897,-0.39151168233924116,100,94
B_only,1000,10000,-0.00873816733856421,-0.0014035296225299897,-0.0073346377160342195,100,94
A_only,1000,2000,-0.8863350139384383,-0.10941634953475828,-0.77691866440368,200,94
hybrid,1000,2000,-0.19981316574229574,-0.10941634953475828,-0.09039681620753746,200,94
B_only,1000,2000,-7.323947972089783e-06,-0.10941634953475828,0.10940902558678618,200,94
A_only,1000,5000,-1.0345823050105412,-0.0017750072554159953,-1.0328072977551253,200,94
hybrid,1000,5000,-0.3486272987325146,-0.0017750072554159953,-0.34685229147709856,200,94
B_only,1000,5000,-0.005927143444093209,-0.0017750072554159953,-0.004152136188677214,200,94
A_only,1000,10000,-0.4058117415879994,-0.0014035296225299897,-0.4044082119654694,200,94
hybrid,1000,10000,-0.206637823481081,-0.0014035296225299897,-0.20523429385855102,200,94
B_only,1000,10000,-0.008367662827777187,-0.0014035296225299897,-0.006964133205247197,200,94
A_only,1000,2000,-0.9297802359578623,-0.0014035296225299897,-0.9283767063353323,500,94
hybrid,1000,2000,-0.2750208949241845,-0.0014035296225299897,-0.27361736530165454,500,94
B_only,1000,2000,-0.06109228700379542,-0.0014035296225299897,-0.05968875738126543,500,94
A_only,1000,5000,-0.3681326007911494,-0.02338563685393675,-0.34474696393721266,500,94
hybrid,1000,5000,-0.053397926055990516,-0.02338563685393675,-0.030012289202053767,500,94
B_only,1000,5000,-2.1867914938995243e-06,-0.02338563685393675,0.02338345006244285,500,94
A_only,1000,10000,-0.35521502427537727,-0.0006760970636952127,-0.35453892721168206,500,94
hybrid,1000,10000,-0.06883445679189637,-0.0006760970636952127,-0.06815835972820115,500,94
B_only,1000,10000,-0.001040381192562482,-0.0006760970636952127,-0.00036428412886726927,500,94
A_only,1000,2000,-1.2109412353918994,-0.04442382739503962,-1.1665174079968597,25,95
hybrid,1000,2000,-0.5158772582024778,-0.04442382739503962,-0.4714534308074381,25,95
B_only,1000,2000,-0.012958539463463476,-0.04442382739503962,0.031465287931576144,25,95
A_only,1000,5000,-0.735657481609393,-0.0014035296225299897,-0.734253951986863,25,95
hybrid,1000,5000,-0.462860171014168,-0.0014035296225299897,-0.461456641391638,25,95
B_only,1000,5000,-0.01160900471788248,-0.0014035296225299897,-0.01020547509535249,25,95
A_only,1000,10000,-0.447585783298634,-0.0006760970636952127,-0.4469096862349388,25,95
hybrid,1000,10000,-0.12953381632088348,-0.0006760970636952127,-0.12885771925718828,25,95
B_only,1000,10000,-0.0015890790276469175,-0.0006760970636952127,-0.0009129819639517048,25,95
A_only,1000,2000,-1.5044136561740378,-0.044229416304240946,-1.4601842398697968,50,95
hybrid,1000,2000,-0.6414747221746445,-0.044229416304240946,-0.5972453058704036,50,95
B_only,1000,2000,-0.0006790693850545907,-0.044229416304240946,0.043550346919186356,50,95
A_only,1000,5000,-0.19438561284540057,-0.0017750072554159953,-0.19261060558998458,50,95
hybrid,1000,5000,-0.052776602491998136,-0.0017750072554159953,-0.05100159523658214,50,95
B_only,1000,5000,-0.3554259987224154,-0.0017750072554159953,-0.3536509914669994,50,95
A_only,1000,10000,-0.8297302703183355,-0.0006760970636952127,-0.8290541732546403,50,95
hybrid,1000,10000,-0.37475292230455154,-0.0006760970636952127,-0.37407682524085634,50,95
B_only,1000,10000,-0.0010680937280464961,-0.0006760970636952127,-0.00039199666435128344,50,95
A_only,1000,2000,-0.5980100673573967,-0.10941634953475828,-0.48859371782263844,100,95
hybrid,1000,2000,-0.22273350135595074,-0.10941634953475828,-0.11331715182119247,100,95
B_only,1000,2000,-0.20625007213260532,-0.10941634953475828,-0.09683372259784705,100,95
A_only,1000,5000,-0.9118384112755691,-0.0028182160594265654,-0.9090201952161425,100,95
hybrid,1000,5000,-0.5440233514175777,-0.0028182160594265654,-0.5412051353581512,100,95
B_only,1000,5000,-0.008350722909853605,-0.0028182160594265654,-0.00553250685042704,100,95
A_only,1000,10000,-1.0345080138226128,-0.0014035296225299897,-1.0331044842000827,100,95
hybrid,1000,10000,-0.531027082418247,-0.0014035296225299897,-0.529623552795717,100,95
B_only,1000,10000,-0.001343347766649473,-0.0014035296225299897,6.018185588051671e-05,100,95
A_only,1000,2000,-1.2040279207938336,-0.0017750072554159953,-1.2022529135384177,200,95
hybrid,1000,2000,-0.9274929285677168,-0.0017750072554159953,-0.9257179213123008,200,95
B_only,1000,2000,-0.7138049876829085,-0.0017750072554159953,-0.7120299804274924,200,95
A_only,1000,5000,-0.43122631214060847,-0.021107166088018964,-0.4101191460525895,200,95
hybrid,1000,5000,-0.10184603607041176,-0.021107166088018964,-0.0807388699823928,200,95
B_only,1000,5000,-0.0032188715080498282,-0.021107166088018964,0.017888294579969134,200,95
A_only,1000,10000,-0.925103088816475,-0.0014035296225299897,-0.923699559193945,200,95
hybrid,1000,10000,-0.5844590557911203,-0.0014035296225299897,-0.5830555261685904,200,95
B_only,1000,10000,-0.17544779685503667,-0.0014035296225299897,-0.17404426723250668,200,95
A_only,1000,2000,-1.4148557841609324,-0.0006760970636952127,-1.4141796870972372,500,95
hybrid,1000,2000,-0.31665489783780026,-0.0006760970636952127,-0.31597880077410506,500,95
B_only,1000,2000,-0.003248839551543458,-0.0006760970636952127,-0.002572742487848245,500,95
A_only,1000,5000,-1.0191109963478313,-0.02555970165368331,-0.993551294694148,500,95
hybrid,1000,5000,-0.17143526639402296,-0.02555970165368331,-0.14587556474033964,500,95
B_only,1000,5000,-1.0578829901877826e-05,-0.02555970165368331,0.025549122823781432,500,95
A_only,1000,10000,-0.8287803197482396,-0.0014035296225299897,-0.8273767901257096,500,95
hybrid,1000,10000,-0.1693590754641366,-0.0014035296225299897,-0.1679555458416066,500,95
B_only,1000,10000,-0.011434683207077157,-0.0014035296225299897,-0.010031153584547167,500,95
A_only,1000,2000,-0.7293323857704553,-0.0014035296225299897,-0.7279288561479254,25,96
hybrid,1000,2000,-0.4884376892267974,-0.0014035296225299897,-0.48703415960426744,25,96
B_only,1000,2000,-0.14308292966781225,-0.0014035296225299897,-0.14167940004528226,25,96
A_only,1000,5000,-0.4856793238272526,-0.0014035296225299897,-0.4842757942047226,25,96
hybrid,1000,5000,-0.21459038413773437,-0.0014035296225299897,-0.2131868545152044,25,96
B_only,1000,5000,-0.08431560913058672,-0.0014035296225299897,-0.08291207950805674,25,96
A_only,1000,10000,-0.8572929725254961,-0.0006760970636952127,-0.8566168754618009,25,96
hybrid,1000,10000,-0.5903027544197965,-0.0006760970636952127,-0.5896266573561013,25,96
B_only,1000,10000,-0.060282536112448847,-0.0006760970636952127,-0.05960643904875364,25,96
A_only,1000,2000,-1.098875009437138,-0.0028182160594265654,-1.0960567933777114,50,96
hybrid,1000,2000,-0.46190779847025876,-0.0028182160594265654,-0.4590895824108322,50,96
B_only,1000,2000,-0.0012210552334276984,-0.0028182160594265654,0.001597160825998867,50,96
A_only,1000,5000,-1.0388428901314415,-0.0017750072554159953,-1.0370678828760256,50,96
hybrid,1000,5000,-0.6495424044116389,-0.0017750072554159953,-0.6477673971562229,50,96
B_only,1000,5000,-0.0014655305151182695,-0.0017750072554159953,0.00030947674029772583,50,96
A_only,1000,10000,-0.7317755209857059,-0.0006760970636952127,-0.7310994239220107,50,96
hybrid,1000,10000,-0.41780180253687127,-0.0006760970636952127,-0.41712570547317607,50,96
B_only,1000,10000,-0.026578776512820212,-0.0006760970636952127,-0.025902679449125,50,96
A_only,1000,2000,-0.766679725220846,-0.06976201878446649,-0.6969177064363795,100,96
hybrid,1000,2000,-0.2825585154815648,-0.06976201878446649,-0.21279649669709833,100,96
B_only,1000,2000,-0.501143448138642,-0.06976201878446649,-0.4313814293541755,100,96
A_only,1000,5000,-0.6495143100518078,-0.044229416304240946,-0.6052848937475669,100,96
hybrid,1000,5000,-0.4292569487447249,-0.044229416304240946,-0.385027532440484,100,96
B_only,1000,5000,-0.36768696825471026,-0.044229416304240946,-0.3234575519504693,100,96
A_only,1000,10000,-0.5750362953308132,-0.0014035296225299897,-0.5736327657082833,100,96
hybrid,1000,10000,-0.34141008103799125,-0.0014035296225299897,-0.34000655141546127,100,96
B_only,1000,10000,-0.0027065900158599874,-0.0014035296225299897,-0.0013030603933299977,100,96
A_only,1000,2000,-0.7589438132314194,-0.12335401220163825,-0.6355898010297811,200,96
hybrid,1000,2000,-0.3599677922384032,-0.12335401220163825,-0.23661378003676495,200,96
B_only,1000,2000,-0.09435382139576497,-0.12335401220163825,0.02900019080587328,200,96
A_only,1000,5000,-0.7285158609908718,-0.0033159803963591777,-0.7251998805945127,200,96
hybrid,1000,5000,-0.4212864432697207,-0.0033159803963591777,-0.41797046287336154,200,96
B_only,1000,5000,-0.24055573458831853,-0.0033159803963591777,-0.23723975419195936,200,96
A_only,1000,10000,-1.0358091571122314,-0.0006760970636952127,-1.0351330600485362,200,96
hybrid,1000,10000,-0.17693475030603062,-0.0006760970636952127,-0.17625865324233542,200,96
B_only,1000,10000,-2.290174500607689e-05,-0.0006760970636952127,0.0006531953186891358,200,96
A_only,1000,2000,-0.7393683408662604,-0.021107166088018964,-0.7182611747782414,500,96
hybrid,1000,2000,-0.21965725396744165,-0.021107166088018964,-0.1985500878794227,500,96
B_only,1000,2000,-0.058597897699394524,-0.021107166088018964,-0.03749073161137556,500,96
A_only,1000,5000,-0.775443804830876,-0.0028182160594265654,-0.7726255887714495,500,96
hybrid,1000,5000,-0.17304018617719485,-0.0028182160594265654,-0.1702219701177683,500,96
B_only,1000,5000,-0.02364683939381515,-0.0028182160594265654,-0.020828623334388584,500,96
A_only,1000,10000,-0.3488015763076906,-0.0006760970636952127,-0.3481254792439954,500,96
hybrid,1000,10000,-0.19495154701367587,-0.0006760970636952127,-0.19427544994998067,500,96
B_only,1000,10000,-0.03890718912194712,-0.0006760970636952127,-0.03823109205825191,500,96
A_only,1000,2000,-0.5485730291203559,-0.021107166088018964,-0.5274658630323369,25,97
hybrid,1000,2000,-0.131781552764081,-0.021107166088018964,-0.11067438667606203,25,97
B_only,1000,2000,-0.0005643735667667235,-0.021107166088018964,0.02054279252125224,25,97
A_only,1000,5000,-1.3020433791231716,-0.0006760970636952127,-1.3013672820594764,25,97
hybrid,1000,5000,-0.6368119291563399,-0.0006760970636952127,-0.6361358320926447,25,97
B_only,1000,5000,-0.0013349048934425476,-0.0006760970636952127,-0.0006588078297473349,25,97
A_only,1000,10000,-0.9471927284599185,-0.0006760970636952127,-0.9465166313962233,25,97
hybrid,1000,10000,-0.3162737073578919,-0.0006760970636952127,-0.3155976102941967,25,97
B_only,1000,10000,-4.0633511849670705e-07,-0.0006760970636952127,0.0006756907285767159,25,97
A_only,1000,2000,-0.7609562009517428,-0.044229416304240946,-0.7167267846475018,50,97
hybrid,1000,2000,-0.09337877697353482,-0.044229416304240946,-0.04914936066929387,50,97
B_only,1000,2000,-2.7008315503128427e-07,-0.044229416304240946,0.04422914622108592,50,97
A_only,1000,5000,-0.5734721480774241,-0.016652717978201063,-0.556819430099223,50,97
hybrid,1000,5000,-0.3336196080674082,-0.016652717978201063,-0.31696689008920714,50,97
B_only,1000,5000,-0.012425375784717458,-0.016652717978201063,0.004227342193483604,50,97
A_only,1000,10000,-1.1951544924313178,-0.0006760970636952127,-1.1944783953676226,50,97
hybrid,1000,10000,-0.7064522095169318,-0.0006760970636952127,-0.7057761124532366,50,97
B_only,1000,10000,-0.010317111919292596,-0.0006760970636952127,-0.009641014855597383,50,97
A_only,1000,2000,-0.8705446812709353,-0.021107166088018964,-0.8494375151829163,100,97
hybrid,1000,2000,-0.5436534344017714,-0.021107166088018964,-0.5225462683137524,100,97
B_only,1000,2000,-0.037321592466154865,-0.021107166088018964,-0.0162144263781359,100,97
A_only,1000,5000,-0.7510085494767855,-0.016530923319274207,-0.7344776261575113,100,97
hybrid,1000,5000,-0.2995452326698945,-0.016530923319274207,-0.28301430935062033,100,97
B_only,1000,5000,-0.04252365468180393,-0.016530923319274207,-0.02599273136252972,100,97
A_only,1000,10000,-1.5886696213725444,-0.0014035296225299897,-1.5872660917500143,100,97
hybrid,1000,10000,-1.1787816320611635,-0.0014035296225299897,-1.1773781024386334,100,97
B_only,1000,10000,-0.008906752885070255,-0.0014035296225299897,-0.007503223262540265,100,97
A_only,1000,2000,-1.0201520167976423,-0.0028182160594265654,-1.0173338007382158,200,97
hybrid,1000,2000,-0.3087553483167841,-0.0028182160594265654,-0.3059371322573575,200,97
B_only,1000,2000,-0.035022213625358366,-0.0028182160594265654,-0.0322039975659318,200,97
A_only,1000,5000,-1.1874456844119747,-0.0006760970636952127,-1.1867695873482795,200,97
hybrid,1000,5000,-0.4041815320154562,-0.0006760970636952127,-0.403505434951761,200,97
B_only,1000,5000,-0.007913412334201632,-0.0006760970636952127,-0.007237315270506419,200,97
A_only,1000,10000,-1.1173363617797856,-0.0033159803963591777,-1.1140203813834264,200,97
hybrid,1000,10000,-0.5625571047914929,-0.0033159803963591777,-0.5592411243951337,200,97
B_only,1000,10000,-0.02900799459200237,-0.0033159803963591777,-0.025692014195643192,200,97
A_only,1000,2000,-0.8652824919597422,-0.02338563685393675,-0.8418968551058054,500,97
hybrid,1000,2000,-0.27917959341266096,-0.02338563685393675,-0.2557939565587242,500,97
B_only,1000,2000,-0.024420034045093717,-0.02338563685393675,-0.0010343971911569681,500,97
A_only,1000,5000,-0.4145185891686938,-0.048388414022939155,-0.36613017514575463,500,97
hybrid,1000,5000,-0.07254591048447316,-0.048388414022939155,-0.024157496461534006,500,97
B_only,1000,5000,-0.00035864563982848977,-0.048388414022939155,0.04802976838311067,500,97
A_only,1000,10000,-0.03340930703265329,-0.0017750072554159953,-0.03163429977723729,500,97
hybrid,1000,10000,-0.0063242318397682094,-0.0017750072554159953,-0.004549224584352214,500,97
B_only,1000,10000,-0.007778021700292029,-0.0017750072554159953,-0.006003014444876034,500,97
A_only,1000,2000,-0.5858861379078103,-0.0006760970636952127,-0.5852100408441151,25,98
hybrid,1000,2000,-0.2611518836823811,-0.0006760970636952127,-0.2604757866186859,25,98
B_only,1000,2000,-1.3893003860982134,-0.0006760970636952127,-1.3886242890345182,25,98
A_only,1000,5000,-0.03999723430667829,-0.0014035296225299897,-0.03859370468414831,25,98
hybrid,1000,5000,-0.003240570188070431,-0.0014035296225299897,-0.0018370405655404414,25,98
B_only,1000,5000,-0.42948854320844554,-0.0014035296225299897,-0.42808501358591555,25,98
A_only,1000,10000,-0.2837659945543636,-0.0006760970636952127,-0.2830898974906684,25,98
hybrid,1000,10000,-0.07628284133277646,-0.0006760970636952127,-0.07560674426908125,25,98
B_only,1000,10000,-0.00025863627231054306,-0.0006760970636952127,0.00041746079138466963,25,98
A_only,1000,2000,-1.1705391934074596,-0.01849454206597494,-1.1520446513414846,50,98
hybrid,1000,2000,-0.8024177029885003,-0.01849454206597494,-0.7839231609225255,50,98
B_only,1000,2000,-0.0015467761989134644,-0.01849454206597494,0.016947765867061475,50,98
A_only,1000,5000,-0.7584172590354016,-0.02338563685393675,-0.7350316221814648,50,98
hybrid,1000,5000,-0.33598750565366614,-0.02338563685393675,-0.3126018687997294,50,98
B_only,1000,5000,-0.0015117503359011555,-0.02338563685393675,0.021873886518035592,50,98
A_only,1000,10000,-0.2083359804299238,-0.0014035296225299897,-0.2069324508073938,50,98
hybrid,1000,10000,-0.11192536103778365,-0.0014035296225299897,-0.11052183141525367,50,98
B_only,1000,10000,-0.07504565429383879,-0.0014035296225299897,-0.0736421246713088,50,98
A_only,1000,2000,-0.9922979232538365,-0.016652717978201063,-0.9756452052756354,100,98
hybrid,1000,2000,-0.3714662631996684,-0.016652717978201063,-0.35481354522146735,100,98
B_only,1000,2000,-0.024243299372642323,-0.016652717978201063,-0.00759058139444126,100,98
A_only,1000,5000,-0.9047767355401994,-0.0014035296225299897,-0.9033732059176695,100,98
hybrid,1000,5000,-0.2647517721885974,-0.0014035296225299897,-0.2633482425660674,100,98
B_only,1000,5000,-0.00010417196513299291,-0.0014035296225299897,0.0012993576573969968,100,98
A_only,1000,10000,-0.7799597224980654,-0.0014035296225299897,-0.7785561928755355,100,98
hybrid,1000,10000,-0.3526797859329117,-0.0014035296225299897,-0.35127625631038173,100,98
B_only,1000,10000,-0.0032998221292924227,-0.0014035296225299897,-0.001896292506762433,100,98
A_only,1000,2000,-0.5211670983151623,-0.021107166088018964,-0.5000599322271433,200,98
hybrid,1000,2000,-0.08890945602798812,-0.021107166088018964,-0.06780228993996916,200,98
B_only,1000,2000,-0.01033586442430313,-0.021107166088018964,0.010771301663715835,200,98
A_only,1000,5000,-0.9371265351756609,-0.0014035296225299897,-0.9357230055531309,200,98
hybrid,1000,5000,-0.3952173819011554,-0.0014035296225299897,-0.3938138522786254,200,98
B_only,1000,5000,-0.003661662406675256,-0.0014035296225299897,-0.0022581327841452664,200,98
A_only,1000,10000,-0.11875677708261169,-0.0014035296225299897,-0.1173532474600817,200,98
hybrid,1000,10000,-0.03489274260032085,-0.0014035296225299897,-0.033489212977790866,200,98
B_only,1000,10000,-0.06667597054558624,-0.0014035296225299897,-0.06527244092305626,200,98
A_only,1000,2000,-0.9243289972485041,-0.1396905408023715,-0.7846384564461326,500,98
hybrid,1000,2000,-0.20243140379855407,-0.1396905408023715,-0.06274086299618256,500,98
B_only,1000,2000,-0.025161943527936777,-0.1396905408023715,0.11452859727443473,500,98
A_only,1000,5000,-0.5242368791304975,-0.044229416304240946,-0.4800074628262566,500,98
hybrid,1000,5000,-0.05767864852219927,-0.044229416304240946,-0.013449232217958323,500,98
B_only,1000,5000,-0.0004047028608014828,-0.044229416304240946,0.04382471344343946,500,98
A_only,1000,10000,-0.44391715773522583,-0.016530923319274207,-0.42738623441595164,500,98
hybrid,1000,10000,-0.1538793013745101,-0.016530923319274207,-0.13734837805523592,500,98
B_only,1000,10000,-0.06557810700374302,-0.016530923319274207,-0.04904718368446881,500,98
A_only,1000,2000,-0.8247735423773034,-0.06976201878446649,-0.7550115235928369,25,99
hybrid,1000,2000,-0.17745089486073418,-0.06976201878446649,-0.10768887607626769,25,99
B_only,1000,2000,-1.2661017021262721e-06,-0.06976201878446649,0.06976075268276435,25,99
A_only,1000,5000,-0.3651736276223086,-0.0006760970636952127,-0.3644975305586134,25,99
hybrid,1000,5000,-0.1585769164728063,-0.0006760970636952127,-0.1579008194091111,25,99
B_only,1000,5000,-0.10373260402978757,-0.0006760970636952127,-0.10305650696609235,25,99
A_only,1000,10000,-0.46125818315876177,-0.0028182160594265654,-0.4584399670993352,25,99
hybrid,1000,10000,-0.3071025253575198,-0.0028182160594265654,-0.30428430929809325,25,99
B_only,1000,10000,-0.0007145363452070417,-0.0028182160594265654,0.0021036797142195236,25,99
A_only,1000,2000,-1.169872375486325,-0.0028182160594265654,-1.1670541594268984,50,99
hybrid,1000,2000,-0.46537383506323354,-0.0028182160594265654,-0.462555619003807,50,99
B_only,1000,2000,-0.008146072896660908,-0.0028182160594265654,-0.005327856837234342,50,99
A_only,1000,5000,-1.6656299894322155,-0.0006760970636952127,-1.6649538923685203,50,99
hybrid,1000,5000,-0.8044906507084101,-0.0006760970636952127,-0.8038145536447149,50,99
B_only,1000,5000,-0.0015701832594816373,-0.0006760970636952127,-0.0008940861957864246,50,99
A_only,1000,10000,-0.5157696242363999,-0.0006760970636952127,-0.5150935271727047,50,99
hybrid,1000,10000,-0.20240911814024895,-0.0006760970636952127,-0.20173302107655375,50,99
B_only,1000,10000,-0.08106736431434947,-0.0006760970636952127,-0.08039126725065425,50,99
A_only,1000,2000,-1.1227181131920123,-0.0014035296225299897,-1.1213145835694822,100,99
hybrid,1000,2000,-0.5521317293251007,-0.0014035296225299897,-0.5507281997025707,100,99
B_only,1000,2000,-2.1761161473775713e-05,-0.0014035296225299897,0.001381768461056214,100,99
A_only,1000,5000,-0.03239456016001828,-0.0017750072554159953,-0.030619552904602283,100,99
hybrid,1000,5000,-0.0023001973679122635,-0.0017750072554159953,-0.0005251901124962682,100,99
B_only,1000,5000,-0.04471930661355112,-0.0017750072554159953,-0.042944299358135124,100,99
A_only,1000,10000,-0.6070025222488372,-0.0014035296225299897,-0.6055989926263072,100,99
hybrid,1000,10000,-0.34724328596425647,-0.0014035296225299897,-0.3458397563417265,100,99
B_only,1000,10000,-0.011169264876928786,-0.0014035296225299897,-0.009765735254398797,100,99
A_only,1000,2000,-0.5788178777392476,-0.0028182160594265654,-0.5759996616798211,200,99
hybrid,1000,2000,-0.17532148946013637,-0.0028182160594265654,-0.1725032734007098,200,99
B_only,1000,2000,-0.010996494434093116,-0.0028182160594265654,-0.008178278374666552,200,99
A_only,1000,5000,-0.03560937013291634,-0.01849454206597494,-0.0171148280669414,200,99
hybrid,1000,5000,-0.00846142566703222,-0.01849454206597494,0.01003311639894272,200,99
B_only,1000,5000,-0.026036581154604686,-0.01849454206597494,-0.007542039088629746,200,99
A_only,1000,10000,-0.5247347069389428,-0.0006760970636952127,-0.5240586098752475,200,99
hybrid,1000,10000,-0.2282107437254416,-0.0006760970636952127,-0.2275346466617464,200,99
B_only,1000,10000,-0.047526324398596956,-0.0006760970636952127,-0.046850227334901746,200,99
A_only,1000,2000,-0.5545804227841569,-0.03431007729625027,-0.5202703454879066,500,99
hybrid,1000,2000,-0.17513476079411633,-0.03431007729625027,-0.14082468349786606,500,99
B_only,1000,2000,-0.02588124464697445,-0.03431007729625027,0.008428832649275818,500,99
A_only,1000,5000,-0.7169464568732862,-0.0028182160594265654,-0.7141282408138596,500,99
hybrid,1000,5000,-0.2360380871347508,-0.0028182160594265654,-0.23321987107532424,500,99
B_only,1000,5000,-0.005168154054058145,-0.0028182160594265654,-0.002349937994631579,500,99
A_only,1000,10000,-0.46834937821409883,-0.0006760970636952127,-0.46767328115040363,500,99
hybrid,1000,10000,-0.1754352307472565,-0.0006760970636952127,-0.1747591336835613,500,99
B_only,1000,10000,-0.09183635017658745,-0.0006760970636952127,-0.09116025311289223,500,99
A_only,1000,2000,-1.0263360663350616,-0.0033159803963591777,-1.0230200859387024,25,100
hybrid,1000,2000,-0.5408740598038496,-0.0033159803963591777,-0.5375580794074905,25,100
B_only,1000,2000,-0.000703508213123798,-0.0033159803963591777,0.00261247218323538,25,100
A_only,1000,5000,-0.7376419073191263,-0.02338563685393675,-0.7142562704651895,25,100
hybrid,1000,5000,-0.3007180602570885,-0.02338563685393675,-0.2773324234031518,25,100
B_only,1000,5000,-7.822045992138546e-05,-0.02338563685393675,0.023307416394015363,25,100
A_only,1000,10000,-0.561421389068723,-0.0006760970636952127,-0.5607452920050278,25,100
hybrid,1000,10000,-0.36053016171972907,-0.0006760970636952127,-0.35985406465603387,25,100
B_only,1000,10000,-0.06356701083389567,-0.0006760970636952127,-0.06289091377020045,25,100
A_only,1000,2000,-1.1033870458101653,-0.016530923319274207,-1.086856122490891,50,100
hybrid,1000,2000,-0.7278433253581345,-0.016530923319274207,-0.7113124020388603,50,100
B_only,1000,2000,-0.024884643354597436,-0.016530923319274207,-0.008353720035323229,50,100
A_only,1000,5000,-1.1699426764254408,-0.0017750072554159953,-1.168167669170025,50,100
hybrid,1000,5000,-0.5187152270525693,-0.0017750072554159953,-0.5169402197971533,50,100
B_only,1000,5000,-0.010814045950284314,-0.0017750072554159953,-0.009039038694868318,50,100
A_only,1000,10000,-0.7242735657223048,-0.0017750072554159953,-0.7224985584668888,50,100
hybrid,1000,10000,-0.24493025298195847,-0.0017750072554159953,-0.24315524572654248,50,100
B_only,1000,10000,-0.0018357926684827192,-0.0017750072554159953,-6.078541306672389e-05,50,100
A_only,1000,2000,-0.20428701154123216,-0.10583604024616299,-0.09845097129506918,100,100
hybrid,1000,2000,-0.039838136955088414,-0.10583604024616299,0.06599790329107458,100,100
B_only,1000,2000,-0.6569423176317596,-0.10583604024616299,-0.5511062773855966,100,100
A_only,1000,5000,-0.38293770382449505,-0.0033159803963591777,-0.3796217234281359,100,100
hybrid,1000,5000,-0.17278785413079703,-0.0033159803963591777,-0.16947187373443784,100,100
B_only,1000,5000,-0.040874133455688015,-0.0033159803963591777,-0.03755815305932884,100,100
A_only,1000,10000,-0.46742202013121875,-0.0006760970636952127,-0.46674592306752355,100,100
hybrid,1000,10000,-0.1193124032174623,-0.0006760970636952127,-0.11863630615376708,100,100
B_only,1000,10000,-0.013381357017150495,-0.0006760970636952127,-0.012705259953455282,100,100
A_only,1000,2000,-0.4398919314810373,-0.04442382739503962,-0.39546810408599764,200,100
hybrid,1000,2000,-0.12657903820688285,-0.04442382739503962,-0.08215521081184324,200,100
B_only,1000,2000,-0.01374049959222616,-0.04442382739503962,0.030683327802813458,200,100
A_only,1000,5000,-0.5815846303508929,-0.02555970165368331,-0.5560249286972097,200,100
hybrid,1000,5000,-0.1479578322872889,-0.02555970165368331,-0.12239813063360559,200,100
B_only,1000,5000,-0.008960716329778916,-0.02555970165368331,0.016598985323904393,200,100
A_only,1000,10000,-0.7197705068529995,-0.0006760970636952127,-0.7190944097893043,200,100
hybrid,1000,10000,-0.2724123137765778,-0.0006760970636952127,-0.2717362167128826,200,100
B_only,1000,10000,-0.008741124273703882,-0.0006760970636952127,-0.008065027210008669,200,100
A_only,1000,2000,-1.0938265663364402,-0.0006760970636952127,-1.093150469272745,500,100
hybrid,1000,2000,-0.28070875243099086,-0.0006760970636952127,-0.28003265536729566,500,100
B_only,1000,2000,-0.035894408767520154,-0.0006760970636952127,-0.035218311703824945,500,100
A_only,1000,5000,-0.9128046748509004,-0.0014035296225299897,-0.9114011452283705,500,100
hybrid,1000,5000,-0.3484004388596473,-0.0014035296225299897,-0.3469969092371173,500,100
B_only,1000,5000,-0.048611765928127576,-0.0014035296225299897,-0.04720823630559759,500,100
A_only,1000,10000,-0.06392105152389695,-0.0014035296225299897,-0.06251752190136696,500,100
hybrid,1000,10000,-0.004947073853383643,-0.0014035296225299897,-0.003543544230853653,500,100
B_only,1000,10000,-6.538211664528889e-05,-0.0014035296225299897,0.001338147505884701,500,100
A_only,1000,2000,-1.3460420315670576,-0.01849454206597494,-1.3275474895010826,25,101
hybrid,1000,2000,-0.9502667229412362,-0.01849454206597494,-0.9317721808752613,25,101
B_only,1000,2000,-0.11103926960786402,-0.01849454206597494,-0.09254472754188908,25,101
A_only,1000,5000,-1.6130504985834777,-0.0028182160594265654,-1.6102322825240512,25,101
hybrid,1000,5000,-1.316221872599219,-0.0028182160594265654,-1.3134036565397924,25,101
B_only,1000,5000,-0.05463137997430442,-0.0028182160594265654,-0.051813163914877856,25,101
A_only,1000,10000,-0.6894001563461136,-0.0014035296225299897,-0.6879966267235836,25,101
hybrid,1000,10000,-0.4792548839169086,-0.0014035296225299897,-0.47785135429437864,25,101
B_only,1000,10000,-0.1738434428936678,-0.0014035296225299897,-0.1724399132711378,25,101
A_only,1000,2000,-1.0579136262827313,-0.016530923319274207,-1.041382702963457,50,101
hybrid,1000,2000,-0.3140438132990424,-0.016530923319274207,-0.2975128899797682,50,101
B_only,1000,2000,-0.0016734742857813934,-0.016530923319274207,0.014857449033492814,50,101
A_only,1000,5000,-0.4135831541927587,-0.0006760970636952127,-0.4129070571290635,50,101
hybrid,1000,5000,-0.09377186401660093,-0.0006760970636952127,-0.09309576695290571,50,101
B_only,1000,5000,-2.377924093852334e-06,-0.0006760970636952127,0.0006737191396013603,50,101
A_only,1000,10000,-0.5506759425480988,-0.0006760970636952127,-0.5499998454844036,50,101
hybrid,1000,10000,-0.26806856376937205,-0.0006760970636952127,-0.26739246670567685,50,101
B_only,1000,10000,-0.199070967759218,-0.0006760970636952127,-0.1983948706955228,50,101
A_only,1000,2000,-0.7883099055802791,-0.0014035296225299897,-0.7869063759577491,100,101
hybrid,1000,2000,-0.4338671572169491,-0.0014035296225299897,-0.4324636275944191,100,101
B_only,1000,2000,-0.06490511713051962,-0.0014035296225299897,-0.06350158750798963,100,101
A_only,1000,5000,-1.4673951599544086,-0.0017750072554159953,-1.4656201526989927,100,101
hybrid,1000,5000,-1.00692029047071,-0.0017750072554159953,-1.005145283215294,100,101
B_only,1000,5000,-0.015500718055641552,-0.0017750072554159953,-0.013725710800225556,100,101
A_only,1000,10000,-0.9302017630304183,-0.0006760970636952127,-0.9295256659667231,100,101
hybrid,1000,10000,-0.6169562727533756,-0.0006760970636952127,-0.6162801756896804,100,101
B_only,1000,10000,-0.270845534013993,-0.0006760970636952127,-0.27016943695029777,100,101
A_only,1000,2000,-0.9287044467728853,-0.10303095660341191,-0.8256734901694734,200,101
hybrid,1000,2000,-0.3548607564704964,-0.10303095660341191,-0.25182979986708454,200,101
B_only,1000,2000,-0.01668140368824892,-0.10303095660341191,0.086349552915163,200,101
A_only,1000,5000,-1.1964947178290366,-0.026071275432122825,-1.1704234423969138,200,101
hybrid,1000,5000,-0.5965141359690422,-0.026071275432122825,-0.5704428605369194,200,101
B_only,1000,5000,-0.038798863603124296,-0.026071275432122825,-0.012727588171001471,200,101
A_only,1000,10000,-0.23871235156988022,-0.0006760970636952127,-0.238036254506185,200,101
hybrid,1000,10000,-0.06530345147796236,-0.0006760970636952127,-0.06462735441426715,200,101
B_only,1000,10000,-8.69665579689228e-05,-0.0006760970636952127,0.0005891305057262899,200,101
A_only,1000,2000,-0.7567291486874385,-0.06976201878446649,-0.6869671299029719,500,101
hybrid,1000,2000,-0.07176047148242741,-0.06976201878446649,-0.001998452697960923,500,101
B_only,1000,2000,-8.22521504605506e-06,-0.06976201878446649,0.06975379356942044,500,101
A_only,1000,5000,-0.6501486759368343,-0.0014035296225299897,-0.6487451463143044,500,101
hybrid,1000,5000,-0.13854176833793191,-0.0014035296225299897,-0.13713823871540193,500,101
B_only,1000,5000,-0.01694338825404523,-0.0014035296225299897,-0.01553985863151524,500,101
A_only,1000,10000,-0.27436152849996315,-0.0006760970636952127,-0.27368543143626795,500,101
hybrid,1000,10000,-0.08433098030701303,-0.0006760970636952127,-0.08365488324331781,500,101
B_only,1000,10000,-0.0061118363758848005,-0.0006760970636952127,-0.005435739312189588,500,101
A_only,1000,2000,-0.786644371032345,-0.02555970165368331,-0.7610846693786617,25,102
hybrid,1000,2000,-0.289926626438146,-0.02555970165368331,-0.26436692478446266,25,102
B_only,1000,2000,-0.06796555252621388,-0.02555970165368331,-0.04240585087253057,25,102
A_only,1000,5000,-0.36345155168040005,-0.0006760970636952127,-0.36277545461670485,25,102
hybrid,1000,5000,-0.17805803819916707,-0.0006760970636952127,-0.17738194113547187,25,102
B_only,1000,5000,-0.47448810240922507,-0.0006760970636952127,-0.47381200534552986,25,102
A_only,1000,10000,-0.7003949921498274,-0.0006760970636952127,-0.6997188950861322,25,102
hybrid,1000,10000,-0.28682660242054675,-0.0006760970636952127,-0.28615050535685155,25,102
B_only,1000,10000,-0.0014602364416057187,-0.0006760970636952127,-0.000784139377910506,25,102
A_only,1000,2000,-0.5803454121422358,-0.016530923319274207,-0.5638144888229616,50,102
hybrid,1000,2000,-0.3748199196397208,-0.016530923319274207,-0.3582889963204466,50,102
B_only,1000,2000,-0.4295167038559355,-0.016530923319274207,-0.4129857805366613,50,102
A_only,1000,5000,-0.9766386358162215,-0.0017750072554159953,-0.9748636285608054,50,102
hybrid,1000,5000,-0.6017645484483918,-0.0017750072554159953,-0.5999895411929758,50,102
B_only,1000,5000,-0.04027769534532529,-0.0017750072554159953,-0.038502688089909295,50,102
A_only,1000,10000,-0.47944960817851445,-0.0028182160594265654,-0.4766313921190879,50,102
hybrid,1000,10000,-0.18573889576253275,-0.0028182160594265654,-0.1829206797031062,50,102
B_only,1000,10000,-0.001031266477578028,-0.0028182160594265654,0.0017869495818485374,50,102
A_only,1000,2000,-0.966894650803747,-0.0017750072554159953,-0.965119643548331,100,102
hybrid,1000,2000,-0.09731837618880551,-0.0017750072554159953,-0.09554336893338952,100,102
B_only,1000,2000,-6.942775793338105e-07,-0.0017750072554159953,0.0017743129778366616,100,102
A_only,1000,5000,-1.16600040997256,-0.0028182160594265654,-1.1631821939131335,100,102
hybrid,1000,5000,-0.6557489318861714,-0.0028182160594265654,-0.6529307158267449,100,102
B_only,1000,5000,-0.030086806085965544,-0.0028182160594265654,-0.027268590026538978,100,102
A_only,1000,10000,-0.2010408450941661,-0.0017750072554159953,-0.1992658378387501,100,102
hybrid,1000,10000,-0.0502557449942352,-0.0017750072554159953,-0.0484807377388192,100,102
B_only,1000,10000,-0.03145859474056537,-0.0017750072554159953,-0.029683587485149376,100,102
A_only,1000,2000,-0.976827293031245,-0.11636221409479208,-0.860465078936453,200,102
hybrid,1000,2000,-0.40468893995771427,-0.11636221409479208,-0.2883267258629222,200,102
B_only,1000,2000,-0.11996014088941935,-0.11636221409479208,-0.003597926794627268,200,102
A_only,1000,5000,-0.015991137803791126,-0.016530923319274207,0.0005397855154830808,200,102
hybrid,1000,5000,-0.0013743704814637562,-0.016530923319274207,0.015156552837810451,200,102
B_only,1000,5000,-0.06425598272003787,-0.016530923319274207,-0.04772505940076366,200,102
A_only,1000,10000,-0.5066654193871541,-0.0006760970636952127,-0.505989322323459,200,102
hybrid,1000,10000,-0.3964474728741485,-0.0006760970636952127,-0.3957713758104533,200,102
B_only,1000,10000,-0.3746620449532018,-0.0006760970636952127,-0.3739859478895066,200,102
A_only,1000,2000,-0.7825624927426506,-0.0006760970636952127,-0.7818863956789553,500,102
hybrid,1000,2000,-0.3109374681909365,-0.0006760970636952127,-0.3102613711272413,500,102
B_only,1000,2000,-0.07019135749043497,-0.0006760970636952127,-0.06951526042673975,500,102
A_only,1000,5000,-0.749837874288894,-0.0033159803963591777,-0.7465218938925349,500,102
hybrid,1000,5000,-0.07638494892036374,-0.0033159803963591777,-0.07306896852400456,500,102
B_only,1000,5000,-4.831094409405808e-06,-0.0033159803963591777,0.003311149301949772,500,102
A_only,1000,10000,-0.04446413958023585,-0.0014035296225299897,-0.043060609957705866,500,102
hybrid,1000,10000,-0.008060974938207866,-0.0014035296225299897,-0.006657445315677876,500,102
B_only,1000,10000,-7.962343060038318e-07,-0.0014035296225299897,0.001402733388223986,500,102
A_only,1000,2000,-1.0857237612084802,-0.02338563685393675,-1.0623381243545436,25,103
hybrid,1000,2000,-0.13733894240122335,-0.02338563685393675,-0.11395330554728661,25,103
B_only,1000,2000,-1.495260384968364e-05,-0.02338563685393675,0.023370684250087065,25,103
A_only,1000,5000,-0.6418393820657455,-0.0028182160594265654,-0.639021166006319,25,103
hybrid,1000,5000,-0.13438903354739232,-0.0028182160594265654,-0.13157081748796576,25,103
B_only,1000,5000,-1.2216913486983482e-05,-0.0028182160594265654,0.002805999145939582,25,103
A_only,1000,10000,-0.2096180414654409,-0.0006760970636952127,-0.2089419444017457,25,103
hybrid,1000,10000,-0.10201537269477992,-0.0006760970636952127,-0.1013392756310847,25,103
B_only,1000,10000,-0.17568081403721925,-0.0006760970636952127,-0.17500471697352404,25,103
A_only,1000,2000,-0.6485999197062647,-0.15716639250636358,-0.4914335271999012,50,103
hybrid,1000,2000,-0.23016385865272138,-0.15716639250636358,-0.0729974661463578,50,103
B_only,1000,2000,-1.2637964375032735,-0.15716639250636358,-1.10663004499691,50,103
A_only,1000,5000,-1.4942015119777556,-0.0014035296225299897,-1.4927979823552255,50,103
hybrid,1000,5000,-0.8562157467894906,-0.0014035296225299897,-0.8548122171669607,50,103
B_only,1000,5000,-0.001668170511779317,-0.0014035296225299897,-0.0002646408892493272,50,103
A_only,1000,10000,-0.8203349446044704,-0.0006760970636952127,-0.8196588475407752,50,103
hybrid,1000,10000,-0.3899792307961044,-0.0006760970636952127,-0.3893031337324092,50,103
B_only,1000,10000,-0.03502696773975635,-0.0006760970636952127,-0.03435087067606114,50,103
A_only,1000,2000,-1.520970370798626,-0.021107166088018964,-1.499863204710607,100,103
hybrid,1000,2000,-0.9127401697664365,-0.021107166088018964,-0.8916330036784175,100,103
B_only,1000,2000,-0.02760489988179901,-0.021107166088018964,-0.006497733793780047,100,103
A_only,1000,5000,-0.6279412476145627,-0.0028182160594265654,-0.6251230315551362,100,103
hybrid,1000,5000,-0.2288046216788592,-0.0028182160594265654,-0.22598640561943265,100,103
B_only,1000,5000,-0.00024232403831529718,-0.0028182160594265654,0.0025758920211112683,100,103
A_only,1000,10000,-0.5355280824652842,-0.016530923319274207,-0.51899715914601,100,103
hybrid,1000,10000,-0.17994291548432503,-0.016530923319274207,-0.1634119921650508,100,103
B_only,1000,10000,-0.012305543237556818,-0.016530923319274207,0.004225380081717389,100,103
A_only,1000,2000,-1.3081843511501008,-0.05681229432921549,-1.2513720568208853,200,103
hybrid,1000,2000,-0.6331066935921941,-0.05681229432921549,-0.5762943992629785,200,103
B_only,1000,2000,-0.16319933640406467,-0.05681229432921549,-0.10638704207484918,200,103
A_only,1000,5000,-0.6883596925259616,-0.0014035296225299897,-0.6869561629034316,200,103
hybrid,1000,5000,-0.25751642312436884,-0.0014035296225299897,-0.25611289350183886,200,103
B_only,1000,5000,-0.042142053110628575,-0.0014035296225299897,-0.04073852348809859,200,103
A_only,1000,10000,-0.5897050010664171,-0.0006760970636952127,-0.5890289040027219,200,103
hybrid,1000,10000,-0.29206037960765635,-0.0006760970636952127,-0.29138428254396115,200,103
B_only,1000,10000,-0.054338455769636265,-0.0006760970636952127,-0.053662358705941056,200,103
A_only,1000,2000,-1.3192306348100649,-0.0006760970636952127,-1.3185545377463697,500,103
hybrid,1000,2000,-0.27822545864218545,-0.0006760970636952127,-0.27754936157849025,500,103
B_only,1000,2000,-0.03589478450109322,-0.0006760970636952127,-0.03521868743739801,500,103
A_only,1000,5000,-0.3914059758346482,-0.0014035296225299897,-0.3900024462121182,500,103
hybrid,1000,5000,-0.1149627383935877,-0.0014035296225299897,-0.11355920877105771,500,103
B_only,1000,5000,-0.000621847970716577,-0.0014035296225299897,0.0007816816518134127,500,103
A_only,1000,10000,-0.6837470137226399,-0.0006760970636952127,-0.6830709166589447,500,103
hybrid,1000,10000,-0.33989943471640977,-0.0006760970636952127,-0.33922333765271456,500,103
B_only,1000,10000,-0.2026642639163644,-0.0006760970636952127,-0.2019881668526692,500,103
A_only,1000,2000,-1.0041320493828634,-0.0017750072554159953,-1.0023570421274475,25,104
hybrid,1000,2000,-0.7361967192910476,-0.0017750072554159953,-0.7344217120356316,25,104
B_only,1000,2000,-0.3994865947956136,-0.0017750072554159953,-0.3977115875401976,25,104
A_only,1000,5000,-0.7662394234219473,-0.0014035296225299897,-0.7648358937994173,25,104
hybrid,1000,5000,-0.19911877612528553,-0.0014035296225299897,-0.19771524650275554,25,104
B_only,1000,5000,-0.011259403733692696,-0.0014035296225299897,-0.009855874111162706,25,104
A_only,1000,10000,-0.050948458243403855,-0.0006760970636952127,-0.050272361179708645,25,104
hybrid,1000,10000,-0.0035287570956635318,-0.0006760970636952127,-0.002852660031968319,25,104
B_only,1000,10000,-0.001147749733947918,-0.0006760970636952127,-0.00047165267025270536,25,104
A_only,1000,2000,-0.4216461312630336,-0.02338563685393675,-0.39826049440909683,50,104
hybrid,1000,2000,-0.16626678704202263,-0.02338563685393675,-0.1428811501880859,50,104
B_only,1000,2000,-0.21968931211473072,-0.02338563685393675,-0.19630367526079398,50,104
A_only,1000,5000,-0.1630288263610637,-0.016530923319274207,-0.1464979030417895,50,104
hybrid,1000,5000,-0.014749350762054627,-0.016530923319274207,0.0017815725572195799,50,104
B_only,1000,5000,-1.7516518259631814e-05,-0.016530923319274207,0.016513406801014575,50,104
A_only,1000,10000,-0.18202146568414623,-0.0028182160594265654,-0.17920324962471967,50,104
hybrid,1000,10000,-0.034567215382009374,-0.0028182160594265654,-0.03174899932258281,50,104
B_only,1000,10000,-0.00025079393378341547,-0.0028182160594265654,0.0025674221256431497,50,104
A_only,1000,2000,-0.7465656970680946,-0.044229416304240946,-0.7023362807638537,100,104
hybrid,1000,2000,-0.21921609042410284,-0.044229416304240946,-0.1749866741198619,100,104
B_only,1000,2000,-0.07590824140298418,-0.044229416304240946,-0.03167882509874323,100,104
A_only,1000,5000,-0.5026784920704942,-0.0033159803963591777,-0.49936251167413503,100,104
hybrid,1000,5000,-0.1234668709555047,-0.0033159803963591777,-0.12015089055914552,100,104
B_only,1000,5000,-0.022676711750768724,-0.0033159803963591777,-0.019360731354409546,100,104
A_only,1000,10000,-1.5323734751015397,-0.0014035296225299897,-1.5309699454790096,100,104
hybrid,1000,10000,-1.2895855197112072,-0.0014035296225299897,-1.288181990088677,100,104
B_only,1000,10000,-0.18811152304923864,-0.0014035296225299897,-0.18670799342670866,100,104
A_only,1000,2000,-1.1129623232599992,-0.02338563685393675,-1.0895766864060625,200,104
hybrid,1000,2000,-0.257341095722967,-0.02338563685393675,-0.23395545886903024,200,104
B_only,1000,2000,-0.0030918302370879667,-0.02338563685393675,0.02029380661684878,200,104
A_only,1000,5000,-0.9630042535749568,-0.0014035296225299897,-0.9616007239524268,200,104
hybrid,1000,5000,-0.30058216714261576,-0.0014035296225299897,-0.2991786375200858,200,104
B_only,1000,5000,-2.389814263284971e-05,-0.0014035296225299897,0.00137963147989714,200,104
A_only,1000,10000,-0.6868959198006669,-0.0014035296225299897,-0.6854923901781369,200,104
hybrid,1000,10000,-0.469080014589114,-0.0014035296225299897,-0.46767648496658404,200,104
B_only,1000,10000,-0.025741929108964157,-0.0014035296225299897,-0.024338399486434167,200,104
A_only,1000,2000,-1.2297448234747106,-0.0006760970636952127,-1.2290687264110154,500,104
hybrid,1000,2000,-0.48879709480375033,-0.0006760970636952127,-0.48812099774005513,500,104
B_only,1000,2000,-0.072613701099852,-0.0006760970636952127,-0.07193760403615679,500,104
A_only,1000,5000,-0.6181886191750416,-0.0017750072554159953,-0.6164136119196256,500,104
hybrid,1000,5000,-0.2982197092835067,-0.0017750072554159953,-0.2964447020280907,500,104
B_only,1000,5000,-0.08130034866564569,-0.0017750072554159953,-0.0795253414102297,500,104
A_only,1000,10000,-0.043122683922266335,-0.0006760970636952127,-0.042446586858571125,500,104
hybrid,1000,10000,-0.008513979159607632,-0.0006760970636952127,-0.00783788209591242,500,104
B_only,1000,10000,-0.006237572446006078,-0.0006760970636952127,-0.005561475382310865,500,104
A_only,1000,2000,-0.17496880766763698,-0.0028182160594265654,-0.17215059160821042,25,105
hybrid,1000,2000,-0.014963727126159902,-0.0028182160594265654,-0.012145511066733335,25,105
B_only,1000,2000,-0.0067841138186451,-0.0028182160594265654,-0.003965897759218535,25,105
A_only,1000,5000,-0.9370339685933375,-0.03431007729625027,-0.9027238912970873,25,105
hybrid,1000,5000,-0.5759282068333299,-0.03431007729625027,-0.5416181295370797,25,105
B_only,1000,5000,-0.05644739444039946,-0.03431007729625027,-0.02213731714414919,25,105
A_only,1000,10000,-0.28233351831450587,-0.0014035296225299897,-0.2809299886919759,25,105
hybrid,1000,10000,-0.1908817172786361,-0.0014035296225299897,-0.1894781876561061,25,105
B_only,1000,10000,-0.12238421874863714,-0.0014035296225299897,-0.12098068912610715,25,105
A_only,1000,2000,-0.7761239034741795,-0.10943260677201108,-0.6666912967021684,50,105
hybrid,1000,2000,-0.2645569635868408,-0.10943260677201108,-0.1551243568148297,50,105
B_only,1000,2000,-0.0799627636418166,-0.10943260677201108,0.029469843130194476,50,105
A_only,1000,5000,-1.0073835979772714,-0.0014035296225299897,-1.0059800683547413,50,105
hybrid,1000,5000,-1.0575902663671009,-0.0014035296225299897,-1.0561867367445708,50,105
B_only,1000,5000,-0.06448721499324185,-0.0014035296225299897,-0.06308368537071186,50,105
A_only,1000,10000,-0.7520316975718606,-0.0006760970636952127,-0.7513556005081654,50,105
hybrid,1000,10000,-0.36217943490084287,-0.0006760970636952127,-0.36150333783714766,50,105
B_only,1000,10000,-0.1397122794009834,-0.0006760970636952127,-0.1390361823372882,50,105
A_only,1000,2000,-0.7351551496424301,-0.0014035296225299897,-0.7337516200199001,100,105
hybrid,1000,2000,-0.2741259760578915,-0.0014035296225299897,-0.27272244643536153,100,105
B_only,1000,2000,-0.004668902280234471,-0.0014035296225299897,-0.003265372657704481,100,105
A_only,1000,5000,-0.9011770535277961,-0.0017750072554159953,-0.8994020462723801,100,105
hybrid,1000,5000,-0.4227787465683301,-0.0017750072554159953,-0.42100373931291407,100,105
B_only,1000,5000,-0.005822409179800304,-0.0017750072554159953,-0.004047401924384309,100,105
A_only,1000,10000,-0.35562036680863446,-0.0006760970636952127,-0.35494426974493926,100,105
hybrid,1000,10000,-0.07568243018754038,-0.0006760970636952127,-0.07500633312384516,100,105
B_only,1000,10000,-0.0008228340388616917,-0.0006760970636952127,-0.000146736975166479,100,105
A_only,1000,2000,-0.9503425807395925,-0.0017750072554159953,-0.9485675734841765,200,105
hybrid,1000,2000,-0.37485813397065354,-0.0017750072554159953,-0.3730831267152375,200,105
B_only,1000,2000,-0.04919754651828567,-0.0017750072554159953,-0.04742253926286968,200,105
A_only,1000,5000,-1.219715902120155,-0.0014035296225299897,-1.2183123724976248,200,105
hybrid,1000,5000,-0.35490399431620573,-0.0014035296225299897,-0.35350046469367574,200,105
B_only,1000,5000,-9.589226696726968e-08,-0.0014035296225299897,0.0014034337302630225,200,105
A_only,1000,10000,-0.653488292779989,-0.0006760970636952127,-0.6528121957162938,200,105
hybrid,1000,10000,-0.30996771991178307,-0.0006760970636952127,-0.30929162284808787,200,105
B_only,1000,10000,-0.0017232350628367391,-0.0006760970636952127,-0.0010471379991415265,200,105
A_only,1000,2000,-0.6872821994018017,-0.10583604024616299,-0.5814461591556387,500,105
hybrid,1000,2000,-0.0912631043956969,-0.10583604024616299,0.014572935850466082,500,105
B_only,1000,2000,-6.539340287435522e-05,-0.10583604024616299,0.10577064684328863,500,105
A_only,1000,5000,-1.9066620816351105,-0.0028182160594265654,-1.903843865575684,500,105
hybrid,1000,5000,-0.40500722864152017,-0.0028182160594265654,-0.4021890125820936,500,105
B_only,1000,5000,-0.0339688199949727,-0.0028182160594265654,-0.031150603935546133,500,105
A_only,1000,10000,-0.19593729596281478,-0.0014035296225299897,-0.1945337663402848,500,105
hybrid,1000,10000,-0.04209239360243428,-0.0014035296225299897,-0.040688863979904295,500,105
B_only,1000,10000,-0.007974993564677207,-0.0014035296225299897,-0.0065714639421472175,500,105
A_only,1000,2000,-1.069820428799233,-0.02744009198228548,-1.0423803368169475,25,106
hybrid,1000,2000,-0.34815923072061505,-0.02744009198228548,-0.3207191387383296,25,106
B_only,1000,2000,-2.8292261732311887e-06,-0.02744009198228548,0.027437262756112246,25,106
A_only,1000,5000,-0.7684780066631215,-0.016652717978201063,-0.7518252886849204,25,106
hybrid,1000,5000,-0.42187672986298513,-0.016652717978201063,-0.4052240118847841,25,106
B_only,1000,5000,-0.15050043731984644,-0.016652717978201063,-0.13384771934164538,25,106
A_only,1000,10000,-0.9684505757927759,-0.0014035296225299897,-0.967047046170246,25,106
hybrid,1000,10000,-0.6518568351765722,-0.0014035296225299897,-0.6504533055540422,25,106
B_only,1000,10000,-0.05962586302533048,-0.0014035296225299897,-0.058222333402800495,25,106
A_only,1000,2000,-1.0746154119059599,-0.021107166088018964,-1.053508245817941,50,106
hybrid,1000,2000,-0.4668438551324857,-0.021107166088018964,-0.4457366890444667,50,106
B_only,1000,2000,-0.00047127515059704206,-0.021107166088018964,0.020635890937421922,50,106
A_only,1000,5000,-1.6079457335244012,-0.0014035296225299897,-1.606542203901871,50,106
hybrid,1000,5000,-1.3665521964834562,-0.0014035296225299897,-1.365148666860926,50,106
B_only,1000,5000,-0.3213002589331116,-0.0014035296225299897,-0.3198967293105816,50,106
A_only,1000,10000,-0.04062083579075749,-0.0006760970636952127,-0.03994473872706228,50,106
hybrid,1000,10000,-0.008962399578158356,-0.0006760970636952127,-0.008286302514463143,50,106
B_only,1000,10000,-0.07492291253308563,-0.0006760970636952127,-0.07424681546939041,50,106
A_only,1000,2000,-0.6391218127771472,-0.11636221409479208,-0.5227595986823551,100,106
hybrid,1000,2000,-0.20520348847982245,-0.11636221409479208,-0.08884127438503037,100,106
B_only,1000,2000,-0.0038459359630632485,-0.11636221409479208,0.11251627813172883,100,106
A_only,1000,5000,-0.8256475427059813,-0.0017750072554159953,-0.8238725354505653,100,106
hybrid,1000,5000,-0.5517812069214995,-0.0017750072554159953,-0.5500061996660834,100,106
B_only,1000,5000,-0.02540156080806366,-0.0017750072554159953,-0.023626553552647665,100,106
A_only,1000,10000,-0.45633622428771003,-0.0014035296225299897,-0.45493269466518005,100,106
hybrid,1000,10000,-0.19071146299116506,-0.0014035296225299897,-0.18930793336863508,100,106
B_only,1000,10000,-0.00010443088007040116,-0.0014035296225299897,0.0012990987424595887,100,106
A_only,1000,2000,-0.9773616311493143,-0.0014035296225299897,-0.9759581015267843,200,106
hybrid,1000,2000,-0.27087734579249007,-0.0014035296225299897,-0.2694738161699601,200,106
B_only,1000,2000,-0.003423723937306049,-0.0014035296225299897,-0.002020194314776059,200,106
A_only,1000,5000,-0.9316125854643315,-0.0033159803963591777,-0.9282966050679723,200,106
hybrid,1000,5000,-0.3446700113486008,-0.0033159803963591777,-0.34135403095224165,200,106
B_only,1000,5000,-0.037870842711350695,-0.0033159803963591777,-0.03455486231499152,200,106
A_only,1000,10000,-0.37294054295070633,-0.016530923319274207,-0.35640961963143214,200,106
hybrid,1000,10000,-0.10091512782079161,-0.016530923319274207,-0.0843842045015174,200,106
B_only,1000,10000,-0.008598658739555457,-0.016530923319274207,0.00793226457971875,200,106
A_only,1000,2000,-0.3562709230887366,-0.016652717978201063,-0.33961820511053553,500,106
hybrid,1000,2000,-0.023091138803951347,-0.016652717978201063,-0.006438420825750284,500,106
B_only,1000,2000,-8.058909111016324e-06,-0.016652717978201063,0.016644659069090045,500,106
A_only,1000,5000,-1.1342836705091746,-0.01849454206597494,-1.1157891284431996,500,106
hybrid,1000,5000,-0.27242077375260626,-0.01849454206597494,-0.2539262316866313,500,106
B_only,1000,5000,-0.00902985772902485,-0.01849454206597494,0.00946468433695009,500,106
A_only,1000,10000,-1.0495796900621246,-0.0006760970636952127,-1.0489035929984294,500,106
hybrid,1000,10000,-0.3019249125023389,-0.0006760970636952127,-0.3012488154386437,500,106
B_only,1000,10000,-0.0072564886244414345,-0.0006760970636952127,-0.006580391560746222,500,106
A_only,1000,2000,-0.7737250313494608,-0.026071275432122825,-0.747653755917338,25,107
hybrid,1000,2000,-0.6279549177399457,-0.026071275432122825,-0.6018836423078229,25,107
B_only,1000,2000,-1.3213079390887987,-0.026071275432122825,-1.295236663656676,25,107
A_only,1000,5000,-0.7922333934809943,-0.0033159803963591777,-0.7889174130846351,25,107
hybrid,1000,5000,-0.8060415890569824,-0.0033159803963591777,-0.8027256086606233,25,107
B_only,1000,5000,-0.22954281425267992,-0.0033159803963591777,-0.22622683385632075,25,107
A_only,1000,10000,-1.2238591230626232,-0.0017750072554159953,-1.2220841158072073,25,107
hybrid,1000,10000,-1.0910424203172198,-0.0017750072554159953,-1.0892674130618039,25,107
B_only,1000,10000,-0.38924268220752517,-0.0017750072554159953,-0.38746767495210915,25,107
A_only,1000,2000,-1.6740484769085893,-0.24139308177366572,-1.4326553951349235,50,107
hybrid,1000,2000,-0.8383288712472138,-0.24139308177366572,-0.5969357894735481,50,107
B_only,1000,2000,-0.19436117462234906,-0.24139308177366572,0.047031907151316665,50,107
A_only,1000,5000,-1.1920094174827318,-0.0014035296225299897,-1.1906058878602017,50,107
hybrid,1000,5000,-0.8209020263703249,-0.0014035296225299897,-0.819498496747795,50,107
B_only,1000,5000,-0.014629121000942177,-0.0014035296225299897,-0.013225591378412187,50,107
A_only,1000,10000,-0.5885224721411967,-0.0006760970636952127,-0.5878463750775015,50,107
hybrid,1000,10000,-0.3711687019004283,-0.0006760970636952127,-0.3704926048367331,50,107
B_only,1000,10000,-1.1027501798697128,-0.0006760970636952127,-1.1020740828060176,50,107
A_only,1000,2000,-0.952269206516916,-0.0006760970636952127,-0.9515931094532208,100,107
hybrid,1000,2000,-0.3554988216651173,-0.0006760970636952127,-0.3548227246014221,100,107
B_only,1000,2000,-0.27354956869844016,-0.0006760970636952127,-0.27287347163474496,100,107
A_only,1000,5000,-0.33225365034125326,-0.0006760970636952127,-0.33157755327755806,100,107
hybrid,1000,5000,-0.1286394433890306,-0.0006760970636952127,-0.1279633463253354,100,107
B_only,1000,5000,-0.15019590408740804,-0.0006760970636952127,-0.14951980702371284,100,107
A_only,1000,10000,-0.5994785980817241,-0.0014035296225299897,-0.5980750684591941,100,107
hybrid,1000,10000,-0.3319871839820004,-0.0014035296225299897,-0.3305836543594704,100,107
B_only,1000,10000,-0.047423714423933734,-0.0014035296225299897,-0.04602018480140375,100,107
A_only,1000,2000,-0.7022889347960274,-0.01849454206597494,-0.6837943927300525,200,107
hybrid,1000,2000,-0.3906394841561109,-0.01849454206597494,-0.37214494209013593,200,107
B_only,1000,2000,-0.20885283807353489,-0.01849454206597494,-0.19035829600755994,200,107
A_only,1000,5000,-1.2059862695715533,-0.0006760970636952127,-1.205310172507858,200,107
hybrid,1000,5000,-0.38792061096114516,-0.0006760970636952127,-0.38724451389744996,200,107
B_only,1000,5000,-0.00951114956147772,-0.0006760970636952127,-0.008835052497782507,200,107
A_only,1000,10000,-0.04043355834708682,-0.0006760970636952127,-0.03975746128339161,200,107
hybrid,1000,10000,-0.013794154266441153,-0.0006760970636952127,-0.01311805720274594,200,107
B_only,1000,10000,-0.27195698815038116,-0.0006760970636952127,-0.27128089108668596,200,107
A_only,1000,2000,-0.8796123945666272,-0.016530923319274207,-0.863081471247353,500,107
hybrid,1000,2000,-0.09605278228994107,-0.016530923319274207,-0.07952185897066687,500,107
B_only,1000,2000,-0.0022791352226234096,-0.016530923319274207,0.014251788096650798,500,107
A_only,1000,5000,-0.06756112268866676,-0.0006760970636952127,-0.06688502562497155,500,107
hybrid,1000,5000,-0.014982538538400885,-0.0006760970636952127,-0.014306441474705672,500,107
B_only,1000,5000,-0.003105759584491798,-0.0006760970636952127,-0.002429662520796585,500,107
A_only,1000,10000,-0.017749665749033246,-0.0006760970636952127,-0.017073568685338034,500,107
hybrid,1000,10000,-0.0034012617470314645,-0.0006760970636952127,-0.0027251646833362517,500,107
B_only,1000,10000,-0.008116449313151974,-0.0006760970636952127,-0.007440352249456762,500,107
A_only,1000,2000,-1.4272323429763618,-0.0028182160594265654,-1.4244141269169353,25,108
hybrid,1000,2000,-0.7286951373381859,-0.0028182160594265654,-0.7258769212787594,25,108
B_only,1000,2000,-0.0020982777768877464,-0.0028182160594265654,0.000719938282538819,25,108
A_only,1000,5000,-0.8952566420025219,-0.0014035296225299897,-0.8938531123799919,25,108
hybrid,1000,5000,-0.13743525885224184,-0.0014035296225299897,-0.13603172922971185,25,108
B_only,1000,5000,-8.179603499664311e-07,-0.0014035296225299897,0.0014027116621800233,25,108
A_only,1000,10000,-0.45365583737350107,-0.0006760970636952127,-0.45297974030980587,25,108
hybrid,1000,10000,-0.3369949580504824,-0.0006760970636952127,-0.3363188609867872,25,108
B_only,1000,10000,-1.9978311402271136,-0.0006760970636952127,-1.9971550431634184,25,108
A_only,1000,2000,-0.9580386901776694,-0.02744009198228548,-0.9305985981953839,50,108
hybrid,1000,2000,-0.33147673089386426,-0.02744009198228548,-0.3040366389115788,50,108
B_only,1000,2000,-0.007248768859187554,-0.02744009198228548,0.020191323123097925,50,108
A_only,1000,5000,-1.1608497606421437,-0.0006760970636952127,-1.1601736635784485,50,108
hybrid,1000,5000,-0.531595768385891,-0.0006760970636952127,-0.5309196713221958,50,108
B_only,1000,5000,-0.00015165516718095395,-0.0006760970636952127,0.0005244418965142587,50,108
A_only,1000,10000,-0.5919130245727864,-0.0017750072554159953,-0.5901380173173704,50,108
hybrid,1000,10000,-0.28464144346913434,-0.0017750072554159953,-0.2828664362137183,50,108
B_only,1000,10000,-0.0035174092114717537,-0.0017750072554159953,-0.0017424019560557584,50,108
A_only,1000,2000,-1.1004337405099802,-0.10953837719691305,-0.9908953633130672,100,108
hybrid,1000,2000,-0.4120399404884272,-0.10953837719691305,-0.3025015632915141,100,108
B_only,1000,2000,-0.003818589183459422,-0.10953837719691305,0.10571978801345362,100,108
A_only,1000,5000,-1.1660521265733197,-0.016530923319274207,-1.1495212032540454,100,108
hybrid,1000,5000,-0.46829564739680424,-0.016530923319274207,-0.45176472407753004,100,108
B_only,1000,5000,-0.002323054861177089,-0.016530923319274207,0.014207868458097118,100,108
A_only,1000,10000,-0.4223775562132114,-0.0006760970636952127,-0.4217014591495162,100,108
hybrid,1000,10000,-0.1864705365542776,-0.0006760970636952127,-0.18579443949058239,100,108
B_only,1000,10000,-0.12752396314628414,-0.0006760970636952127,-0.12684786608258894,100,108
A_only,1000,2000,-0.8232343097601816,-0.04442382739503962,-0.778810482365142,200,108
hybrid,1000,2000,-0.1729157714374391,-0.04442382739503962,-0.1284919440423995,200,108
B_only,1000,2000,-0.0005994099401896318,-0.04442382739503962,0.04382441745484999,200,108
A_only,1000,5000,-0.5501477492974927,-0.0006760970636952127,-0.5494716522337975,200,108
hybrid,1000,5000,-0.22282514802142764,-0.0006760970636952127,-0.22214905095773244,200,108
B_only,1000,5000,-0.07794745829670187,-0.0006760970636952127,-0.07727136123300665,200,108
A_only,1000,10000,-0.580982334565543,-0.0006760970636952127,-0.5803062375018478,200,108
hybrid,1000,10000,-0.3530497708570751,-0.0006760970636952127,-0.3523736737933799,200,108
B_only,1000,10000,-0.045373938102771454,-0.0006760970636952127,-0.044697841039076244,200,108
A_only,1000,2000,-0.9600207848570823,-0.0017750072554159953,-0.9582457776016663,500,108
hybrid,1000,2000,-0.4377412607762689,-0.0017750072554159953,-0.4359662535208529,500,108
B_only,1000,2000,-0.09996568680646518,-0.0017750072554159953,-0.0981906795510492,500,108
A_only,1000,5000,-0.4189135827405284,-0.0014035296225299897,-0.41751005311799844,500,108
hybrid,1000,5000,-0.16650098092215482,-0.0014035296225299897,-0.16509745129962483,500,108
B_only,1000,5000,-0.08406360993211778,-0.0014035296225299897,-0.0826600803095878,500,108
A_only,1000,10000,-0.3466992702929778,-0.0028182160594265654,-0.34388105423355125,500,108
hybrid,1000,10000,-0.022600071327737496,-0.0028182160594265654,-0.01978185526831093,500,108
B_only,1000,10000,-2.312543279658067e-09,-0.0028182160594265654,0.0028182137468832857,500,108
A_only,1000,2000,-0.8206365253825095,-0.016530923319274207,-0.8041056020632353,25,109
hybrid,1000,2000,-0.03572618931625695,-0.016530923319274207,-0.019195265996982742,25,109
B_only,1000,2000,-1.6882319873509884e-18,-0.016530923319274207,0.016530923319274207,25,109
A_only,1000,5000,-0.385384431696883,-0.09615520256525803,-0.28922922913162497,25,109
hybrid,1000,5000,-0.17447905649581644,-0.09615520256525803,-0.07832385393055841,25,109
B_only,1000,5000,-0.6547071967937893,-0.09615520256525803,-0.5585519942285313,25,109
A_only,1000,10000,-0.23892675321305903,-0.0006760970636952127,-0.23825065614936383,25,109
hybrid,1000,10000,-0.04119304516764397,-0.0006760970636952127,-0.04051694810394876,25,109
B_only,1000,10000,-0.00448939042231952,-0.0006760970636952127,-0.003813293358624307,25,109
A_only,1000,2000,-0.6796082142426894,-0.016652717978201063,-0.6629554962644882,50,109
hybrid,1000,2000,-0.3395839113648889,-0.016652717978201063,-0.32293119338668785,50,109
B_only,1000,2000,-0.29172713642860953,-0.016652717978201063,-0.2750744184504085,50,109
A_only,1000,5000,-0.20826828153168375,-0.016530923319274207,-0.19173735821240956,50,109
hybrid,1000,5000,-0.03776642347200888,-0.016530923319274207,-0.02123550015273467,50,109
B_only,1000,5000,-0.004174825761303372,-0.016530923319274207,0.012356097557970836,50,109
A_only,1000,10000,-0.572008916164143,-0.0014035296225299897,-0.570605386541613,50,109
hybrid,1000,10000,-0.26960274160544384,-0.0014035296225299897,-0.26819921198291385,50,109
B_only,1000,10000,-0.14733585495881174,-0.0014035296225299897,-0.14593232533628175,50,109
A_only,1000,2000,-0.6579275371876088,-0.0006760970636952127,-0.6572514401239136,100,109
hybrid,1000,2000,-0.167907232897104,-0.0006760970636952127,-0.1672311358334088,100,109
B_only,1000,2000,-0.003798908278164349,-0.0006760970636952127,-0.003122811214469136,100,109
A_only,1000,5000,-1.1244829365947075,-0.0017750072554159953,-1.1227079293392916,100,109
hybrid,1000,5000,-0.5591542824683766,-0.0017750072554159953,-0.5573792752129606,100,109
B_only,1000,5000,-0.054586343588555526,-0.0017750072554159953,-0.05281133633313953,100,109
A_only,1000,10000,-0.3144935258107822,-0.0017750072554159953,-0.3127185185553662,100,109
hybrid,1000,10000,-0.1141355183046323,-0.0017750072554159953,-0.11236051104921631,100,109
B_only,1000,10000,-0.11121486192540651,-0.0017750072554159953,-0.10943985466999052,100,109
A_only,1000,2000,-0.9089257024607407,-0.0006760970636952127,-0.9082496053970455,200,109
hybrid,1000,2000,-0.2734249606710671,-0.0006760970636952127,-0.2727488636073719,200,109
B_only,1000,2000,-0.0004231885558665329,-0.0006760970636952127,0.0002529085078286798,200,109
A_only,1000,5000,-0.9781352983150672,-0.0014035296225299897,-0.9767317686925372,200,109
hybrid,1000,5000,-0.3775318329556678,-0.0014035296225299897,-0.3761283033331378,200,109
B_only,1000,5000,-0.0020438587669718467,-0.0014035296225299897,-0.0006403291444418569,200,109
A_only,1000,10000,-0.9629041612075229,-0.0006760970636952127,-0.9622280641438277,200,109
hybrid,1000,10000,-0.38570566059139855,-0.0006760970636952127,-0.38502956352770334,200,109
B_only,1000,10000,-0.005848685586629791,-0.0006760970636952127,-0.005172588522934578,200,109
A_only,1000,2000,-1.359989043611514,-0.016530923319274207,-1.3434581202922398,500,109
hybrid,1000,2000,-0.46045832066991843,-0.016530923319274207,-0.44392739735064424,500,109
B_only,1000,2000,-0.09834716124893844,-0.016530923319274207,-0.08181623792966423,500,109
A_only,1000,5000,-1.353552533172194,-0.0006760970636952127,-1.3528764361084988,500,109
hybrid,1000,5000,-0.32788236362636586,-0.0006760970636952127,-0.32720626656267066,500,109
B_only,1000,5000,-0.021046904450016512,-0.0006760970636952127,-0.0203708073863213,500,109
A_only,1000,10000,-0.45198216800474045,-0.0014035296225299897,-0.45057863838221046,500,109
hybrid,1000,10000,-0.06966039576414355,-0.0014035296225299897,-0.06825686614161357,500,109
B_only,1000,10000,-0.0010125710643409812,-0.0014035296225299897,0.00039095855818900853,500,109
A_only,1000,2000,-0.9004558503491463,-0.0017750072554159953,-0.8986808430937303,25,110
hybrid,1000,2000,-0.7204456209503646,-0.0017750072554159953,-0.7186706136949486,25,110
B_only,1000,2000,-0.3107758334615349,-0.0017750072554159953,-0.3090008262061189,25,110
A_only,1000,5000,-0.8427444515764926,-0.016652717978201063,-0.8260917335982915,25,110
hybrid,1000,5000,-0.5311273519469558,-0.016652717978201063,-0.5144746339687547,25,110
B_only,1000,5000,-0.0016661434619383174,-0.016652717978201063,0.014986574516262745,25,110
A_only,1000,10000,-0.005126094874562788,-0.0033159803963591777,-0.0018101144782036102,25,110
hybrid,1000,10000,-4.120362716768715e-05,-0.0033159803963591777,0.0032747767691914905,25,110
B_only,1000,10000,-1.1270831525349308e-15,-0.0033159803963591777,0.0033159803963580506,25,110
A_only,1000,2000,-0.5731930238924999,-0.03431007729625027,-0.5388829465962497,50,110
hybrid,1000,2000,-0.07050849104895779,-0.03431007729625027,-0.03619841375270752,50,110
B_only,1000,2000,-1.48424009706137e-07,-0.03431007729625027,0.03430992887224056,50,110
A_only,1000,5000,-0.7861736644057252,-0.0006760970636952127,-0.78549756734203,50,110
hybrid,1000,5000,-0.7182183392502227,-0.0006760970636952127,-0.7175422421865275,50,110
B_only,1000,5000,-0.18456380924465363,-0.0006760970636952127,-0.18388771218095842,50,110
A_only,1000,10000,-1.0907592785542204,-0.0014035296225299897,-1.0893557489316903,50,110
hybrid,1000,10000,-0.5007691181211865,-0.0014035296225299897,-0.49936558849865653,50,110
B_only,1000,10000,-4.0207300438898155e-05,-0.0014035296225299897,0.0013633223220910916,50,110
A_only,1000,2000,-0.8331294993971754,-0.11636221409479208,-0.7167672853023833,100,110
hybrid,1000,2000,-0.31672877990096754,-0.11636221409479208,-0.20036656580617546,100,110
B_only,1000,2000,-0.010601018271664668,-0.11636221409479208,0.10576119582312742,100,110
A_only,1000,5000,-0.8097764799296667,-0.0033159803963591777,-0.8064604995333076,100,110
hybrid,1000,5000,-0.3805006203964167,-0.0033159803963591777,-0.3771846400000575,100,110
B_only,1000,5000,-0.0009427121085316326,-0.0033159803963591777,0.002373268287827545,100,110
A_only,1000,10000,-1.0030392301576658,-0.0006760970636952127,-1.0023631330939706,100,110
hybrid,1000,10000,-0.6658076417811258,-0.0006760970636952127,-0.6651315447174306,100,110
B_only,1000,10000,-0.006313219466426173,-0.0006760970636952127,-0.00563712240273096,100,110
A_only,1000,2000,-1.1335064339097298,-0.0014035296225299897,-1.1321029042871997,200,110
hybrid,1000,2000,-0.9805253517120024,-0.0014035296225299897,-0.9791218220894724,200,110
B_only,1000,2000,-0.7645117086013614,-0.0014035296225299897,-0.7631081789788314,200,110
A_only,1000,5000,-0.726158438423428,-0.0014035296225299897,-0.724754908800898,200,110
hybrid,1000,5000,-0.23795506053682688,-0.0014035296225299897,-0.2365515309142969,200,110
B_only,1000,5000,-0.014909785593718285,-0.0014035296225299897,-0.013506255971188295,200,110
A_only,1000,10000,-0.29018569909377606,-0.0006760970636952127,-0.28950960203008086,200,110
hybrid,1000,10000,-0.07176362060659212,-0.0006760970636952127,-0.07108752354289691,200,110
B_only,1000,10000,-0.00168210904298204,-0.0006760970636952127,-0.0010060119792868272,200,110
A_only,1000,2000,-1.153188143856712,-0.0028182160594265654,-1.1503699277972854,500,110
hybrid,1000,2000,-0.14531933593296603,-0.0028182160594265654,-0.14250111987353947,500,110
B_only,1000,2000,-0.0029022014022071227,-0.0028182160594265654,-8.398534278055737e-05,500,110
A_only,1000,5000,-0.8431522034537616,-0.01849454206597494,-0.8246576613877867,500,110
hybrid,1000,5000,-0.16166767719665134,-0.01849454206597494,-0.1431731351306764,500,110
B_only,1000,5000,-0.005664311002379448,-0.01849454206597494,0.012830231063595491,500,110
A_only,1000,10000,-0.2343141121301309,-0.0006760970636952127,-0.2336380150664357,500,110
hybrid,1000,10000,-0.09945934294893914,-0.0006760970636952127,-0.09878324588524393,500,110
B_only,1000,10000,-0.10920084242442837,-0.0006760970636952127,-0.10852474536073316,500,110
A_only,1000,2000,-0.9166679565853885,-0.10943260677201108,-0.8072353498133774,25,111
hybrid,1000,2000,-0.9601672940395639,-0.10943260677201108,-0.8507346872675529,25,111
B_only,1000,2000,-0.22491554150606385,-0.10943260677201108,-0.11548293473405277,25,111
A_only,1000,5000,-0.6633608179248563,-0.0006760970636952127,-0.6626847208611611,25,111
hybrid,1000,5000,-0.48553261295977806,-0.0006760970636952127,-0.48485651589608286,25,111
B_only,1000,5000,-0.9493997142580333,-0.0006760970636952127,-0.9487236171943381,25,111
A_only,1000,10000,-0.5284687118535563,-0.0006760970636952127,-0.5277926147898611,25,111
hybrid,1000,10000,-0.2180780403563337,-0.0006760970636952127,-0.2174019432926385,25,111
B_only,1000,10000,-0.0033716900125339583,-0.0006760970636952127,-0.0026955929488387455,25,111
A_only,1000,2000,-1.4184426933346568,-0.10941634953475828,-1.3090263437998986,50,111
hybrid,1000,2000,-1.0722996485994958,-0.10941634953475828,-0.9628832990647375,50,111
B_only,1000,2000,-0.04292523613699295,-0.10941634953475828,0.06649111339776533,50,111
A_only,1000,5000,-1.2330810368704728,-0.02338563685393675,-1.209695400016536,50,111
hybrid,1000,5000,-0.10057478698817081,-0.02338563685393675,-0.07718915013423405,50,111
B_only,1000,5000,-2.1636406757212733e-15,-0.02338563685393675,0.023385636853934584,50,111
A_only,1000,10000,-0.5506051137556677,-0.0006760970636952127,-0.5499290166919725,50,111
hybrid,1000,10000,-0.3036159240174792,-0.0006760970636952127,-0.302939826953784,50,111
B_only,1000,10000,-0.0051643313092610225,-0.0006760970636952127,-0.00448823424556581,50,111
A_only,1000,2000,-1.197804945705944,-0.016530923319274207,-1.1812740223866698,100,111
hybrid,1000,2000,-0.7516807421605636,-0.016530923319274207,-0.7351498188412894,100,111
B_only,1000,2000,-0.7007026012785256,-0.016530923319274207,-0.6841716779592514,100,111
A_only,1000,5000,-0.04302976995252221,-0.044229416304240946,0.0011996463517187361,100,111
hybrid,1000,5000,-0.006114318547541505,-0.044229416304240946,0.03811509775669944,100,111
B_only,1000,5000,-0.19796817101078923,-0.044229416304240946,-0.1537387547065483,100,111
A_only,1000,10000,-0.6155740444734942,-0.0006760970636952127,-0.614897947409799,100,111
hybrid,1000,10000,-0.30404755295163,-0.0006760970636952127,-0.3033714558879348,100,111
B_only,1000,10000,-0.006296766103672626,-0.0006760970636952127,-0.005620669039977413,100,111
A_only,1000,2000,-1.1756073749574942,-0.016530923319274207,-1.15907645163822,200,111
hybrid,1000,2000,-0.5500406260567797,-0.016530923319274207,-0.5335097027375055,200,111
B_only,1000,2000,-0.346427968556306,-0.016530923319274207,-0.3298970452370318,200,111
A_only,1000,5000,-0.5536061066267487,-0.04442382739503962,-0.5091822792317091,200,111
hybrid,1000,5000,-0.2558584164021858,-0.04442382739503962,-0.2114345890071462,200,111
B_only,1000,5000,-0.13315289911407452,-0.04442382739503962,-0.08872907171903491,200,111
A_only,1000,10000,-0.6153663462854193,-0.0014035296225299897,-0.6139628166628893,200,111
hybrid,1000,10000,-0.24955644754960662,-0.0014035296225299897,-0.24815291792707664,200,111
B_only,1000,10000,-0.009465646327541488,-0.0014035296225299897,-0.008062116705011498,200,111
A_only,1000,2000,-0.35318550832098816,-0.0033159803963591777,-0.349869527924629,500,111
hybrid,1000,2000,-0.058802614086710905,-0.0033159803963591777,-0.05548663369035173,500,111
B_only,1000,2000,-0.007572722945783315,-0.0033159803963591777,-0.004256742549424137,500,111
A_only,1000,5000,-0.719759308780341,-0.0028182160594265654,-0.7169410927209144,500,111
hybrid,1000,5000,-0.20796193427054213,-0.0028182160594265654,-0.20514371821111557,500,111
B_only,1000,5000,-0.07155386099603488,-0.0028182160594265654,-0.06873564493660832,500,111
A_only,1000,10000,-0.030438449187914954,-0.0014035296225299897,-0.029034919565384964,500,111
hybrid,1000,10000,-0.006986976476155674,-0.0014035296225299897,-0.005583446853625684,500,111
B_only,1000,10000,-0.04394340594999798,-0.0014035296225299897,-0.042539876327467994,500,111
A_only,1000,2000,-1.0343982589695186,-0.10583604024616299,-0.9285622187233556,25,112
hybrid,1000,2000,-0.7554763831324325,-0.10583604024616299,-0.6496403428862695,25,112
B_only,1000,2000,-0.7427368302579603,-0.10583604024616299,-0.6369007900117973,25,112
A_only,1000,5000,-0.9487799816585903,-0.0014035296225299897,-0.9473764520360604,25,112
hybrid,1000,5000,-0.5737236801940552,-0.0014035296225299897,-0.5723201505715252,25,112
B_only,1000,5000,-0.05603181306926507,-0.0014035296225299897,-0.054628283446735086,25,112
A_only,1000,10000,-0.4750250666164094,-0.0006760970636952127,-0.4743489695527142,25,112
hybrid,1000,10000,-0.06279240105832945,-0.0006760970636952127,-0.06211630399463424,25,112
B_only,1000,10000,-1.207915181130156e-15,-0.0006760970636952127,0.0006760970636940048,25,112
A_only,1000,2000,-0.7791050859994215,-0.0006760970636952127,-0.7784289889357263,50,112
hybrid,1000,2000,-0.3785747142296302,-0.0006760970636952127,-0.377898617165935,50,112
B_only,1000,2000,-0.06426684556246784,-0.0006760970636952127,-0.06359074849877262,50,112
A_only,1000,5000,-0.4808920594242812,-0.016652717978201063,-0.46423934144608014,50,112
hybrid,1000,5000,-0.1270737511632884,-0.016652717978201063,-0.11042103318508734,50,112
B_only,1000,5000,-5.288358071555738e-06,-0.016652717978201063,0.01664742962012951,50,112
A_only,1000,10000,-0.8912991999311702,-0.0014035296225299897,-0.8898956703086403,50,112
hybrid,1000,10000,-0.8067701397275947,-0.0014035296225299897,-0.8053666101050647,50,112
B_only,1000,10000,-0.1469994037223728,-0.0014035296225299897,-0.14559587409984281,50,112
A_only,1000,2000,-1.2046345098253002,-0.02744009198228548,-1.1771944178430147,100,112
hybrid,1000,2000,-0.56212227362692,-0.02744009198228548,-0.5346821816446345,100,112
B_only,1000,2000,-0.01035066175394819,-0.02744009198228548,0.01708943022833729,100,112
A_only,1000,5000,-0.9986490709055782,-0.0017750072554159953,-0.9968740636501622,100,112
hybrid,1000,5000,-0.8880950039219039,-0.0017750072554159953,-0.8863199966664879,100,112
B_only,1000,5000,-0.2710930041151459,-0.0017750072554159953,-0.2693179968597299,100,112
A_only,1000,10000,-0.6076945164016819,-0.0006760970636952127,-0.6070184193379867,100,112
hybrid,1000,10000,-0.301226607051883,-0.0006760970636952127,-0.3005505099881878,100,112
B_only,1000,10000,-0.0001103739673352749,-0.0006760970636952127,0.0005657230963599378,100,112
A_only,1000,2000,-0.8861172239381616,-0.02338563685393675,-0.8627315870842248,200,112
hybrid,1000,2000,-0.1937954992678679,-0.02338563685393675,-0.17040986241393116,200,112
B_only,1000,2000,-0.0017540201457375804,-0.02338563685393675,0.02163161670819917,200,112
A_only,1000,5000,-0.6872691458195014,-0.0014035296225299897,-0.6858656161969714,200,112
hybrid,1000,5000,-0.30444748178653447,-0.0014035296225299897,-0.3030439521640045,200,112
B_only,1000,5000,-0.14833867631786038,-0.0014035296225299897,-0.1469351466953304,200,112
A_only,1000,10000,-0.9729121972195048,-0.0006760970636952127,-0.9722361001558096,200,112
hybrid,1000,10000,-0.2977118241904473,-0.0006760970636952127,-0.2970357271267521,200,112
B_only,1000,10000,-0.010074305962013742,-0.0006760970636952127,-0.009398208898318529,200,112
A_only,1000,2000,-0.1963215099457666,-0.021107166088018964,-0.17521434385774765,500,112
hybrid,1000,2000,-0.04031314649451558,-0.021107166088018964,-0.01920598040649662,500,112
B_only,1000,2000,-0.06362696703000457,-0.021107166088018964,-0.04251980094198561,500,112
A_only,1000,5000,-0.7617072505411472,-0.0017750072554159953,-0.7599322432857312,500,112
hybrid,1000,5000,-0.19579971849744393,-0.0017750072554159953,-0.19402471124202794,500,112
B_only,1000,5000,-0.002966472438047987,-0.0017750072554159953,-0.0011914651826319918,500,112
A_only,1000,10000,-0.5386856093666599,-0.0006760970636952127,-0.5380095123029647,500,112
hybrid,1000,10000,-0.12388676910501373,-0.0006760970636952127,-0.12321067204131851,500,112
B_only,1000,10000,-0.00034153278033815794,-0.0006760970636952127,0.00033456428335705476,500,112
A_only,1000,2000,-1.1499944715073767,-0.016530923319274207,-1.1334635481881024,25,113
hybrid,1000,2000,-0.4452815270509395,-0.016530923319274207,-0.4287506037316653,25,113
B_only,1000,2000,-0.00291837432463245,-0.016530923319274207,0.013612548994641756,25,113
A_only,1000,5000,-0.46500001948774966,-0.0006760970636952127,-0.46432392242405446,25,113
hybrid,1000,5000,-0.21332055447170398,-0.0006760970636952127,-0.21264445740800877,25,113
B_only,1000,5000,-0.6974576349891833,-0.0006760970636952127,-0.6967815379254881,25,113
A_only,1000,10000,-0.25041429943632676,-0.0006760970636952127,-0.24973820237263156,25,113
hybrid,1000,10000,-0.08538942899889726,-0.0006760970636952127,-0.08471333193520204,25,113
B_only,1000,10000,-0.059718147561988136,-0.0006760970636952127,-0.059042050498292926,25,113
A_only,1000,2000,-0.8030634040033213,-0.0017750072554159953,-0.8012883967479053,50,113
hybrid,1000,2000,-0.2807110619800058,-0.0017750072554159953,-0.27893605472458977,50,113
B_only,1000,2000,-0.026046596534251943,-0.0017750072554159953,-0.024271589278835947,50,113
A_only,1000,5000,-0.9621225398449648,-0.02338563685393675,-0.938736902991028,50,113
hybrid,1000,5000,-0.36599488868928454,-0.02338563685393675,-0.3426092518353478,50,113
B_only,1000,5000,-0.017024449575686874,-0.02338563685393675,0.006361187278249875,50,113
A_only,1000,10000,-0.7892650236442028,-0.0006760970636952127,-0.7885889265805076,50,113
hybrid,1000,10000,-0.38275208918990616,-0.0006760970636952127,-0.38207599212621096,50,113
B_only,1000,10000,-0.6628982537211376,-0.0006760970636952127,-0.6622221566574424,50,113
A_only,1000,2000,-1.1697324522586816,-0.0014035296225299897,-1.1683289226361515,100,113
hybrid,1000,2000,-0.7992803213483626,-0.0014035296225299897,-0.7978767917258326,100,113
B_only,1000,2000,-0.06981189406770684,-0.0014035296225299897,-0.06840836444517685,100,113
A_only,1000,5000,-1.0818971827309023,-0.0006760970636952127,-1.081221085667207,100,113
hybrid,1000,5000,-0.3111039355154167,-0.0006760970636952127,-0.3104278384517215,100,113
B_only,1000,5000,-3.0495060227086523e-09,-0.0006760970636952127,0.00067609401418919,100,113
A_only,1000,10000,-1.0001648117895863,-0.0017750072554159953,-0.9983898045341703,100,113
hybrid,1000,10000,-0.5245122717951713,-0.0017750072554159953,-0.5227372645397553,100,113
B_only,1000,10000,-0.03986553503138534,-0.0017750072554159953,-0.03809052777596934,100,113
A_only,1000,2000,-1.248005576423698,-0.016652717978201063,-1.231352858445497,200,113
hybrid,1000,2000,-0.27456343991442744,-0.016652717978201063,-0.2579107219362264,200,113
B_only,1000,2000,-0.002736761407948924,-0.016652717978201063,0.013915956570252139,200,113
A_only,1000,5000,-0.37132823643353186,-0.0017750072554159953,-0.36955322917811584,200,113
hybrid,1000,5000,-0.10140105871502961,-0.0017750072554159953,-0.09962605145961362,200,113
B_only,1000,5000,-0.0050190372652139685,-0.0017750072554159953,-0.0032440300097979734,200,113
A_only,1000,10000,-0.5123117647060583,-0.0006760970636952127,-0.5116356676423631,200,113
hybrid,1000,10000,-0.26400103010441156,-0.0006760970636952127,-0.26332493304071636,200,113
B_only,1000,10000,-0.0027041596809761585,-0.0006760970636952127,-0.0020280626172809457,200,113
A_only,1000,2000,-0.9017869826714144,-0.10943260677201108,-0.7923543758994034,500,113
hybrid,1000,2000,-0.20155582592714183,-0.10943260677201108,-0.09212321915513075,500,113
B_only,1000,2000,-0.006373144799045536,-0.10943260677201108,0.10305946197296555,500,113
A_only,1000,5000,-0.42966733571610183,-0.0028182160594265654,-0.42684911965667527,500,113
hybrid,1000,5000,-0.08620276301164537,-0.0028182160594265654,-0.08338454695221881,500,113
B_only,1000,5000,-0.005147528961942046,-0.0028182160594265654,-0.002329312902515481,500,113
A_only,1000,10000,-0.4539002682837941,-0.0017750072554159953,-0.4521252610283781,500,113
hybrid,1000,10000,-0.14401758446095128,-0.0017750072554159953,-0.1422425772055353,500,113
B_only,1000,10000,-0.017332054497192082,-0.0017750072554159953,-0.015557047241776086,500,113
A_only,1000,2000,-0.6141152002465875,-0.0033159803963591777,-0.6107992198502283,25,114
hybrid,1000,2000,-0.20051368398426828,-0.0033159803963591777,-0.1971977035879091,25,114
B_only,1000,2000,-0.14686959054886428,-0.0033159803963591777,-0.14355361015250512,25,114
A_only,1000,5000,-0.19871299142787702,-0.02555970165368331,-0.1731532897741937,25,114
hybrid,1000,5000,-0.03163345323667778,-0.02555970165368331,-0.006073751582994471,25,114
B_only,1000,5000,-0.027616248938667955,-0.02555970165368331,-0.002056547284984646,25,114
A_only,1000,10000,-0.3609214312024544,-0.0006760970636952127,-0.3602453341387592,25,114
hybrid,1000,10000,-0.056540270024410075,-0.0006760970636952127,-0.055864172960714865,25,114
B_only,1000,10000,-2.3798701791276633e-06,-0.0006760970636952127,0.000673717193516085,25,114
A_only,1000,2000,-0.40321275060432155,-0.021107166088018964,-0.3821055845163026,50,114
hybrid,1000,2000,-0.127939695570695,-0.021107166088018964,-0.10683252948267605,50,114
B_only,1000,2000,-0.0029482328664077865,-0.021107166088018964,0.018158933221611176,50,114
A_only,1000,5000,-0.6879007161290674,-0.0033159803963591777,-0.6845847357327083,50,114
hybrid,1000,5000,-0.18516733051663384,-0.0033159803963591777,-0.18185135012027465,50,114
B_only,1000,5000,-0.010380667894681164,-0.0033159803963591777,-0.007064687498321986,50,114
A_only,1000,10000,-0.5799696304785221,-0.0006760970636952127,-0.5792935334148269,50,114
hybrid,1000,10000,-0.29078810877695044,-0.0006760970636952127,-0.29011201171325524,50,114
B_only,1000,10000,-0.04241832890638669,-0.0006760970636952127,-0.041742231842691484,50,114
A_only,1000,2000,-1.0694307008593533,-0.14881734463971158,-0.9206133562196417,100,114
hybrid,1000,2000,-0.38987008266957124,-0.14881734463971158,-0.24105273802985966,100,114
B_only,1000,2000,-0.002731511798093685,-0.14881734463971158,0.14608583284161789,100,114
A_only,1000,5000,-0.6983937659622044,-0.0006760970636952127,-0.6977176688985092,100,114
hybrid,1000,5000,-0.27177941939685113,-0.0006760970636952127,-0.2711033223331559,100,114
B_only,1000,5000,-0.009309570769373013,-0.0006760970636952127,-0.0086334737056778,100,114
A_only,1000,10000,-0.5228648119197059,-0.0017750072554159953,-0.5210898046642899,100,114
hybrid,1000,10000,-0.16234784126912336,-0.0017750072554159953,-0.16057283401370737,100,114
B_only,1000,10000,-1.050314893056324e-06,-0.0017750072554159953,0.001773956940522939,100,114
A_only,1000,2000,-0.8718173449817619,-0.06227961821163712,-0.8095377267701248,200,114
hybrid,1000,2000,-0.11603913116060907,-0.06227961821163712,-0.05375951294897195,200,114
B_only,1000,2000,-0.00017632625364637772,-0.06227961821163712,0.06210329195799074,200,114
A_only,1000,5000,-0.4565372546115245,-0.0006760970636952127,-0.4558611575478293,200,114
hybrid,1000,5000,-0.08150486337515875,-0.0006760970636952127,-0.08082876631146353,200,114
B_only,1000,5000,-4.393866783508747e-05,-0.0006760970636952127,0.0006321583958601252,200,114
A_only,1000,10000,-0.5720790720931894,-0.0006760970636952127,-0.5714029750294942,200,114
hybrid,1000,10000,-0.18769590475970796,-0.0006760970636952127,-0.18701980769601276,200,114
B_only,1000,10000,-0.00021859035611412615,-0.0006760970636952127,0.00045750670758108654,200,114
A_only,1000,2000,-1.0106078507793133,-0.02338563685393675,-0.9872222139253765,500,114
hybrid,1000,2000,-0.19860989465903015,-0.02338563685393675,-0.1752242578050934,500,114
B_only,1000,2000,-0.11338936883803429,-0.02338563685393675,-0.09000373198409753,500,114
A_only,1000,5000,-1.0085607974114703,-0.0006760970636952127,-1.007884700347775,500,114
hybrid,1000,5000,-0.37864092945713484,-0.0006760970636952127,-0.37796483239343964,500,114
B_only,1000,5000,-0.03151980416173173,-0.0006760970636952127,-0.030843707098036518,500,114
A_only,1000,10000,-0.18241975777510153,-0.0017750072554159953,-0.18064475051968554,500,114
hybrid,1000,10000,-0.06391086790259692,-0.0017750072554159953,-0.06213586064718093,500,114
B_only,1000,10000,-0.043536073460175954,-0.0017750072554159953,-0.04176106620475996,500,114
A_only,1000,2000,-0.3688078317783545,-0.0017750072554159953,-0.3670328245229385,25,115
hybrid,1000,2000,-0.032405432474492304,-0.0017750072554159953,-0.03063042521907631,25,115
B_only,1000,2000,-9.831498109897757e-05,-0.0017750072554159953,0.0016766922743170177,25,115
A_only,1000,5000,-0.3453716662686693,-0.0017750072554159953,-0.34359665901325326,25,115
hybrid,1000,5000,-0.12606895588748543,-0.0017750072554159953,-0.12429394863206944,25,115
B_only,1000,5000,-0.1118637858560352,-0.0017750072554159953,-0.1100887786006192,25,115
A_only,1000,10000,-0.2781115498463569,-0.0006760970636952127,-0.2774354527826617,25,115
hybrid,1000,10000,-0.09918212533656111,-0.0006760970636952127,-0.09850602827286589,25,115
B_only,1000,10000,-0.00014464311308577286,-0.0006760970636952127,0.0005314539506094398,25,115
A_only,1000,2000,-0.9327936042821056,-0.0017750072554159953,-0.9310185970266895,50,115
hybrid,1000,2000,-0.30181809642015495,-0.0017750072554159953,-0.30004308916473893,50,115
B_only,1000,2000,-0.02539895618663692,-0.0017750072554159953,-0.023623948931220926,50,115
A_only,1000,5000,-0.7099863213781462,-0.0014035296225299897,-0.7085827917556162,50,115
hybrid,1000,5000,-0.10289850180004027,-0.0014035296225299897,-0.10149497217751029,50,115
B_only,1000,5000,-4.917174269964437e-05,-0.0014035296225299897,0.0013543578798303453,50,115
A_only,1000,10000,-1.31244133818639,-0.0006760970636952127,-1.3117652411226948,50,115
hybrid,1000,10000,-1.1138255459737059,-0.0006760970636952127,-1.1131494489100107,50,115
B_only,1000,10000,-0.3174961494691021,-0.0006760970636952127,-0.3168200524054069,50,115
A_only,1000,2000,-1.2302972620393822,-0.0033159803963591777,-1.226981281643023,100,115
hybrid,1000,2000,-0.9214167144783285,-0.0033159803963591777,-0.9181007340819693,100,115
B_only,1000,2000,-0.325308783313625,-0.0033159803963591777,-0.32199280291726584,100,115
A_only,1000,5000,-0.5770426605316147,-0.0006760970636952127,-0.5763665634679195,100,115
hybrid,1000,5000,-0.23882228715581352,-0.0006760970636952127,-0.23814619009211832,100,115
B_only,1000,5000,-0.2074983301214737,-0.0006760970636952127,-0.2068222330577785,100,115
A_only,1000,10000,-0.641944526493392,-0.0014035296225299897,-0.640540996870862,100,115
hybrid,1000,10000,-0.3483419162514515,-0.0014035296225299897,-0.3469383866289215,100,115
B_only,1000,10000,-0.6671508290596597,-0.0014035296225299897,-0.6657472994371297,100,115
A_only,1000,2000,-0.19630904325644635,-0.0014035296225299897,-0.19490551363391637,200,115
hybrid,1000,2000,-0.020060366835506747,-0.0014035296225299897,-0.018656837212976757,200,115
B_only,1000,2000,-0.00018211127929260428,-0.0014035296225299897,0.0012214183432373855,200,115
A_only,1000,5000,-0.6712910967221846,-0.0014035296225299897,-0.6698875670996546,200,115
hybrid,1000,5000,-0.23355002040626038,-0.0014035296225299897,-0.2321464907837304,200,115
B_only,1000,5000,-0.02638226859268579,-0.0014035296225299897,-0.0249787389701558,200,115
A_only,1000,10000,-0.70302908992619,-0.0006760970636952127,-0.7023529928624948,200,115
hybrid,1000,10000,-0.41019125908896914,-0.0006760970636952127,-0.40951516202527394,200,115
B_only,1000,10000,-0.13072972620797266,-0.0006760970636952127,-0.13005362914427746,200,115
A_only,1000,2000,-0.3667668259281241,-0.02555970165368331,-0.3412071242744408,500,115
hybrid,1000,2000,-0.04194503399587257,-0.02555970165368331,-0.016385332342189262,500,115
B_only,1000,2000,-4.322603669848704e-05,-0.02555970165368331,0.02551647561698482,500,115
A_only,1000,5000,-1.5426570448711432,-0.0014035296225299897,-1.541253515248613,500,115
hybrid,1000,5000,-0.14568724849771925,-0.0014035296225299897,-0.14428371887518926,500,115
B_only,1000,5000,-8.103874576754126e-07,-0.0014035296225299897,0.0014027192350723142,500,115
A_only,1000,10000,-0.42852146284451004,-0.0006760970636952127,-0.42784536578081483,500,115
hybrid,1000,10000,-0.11690844841513019,-0.0006760970636952127,-0.11623235135143498,500,115
B_only,1000,10000,-0.05015062453700301,-0.0006760970636952127,-0.0494745274733078,500,115
A_only,1000,2000,-1.0003017899471431,-0.0017750072554159953,-0.9985267826917271,25,116
hybrid,1000,2000,-0.26191009474162685,-0.0017750072554159953,-0.26013508748621084,25,116
B_only,1000,2000,-0.0746957088743846,-0.0017750072554159953,-0.07292070161896862,25,116
A_only,1000,5000,-0.9622338697615596,-0.06227961821163712,-0.8999542515499225,25,116
hybrid,1000,5000,-0.6340530885564404,-0.06227961821163712,-0.5717734703448033,25,116
B_only,1000,5000,-0.26615562076415783,-0.06227961821163712,-0.2038760025525207,25,116
A_only,1000,10000,-0.21445576457106455,-0.0014035296225299897,-0.21305223494853456,25,116
hybrid,1000,10000,-0.06871995975120168,-0.0014035296225299897,-0.0673164301286717,25,116
B_only,1000,10000,-0.043215959601671475,-0.0014035296225299897,-0.04181242997914149,25,116
A_only,1000,2000,-0.7379646074779772,-0.0006760970636952127,-0.737288510414282,50,116
hybrid,1000,2000,-0.43027170481972754,-0.0006760970636952127,-0.42959560775603234,50,116
B_only,1000,2000,-0.15556550905323377,-0.0006760970636952127,-0.15488941198953857,50,116
A_only,1000,5000,-0.4097639534222799,-0.026071275432122825,-0.38369267799015705,50,116
hybrid,1000,5000,-0.1253195307991005,-0.026071275432122825,-0.09924825536697766,50,116
B_only,1000,5000,-0.00026477645842946376,-0.026071275432122825,0.025806498973693363,50,116
A_only,1000,10000,-0.4347381888928784,-0.0017750072554159953,-0.4329631816374624,50,116
hybrid,1000,10000,-0.32002804026227777,-0.0017750072554159953,-0.31825303300686175,50,116
B_only,1000,10000,-1.1313654592370155,-0.0017750072554159953,-1.1295904519815996,50,116
A_only,1000,2000,-0.6268273415702059,-0.0017750072554159953,-0.6250523343147899,100,116
hybrid,1000,2000,-0.148482904813036,-0.0017750072554159953,-0.14670789755762,100,116
B_only,1000,2000,-0.024831325109521275,-0.0017750072554159953,-0.02305631785410528,100,116
A_only,1000,5000,-0.09039820516140235,-0.0014035296225299897,-0.08899467553887236,100,116
hybrid,1000,5000,-0.011992164780562684,-0.0014035296225299897,-0.010588635158032694,100,116
B_only,1000,5000,-0.013314074076072066,-0.0014035296225299897,-0.011910544453542076,100,116
A_only,1000,10000,-0.7049823713357634,-0.0014035296225299897,-0.7035788417132334,100,116
hybrid,1000,10000,-0.2845592894997612,-0.0014035296225299897,-0.28315575987723124,100,116
B_only,1000,10000,-0.011081341774672408,-0.0014035296225299897,-0.009677812152142418,100,116
A_only,1000,2000,-0.9339784510391631,-0.0006760970636952127,-0.9333023539754679,200,116
hybrid,1000,2000,-0.3598534278237785,-0.0006760970636952127,-0.3591773307600833,200,116
B_only,1000,2000,-0.4449354297915488,-0.0006760970636952127,-0.4442593327278536,200,116
A_only,1000,5000,-1.167020538343242,-0.0006760970636952127,-1.1663444412795467,200,116
hybrid,1000,5000,-0.49155236425593474,-0.0006760970636952127,-0.49087626719223953,200,116
B_only,1000,5000,-0.0406612180595286,-0.0006760970636952127,-0.039985120995833394,200,116
A_only,1000,10000,-0.3551825853283676,-0.0014035296225299897,-0.3537790557058376,200,116
hybrid,1000,10000,-0.12706813841796716,-0.0014035296225299897,-0.12566460879543717,200,116
B_only,1000,10000,-0.007814691199554346,-0.0014035296225299897,-0.006411161577024356,200,116
A_only,1000,2000,-0.9517717157579912,-0.016530923319274207,-0.935240792438717,500,116
hybrid,1000,2000,-0.20504702600269412,-0.016530923319274207,-0.1885161026834199,500,116
B_only,1000,2000,-0.03261811636481305,-0.016530923319274207,-0.016087193045538843,500,116
A_only,1000,5000,-0.07720814724384571,-0.0033159803963591777,-0.07389216684748653,500,116
hybrid,1000,5000,-0.005532776918371717,-0.0033159803963591777,-0.002216796522012539,500,116
B_only,1000,5000,-7.982967435939875e-06,-0.0033159803963591777,0.0033079974289232377,500,116
A_only,1000,10000,-0.05534076721328549,-0.0006760970636952127,-0.05466467014959028,500,116
hybrid,1000,10000,-0.013080741339019934,-0.0006760970636952127,-0.01240464427532472,500,116
B_only,1000,10000,-0.061803583270817704,-0.0006760970636952127,-0.061127486207122494,500,116
A_only,1000,2000,-0.9663927318525335,-0.016652717978201063,-0.9497400138743324,25,117
hybrid,1000,2000,-0.5111585943946991,-0.016652717978201063,-0.49450587641649807,25,117
B_only,1000,2000,-0.23935517902324624,-0.016652717978201063,-0.22270246104504518,25,117
A_only,1000,5000,-1.4181125371497,-0.0017750072554159953,-1.4163375298942842,25,117
hybrid,1000,5000,-0.7607757692059548,-0.0017750072554159953,-0.7590007619505388,25,117
B_only,1000,5000,-0.009450830164257297,-0.0017750072554159953,-0.007675822908841302,25,117
A_only,1000,10000,-0.044870149628994625,-0.0028182160594265654,-0.04205193356956806,25,117
hybrid,1000,10000,-0.0059265444425416385,-0.0028182160594265654,-0.003108328383115073,25,117
B_only,1000,10000,-0.4272394575114099,-0.0028182160594265654,-0.42442124145198334,25,117
A_only,1000,2000,-1.0425076131542257,-0.0017750072554159953,-1.0407326058988098,50,117
hybrid,1000,2000,-0.38615774560580995,-0.0017750072554159953,-0.38438273835039394,50,117
B_only,1000,2000,-0.19597689633251197,-0.0017750072554159953,-0.19420188907709598,50,117
A_only,1000,5000,-1.013275809693765,-0.0006760970636952127,-1.0125997126300699,50,117
hybrid,1000,5000,-0.6820586923710121,-0.0006760970636952127,-0.6813825953073169,50,117
B_only,1000,5000,-0.07140128992681652,-0.0006760970636952127,-0.0707251928631213,50,117
A_only,1000,10000,-0.5062375077356905,-0.0017750072554159953,-0.5044625004802745,50,117
hybrid,1000,10000,-0.33830441550478596,-0.0017750072554159953,-0.33652940824936994,50,117
B_only,1000,10000,-0.13728513495545547,-0.0017750072554159953,-0.13551012770003948,50,117
A_only,1000,2000,-1.1173109852584975,-0.16199627937451366,-0.9553147058839838,100,117
hybrid,1000,2000,-0.5992012813482042,-0.16199627937451366,-0.4372050019736905,100,117
B_only,1000,2000,-0.02145970239222739,-0.16199627937451366,0.14053657698228628,100,117
A_only,1000,5000,-0.05528042886734199,-0.02555970165368331,-0.02972072721365868,100,117
hybrid,1000,5000,-0.007219545329061915,-0.02555970165368331,0.018340156324621396,100,117
B_only,1000,5000,-0.005458550860792305,-0.02555970165368331,0.020101150792891005,100,117
A_only,1000,10000,-0.8529705128051142,-0.0006760970636952127,-0.852294415741419,100,117
hybrid,1000,10000,-0.22104247691547188,-0.0006760970636952127,-0.22036637985177668,100,117
B_only,1000,10000,-1.5023136809577495e-10,-0.0006760970636952127,0.0006760969134638445,100,117
A_only,1000,2000,-0.8407213443315182,-0.021107166088018964,-0.8196141782434992,200,117
hybrid,1000,2000,-0.3220562163629071,-0.021107166088018964,-0.30094905027488816,200,117
B_only,1000,2000,-0.16713522876511835,-0.021107166088018964,-0.1460280626770994,200,117
A_only,1000,5000,-0.7116537614545929,-0.016652717978201063,-0.6950010434763918,200,117
hybrid,1000,5000,-0.2432185834160981,-0.016652717978201063,-0.22656586543789703,200,117
B_only,1000,5000,-0.011331428031074888,-0.016652717978201063,0.005321289947126174,200,117
A_only,1000,10000,-0.8372646941574923,-0.0006760970636952127,-0.8365885970937971,200,117
hybrid,1000,10000,-0.4337287240298142,-0.0006760970636952127,-0.433052626966119,200,117
B_only,1000,10000,-0.17995667619851186,-0.0006760970636952127,-0.17928057913481665,200,117
A_only,1000,2000,-0.7049249759926586,-0.0033159803963591777,-0.7016089955962994,500,117
hybrid,1000,2000,-0.19288033788404826,-0.0033159803963591777,-0.18956435748768907,500,117
B_only,1000,2000,-0.0850137452884936,-0.0033159803963591777,-0.08169776489213443,500,117
A_only,1000,5000,-0.539132340341305,-0.0017750072554159953,-0.537357333085889,500,117
hybrid,1000,5000,-0.17205982355899097,-0.0017750072554159953,-0.17028481630357498,500,117
B_only,1000,5000,-0.05434038751698924,-0.0017750072554159953,-0.052565380261573244,500,117
A_only,1000,10000,-0.6431316088278909,-0.0017750072554159953,-0.6413566015724749,500,117
hybrid,1000,10000,-0.22603669716149605,-0.0017750072554159953,-0.22426168990608006,500,117
B_only,1000,10000,-0.023438828002943,-0.0017750072554159953,-0.021663820747527002,500,117
A_only,1000,2000,-0.7765263061426637,-0.0033159803963591777,-0.7732103257463045,25,118
hybrid,1000,2000,-0.3440134601985498,-0.0033159803963591777,-0.3406974798021906,25,118
B_only,1000,2000,-0.4641622723049606,-0.0033159803963591777,-0.46084629190860144,25,118
A_only,1000,5000,-0.399391951974884,-0.0017750072554159953,-0.39761694471946796,25,118
hybrid,1000,5000,-0.06729107122526269,-0.0017750072554159953,-0.0655160639698467,25,118
B_only,1000,5000,-2.7585584011908928e-06,-0.0017750072554159953,0.0017722486970148045,25,118
A_only,1000,10000,-0.3248848598704607,-0.0028182160594265654,-0.3220666438110341,25,118
hybrid,1000,10000,-0.26042040385636267,-0.0028182160594265654,-0.2576021877969361,25,118
B_only,1000,10000,-1.7160810508127027,-0.0028182160594265654,-1.7132628347532761,25,118
A_only,1000,2000,-0.9544162133478095,-0.15716639250636358,-0.7972498208414459,50,118
hybrid,1000,2000,-0.42916760583492397,-0.15716639250636358,-0.2720012133285604,50,118
B_only,1000,2000,-0.0069694894171034695,-0.15716639250636358,0.15019690308926012,50,118
A_only,1000,5000,-0.4721012277132738,-0.0014035296225299897,-0.4706976980907438,50,118
hybrid,1000,5000,-0.1723758553723735,-0.0014035296225299897,-0.1709723257498435,50,118
B_only,1000,5000,-0.01863856221009216,-0.0014035296225299897,-0.01723503258756217,50,118
A_only,1000,10000,-0.8772552042066873,-0.0006760970636952127,-0.8765791071429921,50,118
hybrid,1000,10000,-0.49715240470149463,-0.0006760970636952127,-0.49647630763779943,50,118
B_only,1000,10000,-0.20690329790673595,-0.0006760970636952127,-0.20622720084304075,50,118
A_only,1000,2000,-1.0402206408901045,-0.11636221409479208,-0.9238584267953124,100,118
hybrid,1000,2000,-0.6856481526297907,-0.11636221409479208,-0.5692859385349986,100,118
B_only,1000,2000,-0.35299351485347163,-0.11636221409479208,-0.23663130075867955,100,118
A_only,1000,5000,-0.4848196935343246,-0.0006760970636952127,-0.4841435964706294,100,118
hybrid,1000,5000,-0.2030678490853644,-0.0006760970636952127,-0.2023917520216692,100,118
B_only,1000,5000,-0.16127003712424176,-0.0006760970636952127,-0.16059394006054656,100,118
A_only,1000,10000,-0.1638657003194347,-0.0006760970636952127,-0.1631896032557395,100,118
hybrid,1000,10000,-0.026290607628668937,-0.0006760970636952127,-0.025614510564973724,100,118
B_only,1000,10000,-0.0094356244579292,-0.0006760970636952127,-0.008759527394233987,100,118
A_only,1000,2000,-0.7510979966054697,-0.021107166088018964,-0.7299908305174507,200,118
hybrid,1000,2000,-0.3220321764056621,-0.021107166088018964,-0.3009250103176432,200,118
B_only,1000,2000,-0.004614619564757376,-0.021107166088018964,0.016492546523261587,200,118
A_only,1000,5000,-1.4171225300900254,-0.016530923319274207,-1.4005916067707511,200,118
hybrid,1000,5000,-0.8536634479964597,-0.016530923319274207,-0.8371325246771855,200,118
B_only,1000,5000,-0.1449739330826081,-0.016530923319274207,-0.1284430097633339,200,118
A_only,1000,10000,-1.3043401411958175,-0.0017750072554159953,-1.3025651339404016,200,118
hybrid,1000,10000,-0.45087629820339953,-0.0017750072554159953,-0.4491012909479835,200,118
B_only,1000,10000,-0.011298102684690264,-0.0017750072554159953,-0.009523095429274268,200,118
A_only,1000,2000,-1.6932074909350794,-0.06227961821163712,-1.6309278727234422,500,118
hybrid,1000,2000,-0.3626898617581694,-0.06227961821163712,-0.3004102435465323,500,118
B_only,1000,2000,-0.03816521195616975,-0.06227961821163712,0.024114406255467367,500,118
A_only,1000,5000,-1.3633621975046795,-0.0014035296225299897,-1.3619586678821494,500,118
hybrid,1000,5000,-0.3584676369358494,-0.0014035296225299897,-0.3570641073133194,500,118
B_only,1000,5000,-0.017206049913723275,-0.0014035296225299897,-0.015802520291193285,500,118
A_only,1000,10000,-0.7249588968720609,-0.0017750072554159953,-0.7231838896166449,500,118
hybrid,1000,10000,-0.08438227517386336,-0.0017750072554159953,-0.08260726791844737,500,118
B_only,1000,10000,-6.194484154755862e-07,-0.0017750072554159953,0.0017743878070005197,500,118
A_only,1000,2000,-1.0220991092650753,-0.02338563685393675,-0.9987134724111385,25,119
hybrid,1000,2000,-0.8127764967760002,-0.02338563685393675,-0.7893908599220634,25,119
B_only,1000,2000,-0.06227662666577595,-0.02338563685393675,-0.0388909898118392,25,119
A_only,1000,5000,-0.7759588492910813,-0.0017750072554159953,-0.7741838420356653,25,119
hybrid,1000,5000,-0.14747824048230282,-0.0017750072554159953,-0.14570323322688683,25,119
B_only,1000,5000,-0.008530534062518835,-0.0017750072554159953,-0.00675552680710284,25,119
A_only,1000,10000,-0.3528304062130279,-0.0014035296225299897,-0.3514268765904979,25,119
hybrid,1000,10000,-0.03239361014300666,-0.0014035296225299897,-0.03099008052047667,25,119
B_only,1000,10000,-3.320745240712178e-06,-0.0014035296225299897,0.0014002088772892775,25,119
A_only,1000,2000,-1.54758125830591,-0.026071275432122825,-1.5215099828737872,50,119
hybrid,1000,2000,-0.6935444568228842,-0.026071275432122825,-0.6674731813907614,50,119
B_only,1000,2000,-0.0017666780399079366,-0.026071275432122825,0.02430459739221489,50,119
A_only,1000,5000,-0.1874223012444383,-0.0014035296225299897,-0.1860187716219083,50,119
hybrid,1000,5000,-0.05403957434233074,-0.0014035296225299897,-0.052636044719800754,50,119
B_only,1000,5000,-0.5868322015026881,-0.0014035296225299897,-0.5854286718801581,50,119
A_only,1000,10000,-0.016939807460865704,-0.0006760970636952127,-0.01626371039717049,50,119
hybrid,1000,10000,-0.0010650119363540586,-0.0006760970636952127,-0.00038891487265884587,50,119
B_only,1000,10000,-0.005786327722434038,-0.0006760970636952127,-0.005110230658738825,50,119
A_only,1000,2000,-0.9751099635543696,-0.0028182160594265654,-0.9722917474949431,100,119
hybrid,1000,2000,-0.4375836375250386,-0.0028182160594265654,-0.43476542146561203,100,119
B_only,1000,2000,-0.3347484091636976,-0.0028182160594265654,-0.331930193104271,100,119
A_only,1000,5000,-1.466100170802159,-0.0033159803963591777,-1.4627841904057999,100,119
hybrid,1000,5000,-1.0522450618362513,-0.0033159803963591777,-1.0489290814398922,100,119
B_only,1000,5000,-0.20350217725681566,-0.0033159803963591777,-0.20018619686045647,100,119
A_only,1000,10000,-0.4797383926346562,-0.0014035296225299897,-0.4783348630121262,100,119
hybrid,1000,10000,-0.2582058481506034,-0.0014035296225299897,-0.2568023185280734,100,119
B_only,1000,10000,-0.0299347307473391,-0.0014035296225299897,-0.02853120112480911,100,119
A_only,1000,2000,-0.7412942907421581,-0.0033159803963591777,-0.737978310345799,200,119
hybrid,1000,2000,-0.3330902396114475,-0.0033159803963591777,-0.32977425921508835,200,119
B_only,1000,2000,-0.010995751945705094,-0.0033159803963591777,-0.007679771549345916,200,119
A_only,1000,5000,-0.8902315435853183,-0.0006760970636952127,-0.8895554465216231,200,119
hybrid,1000,5000,-0.3805648076523417,-0.0006760970636952127,-0.3798887105886465,200,119
B_only,1000,5000,-0.02657859333530376,-0.0006760970636952127,-0.02590249627160855,200,119
A_only,1000,10000,-1.292344356516056,-0.0006760970636952127,-1.2916682594523607,200,119
hybrid,1000,10000,-0.4592204319755511,-0.0006760970636952127,-0.4585443349118559,200,119
B_only,1000,10000,-0.00018500593806294326,-0.0006760970636952127,0.0004910911256322695,200,119
A_only,1000,2000,-1.4290869447864727,-0.0028182160594265654,-1.4262687287270461,500,119
hybrid,1000,2000,-0.2697684616082968,-0.0028182160594265654,-0.26695024554887026,500,119
B_only,1000,2000,-0.0001303129356980268,-0.0028182160594265654,0.0026879031237285384,500,119
A_only,1000,5000,-0.11977860079346973,-0.03431007729625027,-0.08546852349721946,500,119
hybrid,1000,5000,-0.018998137889040062,-0.03431007729625027,0.015311939407210207,500,119
B_only,1000,5000,-0.0012380979142657938,-0.03431007729625027,0.03307197938198447,500,119
A_only,1000,10000,-0.6148348316695859,-0.0017750072554159953,-0.6130598244141698,500,119
hybrid,1000,10000,-0.1369359379749634,-0.0017750072554159953,-0.1351609307195474,500,119
B_only,1000,10000,-0.00021437204139029812,-0.0017750072554159953,0.0015606352140256972,500,119
A_only,1000,2000,-1.2942664596128992,-0.02555970165368331,-1.268706757959216,25,120
hybrid,1000,2000,-0.3145624465561962,-0.02555970165368331,-0.2890027449025129,25,120
B_only,1000,2000,-1.6817027319691728e-05,-0.02555970165368331,0.02554288462636362,25,120
A_only,1000,5000,-0.07796873826200813,-0.016530923319274207,-0.061437814942733926,25,120
hybrid,1000,5000,-0.022004528693495326,-0.016530923319274207,-0.005473605374221119,25,120
B_only,1000,5000,-0.01634011372429345,-0.016530923319274207,0.00019080959498075575,25,120
A_only,1000,10000,-0.7239291720685324,-0.0006760970636952127,-0.7232530750048372,25,120
hybrid,1000,10000,-0.3252015672738532,-0.0006760970636952127,-0.324525470210158,25,120
B_only,1000,10000,-0.1883452011977346,-0.0006760970636952127,-0.1876691041340394,25,120
A_only,1000,2000,-1.254577951877489,-0.016530923319274207,-1.2380470285582148,50,120
hybrid,1000,2000,-0.8565016262723363,-0.016530923319274207,-0.8399707029530621,50,120
B_only,1000,2000,-0.8464450432601298,-0.016530923319274207,-0.8299141199408556,50,120
A_only,1000,5000,-1.0280612755065983,-0.02338563685393675,-1.0046756386526616,50,120
hybrid,1000,5000,-0.5282137519703078,-0.02338563685393675,-0.504828115116371,50,120
B_only,1000,5000,-0.017526844062047686,-0.02338563685393675,0.005858792791889063,50,120
A_only,1000,10000,-0.3128312902103884,-0.0014035296225299897,-0.3114277605878584,50,120
hybrid,1000,10000,-0.02599762847522024,-0.0014035296225299897,-0.02459409885269025,50,120
B_only,1000,10000,-2.652719210580313e-10,-0.0014035296225299897,0.0014035293572580688,50,120
A_only,1000,2000,-1.1859735953774373,-0.0017750072554159953,-1.1841985881220214,100,120
hybrid,1000,2000,-0.37993634439663987,-0.0017750072554159953,-0.37816133714122385,100,120
B_only,1000,2000,-7.952701775640067e-05,-0.0017750072554159953,0.0016954802376595946,100,120
A_only,1000,5000,-1.732688963469025,-0.0014035296225299897,-1.731285433846495,100,120
hybrid,1000,5000,-0.976947444790501,-0.0014035296225299897,-0.975543915167971,100,120
B_only,1000,5000,-0.018675241371326007,-0.0014035296225299897,-0.017271711748796017,100,120
A_only,1000,10000,-0.43315269616598273,-0.016530923319274207,-0.41662177284670854,100,120
hybrid,1000,10000,-0.1920971941985137,-0.016530923319274207,-0.17556627087923948,100,120
B_only,1000,10000,-0.049576227041058366,-0.016530923319274207,-0.03304530372178416,100,120
A_only,1000,2000,-0.7754593403240012,-0.048388414022939155,-0.7270709263010621,200,120
hybrid,1000,2000,-0.26698150213579436,-0.048388414022939155,-0.21859308811285522,200,120
B_only,1000,2000,-0.2354547241967117,-0.048388414022939155,-0.18706631017377257,200,120
A_only,1000,5000,-1.091678820906754,-0.0006760970636952127,-1.0910027238430589,200,120
hybrid,1000,5000,-0.2866394575330271,-0.0006760970636952127,-0.2859633604693319,200,120
B_only,1000,5000,-3.335411036975443e-07,-0.0006760970636952127,0.0006757635225915151,200,120
A_only,1000,10000,-0.5031359562428613,-0.016530923319274207,-0.48660503292358714,200,120
hybrid,1000,10000,-0.260930906097585,-0.016530923319274207,-0.24439998277831082,200,120
B_only,1000,10000,-0.06519399425582662,-0.016530923319274207,-0.04866307093655241,200,120
A_only,1000,2000,-1.1998864356195045,-0.016652717978201063,-1.1832337176413035,500,120
hybrid,1000,2000,-0.13759113999844536,-0.016652717978201063,-0.1209384220202443,500,120
B_only,1000,2000,-5.3000861891152396e-05,-0.016652717978201063,0.01659971711630991,500,120
A_only,1000,5000,-0.28623912959326975,-0.0006760970636952127,-0.28556303252957455,500,120
hybrid,1000,5000,-0.11943529886035338,-0.0006760970636952127,-0.11875920179665816,500,120
B_only,1000,5000,-0.16868190614176926,-0.0006760970636952127,-0.16800580907807405,500,120
A_only,1000,10000,-0.25263051172127193,-0.0006760970636952127,-0.25195441465757673,500,120
hybrid,1000,10000,-0.04331547247875861,-0.0006760970636952127,-0.0426393754150634,500,120
B_only,1000,10000,-0.010648246663900794,-0.0006760970636952127,-0.009972149600205581,500,120
A_only,1000,2000,-1.5332717238493863,-0.1386926863569327,-1.3945790374924536,25,121
hybrid,1000,2000,-1.6002846059738514,-0.1386926863569327,-1.4615919196169187,25,121
B_only,1000,2000,-0.039794430715382384,-0.1386926863569327,0.0988982556415503,25,121
A_only,1000,5000,-1.1684641367200501,-0.0006760970636952127,-1.167788039656355,25,121
hybrid,1000,5000,-0.469176532532132,-0.0006760970636952127,-0.4685004354684368,25,121
B_only,1000,5000,-7.186168366117169e-07,-0.0006760970636952127,0.0006753784468586009,25,121
A_only,1000,10000,-0.11783827138816239,-0.0006760970636952127,-0.11716217432446717,25,121
hybrid,1000,10000,-0.02312656396806037,-0.0006760970636952127,-0.022450466904365158,25,121
B_only,1000,10000,-0.23753413838954285,-0.0006760970636952127,-0.23685804132584765,25,121
A_only,1000,2000,-0.9681875289982406,-0.021107166088018964,-0.9470803629102216,50,121
hybrid,1000,2000,-0.3138225200950322,-0.021107166088018964,-0.2927153540070132,50,121
B_only,1000,2000,-1.1566530013978939e-06,-0.021107166088018964,0.021106009435017566,50,121
A_only,1000,5000,-0.6187121657647859,-0.0014035296225299897,-0.617308636142256,50,121
hybrid,1000,5000,-0.28276075685540814,-0.0014035296225299897,-0.28135722723287815,50,121
B_only,1000,5000,-0.07149166543285815,-0.0014035296225299897,-0.07008813581032816,50,121
A_only,1000,10000,-0.8629674517149133,-0.0006760970636952127,-0.8622913546512181,50,121
hybrid,1000,10000,-0.6398080054402769,-0.0006760970636952127,-0.6391319083765817,50,121
B_only,1000,10000,-0.31249577539014856,-0.0006760970636952127,-0.31181967832645335,50,121
A_only,1000,2000,-0.5462850159229974,-0.0006760970636952127,-0.5456089188593022,100,121
hybrid,1000,2000,-0.17660193911489935,-0.0006760970636952127,-0.17592584205120415,100,121
B_only,1000,2000,-0.0025345840389583516,-0.0006760970636952127,-0.0018584869752631388,100,121
A_only,1000,5000,-0.458883738014008,-0.01849454206597494,-0.44038919594803305,100,121
hybrid,1000,5000,-0.28662637138807584,-0.01849454206597494,-0.2681318293221009,100,121
B_only,1000,5000,-0.062107161486440646,-0.01849454206597494,-0.04361261942046571,100,121
A_only,1000,10000,-0.9790004950204205,-0.0006760970636952127,-0.9783243979567253,100,121
hybrid,1000,10000,-0.8677890509306765,-0.0006760970636952127,-0.8671129538669813,100,121
B_only,1000,10000,-0.2932338897552983,-0.0006760970636952127,-0.2925577926916031,100,121
A_only,1000,2000,-1.5117466834358222,-0.0028182160594265654,-1.5089284673763956,200,121
hybrid,1000,2000,-0.479167525671547,-0.0028182160594265654,-0.47634930961212046,200,121
B_only,1000,2000,-0.01558107596502079,-0.0028182160594265654,-0.012762859905594226,200,121
A_only,1000,5000,-0.503634769541804,-0.0017750072554159953,-0.501859762286388,200,121
hybrid,1000,5000,-0.1135021446888079,-0.0017750072554159953,-0.11172713743339191,200,121
B_only,1000,5000,-0.004223872492700269,-0.0017750072554159953,-0.0024488652372842735,200,121
A_only,1000,10000,-1.0595543554557352,-0.0014035296225299897,-1.058150825833205,200,121
hybrid,1000,10000,-0.39175046022428245,-0.0014035296225299897,-0.39034693060175246,200,121
B_only,1000,10000,-0.002969105758937782,-0.0014035296225299897,-0.0015655761364077923,200,121
A_only,1000,2000,-0.967390443948592,-0.0017750072554159953,-0.965615436693176,500,121
hybrid,1000,2000,-0.20399601284357685,-0.0017750072554159953,-0.20222100558816086,500,121
B_only,1000,2000,-0.0168515949990365,-0.0017750072554159953,-0.015076587743620504,500,121
A_only,1000,5000,-0.53923696129098,-0.0006760970636952127,-0.5385608642272848,500,121
hybrid,1000,5000,-0.15503502223656246,-0.0006760970636952127,-0.15435892517286726,500,121
B_only,1000,5000,-0.08787457498797198,-0.0006760970636952127,-0.08719847792427676,500,121
A_only,1000,10000,-1.2625554863189354,-0.0006760970636952127,-1.2618793892552402,500,121
hybrid,1000,10000,-0.24648106650769616,-0.0006760970636952127,-0.24580496944400096,500,121
B_only,1000,10000,-0.00013470205580277605,-0.0006760970636952127,0.0005413950078924367,500,121
A_only,1000,2000,-1.0175300993824494,-0.0014035296225299897,-1.0161265697599193,25,122
hybrid,1000,2000,-0.5859633989247496,-0.0014035296225299897,-0.5845598693022196,25,122
B_only,1000,2000,-0.020726668580848272,-0.0014035296225299897,-0.019323138958318282,25,122
A_only,1000,5000,-0.5131588888927126,-0.0017750072554159953,-0.5113838816372965,25,122
hybrid,1000,5000,-0.3335716058248658,-0.0017750072554159953,-0.33179659856944976,25,122
B_only,1000,5000,-0.27361702271217436,-0.0017750072554159953,-0.27184201545675835,25,122
A_only,1000,10000,-0.06263366943001021,-0.0006760970636952127,-0.061957572366315,25,122
hybrid,1000,10000,-0.016203851695276727,-0.0006760970636952127,-0.015527754631581514,25,122
B_only,1000,10000,-3.617584180357215,-0.0006760970636952127,-3.6169080832935196,25,122
A_only,1000,2000,-1.6164517240954106,-0.1155592143897619,-1.5008925097056487,50,122
hybrid,1000,2000,-0.9217601899247269,-0.1155592143897619,-0.806200975534965,50,122
B_only,1000,2000,-0.1600084835523173,-0.1155592143897619,-0.04444926916255541,50,122
A_only,1000,5000,-1.0336689301443647,-0.0006760970636952127,-1.0329928330806695,50,122
hybrid,1000,5000,-0.2655077832656114,-0.0006760970636952127,-0.2648316862019162,50,122
B_only,1000,5000,-0.002123676465225881,-0.0006760970636952127,-0.0014475794015306681,50,122
A_only,1000,10000,-0.9196141986271329,-0.0006760970636952127,-0.9189381015634377,50,122
hybrid,1000,10000,-0.42206249525063166,-0.0006760970636952127,-0.42138639818693646,50,122
B_only,1000,10000,-0.001029364205776107,-0.0006760970636952127,-0.00035326714208089424,50,122
A_only,1000,2000,-1.4641860678825627,-0.02338563685393675,-1.440800431028626,100,122
hybrid,1000,2000,-0.5646423692745248,-0.02338563685393675,-0.541256732420588,100,122
B_only,1000,2000,-0.0414159379350255,-0.02338563685393675,-0.018030301081088752,100,122
A_only,1000,5000,-0.4831977220642887,-0.0028182160594265654,-0.4803795060048621,100,122
hybrid,1000,5000,-0.15443185900687545,-0.0028182160594265654,-0.1516136429474489,100,122
B_only,1000,5000,-0.04242122090913153,-0.0028182160594265654,-0.03960300484970496,100,122
A_only,1000,10000,-0.46108308602042103,-0.0014035296225299897,-0.45967955639789104,100,122
hybrid,1000,10000,-0.1908999220636976,-0.0014035296225299897,-0.18949639244116762,100,122
B_only,1000,10000,-0.06856606622528237,-0.0014035296225299897,-0.06716253660275238,100,122
A_only,1000,2000,-0.8403883094120558,-0.0028182160594265654,-0.8375700933526292,200,122
hybrid,1000,2000,-0.3494658391779474,-0.0028182160594265654,-0.3466476231185208,200,122
B_only,1000,2000,-0.05415353987541469,-0.0028182160594265654,-0.051335323815988126,200,122
A_only,1000,5000,-1.3572213813878,-0.0014035296225299897,-1.35581785176527,200,122
hybrid,1000,5000,-0.6481284029117045,-0.0014035296225299897,-0.6467248732891745,200,122
B_only,1000,5000,-0.052929095205544,-0.0014035296225299897,-0.051525565583014014,200,122
A_only,1000,10000,-0.49844872309966715,-0.0017750072554159953,-0.49667371584425113,200,122
hybrid,1000,10000,-0.3421937275033902,-0.0017750072554159953,-0.3404187202479742,200,122
B_only,1000,10000,-0.1774205586548748,-0.0017750072554159953,-0.1756455513994588,200,122
A_only,1000,2000,-0.5488913506647605,-0.0017750072554159953,-0.5471163434093445,500,122
hybrid,1000,2000,-0.2074968395811409,-0.0017750072554159953,-0.2057218323257249,500,122
B_only,1000,2000,-0.11908666685294089,-0.0017750072554159953,-0.1173116595975249,500,122
A_only,1000,5000,-0.5183771259008311,-0.02338563685393675,-0.49499148904689433,500,122
hybrid,1000,5000,-0.14448742343726584,-0.02338563685393675,-0.1211017865833291,500,122
B_only,1000,5000,-0.031745126828468626,-0.02338563685393675,-0.008359489974531877,500,122
A_only,1000,10000,-0.7239584273493428,-0.0006760970636952127,-0.7232823302856476,500,122
hybrid,1000,10000,-0.07456833989250063,-0.0006760970636952127,-0.07389224282880541,500,122
B_only,1000,10000,-0.00011290933941614477,-0.0006760970636952127,0.000563187724279068,500,122
A_only,1000,2000,-0.9251162372689719,-0.04442382739503962,-0.8806924098739323,25,123
hybrid,1000,2000,-0.5692257187372183,-0.04442382739503962,-0.5248018913421787,25,123
B_only,1000,2000,-1.5414572711599372,-0.04442382739503962,-1.4970334437648976,25,123
A_only,1000,5000,-0.7053069278163978,-0.0006760970636952127,-0.7046308307527026,25,123
hybrid,1000,5000,-0.5153738074756598,-0.0006760970636952127,-0.5146977104119645,25,123
B_only,1000,5000,-0.4149268383671015,-0.0006760970636952127,-0.4142507413034063,25,123
A_only,1000,10000,-0.7765881344118385,-0.0014035296225299897,-0.7751846047893085,25,123
hybrid,1000,10000,-0.5987890948367256,-0.0014035296225299897,-0.5973855652141956,25,123
B_only,1000,10000,-0.01831658545743053,-0.0014035296225299897,-0.01691305583490054,25,123
A_only,1000,2000,-1.2264417235948255,-0.2599930550638677,-0.9664486685309578,50,123
hybrid,1000,2000,-0.8544147098790099,-0.2599930550638677,-0.5944216548151422,50,123
B_only,1000,2000,-0.009250340297733304,-0.2599930550638677,0.2507427147661344,50,123
A_only,1000,5000,-0.9894651791611796,-0.0006760970636952127,-0.9887890820974844,50,123
hybrid,1000,5000,-0.2878680548709896,-0.0006760970636952127,-0.2871919578072944,50,123
B_only,1000,5000,-0.00391866422389327,-0.0006760970636952127,-0.003242567160198057,50,123
A_only,1000,10000,-0.6029471810699499,-0.0014035296225299897,-0.60154365144742,50,123
hybrid,1000,10000,-0.5184626525123435,-0.0014035296225299897,-0.5170591228898135,50,123
B_only,1000,10000,-0.17993676617299367,-0.0014035296225299897,-0.1785332365504637,50,123
A_only,1000,2000,-0.8180780414939984,-0.048388414022939155,-0.7696896274710593,100,123
hybrid,1000,2000,-0.513743878386095,-0.048388414022939155,-0.4653554643631559,100,123
B_only,1000,2000,-0.12523588761026855,-0.048388414022939155,-0.07684747358732939,100,123
A_only,1000,5000,-0.5456822314125417,-0.0006760970636952127,-0.5450061343488465,100,123
hybrid,1000,5000,-0.28084858669463514,-0.0006760970636952127,-0.28017248963093994,100,123
B_only,1000,5000,-0.16211219548559994,-0.0006760970636952127,-0.16143609842190473,100,123
A_only,1000,10000,-0.29884467465493725,-0.0006760970636952127,-0.29816857759124205,100,123
hybrid,1000,10000,-0.19163889890282865,-0.0006760970636952127,-0.19096280183913344,100,123
B_only,1000,10000,-0.3619891397011282,-0.0006760970636952127,-0.361313042637433,100,123
A_only,1000,2000,-1.2993041821186735,-0.04442382739503962,-1.2548803547236338,200,123
hybrid,1000,2000,-0.7540540151068525,-0.04442382739503962,-0.709630187711813,200,123
B_only,1000,2000,-0.11698496299232444,-0.04442382739503962,-0.07256113559728483,200,123
A_only,1000,5000,-0.7394585484136807,-0.0017750072554159953,-0.7376835411582647,200,123
hybrid,1000,5000,-0.30969813437809546,-0.0017750072554159953,-0.30792312712267944,200,123
B_only,1000,5000,-0.057049794179028925,-0.0017750072554159953,-0.05527478692361293,200,123
A_only,1000,10000,-0.036626149426644085,-0.0006760970636952127,-0.035950052362948876,200,123
hybrid,1000,10000,-0.005470259013652187,-0.0006760970636952127,-0.004794161949956974,200,123
B_only,1000,10000,-6.9547449678599e-06,-0.0006760970636952127,0.0006691423187273528,200,123
A_only,1000,2000,-1.0316604605733413,-0.0014035296225299897,-1.0302569309508112,500,123
hybrid,1000,2000,-0.3033749603561636,-0.0014035296225299897,-0.30197143073363364,500,123
B_only,1000,2000,-0.10992186848835801,-0.0014035296225299897,-0.10851833886582803,500,123
A_only,1000,5000,-0.3905567594861399,-0.0006760970636952127,-0.3898806624224447,500,123
hybrid,1000,5000,-0.10055106729622856,-0.0006760970636952127,-0.09987497023253335,500,123
B_only,1000,5000,-0.023869991289077505,-0.0006760970636952127,-0.023193894225382292,500,123
A_only,1000,10000,-1.1685963542133029,-0.0014035296225299897,-1.1671928245907728,500,123
hybrid,1000,10000,-0.1531650515919728,-0.0014035296225299897,-0.15176152196944281,500,123
B_only,1000,10000,-0.007967343412088823,-0.0014035296225299897,-0.006563813789558833,500,123
A_only,1000,2000,-0.6827281813899247,-0.19218432743081085,-0.49054385395911393,25,124
hybrid,1000,2000,-0.36270762295168435,-0.19218432743081085,-0.1705232955208735,25,124
B_only,1000,2000,-0.6439954236587786,-0.19218432743081085,-0.4518110962279678,25,124
A_only,1000,5000,-1.2673382462490876,-0.0006760970636952127,-1.2666621491853924,25,124
hybrid,1000,5000,-0.6623947069369613,-0.0006760970636952127,-0.6617186098732661,25,124
B_only,1000,5000,-0.27981791759427643,-0.0006760970636952127,-0.27914182053058123,25,124
A_only,1000,10000,-0.38211128519763593,-0.0006760970636952127,-0.38143518813394073,25,124
hybrid,1000,10000,-0.11001697506453267,-0.0006760970636952127,-0.10934087800083746,25,124
B_only,1000,10000,-0.000612380816221907,-0.0006760970636952127,6.371624747330564e-05,25,124
A_only,1000,2000,-0.8553771535076977,-0.0028182160594265654,-0.8525589374482712,50,124
hybrid,1000,2000,-0.6599182876399148,-0.0028182160594265654,-0.6571000715804882,50,124
B_only,1000,2000,-0.6778453814524407,-0.0028182160594265654,-0.6750271653930141,50,124
A_only,1000,5000,-1.404413259008757,-0.0006760970636952127,-1.4037371619450618,50,124
hybrid,1000,5000,-0.5761550373970578,-0.0006760970636952127,-0.5754789403333626,50,124
B_only,1000,5000,-0.0019544343228938177,-0.0006760970636952127,-0.001278337259198605,50,124
A_only,1000,10000,-0.022848715401014623,-0.0006760970636952127,-0.02217261833731941,50,124
hybrid,1000,10000,-0.003001770557931266,-0.0006760970636952127,-0.002325673494236053,50,124
B_only,1000,10000,-0.02465794208688561,-0.0006760970636952127,-0.023981845023190396,50,124
A_only,1000,2000,-0.4211449084376644,-0.021107166088018964,-0.4000377423496454,100,124
hybrid,1000,2000,-0.07770960389959435,-0.021107166088018964,-0.05660243781157538,100,124
B_only,1000,2000,-0.0011952771363744794,-0.021107166088018964,0.019911888951644485,100,124
A_only,1000,5000,-0.46222549089859966,-0.0028182160594265654,-0.4594072748391731,100,124
hybrid,1000,5000,-0.17451493981150973,-0.0028182160594265654,-0.17169672375208317,100,124
B_only,1000,5000,-0.08434055352540729,-0.0028182160594265654,-0.08152233746598073,100,124
A_only,1000,10000,-0.5405138363051248,-0.0014035296225299897,-0.5391103066825949,100,124
hybrid,1000,10000,-0.21503743918137994,-0.0014035296225299897,-0.21363390955884995,100,124
B_only,1000,10000,-0.0006666212238751764,-0.0014035296225299897,0.0007369083986548134,100,124
A_only,1000,2000,-0.6835901949432069,-0.021107166088018964,-0.662483028855188,200,124
hybrid,1000,2000,-0.18735398052296384,-0.021107166088018964,-0.16624681443494488,200,124
B_only,1000,2000,-0.018924243809299947,-0.021107166088018964,0.002182922278719017,200,124
A_only,1000,5000,-0.5697300985072773,-0.0017750072554159953,-0.5679550912518613,200,124
hybrid,1000,5000,-0.15331456990105016,-0.0017750072554159953,-0.15153956264563417,200,124
B_only,1000,5000,-0.00022611543930138494,-0.0017750072554159953,0.0015488918161146103,200,124
A_only,1000,10000,-0.6419857716806109,-0.0006760970636952127,-0.6413096746169157,200,124
hybrid,1000,10000,-0.1755930691986755,-0.0006760970636952127,-0.1749169721349803,200,124
B_only,1000,10000,-3.345831394853689e-05,-0.0006760970636952127,0.0006426387497466758,200,124
A_only,1000,2000,-1.2246970295264932,-0.1362900998449837,-1.0884069296815095,500,124
hybrid,1000,2000,-0.21590265825955432,-0.1362900998449837,-0.07961255841457063,500,124
B_only,1000,2000,-0.003980809971724646,-0.1362900998449837,0.13230928987325905,500,124
A_only,1000,5000,-0.04231706273741203,-0.02555970165368331,-0.01675736108372872,500,124
hybrid,1000,5000,-0.003796912509859719,-0.02555970165368331,0.02176278914382359,500,124
B_only,1000,5000,-4.877039660608239e-06,-0.02555970165368331,0.0255548246140227,500,124
A_only,1000,10000,-0.5852255183308517,-0.0006760970636952127,-0.5845494212671565,500,124
hybrid,1000,10000,-0.10396257412104018,-0.0006760970636952127,-0.10328647705734496,500,124
B_only,1000,10000,-2.589845828376063e-07,-0.0006760970636952127,0.0006758380791123751,500,124
A_only,1000,2000,-1.4358059650733515,-0.06976201878446649,-1.366043946288885,25,125
hybrid,1000,2000,-0.9517538348665288,-0.06976201878446649,-0.8819918160820622,25,125
B_only,1000,2000,-0.006636548844338714,-0.06976201878446649,0.06312546994012777,25,125
A_only,1000,5000,-0.4303356399262065,-0.0006760970636952127,-0.4296595428625113,25,125
hybrid,1000,5000,-0.1647183384398873,-0.0006760970636952127,-0.1640422413761921,25,125
B_only,1000,5000,-0.43167087493347506,-0.0006760970636952127,-0.43099477786977985,25,125
A_only,1000,10000,-0.2895189539230666,-0.0006760970636952127,-0.2888428568593714,25,125
hybrid,1000,10000,-0.10635964695858045,-0.0006760970636952127,-0.10568354989488524,25,125
B_only,1000,10000,-0.00013626635582215444,-0.0006760970636952127,0.0005398307078730583,25,125
A_only,1000,2000,-1.3130866843267115,-0.0017750072554159953,-1.3113116770712956,50,125
hybrid,1000,2000,-0.4086760066650633,-0.0017750072554159953,-0.4069009994096473,50,125
B_only,1000,2000,-3.4184944147936485e-05,-0.0017750072554159953,0.0017408223112680588,50,125
A_only,1000,5000,-0.06712948702966093,-0.02338563685393675,-0.04374385017572418,50,125
hybrid,1000,5000,-0.00844490758821368,-0.02338563685393675,0.014940729265723068,50,125
B_only,1000,5000,-0.12179389938770696,-0.02338563685393675,-0.09840826253377022,50,125
A_only,1000,10000,-0.8766882366759324,-0.0014035296225299897,-0.8752847070534024,50,125
hybrid,1000,10000,-0.38110588218151714,-0.0014035296225299897,-0.37970235255898716,50,125
B_only,1000,10000,-0.0946495006893941,-0.0014035296225299897,-0.09324597106686411,50,125
A_only,1000,2000,-0.704914832068542,-0.016530923319274207,-0.6883839087492678,100,125
hybrid,1000,2000,-0.24399799451555967,-0.016530923319274207,-0.22746707119628545,100,125
B_only,1000,2000,-0.0021115490445370332,-0.016530923319274207,0.014419374274737174,100,125
A_only,1000,5000,-0.8344294573171316,-0.0017750072554159953,-0.8326544500617156,100,125
hybrid,1000,5000,-0.19430483324867628,-0.0017750072554159953,-0.1925298259932603,100,125
B_only,1000,5000,-0.00010689344705422074,-0.0017750072554159953,0.0016681138083617746,100,125
A_only,1000,10000,-0.8145183113384018,-0.0014035296225299897,-0.8131147817158718,100,125
hybrid,1000,10000,-0.4713578465067283,-0.0014035296225299897,-0.4699543168841983,100,125
B_only,1000,10000,-0.09833592623285387,-0.0014035296225299897,-0.09693239661032388,100,125
A_only,1000,2000,-0.9378589389385467,-0.0006760970636952127,-0.9371828418748515,200,125
hybrid,1000,2000,-0.19368085080732672,-0.0006760970636952127,-0.19300475374363152,200,125
B_only,1000,2000,-0.021647242356114597,-0.0006760970636952127,-0.020971145292419384,200,125
A_only,1000,5000,-1.081885470751646,-0.0006760970636952127,-1.081209373687951,200,125
hybrid,1000,5000,-0.16242373225003254,-0.0006760970636952127,-0.16174763518633734,200,125
B_only,1000,5000,-6.0788990491375024e-05,-0.0006760970636952127,0.0006153080732038377,200,125
A_only,1000,10000,-1.2187535726603933,-0.0006760970636952127,-1.218077475596698,200,125
hybrid,1000,10000,-0.6697129183027771,-0.0006760970636952127,-0.6690368212390819,200,125
B_only,1000,10000,-0.0015851541748297595,-0.0006760970636952127,-0.0009090571111345468,200,125
A_only,1000,2000,-1.0995511784370169,-0.026071275432122825,-1.073479903004894,500,125
hybrid,1000,2000,-0.503706449169794,-0.026071275432122825,-0.47763517373767117,500,125
B_only,1000,2000,-0.398192500635106,-0.026071275432122825,-0.37212122520298313,500,125
A_only,1000,5000,-0.48343801503777406,-0.021107166088018964,-0.46233084894975507,500,125
hybrid,1000,5000,-0.16861097431263222,-0.021107166088018964,-0.14750380822461326,500,125
B_only,1000,5000,-0.14574172140917765,-0.021107166088018964,-0.12463455532115869,500,125
A_only,1000,10000,-0.7622456896993187,-0.0017750072554159953,-0.7604706824439027,500,125
hybrid,1000,10000,-0.1109581694858256,-0.0017750072554159953,-0.10918316223040961,500,125
B_only,1000,10000,-0.008617224945292693,-0.0017750072554159953,-0.006842217689876698,500,125
A_only,1000,2000,-1.9025430297079768,-0.0033159803963591777,-1.8992270493116177,25,126
hybrid,1000,2000,-1.101066435359671,-0.0033159803963591777,-1.097750454963312,25,126
B_only,1000,2000,-0.0359052089122555,-0.0033159803963591777,-0.032589228515896324,25,126
A_only,1000,5000,-0.3897883256606885,-0.0033159803963591777,-0.38647234526432933,25,126
hybrid,1000,5000,-0.07734485691630687,-0.0033159803963591777,-0.07402887651994769,25,126
B_only,1000,5000,-0.0018519663627081426,-0.0033159803963591777,0.0014640140336510351,25,126
A_only,1000,10000,-0.5315463267496342,-0.0006760970636952127,-0.530870229685939,25,126
hybrid,1000,10000,-0.4225768530824867,-0.0006760970636952127,-0.4219007560187915,25,126
B_only,1000,10000,-0.3813873972506105,-0.0006760970636952127,-0.3807113001869153,25,126
A_only,1000,2000,-0.184391109457732,-0.05681229432921549,-0.1275788151285165,50,126
hybrid,1000,2000,-0.02475617357944787,-0.05681229432921549,0.032056120749767616,50,126
B_only,1000,2000,-0.04109666281156541,-0.05681229432921549,0.015715631517650076,50,126
A_only,1000,5000,-0.957416482870652,-0.0033159803963591777,-0.9541005024742928,50,126
hybrid,1000,5000,-0.6021096561493312,-0.0033159803963591777,-0.598793675752972,50,126
B_only,1000,5000,-0.8902538588834095,-0.0033159803963591777,-0.8869378784870503,50,126
A_only,1000,10000,-0.4847091069348189,-0.0006760970636952127,-0.4840330098711237,50,126
hybrid,1000,10000,-0.25771672270311713,-0.0006760970636952127,-0.2570406256394219,50,126
B_only,1000,10000,-0.09223429804996883,-0.0006760970636952127,-0.09155820098627361,50,126
A_only,1000,2000,-1.2340489754676465,-0.016530923319274207,-1.2175180521483722,100,126
hybrid,1000,2000,-0.5592391209846383,-0.016530923319274207,-0.5427081976653642,100,126
B_only,1000,2000,-0.025698129206009848,-0.016530923319274207,-0.009167205886735641,100,126
A_only,1000,5000,-0.5176581002748827,-0.0028182160594265654,-0.5148398842154561,100,126
hybrid,1000,5000,-0.26116579083825686,-0.0028182160594265654,-0.2583475747788303,100,126
B_only,1000,5000,-0.23302970452370764,-0.0028182160594265654,-0.23021148846428108,100,126
A_only,1000,10000,-0.3545174969778056,-0.0017750072554159953,-0.3527424897223896,100,126
hybrid,1000,10000,-0.20927804117832502,-0.0017750072554159953,-0.20750303392290903,100,126
B_only,1000,10000,-0.017197112436253752,-0.0017750072554159953,-0.015422105180837756,100,126
A_only,1000,2000,-0.9366327616649148,-0.02744009198228548,-0.9091926696826294,200,126
hybrid,1000,2000,-0.4028995399459501,-0.02744009198228548,-0.37545944796366465,200,126
B_only,1000,2000,-0.05571184305338408,-0.02744009198228548,-0.0282717510710986,200,126
A_only,1000,5000,-0.9993121530596019,-0.016652717978201063,-0.9826594350814007,200,126
hybrid,1000,5000,-0.1300936176193488,-0.016652717978201063,-0.11344089964114773,200,126
B_only,1000,5000,-9.21685543289654e-07,-0.016652717978201063,0.016651796292657773,200,126
A_only,1000,10000,-0.7041689677025792,-0.0006760970636952127,-0.703492870638884,200,126
hybrid,1000,10000,-0.2039063507210648,-0.0006760970636952127,-0.2032302536573696,200,126
B_only,1000,10000,-5.7111564533479535e-06,-0.0006760970636952127,0.0006703859072418648,200,126
A_only,1000,2000,-1.3759068560911807,-0.02338563685393675,-1.352521219237244,500,126
hybrid,1000,2000,-0.4265862164445251,-0.02338563685393675,-0.40320057959058836,500,126
B_only,1000,2000,-0.06820634015120663,-0.02338563685393675,-0.044820703297269886,500,126
A_only,1000,5000,-0.9264419100289739,-0.021107166088018964,-0.9053347439409549,500,126
hybrid,1000,5000,-0.18765653720490844,-0.021107166088018964,-0.16654937111688947,500,126
B_only,1000,5000,-0.009448562609310054,-0.021107166088018964,0.01165860347870891,500,126
A_only,1000,10000,-0.03979500298871064,-0.0017750072554159953,-0.03801999573329464,500,126
hybrid,1000,10000,-0.006816078814434544,-0.0017750072554159953,-0.005041071559018549,500,126
B_only,1000,10000,-0.0104824620536148,-0.0017750072554159953,-0.008707454798198804,500,126
A_only,1000,2000,-1.2424369565759419,-0.02338563685393675,-1.2190513197220052,25,127
hybrid,1000,2000,-0.5062763018812444,-0.02338563685393675,-0.48289066502730765,25,127
B_only,1000,2000,-4.461244954428499e-06,-0.02338563685393675,0.02338117560898232,25,127
A_only,1000,5000,-0.6134690292152156,-0.0006760970636952127,-0.6127929321515204,25,127
hybrid,1000,5000,-0.3400775446864825,-0.0006760970636952127,-0.3394014476227873,25,127
B_only,1000,5000,-0.2961616392211916,-0.0006760970636952127,-0.2954855421574964,25,127
A_only,1000,10000,-1.029195701315081,-0.0006760970636952127,-1.0285196042513858,25,127
hybrid,1000,10000,-0.9702351800370256,-0.0006760970636952127,-0.9695590829733304,25,127
B_only,1000,10000,-0.6444483853237832,-0.0006760970636952127,-0.643772288260088,25,127
A_only,1000,2000,-0.509713124080323,-0.0017750072554159953,-0.507938116824907,50,127
hybrid,1000,2000,-0.21977676432013743,-0.0017750072554159953,-0.21800175706472144,50,127
B_only,1000,2000,-0.035189952042044705,-0.0017750072554159953,-0.03341494478662871,50,127
A_only,1000,5000,-0.6989341039532743,-0.0014035296225299897,-0.6975305743307443,50,127
hybrid,1000,5000,-0.5219412343504615,-0.0014035296225299897,-0.5205377047279315,50,127
B_only,1000,5000,-0.09605740568034954,-0.0014035296225299897,-0.09465387605781955,50,127
A_only,1000,10000,-0.5552648895879092,-0.0006760970636952127,-0.554588792524214,50,127
hybrid,1000,10000,-0.160585974989382,-0.0006760970636952127,-0.1599098779256868,50,127
B_only,1000,10000,-0.00022335746400622747,-0.0006760970636952127,0.00045273959968898523,50,127
A_only,1000,2000,-0.6576311243600023,-0.0028182160594265654,-0.6548129083005757,100,127
hybrid,1000,2000,-0.13492300456761172,-0.0028182160594265654,-0.13210478850818516,100,127
B_only,1000,2000,-0.0012113221902552086,-0.0028182160594265654,0.0016068938691713567,100,127
A_only,1000,5000,-0.8703201626312703,-0.0006760970636952127,-0.8696440655675751,100,127
hybrid,1000,5000,-0.32620873229495856,-0.0006760970636952127,-0.32553263523126336,100,127
B_only,1000,5000,-0.08380477094155456,-0.0006760970636952127,-0.08312867387785934,100,127
A_only,1000,10000,-0.1591416992379132,-0.0006760970636952127,-0.15846560217421798,100,127
hybrid,1000,10000,-0.03699604231729107,-0.0006760970636952127,-0.03631994525359586,100,127
B_only,1000,10000,-0.06039143454504092,-0.0006760970636952127,-0.059715337481345714,100,127
A_only,1000,2000,-1.3192248789368948,-0.01849454206597494,-1.3007303368709198,200,127
hybrid,1000,2000,-0.6751463331824223,-0.01849454206597494,-0.6566517911164474,200,127
B_only,1000,2000,-0.12994638704207243,-0.01849454206597494,-0.11145184497609749,200,127
A_only,1000,5000,-0.9857909572967604,-0.0028182160594265654,-0.9829727412373338,200,127
hybrid,1000,5000,-0.5930329507628479,-0.0028182160594265654,-0.5902147347034213,200,127
B_only,1000,5000,-0.6532354753760532,-0.0028182160594265654,-0.6504172593166266,200,127
A_only,1000,10000,-0.68446082989067,-0.0006760970636952127,-0.6837847328269748,200,127
hybrid,1000,10000,-0.34104496539287205,-0.0006760970636952127,-0.34036886832917684,200,127
B_only,1000,10000,-0.003612507515509645,-0.0006760970636952127,-0.002936410451814432,200,127
A_only,1000,2000,-1.0326548182889288,-0.02744009198228548,-1.0052147263066433,500,127
hybrid,1000,2000,-0.30868348037223203,-0.02744009198228548,-0.28124338838994656,500,127
B_only,1000,2000,-0.04475193564026245,-0.02744009198228548,-0.01731184365797697,500,127
A_only,1000,5000,-0.31098008349513695,-0.0006760970636952127,-0.31030398643144175,500,127
hybrid,1000,5000,-0.07683486425941599,-0.0006760970636952127,-0.07615876719572078,500,127
B_only,1000,5000,-0.027463595486525466,-0.0006760970636952127,-0.026787498422830253,500,127
A_only,1000,10000,-0.5269031426920835,-0.0014035296225299897,-0.5254996130695535,500,127
hybrid,1000,10000,-0.16545891497062795,-0.0014035296225299897,-0.16405538534809797,500,127
B_only,1000,10000,-0.015516440988709685,-0.0014035296225299897,-0.014112911366179695,500,127
A_only,1000,2000,-1.5133424281495202,-0.19218432743081085,-1.3211581007187094,25,128
hybrid,1000,2000,-1.075344119714162,-0.19218432743081085,-0.8831597922833512,25,128
B_only,1000,2000,-0.03609643556145034,-0.19218432743081085,0.1560878918693605,25,128
A_only,1000,5000,-0.7694243645127264,-0.0006760970636952127,-0.7687482674490312,25,128
hybrid,1000,5000,-0.4765244998741551,-0.0006760970636952127,-0.4758484028104599,25,128
B_only,1000,5000,-0.1402918025318243,-0.0006760970636952127,-0.1396157054681291,25,128
A_only,1000,10000,-0.6840432951769679,-0.0006760970636952127,-0.6833671981132727,25,128
hybrid,1000,10000,-0.388963929145283,-0.0006760970636952127,-0.3882878320815878,25,128
B_only,1000,10000,-0.03411126171547741,-0.0006760970636952127,-0.0334351646517822,25,128
A_only,1000,2000,-0.815531389813989,-0.0028182160594265654,-0.8127131737545624,50,128
hybrid,1000,2000,-0.24357649382870356,-0.0028182160594265654,-0.240758277769277,50,128
B_only,1000,2000,-0.006505669524685386,-0.0028182160594265654,-0.0036874534652588204,50,128
A_only,1000,5000,-0.6094304462291624,-0.0033159803963591777,-0.6061144658328033,50,128
hybrid,1000,5000,-0.25396179240898875,-0.0033159803963591777,-0.2506458120126296,50,128
B_only,1000,5000,-0.004851513183088897,-0.0033159803963591777,-0.0015355327867297196,50,128
A_only,1000,10000,-0.04846107007132657,-0.0014035296225299897,-0.047057540448796585,50,128
hybrid,1000,10000,-0.010142679838931683,-0.0014035296225299897,-0.008739150216401693,50,128
B_only,1000,10000,-0.6789920576155634,-0.0014035296225299897,-0.6775885279930334,50,128
A_only,1000,2000,-1.180137450337234,-0.016530923319274207,-1.1636065270179596,100,128
hybrid,1000,2000,-0.2833965460817018,-0.016530923319274207,-0.2668656227624276,100,128
B_only,1000,2000,-0.0007526198567638205,-0.016530923319274207,0.015778303462510388,100,128
A_only,1000,5000,-0.6284532004670539,-0.016530923319274207,-0.6119222771477797,100,128
hybrid,1000,5000,-0.32592944284893827,-0.016530923319274207,-0.3093985195296641,100,128
B_only,1000,5000,-0.29736110866788334,-0.016530923319274207,-0.28083018534860915,100,128
A_only,1000,10000,-1.1321050928728382,-0.0028182160594265654,-1.1292868768134117,100,128
hybrid,1000,10000,-0.8651255060216492,-0.0028182160594265654,-0.8623072899622226,100,128
B_only,1000,10000,-0.020435106361211625,-0.0028182160594265654,-0.01761689030178506,100,128
A_only,1000,2000,-0.09629720883562103,-0.016530923319274207,-0.07976628551634682,200,128
hybrid,1000,2000,-0.0102913158809835,-0.016530923319274207,0.006239607438290707,200,128
B_only,1000,2000,-0.43923923099112233,-0.016530923319274207,-0.42270830767184814,200,128
A_only,1000,5000,-0.3043506268802345,-0.0017750072554159953,-0.3025756196248185,200,128
hybrid,1000,5000,-0.10480442139122081,-0.0017750072554159953,-0.10302941413580483,200,128
B_only,1000,5000,-0.1466201782978309,-0.0017750072554159953,-0.1448451710424149,200,128
A_only,1000,10000,-0.04824271762542651,-0.0006760970636952127,-0.0475666205617313,200,128
hybrid,1000,10000,-0.012650480128750254,-0.0006760970636952127,-0.011974383065055041,200,128
B_only,1000,10000,-0.014894063327505896,-0.0006760970636952127,-0.014217966263810684,200,128
A_only,1000,2000,-0.5065524510570012,-0.10583604024616299,-0.4007164108108382,500,128
hybrid,1000,2000,-0.15098029165460983,-0.10583604024616299,-0.04514425140844684,500,128
B_only,1000,2000,-0.1281794327776802,-0.10583604024616299,-0.022343392531517223,500,128
A_only,1000,5000,-0.7252305681825152,-0.016530923319274207,-0.708699644863241,500,128
hybrid,1000,5000,-0.10326774859518535,-0.016530923319274207,-0.08673682527591114,500,128
B_only,1000,5000,-0.0008518524726744706,-0.016530923319274207,0.015679070846599738,500,128
A_only,1000,10000,-1.2702215254661438,-0.0006760970636952127,-1.2695454284024486,500,128
hybrid,1000,10000,-0.38642501257826706,-0.0006760970636952127,-0.38574891551457186,500,128
B_only,1000,10000,-3.411999066387961e-05,-0.0006760970636952127,0.0006419770730313331,500,128
A_only,1000,2000,-0.8351099070732733,-0.09615520256525803,-0.7389547045080153,25,129
hybrid,1000,2000,-0.8052234189527161,-0.09615520256525803,-0.7090682163874581,25,129
B_only,1000,2000,-0.209289191027774,-0.09615520256525803,-0.11313398846251596,25,129
A_only,1000,5000,-0.8763065863881146,-0.0033159803963591777,-0.8729906059917555,25,129
hybrid,1000,5000,-0.37084467508047303,-0.0033159803963591777,-0.36752869468411387,25,129
B_only,1000,5000,-0.00176066071237215,-0.0033159803963591777,0.0015553196839870277,25,129
A_only,1000,10000,-0.07011047753597692,-0.0033159803963591777,-0.06679449713961774,25,129
hybrid,1000,10000,-0.0090632776947366,-0.0033159803963591777,-0.005747297298377422,25,129
B_only,1000,10000,-0.04979392222653659,-0.0033159803963591777,-0.046477941830177415,25,129
A_only,1000,2000,-1.2998977482443521,-0.048388414022939155,-1.251509334221413,50,129
hybrid,1000,2000,-0.8262031535308625,-0.048388414022939155,-0.7778147395079233,50,129
B_only,1000,2000,-0.3109033779217312,-0.048388414022939155,-0.2625149638987921,50,129
A_only,1000,5000,-0.5752755318128362,-0.0017750072554159953,-0.5735005245574202,50,129
hybrid,1000,5000,-0.24695987484769222,-0.0017750072554159953,-0.24518486759227623,50,129
B_only,1000,5000,-0.0010814229181593574,-0.0017750072554159953,0.0006935843372566379,50,129
A_only,1000,10000,-0.28370322474165494,-0.0006760970636952127,-0.28302712767795973,50,129
hybrid,1000,10000,-0.1609361594469966,-0.0006760970636952127,-0.1602600623833014,50,129
B_only,1000,10000,-0.2769569427124627,-0.0006760970636952127,-0.2762808456487675,50,129
A_only,1000,2000,-1.6688764500759792,-0.021107166088018964,-1.6477692839879603,100,129
hybrid,1000,2000,-0.99120615179989,-0.021107166088018964,-0.970098985711871,100,129
B_only,1000,2000,-0.00885682485833373,-0.021107166088018964,0.012250341229685234,100,129
A_only,1000,5000,-1.0133895346104111,-0.0017750072554159953,-1.0116145273549952,100,129
hybrid,1000,5000,-0.5175060669967168,-0.0017750072554159953,-0.5157310597413007,100,129
B_only,1000,5000,-0.014256743805344514,-0.0017750072554159953,-0.012481736549928518,100,129
A_only,1000,10000,-0.35265713516366165,-0.0006760970636952127,-0.35198103809996645,100,129
hybrid,1000,10000,-0.160753184011708,-0.0006760970636952127,-0.1600770869480128,100,129
B_only,1000,10000,-0.14410944916819504,-0.0006760970636952127,-0.14343335210449984,100,129
A_only,1000,2000,-1.0587036934734726,-0.10943260677201108,-0.9492710867014615,200,129
hybrid,1000,2000,-0.40282278314475023,-0.10943260677201108,-0.2933901763727391,200,129
B_only,1000,2000,-0.09056730380302534,-0.10943260677201108,0.01886530296898574,200,129
A_only,1000,5000,-0.7015783602968151,-0.0017750072554159953,-0.6998033530413991,200,129
hybrid,1000,5000,-0.23605888269974842,-0.0017750072554159953,-0.23428387544433243,200,129
B_only,1000,5000,-0.04596611174678965,-0.0017750072554159953,-0.04419110449137365,200,129
A_only,1000,10000,-0.7955395910432002,-0.0014035296225299897,-0.7941360614206702,200,129
hybrid,1000,10000,-0.15149848161398832,-0.0014035296225299897,-0.15009495199145834,200,129
B_only,1000,10000,-3.456500045583225e-06,-0.0014035296225299897,0.0014000731224844065,200,129
A_only,1000,2000,-0.6616811318846811,-0.0017750072554159953,-0.6599061246292651,500,129
hybrid,1000,2000,-0.20691139331707706,-0.0017750072554159953,-0.20513638606166107,500,129
B_only,1000,2000,-0.0011232438171727471,-0.0017750072554159953,0.0006517634382432482,500,129
A_only,1000,5000,-0.6126117663991888,-0.0017750072554159953,-0.6108367591437728,500,129
hybrid,1000,5000,-0.1441652599459842,-0.0017750072554159953,-0.1423902526905682,500,129
B_only,1000,5000,-0.00425725116493529,-0.0017750072554159953,-0.0024822439095192952,500,129
A_only,1000,10000,-0.5023009411599338,-0.0006760970636952127,-0.5016248440962386,500,129
hybrid,1000,10000,-0.12688941440361734,-0.0006760970636952127,-0.12621331733992214,500,129
B_only,1000,10000,-0.04072501815064961,-0.0006760970636952127,-0.0400489210869544,500,129
A_only,1000,2000,-0.5941894860975198,-0.0014035296225299897,-0.5927859564749898,25,130
hybrid,1000,2000,-0.19776870576629518,-0.0014035296225299897,-0.1963651761437652,25,130
B_only,1000,2000,-0.3208853018523326,-0.0014035296225299897,-0.3194817722298026,25,130
A_only,1000,5000,-0.5784253304335273,-0.0006760970636952127,-0.5777492333698321,25,130
hybrid,1000,5000,-0.0996750053353587,-0.0006760970636952127,-0.09899890827166348,25,130
B_only,1000,5000,-0.006843698882368543,-0.0006760970636952127,-0.0061676018186733305,25,130
A_only,1000,10000,-0.3524417994959266,-0.0017750072554159953,-0.35066679224051056,25,130
hybrid,1000,10000,-0.18931186430228772,-0.0017750072554159953,-0.18753685704687173,25,130
B_only,1000,10000,-3.8162708426424034e-05,-0.0017750072554159953,0.0017368445469895712,25,130
A_only,1000,2000,-0.8674321071393764,-0.06976201878446649,-0.7976700883549098,50,130
hybrid,1000,2000,-0.2372289901178346,-0.06976201878446649,-0.16746697133336813,50,130
B_only,1000,2000,-0.02041980445250991,-0.06976201878446649,0.049342214331956576,50,130
A_only,1000,5000,-0.7551663736152128,-0.0017750072554159953,-0.7533913663597968,50,130
hybrid,1000,5000,-0.44665259943051794,-0.0017750072554159953,-0.4448775921751019,50,130
B_only,1000,5000,-0.018605485178011957,-0.0017750072554159953,-0.01683047792259596,50,130
A_only,1000,10000,-1.0118292240416522,-0.0014035296225299897,-1.0104256944191221,50,130
hybrid,1000,10000,-1.1071476367780044,-0.0014035296225299897,-1.1057441071554743,50,130
B_only,1000,10000,-0.3934706934530981,-0.0014035296225299897,-0.3920671638305681,50,130
A_only,1000,2000,-1.3493541761795351,-0.01849454206597494,-1.3308596341135601,100,130
hybrid,1000,2000,-1.247549465629694,-0.01849454206597494,-1.229054923563719,100,130
B_only,1000,2000,-0.7251618820170452,-0.01849454206597494,-0.7066673399510703,100,130
A_only,1000,5000,-0.5666761410537915,-0.0006760970636952127,-0.5660000439900963,100,130
hybrid,1000,5000,-0.20307882624321272,-0.0006760970636952127,-0.20240272917951752,100,130
B_only,1000,5000,-0.0005291955906452755,-0.0006760970636952127,0.00014690147304993718,100,130
A_only,1000,10000,-1.1957686291013705,-0.0006760970636952127,-1.1950925320376753,100,130
hybrid,1000,10000,-0.7922025252228865,-0.0006760970636952127,-0.7915264281591913,100,130
B_only,1000,10000,-0.004127508917426392,-0.0006760970636952127,-0.003451411853731179,100,130
A_only,1000,2000,-1.5421645823126278,-0.016530923319274207,-1.5256336589933535,200,130
hybrid,1000,2000,-0.6754043650376708,-0.016530923319274207,-0.6588734417183966,200,130
B_only,1000,2000,-0.13395654298535653,-0.016530923319274207,-0.11742561966608232,200,130
A_only,1000,5000,-1.1786065232638223,-0.03431007729625027,-1.144296445967572,200,130
hybrid,1000,5000,-0.19125530869158813,-0.03431007729625027,-0.15694523139533786,200,130
B_only,1000,5000,-2.0143419956928092e-05,-0.03431007729625027,0.03428993387629334,200,130
A_only,1000,10000,-0.35646028412890174,-0.0006760970636952127,-0.35578418706520654,200,130
hybrid,1000,10000,-0.21891363325212032,-0.0006760970636952127,-0.21823753618842512,200,130
B_only,1000,10000,-0.28712602053981034,-0.0006760970636952127,-0.28644992347611514,200,130
A_only,1000,2000,-1.1970029591795948,-0.0033159803963591777,-1.1936869787832356,500,130
hybrid,1000,2000,-0.3393779298113741,-0.0033159803963591777,-0.33606194941501494,500,130
B_only,1000,2000,-0.06186905142837234,-0.0033159803963591777,-0.05855307103201316,500,130
A_only,1000,5000,-0.44165989944213024,-0.0028182160594265654,-0.4388416833827037,500,130
hybrid,1000,5000,-0.11946907339853184,-0.0028182160594265654,-0.11665085733910528,500,130
B_only,1000,5000,-0.017169787219589547,-0.0028182160594265654,-0.01435157116016298,500,130
A_only,1000,10000,-0.2512080794156101,-0.0014035296225299897,-0.2498045497930801,500,130
hybrid,1000,10000,-0.041203627146288405,-0.0014035296225299897,-0.03980009752375842,500,130
B_only,1000,10000,-0.0051984167329631615,-0.0014035296225299897,-0.0037948871104331715,500,130
A_only,1000,2000,-0.833337159918778,-0.04442382739503962,-0.7889133325237384,25,131
hybrid,1000,2000,-0.5331876335891627,-0.04442382739503962,-0.488763806194123,25,131
B_only,1000,2000,-1.0466893614040444,-0.04442382739503962,-1.0022655340090048,25,131
A_only,1000,5000,-0.7219941493942543,-0.016652717978201063,-0.7053414314160532,25,131
hybrid,1000,5000,-0.13336560280369159,-0.016652717978201063,-0.11671288482549053,25,131
B_only,1000,5000,-4.077757289487797e-11,-0.016652717978201063,0.01665271793742349,25,131
A_only,1000,10000,-0.84879027056486,-0.0006760970636952127,-0.8481141735011648,25,131
hybrid,1000,10000,-0.6880022135687757,-0.0006760970636952127,-0.6873261165050805,25,131
B_only,1000,10000,-0.1915107712440878,-0.0006760970636952127,-0.1908346741803926,25,131
A_only,1000,2000,-0.16040675344378086,-0.048388414022939155,-0.1120183394208417,50,131
hybrid,1000,2000,-0.01205909993633307,-0.048388414022939155,0.036329314086606085,50,131
B_only,1000,2000,-0.002240903088264688,-0.048388414022939155,0.046147510934674466,50,131
A_only,1000,5000,-1.0063016927668347,-0.02744009198228548,-0.9788616007845492,50,131
hybrid,1000,5000,-0.3087324762186888,-0.02744009198228548,-0.28129238423640335,50,131
B_only,1000,5000,-9.835493033176525e-05,-0.02744009198228548,0.027341737051953714,50,131
A_only,1000,10000,-0.7483483725125843,-0.0006760970636952127,-0.7476722754488891,50,131
hybrid,1000,10000,-0.38789487339397083,-0.0006760970636952127,-0.3872187763302756,50,131
B_only,1000,10000,-0.058433751756662086,-0.0006760970636952127,-0.05775765469296688,50,131
A_only,1000,2000,-1.0503692153821094,-0.03431007729625027,-1.016059138085859,100,131
hybrid,1000,2000,-0.4542566084885037,-0.03431007729625027,-0.41994653119225345,100,131
B_only,1000,2000,-0.0011273917954166077,-0.03431007729625027,0.03318268550083366,100,131
A_only,1000,5000,-0.29752350820146384,-0.03431007729625027,-0.26321343090521354,100,131
hybrid,1000,5000,-0.1773449315237062,-0.03431007729625027,-0.14303485422745593,100,131
B_only,1000,5000,-0.3127427981818581,-0.03431007729625027,-0.2784327208856078,100,131
A_only,1000,10000,-0.9965939094674909,-0.0006760970636952127,-0.9959178124037957,100,131
hybrid,1000,10000,-0.6465033950253833,-0.0006760970636952127,-0.6458272979616881,100,131
B_only,1000,10000,-0.063874791259723,-0.0006760970636952127,-0.06319869419602778,100,131
A_only,1000,2000,-0.9613778482320409,-0.0017750072554159953,-0.9596028409766248,200,131
hybrid,1000,2000,-0.7281923527472148,-0.0017750072554159953,-0.7264173454917988,200,131
B_only,1000,2000,-0.41071175532537973,-0.0017750072554159953,-0.4089367480699637,200,131
A_only,1000,5000,-0.04948064576938701,-0.0028182160594265654,-0.04666242970996044,200,131
hybrid,1000,5000,-0.011260685291917054,-0.0028182160594265654,-0.00844246923249049,200,131
B_only,1000,5000,-0.26433537961529063,-0.0028182160594265654,-0.2615171635558641,200,131
A_only,1000,10000,-1.1575602275316241,-0.016530923319274207,-1.1410293042123498,200,131
hybrid,1000,10000,-0.3594830689613697,-0.016530923319274207,-0.34295214564209553,200,131
B_only,1000,10000,-0.00272036618960854,-0.016530923319274207,0.013810557129665668,200,131
A_only,1000,2000,-0.49392814392912354,-0.02338563685393675,-0.4705425070751868,500,131
hybrid,1000,2000,-0.08751856983455508,-0.02338563685393675,-0.06413293298061834,500,131
B_only,1000,2000,-0.07395490193413509,-0.02338563685393675,-0.05056926508019834,500,131
A_only,1000,5000,-1.2412992428883012,-0.016530923319274207,-1.2247683195690269,500,131
hybrid,1000,5000,-0.2752672790896558,-0.016530923319274207,-0.2587363557703816,500,131
B_only,1000,5000,-0.001252995722376002,-0.016530923319274207,0.015277927596898205,500,131
A_only,1000,10000,-0.34540344113282884,-0.0006760970636952127,-0.34472734406913363,500,131
hybrid,1000,10000,-0.08369094195966156,-0.0006760970636952127,-0.08301484489596635,500,131
B_only,1000,10000,-0.00866019700996734,-0.0006760970636952127,-0.007984099946272126,500,131
A_only,1000,2000,-1.531120180955461,-0.02555970165368331,-1.5055604793017778,25,132
hybrid,1000,2000,-0.963354887086836,-0.02555970165368331,-0.9377951854331528,25,132
B_only,1000,2000,-0.05931968650479995,-0.02555970165368331,-0.03375998485111664,25,132
A_only,1000,5000,-0.5776063164524518,-0.016652717978201063,-0.5609535984742506,25,132
hybrid,1000,5000,-0.18778431805021212,-0.016652717978201063,-0.17113160007201106,25,132
B_only,1000,5000,-0.007938773221302356,-0.016652717978201063,0.008713944756898706,25,132
A_only,1000,10000,-0.1742637562621084,-0.0006760970636952127,-0.1735876591984132,25,132
hybrid,1000,10000,-0.05482793825748448,-0.0006760970636952127,-0.05415184119378927,25,132
B_only,1000,10000,-0.5127928174671765,-0.0006760970636952127,-0.5121167204034813,25,132
A_only,1000,2000,-0.15962167480787431,-0.02555970165368331,-0.134061973154191,50,132
hybrid,1000,2000,-0.003200801494982665,-0.02555970165368331,0.022358900158700644,50,132
B_only,1000,2000,-1.300452093335353e-10,-0.02555970165368331,0.0255597015236381,50,132
A_only,1000,5000,-0.5465951874881828,-0.0006760970636952127,-0.5459190904244876,50,132
hybrid,1000,5000,-0.19327813472506847,-0.0006760970636952127,-0.19260203766137327,50,132
B_only,1000,5000,-0.0010048301605485935,-0.0006760970636952127,-0.0003287330968533808,50,132
A_only,1000,10000,-0.3930205198665638,-0.0017750072554159953,-0.39124551261114776,50,132
hybrid,1000,10000,-0.2612091473458991,-0.0017750072554159953,-0.2594341400904831,50,132
B_only,1000,10000,-0.3940454577288929,-0.0017750072554159953,-0.39227045047347686,50,132
A_only,1000,2000,-0.6147124803647973,-0.0006760970636952127,-0.6140363833011021,100,132
hybrid,1000,2000,-0.2290195213793531,-0.0006760970636952127,-0.2283434243156579,100,132
B_only,1000,2000,-0.15063246990690318,-0.0006760970636952127,-0.14995637284320798,100,132
A_only,1000,5000,-0.5154686966794668,-0.0006760970636952127,-0.5147925996157716,100,132
hybrid,1000,5000,-0.15129380334248535,-0.0006760970636952127,-0.15061770627879015,100,132
B_only,1000,5000,-0.019885248954207537,-0.0006760970636952127,-0.019209151890512324,100,132
A_only,1000,10000,-0.3409089275824656,-0.0017750072554159953,-0.3391339203270496,100,132
hybrid,1000,10000,-0.10291503049894364,-0.0017750072554159953,-0.10114002324352765,100,132
B_only,1000,10000,-6.4131539178331055e-06,-0.0017750072554159953,0.0017685941014981622,100,132
A_only,1000,2000,-0.1719099499299332,-0.0033159803963591777,-0.16859396953357403,200,132
hybrid,1000,2000,-0.027107909259900764,-0.0033159803963591777,-0.023791928863541586,200,132
B_only,1000,2000,-6.206257253622163e-05,-0.0033159803963591777,0.0032539178238229563,200,132
A_only,1000,5000,-0.7830853087082511,-0.0028182160594265654,-0.7802670926488245,200,132
hybrid,1000,5000,-0.28249537451280143,-0.0028182160594265654,-0.2796771584533749,200,132
B_only,1000,5000,-0.050692724261264775,-0.0028182160594265654,-0.04787450820183821,200,132
A_only,1000,10000,-0.7790565839870938,-0.021107166088018964,-0.7579494178990748,200,132
hybrid,1000,10000,-0.2701313436407535,-0.021107166088018964,-0.2490241775527345,200,132
B_only,1000,10000,-0.01011137205550669,-0.021107166088018964,0.010995794032512274,200,132
A_only,1000,2000,-0.6361802363012393,-0.0014035296225299897,-0.6347767066787093,500,132
hybrid,1000,2000,-0.19676013080150848,-0.0014035296225299897,-0.1953566011789785,500,132
B_only,1000,2000,-0.0985050236176877,-0.0014035296225299897,-0.09710149399515772,500,132
A_only,1000,5000,-1.099213510579529,-0.021107166088018964,-1.0781063444915102,500,132
hybrid,1000,5000,-0.2220987450936875,-0.021107166088018964,-0.20099157900566852,500,132
B_only,1000,5000,-0.014880544475784158,-0.021107166088018964,0.006226621612234806,500,132
A_only,1000,10000,-0.3829921215564075,-0.0006760970636952127,-0.3823160244927123,500,132
hybrid,1000,10000,-0.06782241570835079,-0.0006760970636952127,-0.06714631864465558,500,132
B_only,1000,10000,-0.0001366435369924999,-0.0006760970636952127,0.0005394535267027128,500,132
A_only,1000,2000,-0.5040601769758798,-0.0033159803963591777,-0.5007441965795206,25,133
hybrid,1000,2000,-0.11538190163178075,-0.0033159803963591777,-0.11206592123542157,25,133
B_only,1000,2000,-1.1329490698886802,-0.0033159803963591777,-1.129633089492321,25,133
A_only,1000,5000,-0.9404913001566484,-0.0014035296225299897,-0.9390877705341184,25,133
hybrid,1000,5000,-0.8879153557308136,-0.0014035296225299897,-0.8865118261082836,25,133
B_only,1000,5000,-0.037842841508893534,-0.0014035296225299897,-0.03643931188636355,25,133
A_only,1000,10000,-0.7185156876046807,-0.0006760970636952127,-0.7178395905409855,25,133
hybrid,1000,10000,-0.43492295590998,-0.0006760970636952127,-0.4342468588462848,25,133
B_only,1000,10000,-0.2561507217844538,-0.0006760970636952127,-0.2554746247207586,25,133
A_only,1000,2000,-0.7235739943012663,-0.0014035296225299897,-0.7221704646787364,50,133
hybrid,1000,2000,-0.3852077321879484,-0.0014035296225299897,-0.3838042025654184,50,133
B_only,1000,2000,-0.10911747285471655,-0.0014035296225299897,-0.10771394323218657,50,133
A_only,1000,5000,-0.9898796009138224,-0.0006760970636952127,-0.9892035038501272,50,133
hybrid,1000,5000,-0.7056637195863223,-0.0006760970636952127,-0.7049876225226271,50,133
B_only,1000,5000,-1.5737603485050429,-0.0006760970636952127,-1.5730842514413477,50,133
A_only,1000,10000,-0.3796041190633599,-0.0028182160594265654,-0.37678590300393333,50,133
hybrid,1000,10000,-0.0964076677201549,-0.0028182160594265654,-0.09358945166072834,50,133
B_only,1000,10000,-0.0019100121649010284,-0.0028182160594265654,0.000908203894525537,50,133
A_only,1000,2000,-1.2039796564729766,-0.0028182160594265654,-1.20116144041355,100,133
hybrid,1000,2000,-0.15381315370300225,-0.0028182160594265654,-0.1509949376435757,100,133
B_only,1000,2000,-3.2250952840335437e-07,-0.0028182160594265654,0.002817893549898162,100,133
A_only,1000,5000,-0.7281598920056764,-0.01849454206597494,-0.7096653499397015,100,133
hybrid,1000,5000,-0.5505322683183952,-0.01849454206597494,-0.5320377262524203,100,133
B_only,1000,5000,-0.12375363405478605,-0.01849454206597494,-0.10525909198881112,100,133
A_only,1000,10000,-0.22561938826314376,-0.0014035296225299897,-0.22421585864061377,100,133
hybrid,1000,10000,-0.07503190294635627,-0.0014035296225299897,-0.07362837332382628,100,133
B_only,1000,10000,-0.08993876683846919,-0.0014035296225299897,-0.0885352372159392,100,133
A_only,1000,2000,-0.7146859794604729,-0.02744009198228548,-0.6872458874781874,200,133
hybrid,1000,2000,-0.2922006823302615,-0.02744009198228548,-0.264760590347976,200,133
B_only,1000,2000,-0.06478998596999982,-0.02744009198228548,-0.03734989398771435,200,133
A_only,1000,5000,-0.7012717243333613,-0.0028182160594265654,-0.6984535082739347,200,133
hybrid,1000,5000,-0.2646820254985551,-0.0028182160594265654,-0.2618638094391285,200,133
B_only,1000,5000,-0.06868004965399636,-0.0028182160594265654,-0.0658618335945698,200,133
A_only,1000,10000,-0.8205457295715849,-0.0006760970636952127,-0.8198696325078897,200,133
hybrid,1000,10000,-0.22117106219234264,-0.0006760970636952127,-0.22049496512864744,200,133
B_only,1000,10000,-3.673518210667627e-08,-0.0006760970636952127,0.0006760603285131061,200,133
A_only,1000,2000,-0.17139753934082397,-0.0014035296225299897,-0.16999400971829398,500,133
hybrid,1000,2000,-0.017485877076152838,-0.0014035296225299897,-0.016082347453622848,500,133
B_only,1000,2000,-0.022422895692774607,-0.0014035296225299897,-0.021019366070244617,500,133
A_only,1000,5000,-0.9717126677369416,-0.0028182160594265654,-0.9688944516775151,500,133
hybrid,1000,5000,-0.18032101587384675,-0.0028182160594265654,-0.1775027998144202,500,133
B_only,1000,5000,-0.000454540071813251,-0.0028182160594265654,0.0023636759876133145,500,133
A_only,1000,10000,-0.4584306988424298,-0.0006760970636952127,-0.4577546017787346,500,133
hybrid,1000,10000,-0.10303112938998686,-0.0006760970636952127,-0.10235503232629165,500,133
B_only,1000,10000,-0.029929946337861762,-0.0006760970636952127,-0.02925384927416655,500,133
A_only,1000,2000,-1.4489920913315362,-0.0017750072554159953,-1.4472170840761203,25,134
hybrid,1000,2000,-1.4502684385720603,-0.0017750072554159953,-1.4484934313166444,25,134
B_only,1000,2000,-0.5708551356271022,-0.0017750072554159953,-0.5690801283716862,25,134
A_only,1000,5000,-0.39992805638376644,-0.0014035296225299897,-0.39852452676123645,25,134
hybrid,1000,5000,-0.2732056238909533,-0.0014035296225299897,-0.27180209426842333,25,134
B_only,1000,5000,-0.3828009213559327,-0.0014035296225299897,-0.3813973917334027,25,134
A_only,1000,10000,-1.0827902486914072,-0.0006760970636952127,-1.082114151627712,25,134
hybrid,1000,10000,-0.82238431971067,-0.0006760970636952127,-0.8217082226469749,25,134
B_only,1000,10000,-0.04116917946189402,-0.0006760970636952127,-0.040493082398198814,25,134
A_only,1000,2000,-1.2235981900199113,-0.044229416304240946,-1.1793687737156704,50,134
hybrid,1000,2000,-0.7018433747249858,-0.044229416304240946,-0.6576139584207449,50,134
B_only,1000,2000,-0.4930119227520956,-0.044229416304240946,-0.44878250644785467,50,134
A_only,1000,5000,-0.3023650554524049,-0.021107166088018964,-0.2812578893643859,50,134
hybrid,1000,5000,-0.13944589289590886,-0.021107166088018964,-0.1183387268078899,50,134
B_only,1000,5000,-0.11128863846470413,-0.021107166088018964,-0.09018147237668517,50,134
A_only,1000,10000,-0.4733409777011766,-0.0033159803963591777,-0.47002499730481745,50,134
hybrid,1000,10000,-0.13602339491716026,-0.0033159803963591777,-0.1327074145208011,50,134
B_only,1000,10000,-0.004403835871535939,-0.0033159803963591777,-0.0010878554751767612,50,134
A_only,1000,2000,-1.024731411583004,-0.10943260677201108,-0.9152988048109929,100,134
hybrid,1000,2000,-0.4727783419467113,-0.10943260677201108,-0.36334573517470026,100,134
B_only,1000,2000,-0.04908861666901197,-0.10943260677201108,0.06034399010299911,100,134
A_only,1000,5000,-0.6119481024759426,-0.0017750072554159953,-0.6101730952205265,100,134
hybrid,1000,5000,-0.2313312802585938,-0.0017750072554159953,-0.22955627300317782,100,134
B_only,1000,5000,-0.009026288387532415,-0.0017750072554159953,-0.007251281132116419,100,134
A_only,1000,10000,-1.1673325592314334,-0.0006760970636952127,-1.1666564621677382,100,134
hybrid,1000,10000,-1.0409761795877326,-0.0006760970636952127,-1.0403000825240374,100,134
B_only,1000,10000,-0.020712942672403072,-0.0006760970636952127,-0.02003684560870786,100,134
A_only,1000,2000,-0.9707020339413355,-0.0014035296225299897,-0.9692985043188055,200,134
hybrid,1000,2000,-0.3944441435599644,-0.0014035296225299897,-0.3930406139374344,200,134
B_only,1000,2000,-0.12854490202726282,-0.0014035296225299897,-0.12714137240473283,200,134
A_only,1000,5000,-0.22984816606611758,-0.0017750072554159953,-0.2280731588107016,200,134
hybrid,1000,5000,-0.039916295040185595,-0.0017750072554159953,-0.0381412877847696,200,134
B_only,1000,5000,-0.01419132388054693,-0.0017750072554159953,-0.012416316625130933,200,134
A_only,1000,10000,-0.12464442314818579,-0.0014035296225299897,-0.1232408935256558,200,134
hybrid,1000,10000,-0.023006620596022362,-0.0014035296225299897,-0.021603090973492372,200,134
B_only,1000,10000,-0.0057782633095305866,-0.0014035296225299897,-0.004374733687000597,200,134
A_only,1000,2000,-0.6579277789198141,-0.02555970165368331,-0.6323680772661309,500,134
hybrid,1000,2000,-0.06566839131883492,-0.02555970165368331,-0.04010868966515162,500,134
B_only,1000,2000,-5.113917701581392e-05,-0.02555970165368331,0.025508562476667496,500,134
A_only,1000,5000,-1.178195006949082,-0.021107166088018964,-1.1570878408610632,500,134
hybrid,1000,5000,-0.4221577286770044,-0.021107166088018964,-0.4010505625889854,500,134
B_only,1000,5000,-0.22399817964233412,-0.021107166088018964,-0.20289101355431516,500,134
A_only,1000,10000,-0.6928471398138811,-0.0006760970636952127,-0.6921710427501859,500,134
hybrid,1000,10000,-0.2564301515781781,-0.0006760970636952127,-0.2557540545144829,500,134
B_only,1000,10000,-0.06496908551082256,-0.0006760970636952127,-0.06429298844712734,500,134
A_only,1000,2000,-1.1941186280312228,-0.0006760970636952127,-1.1934425309675276,25,135
hybrid,1000,2000,-0.7031790428134679,-0.0006760970636952127,-0.7025029457497727,25,135
B_only,1000,2000,-0.01577268484465824,-0.0006760970636952127,-0.015096587780963028,25,135
A_only,1000,5000,-0.7876189472031453,-0.0033159803963591777,-0.7843029668067861,25,135
hybrid,1000,5000,-0.38781994685381893,-0.0033159803963591777,-0.38450396645745977,25,135
B_only,1000,5000,-0.3968134491720231,-0.0033159803963591777,-0.39349746877566394,25,135
A_only,1000,10000,-0.5202587227493837,-0.0014035296225299897,-0.5188551931268537,25,135
hybrid,1000,10000,-0.20269844296785156,-0.0014035296225299897,-0.20129491334532157,25,135
B_only,1000,10000,-0.0011218714674712357,-0.0014035296225299897,0.000281658155058754,25,135
A_only,1000,2000,-0.8192867981034853,-0.0033159803963591777,-0.8159708177071261,50,135
hybrid,1000,2000,-0.48517940585511704,-0.0033159803963591777,-0.4818634254587579,50,135
B_only,1000,2000,-0.8335495339604312,-0.0033159803963591777,-0.830233553564072,50,135
A_only,1000,5000,-1.060247610140715,-0.016530923319274207,-1.0437166868214407,50,135
hybrid,1000,5000,-0.5577611682889744,-0.016530923319274207,-0.5412302449697002,50,135
B_only,1000,5000,-0.026995013806605222,-0.016530923319274207,-0.010464090487331015,50,135
A_only,1000,10000,-0.5694253487650942,-0.0014035296225299897,-0.5680218191425642,50,135
hybrid,1000,10000,-0.28839266862353535,-0.0014035296225299897,-0.28698913900100537,50,135
B_only,1000,10000,-0.0035084914023673875,-0.0014035296225299897,-0.0021049617798373976,50,135
A_only,1000,2000,-1.3058053583855518,-0.01849454206597494,-1.2873108163195768,100,135
hybrid,1000,2000,-0.34919671156566445,-0.01849454206597494,-0.3307021694996895,100,135
B_only,1000,2000,-0.028685563420001968,-0.01849454206597494,-0.010191021354027028,100,135
A_only,1000,5000,-0.6462862725886582,-0.016530923319274207,-0.629755349269384,100,135
hybrid,1000,5000,-0.26442113857587496,-0.016530923319274207,-0.24789021525660077,100,135
B_only,1000,5000,-0.01792437398319228,-0.016530923319274207,-0.0013934506639180742,100,135
A_only,1000,10000,-0.4943057827778568,-0.0014035296225299897,-0.4929022531553268,100,135
hybrid,1000,10000,-0.2663681924318946,-0.0014035296225299897,-0.2649646628093646,100,135
B_only,1000,10000,-0.06935724383859654,-0.0014035296225299897,-0.06795371421606655,100,135
A_only,1000,2000,-0.5213339797544975,-0.0017750072554159953,-0.5195589724990815,200,135
hybrid,1000,2000,-0.24363292396901046,-0.0017750072554159953,-0.24185791671359447,200,135
B_only,1000,2000,-0.008786252573975752,-0.0017750072554159953,-0.007011245318559757,200,135
A_only,1000,5000,-0.6690249326105694,-0.0028182160594265654,-0.6662067165511428,200,135
hybrid,1000,5000,-0.1726562566337937,-0.0028182160594265654,-0.16983804057436713,200,135
B_only,1000,5000,-0.003353048863670241,-0.0028182160594265654,-0.0005348328042436758,200,135
A_only,1000,10000,-0.7055702986767491,-0.0014035296225299897,-0.7041667690542192,200,135
hybrid,1000,10000,-0.3237198235996844,-0.0014035296225299897,-0.3223162939771544,200,135
B_only,1000,10000,-0.0042686337360457426,-0.0014035296225299897,-0.0028651041135157526,200,135
A_only,1000,2000,-1.2303104644240892,-0.0033159803963591777,-1.22699448402773,500,135
hybrid,1000,2000,-0.2264836156871257,-0.0033159803963591777,-0.2231676352907665,500,135
B_only,1000,2000,-0.025075811615670067,-0.0033159803963591777,-0.02175983121931089,500,135
A_only,1000,5000,-0.9107800617756777,-0.0017750072554159953,-0.9090050545202617,500,135
hybrid,1000,5000,-0.17074417370081146,-0.0017750072554159953,-0.16896916644539547,500,135
B_only,1000,5000,-0.004096448305726578,-0.0017750072554159953,-0.0023214410503105826,500,135
A_only,1000,10000,-0.041961657440604684,-0.0017750072554159953,-0.04018665018518869,500,135
hybrid,1000,10000,-0.006340566793334742,-0.0017750072554159953,-0.004565559537918747,500,135
B_only,1000,10000,-0.005007571455974897,-0.0017750072554159953,-0.0032325642005589022,500,135
A_only,1000,2000,-1.3056984863044931,-0.021107166088018964,-1.2845913202164743,25,136
hybrid,1000,2000,-0.8522268737056748,-0.021107166088018964,-0.8311197076176559,25,136
B_only,1000,2000,-0.19990056492849206,-0.021107166088018964,-0.1787933988404731,25,136
A_only,1000,5000,-0.7560029840351895,-0.0028182160594265654,-0.753184767975763,25,136
hybrid,1000,5000,-0.2988741774494749,-0.0028182160594265654,-0.29605596139004836,25,136
B_only,1000,5000,-2.816455420610597e-09,-0.0028182160594265654,0.002818213242971145,25,136
A_only,1000,10000,-0.028842078599595315,-0.0006760970636952127,-0.0281659815359001,25,136
hybrid,1000,10000,-0.003919799058691419,-0.0006760970636952127,-0.003243701994996206,25,136
B_only,1000,10000,-2.2371131259215637,-0.0006760970636952127,-2.2364370288578685,25,136
A_only,1000,2000,-1.1559778565622123,-0.048388414022939155,-1.1075894425392732,50,136
hybrid,1000,2000,-0.6114004130811178,-0.048388414022939155,-0.5630119990581787,50,136
B_only,1000,2000,-0.3319170457654112,-0.048388414022939155,-0.28352863174247206,50,136
A_only,1000,5000,-0.1209502505633618,-0.01849454206597494,-0.10245570849738686,50,136
hybrid,1000,5000,-0.01606015408516266,-0.01849454206597494,0.0024343879808122817,50,136
B_only,1000,5000,-0.00021437966380762584,-0.01849454206597494,0.018280162402167316,50,136
A_only,1000,10000,-0.5195890571129036,-0.0006760970636952127,-0.5189129600492084,50,136
hybrid,1000,10000,-0.2606488687493715,-0.0006760970636952127,-0.2599727716856763,50,136
B_only,1000,10000,-0.12896147223150403,-0.0006760970636952127,-0.12828537516780883,50,136
A_only,1000,2000,-1.0822306230411685,-0.02555970165368331,-1.0566709213874852,100,136
hybrid,1000,2000,-0.3689658291260114,-0.02555970165368331,-0.34340612747232807,100,136
B_only,1000,2000,-0.0016995431372514532,-0.02555970165368331,0.023860158516431855,100,136
A_only,1000,5000,-0.6216206465002699,-0.021107166088018964,-0.6005134804122509,100,136
hybrid,1000,5000,-0.4375457875979145,-0.021107166088018964,-0.4164386215098955,100,136
B_only,1000,5000,-0.5262381341833337,-0.021107166088018964,-0.5051309680953147,100,136
A_only,1000,10000,-0.16494518175653572,-0.0014035296225299897,-0.16354165213400573,100,136
hybrid,1000,10000,-0.05718313461764833,-0.0014035296225299897,-0.055779604995118345,100,136
B_only,1000,10000,-0.23249125684823468,-0.0014035296225299897,-0.2310877272257047,100,136
A_only,1000,2000,-0.6527859253072854,-0.02744009198228548,-0.6253458333249999,200,136
hybrid,1000,2000,-0.19242723483127672,-0.02744009198228548,-0.16498714284899124,200,136
B_only,1000,2000,-0.023547926098005156,-0.02744009198228548,0.003892165884280322,200,136
A_only,1000,5000,-1.0861490248378276,-0.0028182160594265654,-1.083330808778401,200,136
hybrid,1000,5000,-0.38137363055708184,-0.0028182160594265654,-0.3785554144976553,200,136
B_only,1000,5000,-0.005886869576349216,-0.0028182160594265654,-0.0030686535169226507,200,136
A_only,1000,10000,-0.8470238366978395,-0.0014035296225299897,-0.8456203070753096,200,136
hybrid,1000,10000,-0.3340280178029578,-0.0014035296225299897,-0.33262448818042784,200,136
B_only,1000,10000,-0.03170625856571231,-0.0014035296225299897,-0.03030272894318232,200,136
A_only,1000,2000,-0.6158280233005601,-0.01849454206597494,-0.5973334812345852,500,136
hybrid,1000,2000,-0.10139957998818346,-0.01849454206597494,-0.08290503792220852,500,136
B_only,1000,2000,-0.0047043945818020586,-0.01849454206597494,0.013790147484172881,500,136
A_only,1000,5000,-0.08359196067157103,-0.0017750072554159953,-0.08181695341615504,500,136
hybrid,1000,5000,-0.009586424109294453,-0.0017750072554159953,-0.007811416853878458,500,136
B_only,1000,5000,-0.0022565485641636044,-0.0017750072554159953,-0.0004815413087476091,500,136
A_only,1000,10000,-0.5972118981661323,-0.0014035296225299897,-0.5958083685436023,500,136
hybrid,1000,10000,-0.05400970139583044,-0.0014035296225299897,-0.05260617177330045,500,136
B_only,1000,10000,-1.0826262747295329e-08,-0.0014035296225299897,0.0014035187962672423,500,136
A_only,1000,2000,-0.8351607684156354,-0.06976201878446649,-0.7653987496311688,25,137
hybrid,1000,2000,-0.5052885279688782,-0.06976201878446649,-0.43552650918441177,25,137
B_only,1000,2000,-0.25389445117511744,-0.06976201878446649,-0.18413243239065097,25,137
A_only,1000,5000,-0.4837241617705031,-0.0006760970636952127,-0.4830480647068079,25,137
hybrid,1000,5000,-0.29482097516099337,-0.0006760970636952127,-0.29414487809729817,25,137
B_only,1000,5000,-0.9693511998953174,-0.0006760970636952127,-0.9686751028316222,25,137
A_only,1000,10000,-0.6027904308719244,-0.0006760970636952127,-0.6021143338082292,25,137
hybrid,1000,10000,-0.46404750525278665,-0.0006760970636952127,-0.46337140818909145,25,137
B_only,1000,10000,-0.06454188195629568,-0.0006760970636952127,-0.06386578489260046,25,137
A_only,1000,2000,-0.9524505467568639,-0.0006760970636952127,-0.9517744496931687,50,137
hybrid,1000,2000,-0.33923204154242326,-0.0006760970636952127,-0.33855594447872805,50,137
B_only,1000,2000,-0.1478860326805869,-0.0006760970636952127,-0.1472099356168917,50,137
A_only,1000,5000,-0.4123719946616233,-0.0006760970636952127,-0.4116958975979281,50,137
hybrid,1000,5000,-0.13684178932023613,-0.0006760970636952127,-0.13616569225654093,50,137
B_only,1000,5000,-0.0019357123160167874,-0.0006760970636952127,-0.0012596152523215746,50,137
A_only,1000,10000,-0.6565897208919593,-0.0006760970636952127,-0.6559136238282641,50,137
hybrid,1000,10000,-0.5886256776333241,-0.0006760970636952127,-0.5879495805696289,50,137
B_only,1000,10000,-0.0010340644404491595,-0.0006760970636952127,-0.0003579673767539468,50,137
A_only,1000,2000,-0.1800827664148588,-0.1396905408023715,-0.04039222561248729,100,137
hybrid,1000,2000,-0.03367071106584678,-0.1396905408023715,0.10601982973652473,100,137
B_only,1000,2000,-0.0051283142333095775,-0.1396905408023715,0.13456222656906192,100,137
A_only,1000,5000,-1.2552959069851426,-0.0017750072554159953,-1.2535208997297267,100,137
hybrid,1000,5000,-0.9083082840787626,-0.0017750072554159953,-0.9065332768233466,100,137
B_only,1000,5000,-0.005127994344571068,-0.0017750072554159953,-0.003352987089155073,100,137
A_only,1000,10000,-0.786531165738617,-0.0014035296225299897,-0.785127636116087,100,137
hybrid,1000,10000,-0.2927833098107637,-0.0014035296225299897,-0.29137978018823374,100,137
B_only,1000,10000,-0.04318089536103899,-0.0014035296225299897,-0.041777365738509,100,137
A_only,1000,2000,-0.17178379348816644,-0.0014035296225299897,-0.17038026386563646,200,137
hybrid,1000,2000,-0.029684197679638064,-0.0014035296225299897,-0.028280668057108074,200,137
B_only,1000,2000,-0.04779581167520817,-0.0014035296225299897,-0.04639228205267818,200,137
A_only,1000,5000,-0.2113668209542555,-0.0014035296225299897,-0.2099632913317255,200,137
hybrid,1000,5000,-0.0384327736066164,-0.0014035296225299897,-0.03702924398408641,200,137
B_only,1000,5000,-4.787599540471688e-07,-0.0014035296225299897,0.0014030508625759426,200,137
A_only,1000,10000,-0.3425755906400455,-0.0033159803963591777,-0.33925961024368634,200,137
hybrid,1000,10000,-0.07560881391351361,-0.0033159803963591777,-0.07229283351715443,200,137
B_only,1000,10000,-0.007415889016025407,-0.0033159803963591777,-0.004099908619666229,200,137
A_only,1000,2000,-0.4985933171128179,-0.13611804156959217,-0.36247527554322573,500,137
hybrid,1000,2000,-0.17491043887288613,-0.13611804156959217,-0.03879239730329395,500,137
B_only,1000,2000,-0.11402271712728848,-0.13611804156959217,0.022095324442303693,500,137
A_only,1000,5000,-0.16992428518205388,-0.0006760970636952127,-0.16924818811835868,500,137
hybrid,1000,5000,-0.0573793266270243,-0.0006760970636952127,-0.05670322956332909,500,137
B_only,1000,5000,-0.17701385956367247,-0.0006760970636952127,-0.17633776249997726,500,137
A_only,1000,10000,-0.5906919816587534,-0.0006760970636952127,-0.5900158845950582,500,137
hybrid,1000,10000,-0.23928419548442295,-0.0006760970636952127,-0.23860809842072775,500,137
B_only,1000,10000,-0.07518133671128809,-0.0006760970636952127,-0.07450523964759287,500,137
A_only,1000,2000,-1.042896753464193,-0.0028182160594265654,-1.0400785374047665,25,138
hybrid,1000,2000,-0.4454113983424554,-0.0028182160594265654,-0.44259318228302885,25,138
B_only,1000,2000,-0.058973550837617045,-0.0028182160594265654,-0.05615533477819048,25,138
A_only,1000,5000,-0.5632229187617551,-0.0017750072554159953,-0.5614479115063391,25,138
hybrid,1000,5000,-0.43463873804398595,-0.0017750072554159953,-0.43286373078856993,25,138
B_only,1000,5000,-0.0003589374466281005,-0.0017750072554159953,0.0014160698087878948,25,138
A_only,1000,10000,-0.871294611974723,-0.0028182160594265654,-0.8684763959152965,25,138
hybrid,1000,10000,-0.4511789346272656,-0.0028182160594265654,-0.44836071856783904,25,138
B_only,1000,10000,-0.001839846060549077,-0.0028182160594265654,0.0009783699988774883,25,138
A_only,1000,2000,-0.9472721420876483,-0.016530923319274207,-0.9307412187683741,50,138
hybrid,1000,2000,-0.3456261823796647,-0.016530923319274207,-0.3290952590603905,50,138
B_only,1000,2000,-0.058362513369733415,-0.016530923319274207,-0.04183159005045921,50,138
A_only,1000,5000,-0.8365078565707921,-0.016652717978201063,-0.819855138592591,50,138
hybrid,1000,5000,-0.6486211541742221,-0.016652717978201063,-0.6319684361960209,50,138
B_only,1000,5000,-0.09469516176784663,-0.016652717978201063,-0.07804244378964557,50,138
A_only,1000,10000,-1.3708515274230448,-0.0006760970636952127,-1.3701754303593496,50,138
hybrid,1000,10000,-0.6946127450614032,-0.0006760970636952127,-0.693936647997708,50,138
B_only,1000,10000,-0.027599510347584497,-0.0006760970636952127,-0.026923413283889284,50,138
A_only,1000,2000,-0.8906409418745181,-0.10943260677201108,-0.7812083351025071,100,138
hybrid,1000,2000,-0.40766987843564667,-0.10943260677201108,-0.29823727166363556,100,138
B_only,1000,2000,-0.0017672098500470105,-0.10943260677201108,0.10766539692196407,100,138
A_only,1000,5000,-0.7070245948393424,-0.016530923319274207,-0.6904936715200682,100,138
hybrid,1000,5000,-0.42734247972667194,-0.016530923319274207,-0.41081155640739775,100,138
B_only,1000,5000,-0.006389634187318237,-0.016530923319274207,0.01014128913195597,100,138
A_only,1000,10000,-1.135823999644454,-0.0033159803963591777,-1.1325080192480947,100,138
hybrid,1000,10000,-0.8377544859557725,-0.0033159803963591777,-0.8344385055594133,100,138
B_only,1000,10000,-0.010524111875883585,-0.0033159803963591777,-0.007208131479524408,100,138
A_only,1000,2000,-1.3046324171057442,-0.13611804156959217,-1.168514375536152,200,138
hybrid,1000,2000,-0.2193754073138839,-0.13611804156959217,-0.08325736574429174,200,138
B_only,1000,2000,-0.0022660599765293252,-0.13611804156959217,0.13385198159306286,200,138
A_only,1000,5000,-0.44377647624359357,-0.0033159803963591777,-0.4404604958472344,200,138
hybrid,1000,5000,-0.15829120414693085,-0.0033159803963591777,-0.15497522375057166,200,138
B_only,1000,5000,-0.02148043182754188,-0.0033159803963591777,-0.018164451431182702,200,138
A_only,1000,10000,-0.9347080646210707,-0.0028182160594265654,-0.9318898485616441,200,138
hybrid,1000,10000,-0.5324877031733437,-0.0028182160594265654,-0.5296694871139171,200,138
B_only,1000,10000,-0.007207927491135487,-0.0028182160594265654,-0.004389711431708921,200,138
A_only,1000,2000,-0.1252120460122389,-0.02555970165368331,-0.09965234435855559,500,138
hybrid,1000,2000,-0.022101683956063593,-0.02555970165368331,0.003458017697619716,500,138
B_only,1000,2000,-0.06596670635843385,-0.02555970165368331,-0.040407004704750546,500,138
A_only,1000,5000,-0.5076378642117974,-0.0028182160594265654,-0.5048196481523708,500,138
hybrid,1000,5000,-0.12958247637228892,-0.0028182160594265654,-0.12676426031286236,500,138
B_only,1000,5000,-0.019389925970083793,-0.0028182160594265654,-0.016571709910657227,500,138
A_only,1000,10000,-0.5106974844225757,-0.0014035296225299897,-0.5092939548000457,500,138
hybrid,1000,10000,-0.18357561088445887,-0.0014035296225299897,-0.18217208126192888,500,138
B_only,1000,10000,-0.028556847320042145,-0.0014035296225299897,-0.027153317697512155,500,138
A_only,1000,2000,-1.0656461411512386,-0.0006760970636952127,-1.0649700440875434,25,139
hybrid,1000,2000,-0.6340732527463009,-0.0006760970636952127,-0.6333971556826057,25,139
B_only,1000,2000,-0.09915940334736065,-0.0006760970636952127,-0.09848330628366543,25,139
A_only,1000,5000,-0.12295504605563783,-0.0017750072554159953,-0.12118003880022184,25,139
hybrid,1000,5000,-0.02571808585522766,-0.0017750072554159953,-0.023943078599811665,25,139
B_only,1000,5000,-0.07957277138086084,-0.0017750072554159953,-0.07779776412544485,25,139
A_only,1000,10000,-0.3478892761288546,-0.0006760970636952127,-0.3472131790651594,25,139
hybrid,1000,10000,-0.22170930011423606,-0.0006760970636952127,-0.22103320305054086,25,139
B_only,1000,10000,-0.025938940206360582,-0.0006760970636952127,-0.02526284314266537,25,139
A_only,1000,2000,-0.8495064785831394,-0.026071275432122825,-0.8234352031510166,50,139
hybrid,1000,2000,-0.2367457712908549,-0.026071275432122825,-0.21067449585873207,50,139
B_only,1000,2000,-0.0157082858999361,-0.026071275432122825,0.010362989532186725,50,139
A_only,1000,5000,-1.0431368958992262,-0.0017750072554159953,-1.0413618886438103,50,139
hybrid,1000,5000,-0.6107259767698662,-0.0017750072554159953,-0.6089509695144502,50,139
B_only,1000,5000,-0.015355221577909303,-0.0017750072554159953,-0.013580214322493307,50,139
A_only,1000,10000,-0.6219890842238659,-0.0014035296225299897,-0.6205855546013359,50,139
hybrid,1000,10000,-0.5954081578048629,-0.0014035296225299897,-0.5940046281823329,50,139
B_only,1000,10000,-0.5642464701741929,-0.0014035296225299897,-0.562842940551663,50,139
A_only,1000,2000,-0.5551043831069273,-0.0017750072554159953,-0.5533293758515113,100,139
hybrid,1000,2000,-0.11352422310180887,-0.0017750072554159953,-0.11174921584639289,100,139
B_only,1000,2000,-0.06583100698111058,-0.0017750072554159953,-0.06405599972569459,100,139
A_only,1000,5000,-0.4825820865226404,-0.0006760970636952127,-0.4819059894589452,100,139
hybrid,1000,5000,-0.18404577416602713,-0.0006760970636952127,-0.18336967710233193,100,139
B_only,1000,5000,-0.0663780072842294,-0.0006760970636952127,-0.06570191022053419,100,139
A_only,1000,10000,-0.7280850352309317,-0.0006760970636952127,-0.7274089381672365,100,139
hybrid,1000,10000,-0.2543917593980097,-0.0006760970636952127,-0.2537156623343145,100,139
B_only,1000,10000,-0.0022163223016131157,-0.0006760970636952127,-0.001540225237917903,100,139
A_only,1000,2000,-1.0739339123535818,-0.048388414022939155,-1.0255454983306427,200,139
hybrid,1000,2000,-0.13303695235924345,-0.048388414022939155,-0.0846485383363043,200,139
B_only,1000,2000,-4.548738048947068e-07,-0.048388414022939155,0.04838795914913426,200,139
A_only,1000,5000,-0.8616381514702512,-0.0028182160594265654,-0.8588199354108247,200,139
hybrid,1000,5000,-0.2246417582327025,-0.0028182160594265654,-0.22182354217327593,200,139
B_only,1000,5000,-0.0022053203077610135,-0.0028182160594265654,0.0006128957516655519,200,139
A_only,1000,10000,-1.1081640772570687,-0.0006760970636952127,-1.1074879801933735,200,139
hybrid,1000,10000,-0.598038582483192,-0.0006760970636952127,-0.5973624854194968,200,139
B_only,1000,10000,-0.027392391751106936,-0.0006760970636952127,-0.026716294687411723,200,139
A_only,1000,2000,-1.1748176037969233,-0.016530923319274207,-1.158286680477649,500,139
hybrid,1000,2000,-0.19852765015922078,-0.016530923319274207,-0.18199672683994655,500,139
B_only,1000,2000,-0.0040539377681508585,-0.016530923319274207,0.012476985551123348,500,139
A_only,1000,5000,-0.7808102521804205,-0.021107166088018964,-0.7597030860924016,500,139
hybrid,1000,5000,-0.16096666989683908,-0.021107166088018964,-0.13985950380882012,500,139
B_only,1000,5000,-0.004159762484555079,-0.021107166088018964,0.016947403603463883,500,139
A_only,1000,10000,-0.3599878659573386,-0.0006760970636952127,-0.3593117688936434,500,139
hybrid,1000,10000,-0.0732284880707289,-0.0006760970636952127,-0.07255239100703369,500,139
B_only,1000,10000,-0.020677213463516805,-0.0006760970636952127,-0.020001116399821592,500,139
A_only,1000,2000,-1.0201180224947963,-0.016652717978201063,-1.0034653045165953,25,140
hybrid,1000,2000,-0.7073376701692319,-0.016652717978201063,-0.6906849521910308,25,140
B_only,1000,2000,-0.39128739353902336,-0.016652717978201063,-0.3746346755608223,25,140
A_only,1000,5000,-0.43358235363844666,-0.0006760970636952127,-0.43290625657475146,25,140
hybrid,1000,5000,-0.05245537376583548,-0.0006760970636952127,-0.05177927670214027,25,140
B_only,1000,5000,-2.82182027143732e-09,-0.0006760970636952127,0.0006760942418749412,25,140
A_only,1000,10000,-0.2267580567941056,-0.0006760970636952127,-0.2260819597304104,25,140
hybrid,1000,10000,-0.14484557024963532,-0.0006760970636952127,-0.14416947318594012,25,140
B_only,1000,10000,-0.948036968628369,-0.0006760970636952127,-0.9473608715646737,25,140
A_only,1000,2000,-1.306791830993298,-0.04442382739503962,-1.2623680035982583,50,140
hybrid,1000,2000,-0.7764138607346375,-0.04442382739503962,-0.7319900333395979,50,140
B_only,1000,2000,-0.02656588313638915,-0.04442382739503962,0.01785794425865047,50,140
A_only,1000,5000,-0.35716882081949486,-0.0006760970636952127,-0.35649272375579966,50,140
hybrid,1000,5000,-0.12071656801033777,-0.0006760970636952127,-0.12004047094664255,50,140
B_only,1000,5000,-0.008814158587325866,-0.0006760970636952127,-0.008138061523630653,50,140
A_only,1000,10000,-0.5704479283275233,-0.0017750072554159953,-0.5686729210721073,50,140
hybrid,1000,10000,-0.1912427195230876,-0.0017750072554159953,-0.18946771226767162,50,140
B_only,1000,10000,-0.032187851127076075,-0.0017750072554159953,-0.03041284387166008,50,140
A_only,1000,2000,-0.6082307678064651,-0.016530923319274207,-0.5916998444871909,100,140
hybrid,1000,2000,-0.19432796736162258,-0.016530923319274207,-0.17779704404234836,100,140
B_only,1000,2000,-0.18860069636249766,-0.016530923319274207,-0.17206977304322346,100,140
A_only,1000,5000,-0.4392835345214757,-0.0014035296225299897,-0.43788000489894574,100,140
hybrid,1000,5000,-0.11325427893518927,-0.0014035296225299897,-0.11185074931265929,100,140
B_only,1000,5000,-0.0007673245369838196,-0.0014035296225299897,0.0006362050855461701,100,140
A_only,1000,10000,-0.6817431870688353,-0.0006760970636952127,-0.6810670900051401,100,140
hybrid,1000,10000,-0.2330911868769902,-0.0006760970636952127,-0.232415089813295,100,140
B_only,1000,10000,-1.5320063512460105e-05,-0.0006760970636952127,0.0006607770001827526,100,140
A_only,1000,2000,-1.5891498634093144,-0.15617664701059494,-1.4329732163987194,200,140
hybrid,1000,2000,-0.6414955583913199,-0.15617664701059494,-0.4853189113807249,200,140
B_only,1000,2000,-0.13260756224774586,-0.15617664701059494,0.02356908476284908,200,140
A_only,1000,5000,-1.2668834296412859,-0.02555970165368331,-1.2413237279876026,200,140
hybrid,1000,5000,-0.754623234365347,-0.02555970165368331,-0.7290635327116637,200,140
B_only,1000,5000,-0.24834056853918893,-0.02555970165368331,-0.2227808668855056,200,140
A_only,1000,10000,-0.8351869096336951,-0.0006760970636952127,-0.8345108125699999,200,140
hybrid,1000,10000,-0.38777069091522365,-0.0006760970636952127,-0.38709459385152845,200,140
B_only,1000,10000,-0.006503723424279686,-0.0006760970636952127,-0.0058276263605844736,200,140
A_only,1000,2000,-1.0020855360187402,-0.044229416304240946,-0.9578561197144992,500,140
hybrid,1000,2000,-0.3584697530275815,-0.044229416304240946,-0.31424033672334056,500,140
B_only,1000,2000,-0.02326313220948878,-0.044229416304240946,0.020966284094752166,500,140
A_only,1000,5000,-0.11338899806979377,-0.0006760970636952127,-0.11271290100609856,500,140
hybrid,1000,5000,-0.008505155966506332,-0.0006760970636952127,-0.007829058902811119,500,140
B_only,1000,5000,-0.00047143301982844016,-0.0006760970636952127,0.00020466404386677254,500,140
A_only,1000,10000,-0.6358865966535633,-0.0006760970636952127,-0.6352104995898681,500,140
hybrid,1000,10000,-0.19291171278378183,-0.0006760970636952127,-0.19223561572008663,500,140
B_only,1000,10000,-0.008937235086726362,-0.0006760970636952127,-0.00826113802303115,500,140
A_only,1000,2000,-0.5970404779457423,-0.06227961821163712,-0.5347608597341053,25,141
hybrid,1000,2000,-0.10526560793766178,-0.06227961821163712,-0.04298598972602466,25,141
B_only,1000,2000,-0.0027892656186789115,-0.06227961821163712,0.05949035259295821,25,141
A_only,1000,5000,-0.5839044794804599,-0.0033159803963591777,-0.5805884990841007,25,141
hybrid,1000,5000,-0.057991342374456786,-0.0033159803963591777,-0.05467536197809761,25,141
B_only,1000,5000,-1.0021587855648568e-11,-0.0033159803963591777,0.00331598038633759,25,141
A_only,1000,10000,-0.27995513970730546,-0.0017750072554159953,-0.27818013245188944,25,141
hybrid,1000,10000,-0.06735398084600758,-0.0017750072554159953,-0.06557897359059159,25,141
B_only,1000,10000,-0.0001582792342361124,-0.0017750072554159953,0.001616728021179883,25,141
A_only,1000,2000,-0.7973667633018585,-0.016530923319274207,-0.7808358399825843,50,141
hybrid,1000,2000,-0.5490563654440138,-0.016530923319274207,-0.5325254421247396,50,141
B_only,1000,2000,-0.36387765828867363,-0.016530923319274207,-0.34734673496939944,50,141
A_only,1000,5000,-0.979917633868952,-0.0017750072554159953,-0.978142626613536,50,141
hybrid,1000,5000,-0.2500858993696068,-0.0017750072554159953,-0.2483108921141908,50,141
B_only,1000,5000,-0.0348148571281588,-0.0017750072554159953,-0.033039849872742805,50,141
A_only,1000,10000,-0.23270045448592336,-0.0017750072554159953,-0.23092544723050737,50,141
hybrid,1000,10000,-0.028846092573491522,-0.0017750072554159953,-0.027071085318075526,50,141
B_only,1000,10000,-4.1168291738990016e-07,-0.0017750072554159953,0.0017745955724986055,50,141
A_only,1000,2000,-0.7609067656426716,-0.02555970165368331,-0.7353470639889883,100,141
hybrid,1000,2000,-0.2557008333513745,-0.02555970165368331,-0.23014113169769118,100,141
B_only,1000,2000,-0.02507327728430728,-0.02555970165368331,0.00048642436937602895,100,141
A_only,1000,5000,-0.08077065268667691,-0.0006760970636952127,-0.08009455562298169,100,141
hybrid,1000,5000,-0.007886591003454001,-0.0006760970636952127,-0.007210493939758788,100,141
B_only,1000,5000,-0.01212925703041628,-0.0006760970636952127,-0.011453159966721067,100,141
A_only,1000,10000,-1.0751647776508824,-0.0014035296225299897,-1.0737612480283523,100,141
hybrid,1000,10000,-0.48140200457180676,-0.0014035296225299897,-0.4799984749492768,100,141
B_only,1000,10000,-0.00930770782146302,-0.0014035296225299897,-0.00790417819893303,100,141
A_only,1000,2000,-1.8777885301100101,-0.0028182160594265654,-1.8749703140505836,200,141
hybrid,1000,2000,-0.8980512494356403,-0.0028182160594265654,-0.8952330333762137,200,141
B_only,1000,2000,-0.0864526717479312,-0.0028182160594265654,-0.08363445568850464,200,141
A_only,1000,5000,-1.1432699020836425,-0.0006760970636952127,-1.1425938050199473,200,141
hybrid,1000,5000,-0.700037913974319,-0.0006760970636952127,-0.6993618169106238,200,141
B_only,1000,5000,-0.05816361999474895,-0.0006760970636952127,-0.05748752293105374,200,141
A_only,1000,10000,-0.7450368912045258,-0.0014035296225299897,-0.7436333615819958,200,141
hybrid,1000,10000,-0.1347800715461655,-0.0014035296225299897,-0.13337654192363552,200,141
B_only,1000,10000,-0.0003934926181232542,-0.0014035296225299897,0.0010100370044067355,200,141
A_only,1000,2000,-1.554004137303063,-0.02338563685393675,-1.5306185004491264,500,141
hybrid,1000,2000,-0.35506747877191297,-0.02338563685393675,-0.33168184191797623,500,141
B_only,1000,2000,-0.13147478261096812,-0.02338563685393675,-0.10808914575703138,500,141
A_only,1000,5000,-1.1283634587857232,-0.0033159803963591777,-1.125047478389364,500,141
hybrid,1000,5000,-0.2911705899419487,-0.0033159803963591777,-0.28785460954558956,500,141
B_only,1000,5000,-0.003667255177228553,-0.0033159803963591777,-0.0003512747808693752,500,141
A_only,1000,10000,-0.8618201319240354,-0.0014035296225299897,-0.8604166023015054,500,141
hybrid,1000,10000,-0.1756809045938457,-0.0014035296225299897,-0.1742773749713157,500,141
B_only,1000,10000,-0.007250372604549109,-0.0014035296225299897,-0.005846842982019119,500,141
A_only,1000,2000,-1.4830000872815055,-0.0006760970636952127,-1.4823239902178103,25,142
hybrid,1000,2000,-0.49675720689294095,-0.0006760970636952127,-0.49608110982924575,25,142
B_only,1000,2000,-0.02216239392829239,-0.0006760970636952127,-0.021486296864597177,25,142
A_only,1000,5000,-0.27633963348186785,-0.016652717978201063,-0.2596869155036668,25,142
hybrid,1000,5000,-0.07938299463720074,-0.016652717978201063,-0.06273027665899968,25,142
B_only,1000,5000,-0.214551069950427,-0.016652717978201063,-0.19789835197222594,25,142
A_only,1000,10000,-0.20275509120550558,-0.0006760970636952127,-0.20207899414181038,25,142
hybrid,1000,10000,-0.037973217515873896,-0.0006760970636952127,-0.037297120452178686,25,142
B_only,1000,10000,-0.003389451804508138,-0.0006760970636952127,-0.002713354740812925,25,142
A_only,1000,2000,-0.5012590066110933,-0.11636221409479208,-0.38489679251630127,50,142
hybrid,1000,2000,-0.1397713888773446,-0.11636221409479208,-0.023409174782552528,50,142
B_only,1000,2000,-0.03843539607711434,-0.11636221409479208,0.07792681801767774,50,142
A_only,1000,5000,-0.44700644634218284,-0.0006760970636952127,-0.44633034927848764,50,142
hybrid,1000,5000,-0.14887878522589065,-0.0006760970636952127,-0.14820268816219545,50,142
B_only,1000,5000,-0.004410653431618677,-0.0006760970636952127,-0.0037345563679234643,50,142
A_only,1000,10000,-0.5275604289867074,-0.0006760970636952127,-0.5268843319230122,50,142
hybrid,1000,10000,-0.3461888813400686,-0.0006760970636952127,-0.3455127842763734,50,142
B_only,1000,10000,-0.015342766444890098,-0.0006760970636952127,-0.014666669381194885,50,142
A_only,1000,2000,-0.9612076318493605,-0.016530923319274207,-0.9446767085300863,100,142
hybrid,1000,2000,-0.5223522875132913,-0.016530923319274207,-0.5058213641940171,100,142
B_only,1000,2000,-0.0387669109453079,-0.016530923319274207,-0.022235987626033696,100,142
A_only,1000,5000,-0.8049284745479061,-0.0006760970636952127,-0.8042523774842109,100,142
hybrid,1000,5000,-0.31862970065071594,-0.0006760970636952127,-0.31795360358702074,100,142
B_only,1000,5000,-0.05686091523538592,-0.0006760970636952127,-0.05618481817169071,100,142
A_only,1000,10000,-1.0681790614008502,-0.0006760970636952127,-1.067502964337155,100,142
hybrid,1000,10000,-1.1238154042830297,-0.0006760970636952127,-1.1231393072193345,100,142
B_only,1000,10000,-0.11120007706719569,-0.0006760970636952127,-0.11052398000350047,100,142
A_only,1000,2000,-0.719146967197703,-0.02338563685393675,-0.6957613303437662,200,142
hybrid,1000,2000,-0.21448656432865815,-0.02338563685393675,-0.1911009274747214,200,142
B_only,1000,2000,-0.06575346935895089,-0.02338563685393675,-0.04236783250501414,200,142
A_only,1000,5000,-1.3609527966192023,-0.0006760970636952127,-1.3602766995555071,200,142
hybrid,1000,5000,-0.515450320226325,-0.0006760970636952127,-0.5147742231626298,200,142
B_only,1000,5000,-0.0224055034537752,-0.0006760970636952127,-0.02172940639007999,200,142
A_only,1000,10000,-1.4597957926447014,-0.0006760970636952127,-1.4591196955810062,200,142
hybrid,1000,10000,-0.7268642230523674,-0.0006760970636952127,-0.7261881259886722,200,142
B_only,1000,10000,-0.06447551609355491,-0.0006760970636952127,-0.0637994190298597,200,142
A_only,1000,2000,-0.8896355650999435,-0.0028182160594265654,-0.8868173490405169,500,142
hybrid,1000,2000,-0.32844807316893293,-0.0028182160594265654,-0.32562985710950637,500,142
B_only,1000,2000,-0.03536462170609675,-0.0028182160594265654,-0.03254640564667018,500,142
A_only,1000,5000,-0.2591445013862254,-0.0014035296225299897,-0.2577409717636954,500,142
hybrid,1000,5000,-0.10779944459515778,-0.0014035296225299897,-0.10639591497262779,500,142
B_only,1000,5000,-0.02651577461410818,-0.0014035296225299897,-0.02511224499157819,500,142
A_only,1000,10000,-0.36761533535942614,-0.0006760970636952127,-0.36693923829573094,500,142
hybrid,1000,10000,-0.04635760520869054,-0.0006760970636952127,-0.04568150814499533,500,142
B_only,1000,10000,-6.189581958714879e-05,-0.0006760970636952127,0.0006142012441080639,500,142
A_only,1000,2000,-1.0411802526210594,-0.0028182160594265654,-1.0383620365616328,25,143
hybrid,1000,2000,-0.11607068886759249,-0.0028182160594265654,-0.11325247280816593,25,143
B_only,1000,2000,-2.410292996248441e-06,-0.0028182160594265654,0.002815805766430317,25,143
A_only,1000,5000,-0.10150662099016161,-0.0006760970636952127,-0.1008305239264664,25,143
hybrid,1000,5000,-0.006085785993970531,-0.0006760970636952127,-0.005409688930275318,25,143
B_only,1000,5000,-0.10222056532485735,-0.0006760970636952127,-0.10154446826116213,25,143
A_only,1000,10000,-1.1413962723410631,-0.0014035296225299897,-1.139992742718533,25,143
hybrid,1000,10000,-0.6845750045479905,-0.0014035296225299897,-0.6831714749254605,25,143
B_only,1000,10000,-0.0013145134008857478,-0.0014035296225299897,8.901622164424194e-05,25,143
A_only,1000,2000,-1.0241368172037872,-0.0006760970636952127,-1.023460720140092,50,143
hybrid,1000,2000,-0.21412204778375094,-0.0006760970636952127,-0.21344595072005573,50,143
B_only,1000,2000,-0.0009020816981076319,-0.0006760970636952127,-0.00022598463441241923,50,143
A_only,1000,5000,-1.3364606906060263,-0.0014035296225299897,-1.3350571609834962,50,143
hybrid,1000,5000,-1.4209977764822712,-0.0014035296225299897,-1.4195942468597411,50,143
B_only,1000,5000,-0.1956859074173464,-0.0014035296225299897,-0.1942823777948164,50,143
A_only,1000,10000,-0.8926212478122428,-0.0006760970636952127,-0.8919451507485476,50,143
hybrid,1000,10000,-0.3447707556132186,-0.0006760970636952127,-0.3440946585495234,50,143
B_only,1000,10000,-0.03898995174181098,-0.0006760970636952127,-0.03831385467811577,50,143
A_only,1000,2000,-1.1188813698414428,-0.016530923319274207,-1.1023504465221685,100,143
hybrid,1000,2000,-0.5986296482296425,-0.016530923319274207,-0.5820987249103683,100,143
B_only,1000,2000,-0.23406946333362325,-0.016530923319274207,-0.21753854001434902,100,143
A_only,1000,5000,-0.6323631745691446,-0.0006760970636952127,-0.6316870775054494,100,143
hybrid,1000,5000,-0.38055393226107737,-0.0006760970636952127,-0.37987783519738216,100,143
B_only,1000,5000,-0.10185574438744296,-0.0006760970636952127,-0.10117964732374775,100,143
A_only,1000,10000,-0.3432859034575234,-0.0014035296225299897,-0.3418823738349934,100,143
hybrid,1000,10000,-0.1188689846397893,-0.0014035296225299897,-0.11746545501725932,100,143
B_only,1000,10000,-0.12614542187768316,-0.0014035296225299897,-0.12474189225515317,100,143
A_only,1000,2000,-0.9172626097701455,-0.0014035296225299897,-0.9158590801476155,200,143
hybrid,1000,2000,-0.3097892106014615,-0.0014035296225299897,-0.3083856809789315,200,143
B_only,1000,2000,-0.02341710126411106,-0.0014035296225299897,-0.02201357164158107,200,143
A_only,1000,5000,-0.930144690457559,-0.0028182160594265654,-0.9273264743981324,200,143
hybrid,1000,5000,-0.39347504953399604,-0.0028182160594265654,-0.3906568334745695,200,143
B_only,1000,5000,-0.004721424705422805,-0.0028182160594265654,-0.00190320864599624,200,143
A_only,1000,10000,-0.4241374943953119,-0.0014035296225299897,-0.4227339647727819,200,143
hybrid,1000,10000,-0.17297565507350654,-0.0014035296225299897,-0.17157212545097655,200,143
B_only,1000,10000,-0.025962850381780655,-0.0014035296225299897,-0.024559320759250665,200,143
A_only,1000,2000,-0.9673332195263137,-0.0017750072554159953,-0.9655582122708977,500,143
hybrid,1000,2000,-0.2863173140789649,-0.0017750072554159953,-0.28454230682354886,500,143
B_only,1000,2000,-0.07124812300965601,-0.0017750072554159953,-0.06947311575424002,500,143
A_only,1000,5000,-0.9739069548133689,-0.0017750072554159953,-0.9721319475579528,500,143
hybrid,1000,5000,-0.22544023691211154,-0.0017750072554159953,-0.22366522965669555,500,143
B_only,1000,5000,-0.004947012271596443,-0.0017750072554159953,-0.003172005016180448,500,143
A_only,1000,10000,-1.491615504670769,-0.0006760970636952127,-1.4909394076070739,500,143
hybrid,1000,10000,-0.2302846747103765,-0.0006760970636952127,-0.2296085776466813,500,143
B_only,1000,10000,-4.182495699875659e-07,-0.0006760970636952127,0.0006756788141252251,500,143
A_only,1000,2000,-0.5178697704810933,-0.0014035296225299897,-0.5164662408585633,25,144
hybrid,1000,2000,-0.18214499167417755,-0.0014035296225299897,-0.18074146205164757,25,144
B_only,1000,2000,-0.4893959049366796,-0.0014035296225299897,-0.48799237531414963,25,144
A_only,1000,5000,-0.7728844443397065,-0.0014035296225299897,-0.7714809147171765,25,144
hybrid,1000,5000,-0.4508415591501582,-0.0014035296225299897,-0.44943802952762824,25,144
B_only,1000,5000,-0.03433043869893588,-0.0014035296225299897,-0.03292690907640589,25,144
A_only,1000,10000,-0.9968294040666608,-0.0006760970636952127,-0.9961533070029656,25,144
hybrid,1000,10000,-0.2714293276164521,-0.0006760970636952127,-0.2707532305527569,25,144
B_only,1000,10000,-1.982198818497677e-10,-0.0006760970636952127,0.0006760968654753309,25,144
A_only,1000,2000,-0.747149728688193,-0.021107166088018964,-0.726042562600174,50,144
hybrid,1000,2000,-0.5449779136997612,-0.021107166088018964,-0.5238707476117422,50,144
B_only,1000,2000,-0.08645803034527016,-0.021107166088018964,-0.0653508642572512,50,144
A_only,1000,5000,-0.04615573808718972,-0.0006760970636952127,-0.04547964102349451,50,144
hybrid,1000,5000,-0.0026433379573774884,-0.0006760970636952127,-0.0019672408936822756,50,144
B_only,1000,5000,-0.00017134212657221877,-0.0006760970636952127,0.000504754937122994,50,144
A_only,1000,10000,-0.23903794750246032,-0.0006760970636952127,-0.23836185043876512,50,144
hybrid,1000,10000,-0.06323011683793875,-0.0006760970636952127,-0.06255401977424353,50,144
B_only,1000,10000,-0.0060241376443724275,-0.0006760970636952127,-0.005348040580677215,50,144
A_only,1000,2000,-0.1691550238651462,-0.016530923319274207,-0.152624100545872,100,144
hybrid,1000,2000,-0.02477524975894887,-0.016530923319274207,-0.008244326439674664,100,144
B_only,1000,2000,-0.006659612358911784,-0.016530923319274207,0.009871310960362423,100,144
A_only,1000,5000,-0.5028820497882742,-0.0014035296225299897,-0.5014785201657442,100,144
hybrid,1000,5000,-0.26441457589232664,-0.0014035296225299897,-0.26301104626979666,100,144
B_only,1000,5000,-0.0624699779754998,-0.0014035296225299897,-0.061066448352969815,100,144
A_only,1000,10000,-0.8649503378015005,-0.0014035296225299897,-0.8635468081789706,100,144
hybrid,1000,10000,-0.31698964298255355,-0.0014035296225299897,-0.31558611336002357,100,144
B_only,1000,10000,-0.02151751408884329,-0.0014035296225299897,-0.0201139844663133,100,144
A_only,1000,2000,-0.8535864088622663,-0.04442382739503962,-0.8091625814672267,200,144
hybrid,1000,2000,-0.4573257908977117,-0.04442382739503962,-0.41290196350267205,200,144
B_only,1000,2000,-0.1455475174807155,-0.04442382739503962,-0.1011236900856759,200,144
A_only,1000,5000,-0.40007251263521054,-0.01849454206597494,-0.3815779705692356,200,144
hybrid,1000,5000,-0.040709978994282914,-0.01849454206597494,-0.022215436928307974,200,144
B_only,1000,5000,-2.582590933592535e-06,-0.01849454206597494,0.01849195947504135,200,144
A_only,1000,10000,-0.3338292040953714,-0.0014035296225299897,-0.33242567447284144,200,144
hybrid,1000,10000,-0.1578709660174772,-0.0014035296225299897,-0.1564674363949472,200,144
B_only,1000,10000,-0.007861372868926395,-0.0014035296225299897,-0.006457843246396405,200,144
A_only,1000,2000,-0.6468687508631704,-0.10941634953475828,-0.5374524013284121,500,144
hybrid,1000,2000,-0.19055914469494242,-0.10941634953475828,-0.08114279516018415,500,144
B_only,1000,2000,-0.20631372520298907,-0.10941634953475828,-0.0968973756682308,500,144
A_only,1000,5000,-0.8453971139708313,-0.0017750072554159953,-0.8436221067154153,500,144
hybrid,1000,5000,-0.20786768888224094,-0.0017750072554159953,-0.20609268162682495,500,144
B_only,1000,5000,-0.006575516090636764,-0.0017750072554159953,-0.004800508835220769,500,144
A_only,1000,10000,-0.3420667524443651,-0.0006760970636952127,-0.34139065538066987,500,144
hybrid,1000,10000,-0.10687000882407183,-0.0006760970636952127,-0.10619391176037661,500,144
B_only,1000,10000,-0.0061343258926256266,-0.0006760970636952127,-0.005458228828930414,500,144
A_only,1000,2000,-0.4840252475930078,-0.02338563685393675,-0.46063961073907106,25,145
hybrid,1000,2000,-0.12829287013224616,-0.02338563685393675,-0.10490723327830942,25,145
B_only,1000,2000,-0.418926125851742,-0.02338563685393675,-0.39554048899780525,25,145
A_only,1000,5000,-1.1084349292288331,-0.02338563685393675,-1.0850492923748964,25,145
hybrid,1000,5000,-0.927791600655392,-0.02338563685393675,-0.9044059638014552,25,145
B_only,1000,5000,-2.308240721572657,-0.02338563685393675,-2.28485508471872,25,145
A_only,1000,10000,-0.3294237324841961,-0.0006760970636952127,-0.3287476354205009,25,145
hybrid,1000,10000,-0.0805726685864397,-0.0006760970636952127,-0.07989657152274449,25,145
B_only,1000,10000,-0.0011480968124714943,-0.0006760970636952127,-0.0004719997487762816,25,145
A_only,1000,2000,-1.4364942488431003,-0.02338563685393675,-1.4131086119891636,50,145
hybrid,1000,2000,-0.6867950706673626,-0.02338563685393675,-0.6634094338134258,50,145
B_only,1000,2000,-0.05932749409903488,-0.02338563685393675,-0.03594185724509813,50,145
A_only,1000,5000,-0.058195769342394975,-0.0033159803963591777,-0.0548797889460358,50,145
hybrid,1000,5000,-0.003925985965136047,-0.0033159803963591777,-0.0006100055687768696,50,145
B_only,1000,5000,-0.014117007664110308,-0.0033159803963591777,-0.01080102726775113,50,145
A_only,1000,10000,-0.9390066688602117,-0.0014035296225299897,-0.9376031392376817,50,145
hybrid,1000,10000,-0.699597454450865,-0.0014035296225299897,-0.698193924828335,50,145
B_only,1000,10000,-0.8318390520976575,-0.0014035296225299897,-0.8304355224751275,50,145
A_only,1000,2000,-0.6112856656551732,-0.04442382739503962,-0.5668618382601336,100,145
hybrid,1000,2000,-0.23105270132912414,-0.04442382739503962,-0.18662887393408453,100,145
B_only,1000,2000,-0.3565220069091039,-0.04442382739503962,-0.31209817951406427,100,145
A_only,1000,5000,-0.40866410956607163,-0.0006760970636952127,-0.40798801250237643,100,145
hybrid,1000,5000,-0.13523110124682336,-0.0006760970636952127,-0.13455500418312816,100,145
B_only,1000,5000,-0.001494521225163919,-0.0006760970636952127,-0.0008184241614687062,100,145
A_only,1000,10000,-0.3971134648241832,-0.0006760970636952127,-0.396437367760488,100,145
hybrid,1000,10000,-0.0833346105043528,-0.0006760970636952127,-0.08265851344065758,100,145
B_only,1000,10000,-0.0002898721971131224,-0.0006760970636952127,0.0003862248665820903,100,145
A_only,1000,2000,-0.9064495513913775,-0.09615520256525803,-0.8102943488261195,200,145
hybrid,1000,2000,-0.5080020532679103,-0.09615520256525803,-0.41184685070265226,200,145
B_only,1000,2000,-0.22275664615697063,-0.09615520256525803,-0.1266014435917126,200,145
A_only,1000,5000,-0.6128773736581572,-0.016530923319274207,-0.596346450338883,200,145
hybrid,1000,5000,-0.09708793076237568,-0.016530923319274207,-0.08055700744310147,200,145
B_only,1000,5000,-4.4466990622618087e-08,-0.016530923319274207,0.016530878852283586,200,145
A_only,1000,10000,-0.9802029448754793,-0.0033159803963591777,-0.9768869644791202,200,145
hybrid,1000,10000,-0.30489126697886326,-0.0033159803963591777,-0.3015752865825041,200,145
B_only,1000,10000,-2.1468382934163506e-05,-0.0033159803963591777,0.0032945120134250144,200,145
A_only,1000,2000,-0.9852290915026005,-0.11636221409479208,-0.8688668774078084,500,145
hybrid,1000,2000,-0.24103067469756878,-0.11636221409479208,-0.1246684606027767,500,145
B_only,1000,2000,-0.00293762397418268,-0.11636221409479208,0.1134245901206094,500,145
A_only,1000,5000,-0.3540283642906754,-0.016652717978201063,-0.33737564631247435,500,145
hybrid,1000,5000,-0.05517970975741899,-0.016652717978201063,-0.03852699177921792,500,145
B_only,1000,5000,-0.0021955732817289524,-0.016652717978201063,0.01445714469647211,500,145
A_only,1000,10000,-0.364584316652287,-0.0014035296225299897,-0.36318078702975704,500,145
hybrid,1000,10000,-0.11286700883721926,-0.0014035296225299897,-0.11146347921468927,500,145
B_only,1000,10000,-0.004300732672150181,-0.0014035296225299897,-0.002897203049620191,500,145
A_only,1000,2000,-0.20230077661900817,-0.016652717978201063,-0.1856480586408071,25,146
hybrid,1000,2000,-0.02506525850621807,-0.016652717978201063,-0.008412540528017008,25,146
B_only,1000,2000,-0.3686375110205074,-0.016652717978201063,-0.35198479304230634,25,146
A_only,1000,5000,-1.2208763284143764,-0.0028182160594265654,-1.2180581123549499,25,146
hybrid,1000,5000,-0.30193892872147504,-0.0028182160594265654,-0.2991207126620485,25,146
B_only,1000,5000,-0.002563160846418291,-0.0028182160594265654,0.00025505521300827434,25,146
A_only,1000,10000,-1.154048528708841,-0.0006760970636952127,-1.1533724316451457,25,146
hybrid,1000,10000,-0.36307010669330547,-0.0006760970636952127,-0.36239400962961027,25,146
B_only,1000,10000,-0.36390597558478777,-0.0006760970636952127,-0.36322987852109256,25,146
A_only,1000,2000,-0.9086304090073326,-0.026071275432122825,-0.8825591335752098,50,146
hybrid,1000,2000,-0.5420476115365649,-0.026071275432122825,-0.515976336104442,50,146
B_only,1000,2000,-0.6585063752953513,-0.026071275432122825,-0.6324350998632284,50,146
A_only,1000,5000,-0.7417711518907951,-0.0033159803963591777,-0.738455171494436,50,146
hybrid,1000,5000,-0.21452949841680152,-0.0033159803963591777,-0.21121351802044236,50,146
B_only,1000,5000,-0.0001891213778071022,-0.0033159803963591777,0.0031268590185520757,50,146
A_only,1000,10000,-0.5672505262988253,-0.0006760970636952127,-0.5665744292351301,50,146
hybrid,1000,10000,-0.3539851685716092,-0.0006760970636952127,-0.353309071507914,50,146
B_only,1000,10000,-0.11903579813068156,-0.0006760970636952127,-0.11835970106698634,50,146
A_only,1000,2000,-1.109556030517905,-0.02744009198228548,-1.0821159385356196,100,146
hybrid,1000,2000,-0.37558246010074975,-0.02744009198228548,-0.3481423681184643,100,146
B_only,1000,2000,-0.007087982553983815,-0.02744009198228548,0.020352109428301665,100,146
A_only,1000,5000,-1.0214428502937654,-0.0033159803963591777,-1.0181268698974062,100,146
hybrid,1000,5000,-1.058973869741792,-0.0033159803963591777,-1.055657889345433,100,146
B_only,1000,5000,-0.5929288092811686,-0.0033159803963591777,-0.5896128288848095,100,146
A_only,1000,10000,-0.41641299521538444,-0.0028182160594265654,-0.4135947791559579,100,146
hybrid,1000,10000,-0.2432817559115358,-0.0028182160594265654,-0.24046353985210925,100,146
B_only,1000,10000,-0.5726928945824595,-0.0028182160594265654,-0.569874678523033,100,146
A_only,1000,2000,-1.1121556825305283,-0.02555970165368331,-1.086595980876845,200,146
hybrid,1000,2000,-0.47552137061068683,-0.02555970165368331,-0.4499616689570035,200,146
B_only,1000,2000,-0.05436778981421638,-0.02555970165368331,-0.028808088160533072,200,146
A_only,1000,5000,-0.3206264654963708,-0.0014035296225299897,-0.3192229358738408,200,146
hybrid,1000,5000,-0.09233920889369848,-0.0014035296225299897,-0.0909356792711685,200,146
B_only,1000,5000,-0.15502416029656288,-0.0014035296225299897,-0.1536206306740329,200,146
A_only,1000,10000,-0.32233536889435355,-0.0006760970636952127,-0.32165927183065834,200,146
hybrid,1000,10000,-0.05183939092049933,-0.0006760970636952127,-0.05116329385680412,200,146
B_only,1000,10000,-7.324707595260038e-06,-0.0006760970636952127,0.0006687723560999527,200,146
A_only,1000,2000,-0.939904989004344,-0.026071275432122825,-0.9138337135722212,500,146
hybrid,1000,2000,-0.23266417673835663,-0.026071275432122825,-0.2065929013062338,500,146
B_only,1000,2000,-0.008340919365394299,-0.026071275432122825,0.017730356066728528,500,146
A_only,1000,5000,-0.6717523896884271,-0.0014035296225299897,-0.6703488600658971,500,146
hybrid,1000,5000,-0.11273908353837823,-0.0014035296225299897,-0.11133555391584825,500,146
B_only,1000,5000,-0.0007837326842960643,-0.0014035296225299897,0.0006197969382339254,500,146
A_only,1000,10000,-0.4032686027123284,-0.0006760970636952127,-0.4025925056486332,500,146
hybrid,1000,10000,-0.15733367030392664,-0.0006760970636952127,-0.15665757324023144,500,146
B_only,1000,10000,-0.006215570822742188,-0.0006760970636952127,-0.005539473759046975,500,146
A_only,1000,2000,-0.8728958863399569,-0.0028182160594265654,-0.8700776702805303,25,147
hybrid,1000,2000,-0.38152444929905477,-0.0028182160594265654,-0.3787062332396282,25,147
B_only,1000,2000,-0.00021234981339306373,-0.0028182160594265654,0.002605866246033502,25,147
A_only,1000,5000,-0.7127900530215869,-0.0017750072554159953,-0.7110150457661709,25,147
hybrid,1000,5000,-0.7542137922511499,-0.0017750072554159953,-0.7524387849957339,25,147
B_only,1000,5000,-0.0502419010943123,-0.0017750072554159953,-0.048466893838896304,25,147
A_only,1000,10000,-0.7249118692654776,-0.0006760970636952127,-0.7242357722017824,25,147
hybrid,1000,10000,-0.30522639602589313,-0.0006760970636952127,-0.30455029896219793,25,147
B_only,1000,10000,-0.015959598039795814,-0.0006760970636952127,-0.015283500976100602,25,147
A_only,1000,2000,-1.3899927951808018,-0.0028182160594265654,-1.3871745791213752,50,147
hybrid,1000,2000,-0.38901266657547184,-0.0028182160594265654,-0.3861944505160453,50,147
B_only,1000,2000,-0.010732190189750407,-0.0028182160594265654,-0.007913974130323843,50,147
A_only,1000,5000,-1.015237319824265,-0.0006760970636952127,-1.0145612227605698,50,147
hybrid,1000,5000,-0.5447472953176452,-0.0006760970636952127,-0.54407119825395,50,147
B_only,1000,5000,-0.007701370911972493,-0.0006760970636952127,-0.00702527384827728,50,147
A_only,1000,10000,-0.4693419816372828,-0.0006760970636952127,-0.4686658845735876,50,147
hybrid,1000,10000,-0.06373394385698236,-0.0006760970636952127,-0.06305784679328715,50,147
B_only,1000,10000,-2.7363731244973165e-05,-0.0006760970636952127,0.0006487333324502395,50,147
A_only,1000,2000,-1.1091338616054052,-0.0017750072554159953,-1.1073588543499893,100,147
hybrid,1000,2000,-0.5631953602681471,-0.0017750072554159953,-0.5614203530127311,100,147
B_only,1000,2000,-0.006676176592422985,-0.0017750072554159953,-0.0049011693370069895,100,147
A_only,1000,5000,-0.07647021661727578,-0.0028182160594265654,-0.07365200055784922,100,147
hybrid,1000,5000,-0.006739635168579925,-0.0028182160594265654,-0.00392141910915336,100,147
B_only,1000,5000,-2.076992672870122e-06,-0.0028182160594265654,0.002816139066753695,100,147
A_only,1000,10000,-0.28026263967808845,-0.0014035296225299897,-0.27885911005555847,100,147
hybrid,1000,10000,-0.14860850423922523,-0.0014035296225299897,-0.14720497461669524,100,147
B_only,1000,10000,-0.14994890396938348,-0.0014035296225299897,-0.1485453743468535,100,147
A_only,1000,2000,-0.8849405276752719,-0.0028182160594265654,-0.8821223116158453,200,147
hybrid,1000,2000,-0.17411855574985313,-0.0028182160594265654,-0.17130033969042657,200,147
B_only,1000,2000,-0.0002262069644591329,-0.0028182160594265654,0.0025920090949674325,200,147
A_only,1000,5000,-0.13373367768862102,-0.01849454206597494,-0.11523913562264608,200,147
hybrid,1000,5000,-0.019016788151994694,-0.01849454206597494,-0.0005222460860197543,200,147
B_only,1000,5000,-0.09476792363026501,-0.01849454206597494,-0.07627338156429007,200,147
A_only,1000,10000,-0.6402871276773953,-0.0014035296225299897,-0.6388835980548653,200,147
hybrid,1000,10000,-0.36292815920674,-0.0014035296225299897,-0.36152462958421,200,147
B_only,1000,10000,-0.06740041442645409,-0.0014035296225299897,-0.0659968848039241,200,147
A_only,1000,2000,-0.6177206703726213,-0.1362900998449837,-0.48143057052763766,500,147
hybrid,1000,2000,-0.17764148987302047,-0.1362900998449837,-0.04135139002803678,500,147
B_only,1000,2000,-0.02801034582844344,-0.1362900998449837,0.10827975401654025,500,147
A_only,1000,5000,-0.12647021302391548,-0.02338563685393675,-0.10308457616997874,500,147
hybrid,1000,5000,-0.023262210963555116,-0.02338563685393675,0.00012342589038163293,500,147
B_only,1000,5000,-0.00285434785013494,-0.02338563685393675,0.020531289003801807,500,147
A_only,1000,10000,-0.9079793664614323,-0.0006760970636952127,-0.9073032693977371,500,147
hybrid,1000,10000,-0.10014366506974906,-0.0006760970636952127,-0.09946756800605384,500,147
B_only,1000,10000,-5.167405472119863e-05,-0.0006760970636952127,0.0006244230089740141,500,147
A_only,1000,2000,-0.9888658643735986,-0.02555970165368331,-0.9633061627199153,25,148
hybrid,1000,2000,-0.4171395159250831,-0.02555970165368331,-0.39157981427139976,25,148
B_only,1000,2000,-0.009133227348859602,-0.02555970165368331,0.016426474304823708,25,148
A_only,1000,5000,-0.6625458477179299,-0.016652717978201063,-0.6458931297397288,25,148
hybrid,1000,5000,-0.5250695356084217,-0.016652717978201063,-0.5084168176302206,25,148
B_only,1000,5000,-1.1458029771851153,-0.016652717978201063,-1.1291502592069143,25,148
A_only,1000,10000,-0.17730376158655972,-0.0014035296225299897,-0.17590023196402974,25,148
hybrid,1000,10000,-0.05315806459658886,-0.0014035296225299897,-0.05175453497405887,25,148
B_only,1000,10000,-0.6535989465937245,-0.0014035296225299897,-0.6521954169711945,25,148
A_only,1000,2000,-1.4225073392518242,-0.10941634953475828,-1.313090989717066,50,148
hybrid,1000,2000,-0.824407111637567,-0.10941634953475828,-0.7149907621028087,50,148
B_only,1000,2000,-0.30921677143615506,-0.10941634953475828,-0.1998004219013968,50,148
A_only,1000,5000,-0.8727839961626555,-0.0014035296225299897,-0.8713804665401255,50,148
hybrid,1000,5000,-0.5767566524226031,-0.0014035296225299897,-0.5753531228000731,50,148
B_only,1000,5000,-0.07746832281272062,-0.0014035296225299897,-0.07606479319019063,50,148
A_only,1000,10000,-0.9800328024978902,-0.016652717978201063,-0.963380084519689,50,148
hybrid,1000,10000,-0.8111858388457962,-0.016652717978201063,-0.7945331208675951,50,148
B_only,1000,10000,-0.020722115012612244,-0.016652717978201063,-0.004069397034411181,50,148
A_only,1000,2000,-0.5396617313248384,-0.0014035296225299897,-0.5382582017023084,100,148
hybrid,1000,2000,-0.24225175949222605,-0.0014035296225299897,-0.24084822986969606,100,148
B_only,1000,2000,-0.1487624641859827,-0.0014035296225299897,-0.14735893456345273,100,148
A_only,1000,5000,-0.5923549246233092,-0.0006760970636952127,-0.591678827559614,100,148
hybrid,1000,5000,-0.406420682817645,-0.0006760970636952127,-0.4057445857539498,100,148
B_only,1000,5000,-0.7275157641727749,-0.0006760970636952127,-0.7268396671090797,100,148
A_only,1000,10000,-0.5425452189270492,-0.0006760970636952127,-0.541869121863354,100,148
hybrid,1000,10000,-0.12371939335607761,-0.0006760970636952127,-0.12304329629238239,100,148
B_only,1000,10000,-0.00046740231614390685,-0.0006760970636952127,0.00020869474755130584,100,148
A_only,1000,2000,-1.1577180036874846,-0.09615520256525803,-1.0615628011222265,200,148
hybrid,1000,2000,-0.5520300670673661,-0.09615520256525803,-0.4558748645021081,200,148
B_only,1000,2000,-0.07094979148380115,-0.09615520256525803,0.02520541108145688,200,148
A_only,1000,5000,-0.8201537922758719,-0.0033159803963591777,-0.8168378118795128,200,148
hybrid,1000,5000,-0.4512509916799865,-0.0033159803963591777,-0.44793501128362734,200,148
B_only,1000,5000,-0.12615054449986562,-0.0033159803963591777,-0.12283456410350645,200,148
A_only,1000,10000,-0.2961197982871131,-0.0014035296225299897,-0.2947162686645831,200,148
hybrid,1000,10000,-0.12217694565632867,-0.0014035296225299897,-0.12077341603379868,200,148
B_only,1000,10000,-0.1431488449510693,-0.0014035296225299897,-0.14174531532853932,200,148
A_only,1000,2000,-1.1222267434680806,-0.1362900998449837,-0.985936643623097,500,148
hybrid,1000,2000,-0.23322689931515175,-0.1362900998449837,-0.09693679947016806,500,148
B_only,1000,2000,-0.006137092754392879,-0.1362900998449837,0.1301530070905908,500,148
A_only,1000,5000,-1.1521062887243967,-0.0006760970636952127,-1.1514301916607015,500,148
hybrid,1000,5000,-0.14757870647447557,-0.0006760970636952127,-0.14690260941078037,500,148
B_only,1000,5000,-0.005243293945620735,-0.0006760970636952127,-0.004567196881925522,500,148
A_only,1000,10000,-0.6010730245511595,-0.0006760970636952127,-0.6003969274874643,500,148
hybrid,1000,10000,-0.19880280492676125,-0.0006760970636952127,-0.19812670786306605,500,148
B_only,1000,10000,-0.021802524713440144,-0.0006760970636952127,-0.02112642764974493,500,148
A_only,1000,2000,-1.4255574572050809,-0.02555970165368331,-1.3999977555513976,25,149
hybrid,1000,2000,-1.0077799147651083,-0.02555970165368331,-0.982220213111425,25,149
B_only,1000,2000,-0.09428391215982417,-0.02555970165368331,-0.06872421050614086,25,149
A_only,1000,5000,-0.7374935627139756,-0.0014035296225299897,-0.7360900330914456,25,149
hybrid,1000,5000,-0.6466465227882653,-0.0014035296225299897,-0.6452429931657353,25,149
B_only,1000,5000,-0.36375629634967743,-0.0014035296225299897,-0.36235276672714745,25,149
A_only,1000,10000,-0.3918064664079438,-0.0006760970636952127,-0.3911303693442486,25,149
hybrid,1000,10000,-0.21685966040292154,-0.0006760970636952127,-0.21618356333922634,25,149
B_only,1000,10000,-0.20325731019489215,-0.0006760970636952127,-0.20258121313119695,25,149
A_only,1000,2000,-0.8141162475498627,-0.0014035296225299897,-0.8127127179273327,50,149
hybrid,1000,2000,-0.5050657624090158,-0.0014035296225299897,-0.5036622327864858,50,149
B_only,1000,2000,-0.004509575414852113,-0.0014035296225299897,-0.003106045792322123,50,149
A_only,1000,5000,-1.5555241814610186,-0.0033159803963591777,-1.5522082010646594,50,149
hybrid,1000,5000,-0.8800152351666256,-0.0033159803963591777,-0.8766992547702664,50,149
B_only,1000,5000,-0.011607855566800449,-0.0033159803963591777,-0.008291875170441271,50,149
A_only,1000,10000,-0.3280520656054298,-0.0006760970636952127,-0.3273759685417346,50,149
hybrid,1000,10000,-0.1568678852126077,-0.0006760970636952127,-0.1561917881489125,50,149
B_only,1000,10000,-0.000691065735616237,-0.0006760970636952127,-1.4968671921024323e-05,50,149
A_only,1000,2000,-0.825329264854709,-0.0028182160594265654,-0.8225110487952825,100,149
hybrid,1000,2000,-0.38696724152721873,-0.0028182160594265654,-0.38414902546779217,100,149
B_only,1000,2000,-0.2361599311631306,-0.0028182160594265654,-0.23334171510370405,100,149
A_only,1000,5000,-0.5355741545586631,-0.0014035296225299897,-0.5341706249361331,100,149
hybrid,1000,5000,-0.25975472460627597,-0.0014035296225299897,-0.258351194983746,100,149
B_only,1000,5000,-0.025934974266257047,-0.0014035296225299897,-0.024531444643727057,100,149
A_only,1000,10000,-0.9188514546161446,-0.0028182160594265654,-0.916033238556718,100,149
hybrid,1000,10000,-0.30377274862852954,-0.0028182160594265654,-0.300954532569103,100,149
B_only,1000,10000,-0.0012666219963413084,-0.0028182160594265654,0.001551594063085257,100,149
A_only,1000,2000,-0.5372949121474007,-0.02338563685393675,-0.5139092752934639,200,149
hybrid,1000,2000,-0.23524735677953265,-0.02338563685393675,-0.2118617199255959,200,149
B_only,1000,2000,-0.585880378737106,-0.02338563685393675,-0.5624947418831692,200,149
A_only,1000,5000,-1.3020582210792444,-0.0014035296225299897,-1.3006546914567143,200,149
hybrid,1000,5000,-0.8098539433595495,-0.0014035296225299897,-0.8084504137370195,200,149
B_only,1000,5000,-0.17791744872344015,-0.0014035296225299897,-0.17651391910091016,200,149
A_only,1000,10000,-0.7555441023903379,-0.0014035296225299897,-0.7541405727678079,200,149
hybrid,1000,10000,-0.23351607776135408,-0.0014035296225299897,-0.2321125481388241,200,149
B_only,1000,10000,-0.00031618048935210544,-0.0014035296225299897,0.0010873491331778843,200,149
A_only,1000,2000,-0.815926742346736,-0.0014035296225299897,-0.814523212724206,500,149
hybrid,1000,2000,-0.10583435644638087,-0.0014035296225299897,-0.10443082682385088,500,149
B_only,1000,2000,-0.019815209986217445,-0.0014035296225299897,-0.018411680363687455,500,149
A_only,1000,5000,-0.40800319303106153,-0.01849454206597494,-0.3895086509650866,500,149
hybrid,1000,5000,-0.052954306918902745,-0.01849454206597494,-0.0344597648529278,500,149
B_only,1000,5000,-1.2313531586702971e-05,-0.01849454206597494,0.01848222853438824,500,149
A_only,1000,10000,-0.6048314988294744,-0.0014035296225299897,-0.6034279692069444,500,149
hybrid,1000,10000,-0.08476536532664271,-0.0014035296225299897,-0.08336183570411272,500,149
B_only,1000,10000,-0.00012134653489989453,-0.0014035296225299897,0.0012821830876300951,500,149
A_only,1000,2000,-1.504064482907494,-0.04442382739503962,-1.4596406555124544,25,150
hybrid,1000,2000,-1.2358433047682202,-0.04442382739503962,-1.1914194773731805,25,150
B_only,1000,2000,-0.5712038654768621,-0.04442382739503962,-0.5267800380818225,25,150
A_only,1000,5000,-1.0560981002877272,-0.0006760970636952127,-1.055422003224032,25,150
hybrid,1000,5000,-0.803061250131984,-0.0006760970636952127,-0.8023851530682888,25,150
B_only,1000,5000,-1.531899492491244,-0.0006760970636952127,-1.5312233954275487,25,150
A_only,1000,10000,-0.6117601762290344,-0.0017750072554159953,-0.6099851689736184,25,150
hybrid,1000,10000,-0.311929706358393,-0.0017750072554159953,-0.310154699102977,25,150
B_only,1000,10000,-0.3167817052134393,-0.0017750072554159953,-0.3150066979580233,25,150
A_only,1000,2000,-0.733945432597314,-0.016652717978201063,-0.7172927146191129,50,150
hybrid,1000,2000,-0.6855194660105238,-0.016652717978201063,-0.6688667480323227,50,150
B_only,1000,2000,-0.9493313739593083,-0.016652717978201063,-0.9326786559811072,50,150
A_only,1000,5000,-0.6744117913556945,-0.0014035296225299897,-0.6730082617331645,50,150
hybrid,1000,5000,-0.4655273303850782,-0.0014035296225299897,-0.4641238007625482,50,150
B_only,1000,5000,-0.45248848128471036,-0.0014035296225299897,-0.4510849516621804,50,150
A_only,1000,10000,-0.8636584157529059,-0.016530923319274207,-0.8471274924336317,50,150
hybrid,1000,10000,-0.5627933879968195,-0.016530923319274207,-0.5462624646775454,50,150
B_only,1000,10000,-0.021174727322605124,-0.016530923319274207,-0.004643804003330917,50,150
A_only,1000,2000,-0.5686799860161694,-0.0006760970636952127,-0.5680038889524742,100,150
hybrid,1000,2000,-0.10399896708272284,-0.0006760970636952127,-0.10332287001902762,100,150
B_only,1000,2000,-6.726688438876365e-07,-0.0006760970636952127,0.000675424394851325,100,150
A_only,1000,5000,-0.014148727856188847,-0.016530923319274207,0.00238219546308536,100,150
hybrid,1000,5000,-0.0005444094413390834,-0.016530923319274207,0.015986513877935125,100,150
B_only,1000,5000,-0.03708979392623634,-0.016530923319274207,-0.020558870606962133,100,150
A_only,1000,10000,-0.5948888252990111,-0.0014035296225299897,-0.5934852956764811,100,150
hybrid,1000,10000,-0.2866037120995998,-0.0014035296225299897,-0.2852001824770698,100,150
B_only,1000,10000,-0.009526919385903863,-0.0014035296225299897,-0.008123389763373873,100,150
A_only,1000,2000,-0.5936607099824689,-0.0017750072554159953,-0.5918857027270529,200,150
hybrid,1000,2000,-0.18688434616093708,-0.0017750072554159953,-0.1851093389055211,200,150
B_only,1000,2000,-0.01336532704860286,-0.0017750072554159953,-0.011590319793186863,200,150
A_only,1000,5000,-1.4925730695532762,-0.03431007729625027,-1.4582629922570258,200,150
hybrid,1000,5000,-0.5089887359634534,-0.03431007729625027,-0.47467865866720316,200,150
B_only,1000,5000,-0.023695704302298906,-0.03431007729625027,0.010614372993951363,200,150
A_only,1000,10000,-1.1721784255324552,-0.0033159803963591777,-1.168862445136096,200,150
hybrid,1000,10000,-0.5683154053420375,-0.0033159803963591777,-0.5649994249456783,200,150
B_only,1000,10000,-0.025644175531706486,-0.0033159803963591777,-0.02232819513534731,200,150
A_only,1000,2000,-1.5146076952658054,-0.0014035296225299897,-1.5132041656432753,500,150
hybrid,1000,2000,-0.3599952020611452,-0.0014035296225299897,-0.3585916724386152,500,150
B_only,1000,2000,-0.020304579041214774,-0.0014035296225299897,-0.018901049418684784,500,150
A_only,1000,5000,-0.958022464216395,-0.0017750072554159953,-0.956247456960979,500,150
hybrid,1000,5000,-0.24558859863360802,-0.0017750072554159953,-0.24381359137819203,500,150
B_only,1000,5000,-0.04921070637621978,-0.0017750072554159953,-0.04743569912080378,500,150
A_only,1000,10000,-0.5733877777425956,-0.0006760970636952127,-0.5727116806789004,500,150
hybrid,1000,10000,-0.20737427765245103,-0.0006760970636952127,-0.20669818058875583,500,150
B_only,1000,10000,-0.007934362966966002,-0.0006760970636952127,-0.00725826590327079,500,150
A_only,1000,2000,-0.9936094200270601,-0.0014035296225299897,-0.9922058904045301,25,151
hybrid,1000,2000,-0.3877603015385231,-0.0014035296225299897,-0.3863567719159931,25,151
B_only,1000,2000,-4.507881596247257e-06,-0.0014035296225299897,0.0013990217409337424,25,151
A_only,1000,5000,-0.8074339520743213,-0.0006760970636952127,-0.8067578550106261,25,151
hybrid,1000,5000,-0.23197450028882827,-0.0006760970636952127,-0.23129840322513306,25,151
B_only,1000,5000,-7.951084415142162e-05,-0.0006760970636952127,0.0005965862195437911,25,151
A_only,1000,10000,-0.7209956570093113,-0.0006760970636952127,-0.7203195599456161,25,151
hybrid,1000,10000,-0.2993427632556693,-0.0006760970636952127,-0.2986666661919741,25,151
B_only,1000,10000,-0.008160852509946252,-0.0006760970636952127,-0.007484755446251039,25,151
A_only,1000,2000,-0.062119347690443395,-0.0033159803963591777,-0.05880336729408422,50,151
hybrid,1000,2000,-0.0026084914995123725,-0.0033159803963591777,0.0007074888968468052,50,151
B_only,1000,2000,-0.030461814374164634,-0.0033159803963591777,-0.027145833977805456,50,151
A_only,1000,5000,-0.6578690585475089,-0.0014035296225299897,-0.6564655289249789,50,151
hybrid,1000,5000,-0.20088793517100312,-0.0014035296225299897,-0.19948440554847313,50,151
B_only,1000,5000,-0.026406816803157023,-0.0014035296225299897,-0.025003287180627033,50,151
A_only,1000,10000,-0.7356571656478346,-0.0006760970636952127,-0.7349810685841394,50,151
hybrid,1000,10000,-0.2768206601619735,-0.0006760970636952127,-0.2761445630982783,50,151
B_only,1000,10000,-7.657301324861473e-05,-0.0006760970636952127,0.000599524050446598,50,151
A_only,1000,2000,-0.6650693959536357,-0.0006760970636952127,-0.6643932988899405,100,151
hybrid,1000,2000,-0.36454834177268736,-0.0006760970636952127,-0.36387224470899215,100,151
B_only,1000,2000,-1.1328532093850157,-0.0006760970636952127,-1.1321771123213205,100,151
A_only,1000,5000,-0.5559947308762855,-0.0028182160594265654,-0.5531765148168589,100,151
hybrid,1000,5000,-0.33175148043587355,-0.0028182160594265654,-0.328933264376447,100,151
B_only,1000,5000,-0.12000588503142612,-0.0028182160594265654,-0.11718766897199956,100,151
A_only,1000,10000,-0.9166954422783646,-0.0006760970636952127,-0.9160193452146694,100,151
hybrid,1000,10000,-0.4888961046408871,-0.0006760970636952127,-0.4882200075771919,100,151
B_only,1000,10000,-0.001134316742600528,-0.0006760970636952127,-0.00045821967890531526,100,151
A_only,1000,2000,-0.4098397726837241,-0.04442382739503962,-0.3654159452886845,200,151
hybrid,1000,2000,-0.10259408840098011,-0.04442382739503962,-0.05817026100594049,200,151
B_only,1000,2000,-0.19458943511605686,-0.04442382739503962,-0.15016560772101725,200,151
A_only,1000,5000,-0.7450380163422593,-0.016530923319274207,-0.7285070930229851,200,151
hybrid,1000,5000,-0.14485588877569244,-0.016530923319274207,-0.12832496545641825,200,151
B_only,1000,5000,-3.022281644162708e-07,-0.016530923319274207,0.016530621091109792,200,151
A_only,1000,10000,-0.24992725661762596,-0.0006760970636952127,-0.24925115955393076,200,151
hybrid,1000,10000,-0.10551398775094938,-0.0006760970636952127,-0.10483789068725416,200,151
B_only,1000,10000,-0.06957025262844274,-0.0006760970636952127,-0.06889415556474753,200,151
A_only,1000,2000,-1.3263092467043274,-0.0014035296225299897,-1.3249057170817973,500,151
hybrid,1000,2000,-0.256999745726974,-0.0014035296225299897,-0.255596216104444,500,151
B_only,1000,2000,-0.007942016094623975,-0.0014035296225299897,-0.006538486472093985,500,151
A_only,1000,5000,-0.014791972942961737,-0.0017750072554159953,-0.013016965687545741,500,151
hybrid,1000,5000,-0.0027899346287135456,-0.0017750072554159953,-0.0010149273732975503,500,151
B_only,1000,5000,-0.06703922845492755,-0.0017750072554159953,-0.06526422119951156,500,151
A_only,1000,10000,-0.2570496702117203,-0.0014035296225299897,-0.25564614058919033,500,151
hybrid,1000,10000,-0.06067341507250768,-0.0014035296225299897,-0.059269885449977695,500,151
B_only,1000,10000,-0.009911252961567758,-0.0014035296225299897,-0.008507723339037768,500,151
A_only,1000,2000,-1.0894771124285259,-0.01849454206597494,-1.0709825703625508,25,152
hybrid,1000,2000,-0.4922665040623446,-0.01849454206597494,-0.4737719619963697,25,152
B_only,1000,2000,-0.006077081621524996,-0.01849454206597494,0.012417460444449944,25,152
A_only,1000,5000,-0.815722280310343,-0.016530923319274207,-0.7991913569910688,25,152
hybrid,1000,5000,-0.48730449244955715,-0.016530923319274207,-0.47077356913028295,25,152
B_only,1000,5000,-0.04026337081428899,-0.016530923319274207,-0.023732447495014783,25,152
A_only,1000,10000,-0.12911039838837501,-0.0014035296225299897,-0.12770686876584503,25,152
hybrid,1000,10000,-0.026951069702925583,-0.0014035296225299897,-0.025547540080395593,25,152
B_only,1000,10000,-0.3018213637266464,-0.0014035296225299897,-0.30041783410411643,25,152
A_only,1000,2000,-1.3923094141816328,-0.016530923319274207,-1.3757784908623585,50,152
hybrid,1000,2000,-0.7647271040199141,-0.016530923319274207,-0.7481961807006399,50,152
B_only,1000,2000,-0.3288739857059545,-0.016530923319274207,-0.3123430623866803,50,152
A_only,1000,5000,-0.869383773654974,-0.016530923319274207,-0.8528528503356998,50,152
hybrid,1000,5000,-0.685553964202485,-0.016530923319274207,-0.6690230408832109,50,152
B_only,1000,5000,-1.1119331979855533,-0.016530923319274207,-1.095402274666279,50,152
A_only,1000,10000,-0.6750645078875499,-0.0006760970636952127,-0.6743884108238547,50,152
hybrid,1000,10000,-0.6040381654266932,-0.0006760970636952127,-0.603362068362998,50,152
B_only,1000,10000,-0.09528644495833488,-0.0006760970636952127,-0.09461034789463967,50,152
A_only,1000,2000,-1.3406790561492634,-0.0028182160594265654,-1.3378608400898369,100,152
hybrid,1000,2000,-0.9731068802003049,-0.0028182160594265654,-0.9702886641408783,100,152
B_only,1000,2000,-0.20709777860041007,-0.0028182160594265654,-0.2042795625409835,100,152
A_only,1000,5000,-0.8373058613100725,-0.0006760970636952127,-0.8366297642463772,100,152
hybrid,1000,5000,-0.6183457481631548,-0.0006760970636952127,-0.6176696510994596,100,152
B_only,1000,5000,-0.0020779077602547354,-0.0006760970636952127,-0.0014018106965595226,100,152
A_only,1000,10000,-0.18616230671723588,-0.0017750072554159953,-0.1843872994618199,100,152
hybrid,1000,10000,-0.04067676215009021,-0.0017750072554159953,-0.03890175489467421,100,152
B_only,1000,10000,-2.691075051740892e-06,-0.0017750072554159953,0.0017723161803642545,100,152
A_only,1000,2000,-0.4794381172230357,-0.016530923319274207,-0.4629071939037615,200,152
hybrid,1000,2000,-0.15464509807362084,-0.016530923319274207,-0.13811417475434662,200,152
B_only,1000,2000,-0.315598918385075,-0.016530923319274207,-0.2990679950658008,200,152
A_only,1000,5000,-0.7293020813490603,-0.0014035296225299897,-0.7278985517265303,200,152
hybrid,1000,5000,-0.36469808729338155,-0.0014035296225299897,-0.36329455767085156,200,152
B_only,1000,5000,-0.42607811463723744,-0.0014035296225299897,-0.42467458501470745,200,152
A_only,1000,10000,-0.5253494894474461,-0.0017750072554159953,-0.5235744821920301,200,152
hybrid,1000,10000,-0.17270819355409758,-0.0017750072554159953,-0.1709331862986816,200,152
B_only,1000,10000,-6.31061761683794e-05,-0.0017750072554159953,0.001711901079247616,200,152
A_only,1000,2000,-1.5088982026553905,-0.016530923319274207,-1.4923672793361162,500,152
hybrid,1000,2000,-0.5963815768921502,-0.016530923319274207,-0.579850653572876,500,152
B_only,1000,2000,-0.3573543255375404,-0.016530923319274207,-0.3408234022182662,500,152
A_only,1000,5000,-0.944812771204003,-0.0006760970636952127,-0.9441366741403078,500,152
hybrid,1000,5000,-0.1844269887816141,-0.0006760970636952127,-0.1837508917179189,500,152
B_only,1000,5000,-0.0024656737164484746,-0.0006760970636952127,-0.0017895766527532618,500,152
A_only,1000,10000,-0.03863626723823485,-0.0017750072554159953,-0.036861259982818854,500,152
hybrid,1000,10000,-0.006499863058690314,-0.0017750072554159953,-0.004724855803274319,500,152
B_only,1000,10000,-0.010280952687322391,-0.0017750072554159953,-0.008505945431906395,500,152
A_only,1000,2000,-0.6089491249062613,-0.021107166088018964,-0.5878419588182423,25,153
hybrid,1000,2000,-0.13377364702143935,-0.021107166088018964,-0.11266648093342038,25,153
B_only,1000,2000,-0.016385211700959242,-0.021107166088018964,0.0047219543870597215,25,153
A_only,1000,5000,-0.9703755777283962,-0.02338563685393675,-0.9469899408744594,25,153
hybrid,1000,5000,-0.13139621511058075,-0.02338563685393675,-0.10801057825664401,25,153
B_only,1000,5000,-9.326723100709395e-13,-0.02338563685393675,0.02338563685300408,25,153
A_only,1000,10000,-0.5589035825693135,-0.0006760970636952127,-0.5582274855056183,25,153
hybrid,1000,10000,-0.3114081174736306,-0.0006760970636952127,-0.3107320204099354,25,153
B_only,1000,10000,-0.08645960687218188,-0.0006760970636952127,-0.08578350980848666,25,153
A_only,1000,2000,-0.9581235770562329,-0.026071275432122825,-0.93205230162411,50,153
hybrid,1000,2000,-0.06745350229877124,-0.026071275432122825,-0.041382226866648414,50,153
B_only,1000,2000,-2.5269360437827054e-10,-0.026071275432122825,0.02607127517942922,50,153
A_only,1000,5000,-0.9185916382970023,-0.0006760970636952127,-0.9179155412333071,50,153
hybrid,1000,5000,-1.1183964474143688,-0.0006760970636952127,-1.1177203503506736,50,153
B_only,1000,5000,-0.3520279656714207,-0.0006760970636952127,-0.3513518686077255,50,153
A_only,1000,10000,-0.14438232007554527,-0.0006760970636952127,-0.14370622301185007,50,153
hybrid,1000,10000,-0.037963707545338655,-0.0006760970636952127,-0.037287610481643446,50,153
B_only,1000,10000,-0.030637505709136103,-0.0006760970636952127,-0.02996140864544089,50,153
A_only,1000,2000,-0.35516324585389475,-0.0033159803963591777,-0.3518472654575356,100,153
hybrid,1000,2000,-0.12838157771463368,-0.0033159803963591777,-0.1250655973182745,100,153
B_only,1000,2000,-0.20727284589864126,-0.0033159803963591777,-0.2039568655022821,100,153
A_only,1000,5000,-0.4535066197427891,-0.044229416304240946,-0.4092772034385482,100,153
hybrid,1000,5000,-0.11920349995970665,-0.044229416304240946,-0.0749740836554657,100,153
B_only,1000,5000,-0.0045169991840788085,-0.044229416304240946,0.03971241712016214,100,153
A_only,1000,10000,-0.5263048304706299,-0.0006760970636952127,-0.5256287334069347,100,153
hybrid,1000,10000,-0.1464034520971235,-0.0006760970636952127,-0.1457273550334283,100,153
B_only,1000,10000,-0.00025582697968094993,-0.0006760970636952127,0.00042027008401426276,100,153
A_only,1000,2000,-0.722729972080359,-0.02338563685393675,-0.6993443352264223,200,153
hybrid,1000,2000,-0.2897756727753824,-0.02338563685393675,-0.26639003592144567,200,153
B_only,1000,2000,-0.18880472297526493,-0.02338563685393675,-0.1654190861213282,200,153
A_only,1000,5000,-0.5737403998212426,-0.0028182160594265654,-0.570922183761816,200,153
hybrid,1000,5000,-0.2492626255317854,-0.0028182160594265654,-0.24644440947235885,200,153
B_only,1000,5000,-0.03334348590909972,-0.0028182160594265654,-0.030525269849673152,200,153
A_only,1000,10000,-0.8612801416001328,-0.0006760970636952127,-0.8606040445364376,200,153
hybrid,1000,10000,-0.5226582112841014,-0.0006760970636952127,-0.5219821142204062,200,153
B_only,1000,10000,-0.21540309762578919,-0.0006760970636952127,-0.21472700056209398,200,153
A_only,1000,2000,-0.9913593118638062,-0.0033159803963591777,-0.988043331467447,500,153
hybrid,1000,2000,-0.10663965586395574,-0.0033159803963591777,-0.10332367546759656,500,153
B_only,1000,2000,-1.5079012063061852e-05,-0.0033159803963591777,0.003300901384296116,500,153
A_only,1000,5000,-0.4620415994826805,-0.0014035296225299897,-0.4606380698601505,500,153
hybrid,1000,5000,-0.10430087545855572,-0.0014035296225299897,-0.10289734583602574,500,153
B_only,1000,5000,-0.016063692691969774,-0.0014035296225299897,-0.014660163069439784,500,153
A_only,1000,10000,-0.874590227256518,-0.0028182160594265654,-0.8717720111970915,500,153
hybrid,1000,10000,-0.24836102321383702,-0.0028182160594265654,-0.24554280715441046,500,153
B_only,1000,10000,-0.009112161761806539,-0.0028182160594265654,-0.006293945702379973,500,153
A_only,1000,2000,-1.3854159121615237,-0.026071275432122825,-1.3593446367294009,25,154
hybrid,1000,2000,-0.6066047429765425,-0.026071275432122825,-0.5805334675444197,25,154
B_only,1000,2000,-0.04754356448983318,-0.026071275432122825,-0.021472289057710352,25,154
A_only,1000,5000,-0.691196475130681,-0.0028182160594265654,-0.6883782590712545,25,154
hybrid,1000,5000,-0.16637096691878384,-0.0028182160594265654,-0.16355275085935728,25,154
B_only,1000,5000,-0.004119603142097825,-0.0028182160594265654,-0.0013013870826712598,25,154
A_only,1000,10000,-0.2791649396838935,-0.0006760970636952127,-0.2784888426201983,25,154
hybrid,1000,10000,-0.140142508161245,-0.0006760970636952127,-0.1394664110975498,25,154
B_only,1000,10000,-0.33016611510122,-0.0006760970636952127,-0.3294900180375248,25,154
A_only,1000,2000,-1.1037981765348257,-0.02744009198228548,-1.0763580845525402,50,154
hybrid,1000,2000,-0.7409181600399729,-0.02744009198228548,-0.7134780680576874,50,154
B_only,1000,2000,-1.239715048738841,-0.02744009198228548,-1.2122749567565556,50,154
A_only,1000,5000,-0.37698721972149773,-0.0006760970636952127,-0.37631112265780253,50,154
hybrid,1000,5000,-0.0734466948345106,-0.0006760970636952127,-0.07277059777081539,50,154
B_only,1000,5000,-9.734262420649337e-08,-0.0006760970636952127,0.0006759997210710062,50,154
A_only,1000,10000,-0.4714481001550034,-0.0017750072554159953,-0.46967309289958736,50,154
hybrid,1000,10000,-0.29571349098127175,-0.0017750072554159953,-0.29393848372585574,50,154
B_only,1000,10000,-0.07832012182112129,-0.0017750072554159953,-0.0765451145657053,50,154
A_only,1000,2000,-0.9578845771733916,-0.01849454206597494,-0.9393900351074167,100,154
hybrid,1000,2000,-0.8794666646646098,-0.01849454206597494,-0.8609721225986349,100,154
B_only,1000,2000,-0.5546094900785101,-0.01849454206597494,-0.5361149480125352,100,154
A_only,1000,5000,-0.7056438179772181,-0.016652717978201063,-0.688991099999017,100,154
hybrid,1000,5000,-0.29841841380543993,-0.016652717978201063,-0.28176569582723887,100,154
B_only,1000,5000,-0.017375272868232608,-0.016652717978201063,-0.0007225548900315452,100,154
A_only,1000,10000,-0.4557007727224639,-0.0006760970636952127,-0.4550246756587687,100,154
hybrid,1000,10000,-0.11446237540194691,-0.0006760970636952127,-0.1137862783382517,100,154
B_only,1000,10000,-0.0001504096451154952,-0.0006760970636952127,0.0005256874185797175,100,154
A_only,1000,2000,-0.19870799591765606,-0.021107166088018964,-0.1776008298296371,200,154
hybrid,1000,2000,-0.01616734618062405,-0.021107166088018964,0.004939819907394914,200,154
B_only,1000,2000,-0.0038309000104846096,-0.021107166088018964,0.017276266077534352,200,154
A_only,1000,5000,-0.4229111482974695,-0.016530923319274207,-0.4063802249781953,200,154
hybrid,1000,5000,-0.16046419996740663,-0.016530923319274207,-0.14393327664813244,200,154
B_only,1000,5000,-0.009156683126916561,-0.016530923319274207,0.007374240192357646,200,154
A_only,1000,10000,-0.4746035362891456,-0.0006760970636952127,-0.4739274392254504,200,154
hybrid,1000,10000,-0.1790362731107781,-0.0006760970636952127,-0.1783601760470829,200,154
B_only,1000,10000,-0.010787774639806671,-0.0006760970636952127,-0.010111677576111458,200,154
A_only,1000,2000,-1.0942109975546968,-0.044229416304240946,-1.0499815812504558,500,154
hybrid,1000,2000,-0.39525712916079075,-0.044229416304240946,-0.3510277128565498,500,154
B_only,1000,2000,-0.08932817508287,-0.044229416304240946,-0.04509875877862905,500,154
A_only,1000,5000,-0.5631710857943135,-0.0033159803963591777,-0.5598551053979544,500,154
hybrid,1000,5000,-0.24025028152258945,-0.0033159803963591777,-0.23693430112623026,500,154
B_only,1000,5000,-0.09401779684691766,-0.0033159803963591777,-0.09070181645055848,500,154
A_only,1000,10000,-0.6021901850075865,-0.0006760970636952127,-0.6015140879438913,500,154
hybrid,1000,10000,-0.09541751780048062,-0.0006760970636952127,-0.0947414207367854,500,154
B_only,1000,10000,-6.931030483350752e-05,-0.0006760970636952127,0.0006067867588617051,500,154
A_only,1000,2000,-0.5844705437076383,-0.016652717978201063,-0.5678178257294372,25,155
hybrid,1000,2000,-0.1291768644104504,-0.016652717978201063,-0.11252414643224934,25,155
B_only,1000,2000,-0.003153562369242759,-0.016652717978201063,0.013499155608958303,25,155
A_only,1000,5000,-1.1655707775363882,-0.0014035296225299897,-1.164167247913858,25,155
hybrid,1000,5000,-0.857843940716639,-0.0014035296225299897,-0.8564404110941091,25,155
B_only,1000,5000,-0.013219640656711822,-0.0014035296225299897,-0.011816111034181832,25,155
A_only,1000,10000,-0.36219496431043413,-0.0014035296225299897,-0.36079143468790414,25,155
hybrid,1000,10000,-0.21127601348134467,-0.0014035296225299897,-0.20987248385881468,25,155
B_only,1000,10000,-1.4394961132409931,-0.0014035296225299897,-1.438092583618463,25,155
A_only,1000,2000,-1.3592136318395387,-0.02338563685393675,-1.335827994985602,50,155
hybrid,1000,2000,-1.191482671353657,-0.02338563685393675,-1.1680970344997204,50,155
B_only,1000,2000,-0.2764974083383834,-0.02338563685393675,-0.25311177148444663,50,155
A_only,1000,5000,-0.4254895738128501,-0.0006760970636952127,-0.4248134767491549,50,155
hybrid,1000,5000,-0.07320146098954307,-0.0006760970636952127,-0.07252536392584785,50,155
B_only,1000,5000,-0.0003880842536926885,-0.0006760970636952127,0.0002880128100025242,50,155
A_only,1000,10000,-0.014900215919542225,-0.0006760970636952127,-0.014224118855847012,50,155
hybrid,1000,10000,-0.0019438499174770196,-0.0006760970636952127,-0.001267752853781807,50,155
B_only,1000,10000,-0.11573229557996786,-0.0006760970636952127,-0.11505619851627265,50,155
A_only,1000,2000,-1.2718320401320138,-0.03431007729625027,-1.2375219628357634,100,155
hybrid,1000,2000,-0.6363991527871152,-0.03431007729625027,-0.602089075490865,100,155
B_only,1000,2000,-0.011414425292188916,-0.03431007729625027,0.02289565200406135,100,155
A_only,1000,5000,-0.936393442234035,-0.0014035296225299897,-0.934989912611505,100,155
hybrid,1000,5000,-0.700114658768008,-0.0014035296225299897,-0.6987111291454781,100,155
B_only,1000,5000,-0.3926540159838501,-0.0014035296225299897,-0.3912504863613201,100,155
A_only,1000,10000,-0.35378662591648974,-0.016652717978201063,-0.3371339079382887,100,155
hybrid,1000,10000,-0.15391889447958385,-0.016652717978201063,-0.1372661765013828,100,155
B_only,1000,10000,-0.07687175431647514,-0.016652717978201063,-0.06021903633827408,100,155
A_only,1000,2000,-0.8193985289252146,-0.026071275432122825,-0.7933272534930917,200,155
hybrid,1000,2000,-0.3303039426317828,-0.026071275432122825,-0.30423266719965997,200,155
B_only,1000,2000,-0.033954223114515056,-0.026071275432122825,-0.00788294768239223,200,155
A_only,1000,5000,-0.31856513078107357,-0.021107166088018964,-0.29745796469305463,200,155
hybrid,1000,5000,-0.08046147454762186,-0.021107166088018964,-0.05935430845960289,200,155
B_only,1000,5000,-0.0024087301556032204,-0.021107166088018964,0.018698435932415745,200,155
A_only,1000,10000,-1.2828517356674765,-0.0006760970636952127,-1.2821756386037813,200,155
hybrid,1000,10000,-0.22700763230902246,-0.0006760970636952127,-0.22633153524532726,200,155
B_only,1000,10000,-1.5230028264773176e-08,-0.0006760970636952127,0.0006760818336669479,200,155
A_only,1000,2000,-0.5319862135370726,-0.20592967351260755,-0.3260565400244651,500,155
hybrid,1000,2000,-0.1586599572563092,-0.20592967351260755,0.04726971625629836,500,155
B_only,1000,2000,-0.05366465619438173,-0.20592967351260755,0.1522650173182258,500,155
A_only,1000,5000,-0.7002172630347056,-0.0014035296225299897,-0.6988137334121756,500,155
hybrid,1000,5000,-0.2779023201027292,-0.0014035296225299897,-0.2764987904801992,500,155
B_only,1000,5000,-0.07921241862687758,-0.0014035296225299897,-0.0778088890043476,500,155
A_only,1000,10000,-0.6192975948683881,-0.0006760970636952127,-0.6186214978046929,500,155
hybrid,1000,10000,-0.1270187582056481,-0.0006760970636952127,-0.1263426611419529,500,155
B_only,1000,10000,-0.0008153428935935496,-0.0006760970636952127,-0.00013924582989833687,500,155
A_only,1000,2000,-1.22370585347753,-0.0017750072554159953,-1.2219308462221141,25,156
hybrid,1000,2000,-0.9797722991147957,-0.0017750072554159953,-0.9779972918593797,25,156
B_only,1000,2000,-0.41950785408152463,-0.0017750072554159953,-0.4177328468261086,25,156
A_only,1000,5000,-0.4681796889106548,-0.016530923319274207,-0.4516487655913806,25,156
hybrid,1000,5000,-0.19679245840212037,-0.016530923319274207,-0.18026153508284615,25,156
B_only,1000,5000,-1.4298649725605699,-0.016530923319274207,-1.4133340492412956,25,156
A_only,1000,10000,-0.42043429490454753,-0.0006760970636952127,-0.41975819784085233,25,156
hybrid,1000,10000,-0.19616541760263165,-0.0006760970636952127,-0.19548932053893645,25,156
B_only,1000,10000,-0.040908268792312616,-0.0006760970636952127,-0.04023217172861741,25,156
A_only,1000,2000,-1.0824209951777413,-0.016652717978201063,-1.0657682771995403,50,156
hybrid,1000,2000,-0.6788044803680351,-0.016652717978201063,-0.662151762389834,50,156
B_only,1000,2000,-0.00341748612299884,-0.016652717978201063,0.013235231855202223,50,156
A_only,1000,5000,-0.5051060851142374,-0.0017750072554159953,-0.5033310778588214,50,156
hybrid,1000,5000,-0.24989128722560094,-0.0017750072554159953,-0.24811627997018496,50,156
B_only,1000,5000,-0.2553314630787145,-0.0017750072554159953,-0.2535564558232985,50,156
A_only,1000,10000,-0.49594859433543975,-0.0006760970636952127,-0.49527249727174455,50,156
hybrid,1000,10000,-0.2868873893029119,-0.0006760970636952127,-0.2862112922392167,50,156
B_only,1000,10000,-0.10367018480341968,-0.0006760970636952127,-0.10299408773972446,50,156
A_only,1000,2000,-1.0788167373998843,-0.0006760970636952127,-1.078140640336189,100,156
hybrid,1000,2000,-0.9197116820784291,-0.0006760970636952127,-0.9190355850147339,100,156
B_only,1000,2000,-0.40260722426894935,-0.0006760970636952127,-0.40193112720525415,100,156
A_only,1000,5000,-0.4523970160106017,-0.0033159803963591777,-0.44908103561424256,100,156
hybrid,1000,5000,-0.11139380802597992,-0.0033159803963591777,-0.10807782762962075,100,156
B_only,1000,5000,-0.0022385142414037295,-0.0033159803963591777,0.0010774661549554482,100,156
A_only,1000,10000,-0.6571413553213571,-0.0006760970636952127,-0.6564652582576619,100,156
hybrid,1000,10000,-0.3408231099456194,-0.0006760970636952127,-0.34014701288192417,100,156
B_only,1000,10000,-0.06607314524076255,-0.0006760970636952127,-0.06539704817706733,100,156
A_only,1000,2000,-0.717866938049476,-0.0006760970636952127,-0.7171908409857808,200,156
hybrid,1000,2000,-0.37511832308722465,-0.0006760970636952127,-0.37444222602352945,200,156
B_only,1000,2000,-0.306100851284499,-0.0006760970636952127,-0.3054247542208038,200,156
A_only,1000,5000,-0.9250018764124547,-0.0006760970636952127,-0.9243257793487595,200,156
hybrid,1000,5000,-0.34467629699327,-0.0006760970636952127,-0.3440001999295748,200,156
B_only,1000,5000,-0.02578633291709774,-0.0006760970636952127,-0.025110235853402527,200,156
A_only,1000,10000,-0.7072997098993625,-0.0017750072554159953,-0.7055247026439465,200,156
hybrid,1000,10000,-0.3225520721898706,-0.0017750072554159953,-0.32077706493445457,200,156
B_only,1000,10000,-0.00939244258083006,-0.0017750072554159953,-0.007617435325414065,200,156
A_only,1000,2000,-0.9546237368088981,-0.15716639250636358,-0.7974573443025346,500,156
hybrid,1000,2000,-0.17478579993786994,-0.15716639250636358,-0.017619407431506362,500,156
B_only,1000,2000,-0.0022437032670254934,-0.15716639250636358,0.15492268923933808,500,156
A_only,1000,5000,-0.6629567976286704,-0.0028182160594265654,-0.6601385815692439,500,156
hybrid,1000,5000,-0.19985144512444952,-0.0028182160594265654,-0.19703322906502296,500,156
B_only,1000,5000,-0.05659543625932726,-0.0028182160594265654,-0.053777220199900694,500,156
A_only,1000,10000,-0.49978679478788934,-0.0033159803963591777,-0.4964708143915302,500,156
hybrid,1000,10000,-0.160176449303478,-0.0033159803963591777,-0.1568604689071188,500,156
B_only,1000,10000,-0.027516683270260207,-0.0033159803963591777,-0.02420070287390103,500,156
A_only,1000,2000,-1.2571157204698533,-0.03431007729625027,-1.222805643173603,25,157
hybrid,1000,2000,-0.6701289838446258,-0.03431007729625027,-0.6358189065483756,25,157
B_only,1000,2000,-0.01713618566939084,-0.03431007729625027,0.01717389162685943,25,157
A_only,1000,5000,-0.727616891937152,-0.0006760970636952127,-0.7269407948734568,25,157
hybrid,1000,5000,-0.5743763460944429,-0.0006760970636952127,-0.5737002490307477,25,157
B_only,1000,5000,-0.02875106333423718,-0.0006760970636952127,-0.028074966270541967,25,157
A_only,1000,10000,-0.9826078076485932,-0.0014035296225299897,-0.9812042780260632,25,157
hybrid,1000,10000,-0.8320371444016824,-0.0014035296225299897,-0.8306336147791524,25,157
B_only,1000,10000,-0.14890002730218121,-0.0014035296225299897,-0.14749649767965123,25,157
A_only,1000,2000,-0.7551920408952973,-0.0014035296225299897,-0.7537885112727674,50,157
hybrid,1000,2000,-0.2273074549687456,-0.0014035296225299897,-0.22590392534621562,50,157
B_only,1000,2000,-0.08943623770352005,-0.0014035296225299897,-0.08803270808099006,50,157
A_only,1000,5000,-0.6212430417790088,-0.0006760970636952127,-0.6205669447153136,50,157
hybrid,1000,5000,-0.3579060315920447,-0.0006760970636952127,-0.3572299345283495,50,157
B_only,1000,5000,-0.0715474873651906,-0.0006760970636952127,-0.07087139030149539,50,157
A_only,1000,10000,-0.4443888067570417,-0.0006760970636952127,-0.4437127096933465,50,157
hybrid,1000,10000,-0.06820106753910102,-0.0006760970636952127,-0.0675249704754058,50,157
B_only,1000,10000,-4.030555306908211e-06,-0.0006760970636952127,0.0006720665083883045,50,157
A_only,1000,2000,-0.9572465276557838,-0.0014035296225299897,-0.9558429980332538,100,157
hybrid,1000,2000,-0.390587959786399,-0.0014035296225299897,-0.389184430163869,100,157
B_only,1000,2000,-0.14395188431330724,-0.0014035296225299897,-0.14254835469077726,100,157
A_only,1000,5000,-0.29259626180126763,-0.016530923319274207,-0.27606533848199344,100,157
hybrid,1000,5000,-0.053771592447550955,-0.016530923319274207,-0.03724066912827675,100,157
B_only,1000,5000,-0.009682783238295863,-0.016530923319274207,0.006848140080978345,100,157
A_only,1000,10000,-0.26546278825503317,-0.0006760970636952127,-0.26478669119133796,100,157
hybrid,1000,10000,-0.08272830332493221,-0.0006760970636952127,-0.08205220626123699,100,157
B_only,1000,10000,-0.019439997535923004,-0.0006760970636952127,-0.01876390047222779,100,157
A_only,1000,2000,-1.0506392272369165,-0.06227961821163712,-0.9883596090252794,200,157
hybrid,1000,2000,-0.32789026867693877,-0.06227961821163712,-0.26561065046530163,200,157
B_only,1000,2000,-0.024793136933115804,-0.06227961821163712,0.03748648127852132,200,157
A_only,1000,5000,-0.3720287524104077,-0.048388414022939155,-0.3236403383874686,200,157
hybrid,1000,5000,-0.09023700572335297,-0.048388414022939155,-0.041848591700413815,200,157
B_only,1000,5000,-0.010473970281268397,-0.048388414022939155,0.03791444374167076,200,157
A_only,1000,10000,-0.4371287814105332,-0.0017750072554159953,-0.43535377415511717,200,157
hybrid,1000,10000,-0.13180299537531753,-0.0017750072554159953,-0.13002798811990154,200,157
B_only,1000,10000,-0.045891296416988935,-0.0017750072554159953,-0.04411628916157294,200,157
A_only,1000,2000,-0.7557150129540648,-0.0028182160594265654,-0.7528967968946383,500,157
hybrid,1000,2000,-0.1482828452280051,-0.0028182160594265654,-0.14546462916857855,500,157
B_only,1000,2000,-0.002700119342171442,-0.0028182160594265654,0.00011809671725512318,500,157
A_only,1000,5000,-1.281675069809278,-0.0014035296225299897,-1.280271540186748,500,157
hybrid,1000,5000,-0.22309445737116765,-0.0014035296225299897,-0.22169092774863766,500,157
B_only,1000,5000,-0.005857455324306463,-0.0014035296225299897,-0.004453925701776473,500,157
A_only,1000,10000,-0.06314770500803542,-0.0014035296225299897,-0.06174417538550543,500,157
hybrid,1000,10000,-0.016636627801700207,-0.0014035296225299897,-0.015233098179170217,500,157
B_only,1000,10000,-0.032434401476803196,-0.0014035296225299897,-0.031030871854273206,500,157
A_only,1000,2000,-1.0111969428804028,-0.016530923319274207,-0.9946660195611287,25,158
hybrid,1000,2000,-0.7708830221879366,-0.016530923319274207,-0.7543520988686624,25,158
B_only,1000,2000,-0.8033077865943266,-0.016530923319274207,-0.7867768632750524,25,158
A_only,1000,5000,-0.6141270700469958,-0.0006760970636952127,-0.6134509729833006,25,158
hybrid,1000,5000,-0.20279096799751686,-0.0006760970636952127,-0.20211487093382166,25,158
B_only,1000,5000,-0.00015499966492193155,-0.0006760970636952127,0.0005210973987732812,25,158
A_only,1000,10000,-0.17164684202209693,-0.0006760970636952127,-0.17097074495840173,25,158
hybrid,1000,10000,-0.06519378912769554,-0.0006760970636952127,-0.06451769206400032,25,158
B_only,1000,10000,-6.856539557962581e-05,-0.0006760970636952127,0.0006075316681155869,25,158
A_only,1000,2000,-0.3570900650267834,-0.0033159803963591777,-0.35377408463042426,50,158
hybrid,1000,2000,-0.06320572254203184,-0.0033159803963591777,-0.059889742145672664,50,158
B_only,1000,2000,-0.2605991837977408,-0.0033159803963591777,-0.2572832034013816,50,158
A_only,1000,5000,-0.6724635393136807,-0.0014035296225299897,-0.6710600096911508,50,158
hybrid,1000,5000,-0.3135259214549686,-0.0014035296225299897,-0.3121223918324386,50,158
B_only,1000,5000,-0.008533337828541212,-0.0014035296225299897,-0.007129808206011222,50,158
A_only,1000,10000,-1.180824181252525,-0.0014035296225299897,-1.179420651629995,50,158
hybrid,1000,10000,-0.9740756816549222,-0.0014035296225299897,-0.9726721520323922,50,158
B_only,1000,10000,-0.09288681174131176,-0.0014035296225299897,-0.09148328211878178,50,158
A_only,1000,2000,-0.5999032230021523,-0.10303095660341191,-0.4968722663987404,100,158
hybrid,1000,2000,-0.1751025811264144,-0.10303095660341191,-0.0720716245230025,100,158
B_only,1000,2000,-0.02634513705322835,-0.10303095660341191,0.07668581955018355,100,158
A_only,1000,5000,-0.8584741280764204,-0.0014035296225299897,-0.8570705984538904,100,158
hybrid,1000,5000,-0.29128869465487073,-0.0014035296225299897,-0.28988516503234074,100,158
B_only,1000,5000,-4.061096220351241e-06,-0.0014035296225299897,0.0013994685263096385,100,158
A_only,1000,10000,-0.20017170964717232,-0.0006760970636952127,-0.19949561258347712,100,158
hybrid,1000,10000,-0.11035810597511228,-0.0006760970636952127,-0.10968200891141706,100,158
B_only,1000,10000,-0.021153630121345815,-0.0006760970636952127,-0.020477533057650602,100,158
A_only,1000,2000,-1.0061094597332663,-0.01849454206597494,-0.9876149176672914,200,158
hybrid,1000,2000,-0.23253700553238557,-0.01849454206597494,-0.21404246346641062,200,158
B_only,1000,2000,-0.0012039617470613363,-0.01849454206597494,0.017290580318913604,200,158
A_only,1000,5000,-0.1916650002022336,-0.0014035296225299897,-0.1902614705797036,200,158
hybrid,1000,5000,-0.024125541764896695,-0.0014035296225299897,-0.022722012142366705,200,158
B_only,1000,5000,-5.916783079959046e-05,-0.0014035296225299897,0.0013443617917303992,200,158
A_only,1000,10000,-0.47137351910953196,-0.0014035296225299897,-0.46996998948700197,200,158
hybrid,1000,10000,-0.137372094873931,-0.0014035296225299897,-0.13596856525140102,200,158
B_only,1000,10000,-0.006229155688943343,-0.0014035296225299897,-0.004825626066413353,200,158
A_only,1000,2000,-0.2206726632866342,-0.04442382739503962,-0.1762488358915946,500,158
hybrid,1000,2000,-0.03805845192769311,-0.04442382739503962,0.006365375467346508,500,158
B_only,1000,2000,-0.049131138696046635,-0.04442382739503962,-0.004707311301007017,500,158
A_only,1000,5000,-0.9245159803736906,-0.01849454206597494,-0.9060214383077158,500,158
hybrid,1000,5000,-0.3312540063668913,-0.01849454206597494,-0.31275946430091633,500,158
B_only,1000,5000,-0.00440709473176323,-0.01849454206597494,0.01408744733421171,500,158
A_only,1000,10000,-0.032364293433450306,-0.0006760970636952127,-0.031688196369755096,500,158
hybrid,1000,10000,-0.00616759398167737,-0.0006760970636952127,-0.0054914969179821575,500,158
B_only,1000,10000,-0.04153462490314471,-0.0006760970636952127,-0.0408585278394495,500,158
A_only,1000,2000,-1.040997169248075,-0.0014035296225299897,-1.039593639625545,25,159
hybrid,1000,2000,-0.1505752992300226,-0.0014035296225299897,-0.14917176960749262,25,159
B_only,1000,2000,-0.00046111869241821657,-0.0014035296225299897,0.0009424109301117732,25,159
A_only,1000,5000,-0.8044223204437567,-0.0006760970636952127,-0.8037462233800615,25,159
hybrid,1000,5000,-0.16913324812610464,-0.0006760970636952127,-0.16845715106240944,25,159
B_only,1000,5000,-1.8437394657379531e-09,-0.0006760970636952127,0.0006760952199557469,25,159
A_only,1000,10000,-0.4561258275009353,-0.0006760970636952127,-0.4554497304372401,25,159
hybrid,1000,10000,-0.18243796681544158,-0.0006760970636952127,-0.18176186975174638,25,159
B_only,1000,10000,-0.01673919029009732,-0.0006760970636952127,-0.016063093226402106,25,159
A_only,1000,2000,-1.0670883302090823,-0.10583604024616299,-0.9612522899629193,50,159
hybrid,1000,2000,-0.3311150181328303,-0.10583604024616299,-0.2252789778866673,50,159
B_only,1000,2000,-0.005293169725108392,-0.10583604024616299,0.1005428705210546,50,159
A_only,1000,5000,-0.33697119103618334,-0.0028182160594265654,-0.3341529749767568,50,159
hybrid,1000,5000,-0.11180952905853775,-0.0028182160594265654,-0.10899131299911119,50,159
B_only,1000,5000,-0.0007922648826059676,-0.0028182160594265654,0.002025951176820598,50,159
A_only,1000,10000,-0.7809615071774743,-0.0017750072554159953,-0.7791864999220582,50,159
hybrid,1000,10000,-0.3420813450840138,-0.0017750072554159953,-0.34030633782859776,50,159
B_only,1000,10000,-0.0050740542030100885,-0.0017750072554159953,-0.0032990469475940934,50,159
A_only,1000,2000,-0.7014056449850499,-0.048388414022939155,-0.6530172309621107,100,159
hybrid,1000,2000,-0.2356119423143159,-0.048388414022939155,-0.18722352829137673,100,159
B_only,1000,2000,-0.010752523698368559,-0.048388414022939155,0.0376358903245706,100,159
A_only,1000,5000,-0.32695409181148866,-0.0028182160594265654,-0.3241358757520621,100,159
hybrid,1000,5000,-0.19357141424574556,-0.0028182160594265654,-0.190753198186319,100,159
B_only,1000,5000,-0.46659995726197107,-0.0028182160594265654,-0.4637817412025445,100,159
A_only,1000,10000,-0.35908764096677775,-0.0006760970636952127,-0.35841154390308255,100,159
hybrid,1000,10000,-0.16143142966007928,-0.0006760970636952127,-0.16075533259638408,100,159
B_only,1000,10000,-0.2952253666398127,-0.0006760970636952127,-0.2945492695761175,100,159
A_only,1000,2000,-1.0623570425625437,-0.0006760970636952127,-1.0616809454988485,200,159
hybrid,1000,2000,-0.34476953979853087,-0.0006760970636952127,-0.34409344273483566,200,159
B_only,1000,2000,-0.03709675936075867,-0.0006760970636952127,-0.036420662297063464,200,159
A_only,1000,5000,-0.4965613233348468,-0.0014035296225299897,-0.49515779371231683,200,159
hybrid,1000,5000,-0.1682557578935102,-0.0014035296225299897,-0.1668522282709802,200,159
B_only,1000,5000,-0.016885734840539953,-0.0014035296225299897,-0.015482205218009963,200,159
A_only,1000,10000,-1.207054844156745,-0.0014035296225299897,-1.205651314534215,200,159
hybrid,1000,10000,-0.41057203253038893,-0.0014035296225299897,-0.40916850290785894,200,159
B_only,1000,10000,-6.382610532665653e-05,-0.0014035296225299897,0.0013397035172033331,200,159
A_only,1000,2000,-0.1611190592903105,-0.0006760970636952127,-0.1604429622266153,500,159
hybrid,1000,2000,-0.02536744515246721,-0.0006760970636952127,-0.024691348088772,500,159
B_only,1000,2000,-0.0666170391149477,-0.0006760970636952127,-0.06594094205125248,500,159
A_only,1000,5000,-0.8766448175896184,-0.016652717978201063,-0.8599920996114173,500,159
hybrid,1000,5000,-0.19372057731354766,-0.016652717978201063,-0.1770678593353466,500,159
B_only,1000,5000,-0.005116005478302896,-0.016652717978201063,0.011536712499898166,500,159
A_only,1000,10000,-0.31127520259282465,-0.0017750072554159953,-0.30950019533740863,500,159
hybrid,1000,10000,-0.03329368616718588,-0.0017750072554159953,-0.03151867891176988,500,159
B_only,1000,10000,-3.520563700410129e-06,-0.0017750072554159953,0.0017714866917155853,500,159
A_only,1000,2000,-1.0534435412064986,-0.026071275432122825,-1.0273722657743758,25,160
hybrid,1000,2000,-0.6328661915964131,-0.026071275432122825,-0.6067949161642903,25,160
B_only,1000,2000,-0.0587194652534175,-0.026071275432122825,-0.03264818982129468,25,160
A_only,1000,5000,-0.8286672679486905,-0.026071275432122825,-0.8025959925165677,25,160
hybrid,1000,5000,-0.3853265154258767,-0.026071275432122825,-0.35925523999375386,25,160
B_only,1000,5000,-0.005097445082187474,-0.026071275432122825,0.02097383034993535,25,160
A_only,1000,10000,-0.7803765302689541,-0.0006760970636952127,-0.779700433205259,25,160
hybrid,1000,10000,-0.5863947199527545,-0.0006760970636952127,-0.5857186228890593,25,160
B_only,1000,10000,-1.0340559845898176,-0.0006760970636952127,-1.0333798875261224,25,160
A_only,1000,2000,-1.054002540428526,-0.05681229432921549,-0.9971902460993105,50,160
hybrid,1000,2000,-0.2950994723116571,-0.05681229432921549,-0.23828717798244164,50,160
B_only,1000,2000,-0.0011058008771107101,-0.05681229432921549,0.05570649345210478,50,160
A_only,1000,5000,-0.7896228133840416,-0.0006760970636952127,-0.7889467163203464,50,160
hybrid,1000,5000,-0.6137275977091246,-0.0006760970636952127,-0.6130515006454293,50,160
B_only,1000,5000,-0.3121862543377823,-0.0006760970636952127,-0.3115101572740871,50,160
A_only,1000,10000,-0.6516034030179729,-0.0028182160594265654,-0.6487851869585464,50,160
hybrid,1000,10000,-0.37161188203939743,-0.0028182160594265654,-0.3687936659799709,50,160
B_only,1000,10000,-0.5809896423186207,-0.0028182160594265654,-0.5781714262591942,50,160
A_only,1000,2000,-1.894026720550625,-0.13611804156959217,-1.7579086789810328,100,160
hybrid,1000,2000,-1.1376760678635436,-0.13611804156959217,-1.0015580262939514,100,160
B_only,1000,2000,-0.2694744922502477,-0.13611804156959217,-0.13335645068065555,100,160
A_only,1000,5000,-0.3389526844267832,-0.04442382739503962,-0.2945288570317436,100,160
hybrid,1000,5000,-0.1295752085999135,-0.04442382739503962,-0.0851513812048739,100,160
B_only,1000,5000,-0.02166237307108202,-0.04442382739503962,0.022761454323957597,100,160
A_only,1000,10000,-0.64286922320898,-0.0014035296225299897,-0.64146569358645,100,160
hybrid,1000,10000,-0.2687770122050884,-0.0014035296225299897,-0.2673734825825584,100,160
B_only,1000,10000,-0.01217926380754956,-0.0014035296225299897,-0.01077573418501957,100,160
A_only,1000,2000,-1.0782066972052586,-0.0006760970636952127,-1.0775306001415634,200,160
hybrid,1000,2000,-0.39297475578074315,-0.0006760970636952127,-0.39229865871704794,200,160
B_only,1000,2000,-0.023474733781304467,-0.0006760970636952127,-0.022798636717609254,200,160
A_only,1000,5000,-0.6343548302834315,-0.0028182160594265654,-0.631536614224005,200,160
hybrid,1000,5000,-0.11689298728257934,-0.0028182160594265654,-0.11407477122315278,200,160
B_only,1000,5000,-0.005080660504650186,-0.0028182160594265654,-0.0022624444452236207,200,160
A_only,1000,10000,-0.2283045015033925,-0.0028182160594265654,-0.22548628544396593,200,160
hybrid,1000,10000,-0.03686801785034532,-0.0028182160594265654,-0.03404980179091875,200,160
B_only,1000,10000,-6.511287384388365e-08,-0.0028182160594265654,0.0028181509465527214,200,160
A_only,1000,2000,-0.926138344399729,-0.01849454206597494,-0.9076438023337541,500,160
hybrid,1000,2000,-0.34265836250194426,-0.01849454206597494,-0.3241638204359693,500,160
B_only,1000,2000,-0.05600643599875221,-0.01849454206597494,-0.03751189393277728,500,160
A_only,1000,5000,-0.03648995914704055,-0.0028182160594265654,-0.03367174308761398,500,160
hybrid,1000,5000,-0.006600916780736851,-0.0028182160594265654,-0.0037827007213102858,500,160
B_only,1000,5000,-0.0012093791141184686,-0.0028182160594265654,0.0016088369453080968,500,160
A_only,1000,10000,-0.059938235827039464,-0.0006760970636952127,-0.059262138763344255,500,160
hybrid,1000,10000,-0.009853674358859614,-0.0006760970636952127,-0.0091775772951644,500,160
B_only,1000,10000,-0.0001503840967545686,-0.0006760970636952127,0.0005257129669406441,500,160
A_only,1000,2000,-1.1768262339163449,-0.016652717978201063,-1.1601735159381439,25,161
hybrid,1000,2000,-1.1364868462421442,-0.016652717978201063,-1.1198341282639432,25,161
B_only,1000,2000,-0.45260298251306347,-0.016652717978201063,-0.4359502645348624,25,161
A_only,1000,5000,-0.611120299959288,-0.016530923319274207,-0.5945893766400138,25,161
hybrid,1000,5000,-0.3263516248377829,-0.016530923319274207,-0.3098207015185087,25,161
B_only,1000,5000,-0.14536197503284937,-0.016530923319274207,-0.12883105171357517,25,161
A_only,1000,10000,-0.39670175709009375,-0.0014035296225299897,-0.39529822746756377,25,161
hybrid,1000,10000,-0.10311197282770113,-0.0014035296225299897,-0.10170844320517114,25,161
B_only,1000,10000,-5.601965147617918e-05,-0.0014035296225299897,0.0013475099710538105,25,161
A_only,1000,2000,-0.8842532636824025,-0.0014035296225299897,-0.8828497340598725,50,161
hybrid,1000,2000,-0.22030556191398123,-0.0014035296225299897,-0.21890203229145125,50,161
B_only,1000,2000,-3.303247469425253e-05,-0.0014035296225299897,0.0013704971478357372,50,161
A_only,1000,5000,-0.6652753478676245,-0.0014035296225299897,-0.6638718182450946,50,161
hybrid,1000,5000,-0.4053063298765399,-0.0014035296225299897,-0.40390280025400993,50,161
B_only,1000,5000,-0.04715046160971652,-0.0014035296225299897,-0.04574693198718653,50,161
A_only,1000,10000,-0.4106669291909009,-0.0006760970636952127,-0.4099908321272057,50,161
hybrid,1000,10000,-0.1593653797474873,-0.0006760970636952127,-0.1586892826837921,50,161
B_only,1000,10000,-0.020060408547043343,-0.0006760970636952127,-0.01938431148334813,50,161
A_only,1000,2000,-1.1800338723799388,-0.016530923319274207,-1.1635029490606645,100,161
hybrid,1000,2000,-0.8339840181664925,-0.016530923319274207,-0.8174530948472183,100,161
B_only,1000,2000,-0.01308321240512349,-0.016530923319274207,0.0034477109141507166,100,161
A_only,1000,5000,-0.725244245510321,-0.0014035296225299897,-0.723840715887791,100,161
hybrid,1000,5000,-0.23873890145330562,-0.0014035296225299897,-0.23733537183077563,100,161
B_only,1000,5000,-1.6535847495516263e-05,-0.0014035296225299897,0.0013869937750344734,100,161
A_only,1000,10000,-0.16620858659121743,-0.0006760970636952127,-0.16553248952752223,100,161
hybrid,1000,10000,-0.04854354318048591,-0.0006760970636952127,-0.0478674461167907,100,161
B_only,1000,10000,-0.012294350604888179,-0.0006760970636952127,-0.011618253541192966,100,161
A_only,1000,2000,-0.8558931869877477,-0.0006760970636952127,-0.8552170899240525,200,161
hybrid,1000,2000,-0.1317016632619065,-0.0006760970636952127,-0.1310255661982113,200,161
B_only,1000,2000,-2.580202572469925e-06,-0.0006760970636952127,0.0006735168611227428,200,161
A_only,1000,5000,-0.1367710480027727,-0.0006760970636952127,-0.1360949509390775,200,161
hybrid,1000,5000,-0.03906399038225634,-0.0006760970636952127,-0.03838789331856113,200,161
B_only,1000,5000,-0.6636654778336557,-0.0006760970636952127,-0.6629893807699605,200,161
A_only,1000,10000,-0.6473319327915211,-0.0006760970636952127,-0.6466558357278259,200,161
hybrid,1000,10000,-0.23092459902024418,-0.0006760970636952127,-0.23024850195654897,200,161
B_only,1000,10000,-5.578794368855957e-06,-0.0006760970636952127,0.0006705182693263567,200,161
A_only,1000,2000,-0.778751752268419,-0.0017750072554159953,-0.776976745013003,500,161
hybrid,1000,2000,-0.08416402322486913,-0.0017750072554159953,-0.08238901596945314,500,161
B_only,1000,2000,-0.0005483297188146063,-0.0017750072554159953,0.001226677536601389,500,161
A_only,1000,5000,-0.35220896978813593,-0.0006760970636952127,-0.3515328727244407,500,161
hybrid,1000,5000,-0.09541755396496758,-0.0006760970636952127,-0.09474145690127236,500,161
B_only,1000,5000,-0.007777320021004005,-0.0006760970636952127,-0.007101222957308792,500,161
A_only,1000,10000,-0.9788146487415991,-0.0006760970636952127,-0.9781385516779039,500,161
hybrid,1000,10000,-0.3050600389107868,-0.0006760970636952127,-0.3043839418470916,500,161
B_only,1000,10000,-0.016932841889824014,-0.0006760970636952127,-0.0162567448261288,500,161
A_only,1000,2000,-1.1425314344641329,-0.02338563685393675,-1.1191457976101962,25,162
hybrid,1000,2000,-0.7686590332821901,-0.02338563685393675,-0.7452733964282533,25,162
B_only,1000,2000,-0.0859828391082792,-0.02338563685393675,-0.06259720225434245,25,162
A_only,1000,5000,-0.6474199203300107,-0.0014035296225299897,-0.6460163907074807,25,162
hybrid,1000,5000,-0.243716379637854,-0.0014035296225299897,-0.24231285001532402,25,162
B_only,1000,5000,-0.08095654788405825,-0.0014035296225299897,-0.07955301826152826,25,162
A_only,1000,10000,-1.2151876489764084,-0.0014035296225299897,-1.2137841193538783,25,162
hybrid,1000,10000,-1.1100284967318585,-0.0014035296225299897,-1.1086249671093285,25,162
B_only,1000,10000,-1.9602959480742106,-0.0014035296225299897,-1.9588924184516805,25,162
A_only,1000,2000,-0.047877391150179575,-0.016530923319274207,-0.03134646783090537,50,162
hybrid,1000,2000,-0.0015071773438983251,-0.016530923319274207,0.015023745975375882,50,162
B_only,1000,2000,-0.013766168956906903,-0.016530923319274207,0.002764754362367304,50,162
A_only,1000,5000,-1.1937963400158549,-0.0028182160594265654,-1.1909781239564283,50,162
hybrid,1000,5000,-1.021015710066842,-0.0028182160594265654,-1.0181974940074154,50,162
B_only,1000,5000,-0.5829982502615442,-0.0028182160594265654,-0.5801800342021176,50,162
A_only,1000,10000,-0.30327459975131954,-0.0006760970636952127,-0.30259850268762434,50,162
hybrid,1000,10000,-0.1132271749441915,-0.0006760970636952127,-0.11255107788049629,50,162
B_only,1000,10000,-0.426062221127353,-0.0006760970636952127,-0.4253861240636578,50,162
A_only,1000,2000,-1.2719317426956198,-0.016652717978201063,-1.2552790247174188,100,162
hybrid,1000,2000,-0.8843997227856182,-0.016652717978201063,-0.8677470048074171,100,162
B_only,1000,2000,-0.15449187085775515,-0.016652717978201063,-0.1378391528795541,100,162
A_only,1000,5000,-0.642713535990594,-0.0017750072554159953,-0.640938528735178,100,162
hybrid,1000,5000,-0.2144116172665723,-0.0017750072554159953,-0.2126366100111563,100,162
B_only,1000,5000,-0.0009768762868142993,-0.0017750072554159953,0.000798130968601696,100,162
A_only,1000,10000,-0.8651819078472305,-0.0006760970636952127,-0.8645058107835353,100,162
hybrid,1000,10000,-0.39253741292752886,-0.0006760970636952127,-0.39186131586383366,100,162
B_only,1000,10000,-3.4080689760361185e-06,-0.0006760970636952127,0.0006726889947191766,100,162
A_only,1000,2000,-0.967860611790356,-0.01849454206597494,-0.9493660697243811,200,162
hybrid,1000,2000,-0.31450830487061826,-0.01849454206597494,-0.2960137628046433,200,162
B_only,1000,2000,-0.054664395629061745,-0.01849454206597494,-0.0361698535630868,200,162
A_only,1000,5000,-0.6192950788100066,-0.016530923319274207,-0.6027641554907324,200,162
hybrid,1000,5000,-0.1897181014556582,-0.016530923319274207,-0.173187178136384,200,162
B_only,1000,5000,-0.04397945788630123,-0.016530923319274207,-0.027448534567027026,200,162
A_only,1000,10000,-0.8102111523064678,-0.0006760970636952127,-0.8095350552427726,200,162
hybrid,1000,10000,-0.20014620762577334,-0.0006760970636952127,-0.19947011056207814,200,162
B_only,1000,10000,-7.00776177692265e-06,-0.0006760970636952127,0.0006690893019182901,200,162
A_only,1000,2000,-0.7857875365372147,-0.0014035296225299897,-0.7843840069146847,500,162
hybrid,1000,2000,-0.2528858870358727,-0.0014035296225299897,-0.25148235741334274,500,162
B_only,1000,2000,-0.04002761228141869,-0.0014035296225299897,-0.038624082658888705,500,162
A_only,1000,5000,-0.717856257032838,-0.0017750072554159953,-0.7160812497774219,500,162
hybrid,1000,5000,-0.23369233779512832,-0.0017750072554159953,-0.23191733053971234,500,162
B_only,1000,5000,-0.02778079938313361,-0.0017750072554159953,-0.026005792127717614,500,162
A_only,1000,10000,-0.8059703079956428,-0.0017750072554159953,-0.8041953007402268,500,162
hybrid,1000,10000,-0.26761639252507047,-0.0017750072554159953,-0.26584138526965445,500,162
B_only,1000,10000,-0.025659671256557885,-0.0017750072554159953,-0.02388466400114189,500,162
A_only,1000,2000,-1.0107883016918893,-0.06976201878446649,-0.9410262829074227,25,163
hybrid,1000,2000,-0.5550292275551993,-0.06976201878446649,-0.48526720877073287,25,163
B_only,1000,2000,-0.008149821947320071,-0.06976201878446649,0.061612196837146416,25,163
A_only,1000,5000,-1.2677655643109635,-0.0028182160594265654,-1.264947348251537,25,163
hybrid,1000,5000,-0.33402093446950293,-0.0028182160594265654,-0.33120271841007637,25,163
B_only,1000,5000,-1.5181833665015311e-06,-0.0028182160594265654,0.002816697876060064,25,163
A_only,1000,10000,-0.13109901723435616,-0.0028182160594265654,-0.1282808011749296,25,163
hybrid,1000,10000,-0.040560109771272244,-0.0028182160594265654,-0.03774189371184568,25,163
B_only,1000,10000,-0.13450973779340988,-0.0028182160594265654,-0.13169152173398332,25,163
A_only,1000,2000,-1.2273386917462663,-0.0006760970636952127,-1.226662594682571,50,163
hybrid,1000,2000,-0.8979306501345174,-0.0006760970636952127,-0.8972545530708222,50,163
B_only,1000,2000,-0.2209606633551463,-0.0006760970636952127,-0.2202845662914511,50,163
A_only,1000,5000,-0.5923820482836719,-0.0014035296225299897,-0.5909785186611419,50,163
hybrid,1000,5000,-0.1371564116654408,-0.0014035296225299897,-0.1357528820429108,50,163
B_only,1000,5000,-2.111417420053878e-06,-0.0014035296225299897,0.001401418205109936,50,163
A_only,1000,10000,-0.43300378658298777,-0.0006760970636952127,-0.43232768951929257,50,163
hybrid,1000,10000,-0.13577339207272818,-0.0006760970636952127,-0.13509729500903297,50,163
B_only,1000,10000,-7.053998945180669e-06,-0.0006760970636952127,0.0006690430647500321,50,163
A_only,1000,2000,-0.8770392659532682,-0.1155592143897619,-0.7614800515635063,100,163
hybrid,1000,2000,-0.4447533035376252,-0.1155592143897619,-0.3291940891478633,100,163
B_only,1000,2000,-0.26990362143052987,-0.1155592143897619,-0.15434440704076796,100,163
A_only,1000,5000,-1.3880560070521208,-0.0006760970636952127,-1.3873799099884256,100,163
hybrid,1000,5000,-0.6183099343063826,-0.0006760970636952127,-0.6176338372426874,100,163
B_only,1000,5000,-0.0007014707273631814,-0.0006760970636952127,-2.5373663667968755e-05,100,163
A_only,1000,10000,-0.5734352140370416,-0.0033159803963591777,-0.5701192336406824,100,163
hybrid,1000,10000,-0.32937083679559076,-0.0033159803963591777,-0.3260548563992316,100,163
B_only,1000,10000,-0.02517474557882578,-0.0033159803963591777,-0.021858765182466603,100,163
A_only,1000,2000,-1.4908157334168288,-0.0006760970636952127,-1.4901396363531336,200,163
hybrid,1000,2000,-0.6862922298057355,-0.0006760970636952127,-0.6856161327420403,200,163
B_only,1000,2000,-0.0988747764963911,-0.0006760970636952127,-0.09819867943269589,200,163
A_only,1000,5000,-0.12587328291134675,-0.0006760970636952127,-0.12519718584765155,200,163
hybrid,1000,5000,-0.03361560804351015,-0.0006760970636952127,-0.03293951097981494,200,163
B_only,1000,5000,-0.03067562309298489,-0.0006760970636952127,-0.029999526029289677,200,163
A_only,1000,10000,-0.6858332168083868,-0.0017750072554159953,-0.6840582095529708,200,163
hybrid,1000,10000,-0.3199953520861692,-0.0017750072554159953,-0.3182203448307532,200,163
B_only,1000,10000,-0.01112678635377599,-0.0017750072554159953,-0.009351779098359995,200,163
A_only,1000,2000,-0.8294307267952704,-0.0014035296225299897,-0.8280271971727404,500,163
hybrid,1000,2000,-0.17911565300777935,-0.0014035296225299897,-0.17771212338524936,500,163
B_only,1000,2000,-0.0038562699797080593,-0.0014035296225299897,-0.0024527403571780694,500,163
A_only,1000,5000,-0.5917590819596908,-0.0006760970636952127,-0.5910829848959956,500,163
hybrid,1000,5000,-0.0895537198807137,-0.0006760970636952127,-0.08887762281701848,500,163
B_only,1000,5000,-0.003085086598532429,-0.0006760970636952127,-0.002408989534837216,500,163
A_only,1000,10000,-0.20526773607072996,-0.0006760970636952127,-0.20459163900703475,500,163
hybrid,1000,10000,-0.02771711194381155,-0.0006760970636952127,-0.027041014880116336,500,163
B_only,1000,10000,-2.5749646111083562e-06,-0.0006760970636952127,0.0006735220990841044,500,163
A_only,1000,2000,-1.033242916209777,-0.021107166088018964,-1.012135750121758,25,164
hybrid,1000,2000,-0.7073447615621937,-0.021107166088018964,-0.6862375954741747,25,164
B_only,1000,2000,-0.6865667847441822,-0.021107166088018964,-0.6654596186561632,25,164
A_only,1000,5000,-1.2477001360525133,-0.0028182160594265654,-1.2448819199930867,25,164
hybrid,1000,5000,-1.2716738208712575,-0.0028182160594265654,-1.268855604811831,25,164
B_only,1000,5000,-0.24254182066901037,-0.0028182160594265654,-0.2397236046095838,25,164
A_only,1000,10000,-0.6864744867949375,-0.0014035296225299897,-0.6850709571724075,25,164
hybrid,1000,10000,-0.3433745442247632,-0.0014035296225299897,-0.3419710146022332,25,164
B_only,1000,10000,-0.019279028648468373,-0.0014035296225299897,-0.017875499025938383,25,164
A_only,1000,2000,-1.046236117090633,-0.0017750072554159953,-1.044461109835217,50,164
hybrid,1000,2000,-0.31277578270579787,-0.0017750072554159953,-0.31100077545038185,50,164
B_only,1000,2000,-4.8430475258245765e-05,-0.0017750072554159953,0.0017265767801577494,50,164
A_only,1000,5000,-0.6137005371844318,-0.0006760970636952127,-0.6130244401207366,50,164
hybrid,1000,5000,-0.3686759696670058,-0.0006760970636952127,-0.3679998726033106,50,164
B_only,1000,5000,-0.1961038307219782,-0.0006760970636952127,-0.195427733658283,50,164
A_only,1000,10000,-0.1102419230955908,-0.016652717978201063,-0.09358920511738975,50,164
hybrid,1000,10000,-0.016354360742569903,-0.016652717978201063,0.0002983572356311595,50,164
B_only,1000,10000,-2.5948981931855704e-05,-0.016652717978201063,0.016626768996269206,50,164
A_only,1000,2000,-0.67784930894838,-0.0014035296225299897,-0.67644577932585,100,164
hybrid,1000,2000,-0.29168176902290793,-0.0014035296225299897,-0.29027823940037795,100,164
B_only,1000,2000,-0.10028046759336898,-0.0014035296225299897,-0.09887693797083899,100,164
A_only,1000,5000,-0.5455338179566979,-0.0014035296225299897,-0.5441302883341679,100,164
hybrid,1000,5000,-0.15026309784559905,-0.0014035296225299897,-0.14885956822306906,100,164
B_only,1000,5000,-0.004493454020220772,-0.0014035296225299897,-0.003089924397690782,100,164
A_only,1000,10000,-0.2517222915802917,-0.0017750072554159953,-0.2499472843248757,100,164
hybrid,1000,10000,-0.07655439836575892,-0.0017750072554159953,-0.07477939111034293,100,164
B_only,1000,10000,-0.0008396491862235196,-0.0017750072554159953,0.0009353580691924757,100,164
A_only,1000,2000,-1.2431068899825066,-0.06976201878446649,-1.17334487119804,200,164
hybrid,1000,2000,-0.36094627805761426,-0.06976201878446649,-0.2911842592731478,200,164
B_only,1000,2000,-0.005203437547044194,-0.06976201878446649,0.0645585812374223,200,164
A_only,1000,5000,-1.2497837823408204,-0.0028182160594265654,-1.2469655662813939,200,164
hybrid,1000,5000,-0.3250211840299926,-0.0028182160594265654,-0.322202967970566,200,164
B_only,1000,5000,-0.0011663035715656575,-0.0028182160594265654,0.0016519124878609079,200,164
A_only,1000,10000,-0.350392268843512,-0.0006760970636952127,-0.3497161717798168,200,164
hybrid,1000,10000,-0.09340397728575826,-0.0006760970636952127,-0.09272788022206305,200,164
B_only,1000,10000,-0.029975498108633862,-0.0006760970636952127,-0.02929940104493865,200,164
A_only,1000,2000,-1.0510171271089006,-0.0006760970636952127,-1.0503410300452054,500,164
hybrid,1000,2000,-0.33706937918504787,-0.0006760970636952127,-0.33639328212135267,500,164
B_only,1000,2000,-0.017101721716115625,-0.0006760970636952127,-0.016425624652420413,500,164
A_only,1000,5000,-1.04313331065741,-0.0014035296225299897,-1.04172978103488,500,164
hybrid,1000,5000,-0.16068958166406078,-0.0014035296225299897,-0.1592860520415308,500,164
B_only,1000,5000,-0.01735543304508786,-0.0014035296225299897,-0.01595190342255787,500,164
A_only,1000,10000,-0.3833668938565564,-0.016530923319274207,-0.36683597053728223,500,164
hybrid,1000,10000,-0.06442754057369797,-0.016530923319274207,-0.04789661725442376,500,164
B_only,1000,10000,-0.0003760707752354479,-0.016530923319274207,0.01615485254403876,500,164
A_only,1000,2000,-0.9914203127959484,-0.10303095660341191,-0.8883893561925366,25,165
hybrid,1000,2000,-0.3391203471790122,-0.10303095660341191,-0.23608939057560027,25,165
B_only,1000,2000,-0.0004508151266247322,-0.10303095660341191,0.10258014147678718,25,165
A_only,1000,5000,-0.8531096502755986,-0.0028182160594265654,-0.850291434216172,25,165
hybrid,1000,5000,-0.46653830682253405,-0.0028182160594265654,-0.4637200907631075,25,165
B_only,1000,5000,-0.0004586893385142764,-0.0028182160594265654,0.002359526720912289,25,165
A_only,1000,10000,-0.9162738062183584,-0.0006760970636952127,-0.9155977091546632,25,165
hybrid,1000,10000,-0.5819129781004041,-0.0006760970636952127,-0.5812368810367089,25,165
B_only,1000,10000,-0.08562521702840589,-0.0006760970636952127,-0.08494911996471068,25,165
A_only,1000,2000,-1.2617125204527626,-0.016652717978201063,-1.2450598024745616,50,165
hybrid,1000,2000,-1.3271391461327617,-0.016652717978201063,-1.3104864281545607,50,165
B_only,1000,2000,-2.1189627544825496,-0.016652717978201063,-2.1023100365043486,50,165
A_only,1000,5000,-0.5891128220646965,-0.0017750072554159953,-0.5873378148092805,50,165
hybrid,1000,5000,-0.2792016339126109,-0.0017750072554159953,-0.27742662665719486,50,165
B_only,1000,5000,-0.39491455568285044,-0.0017750072554159953,-0.3931395484274344,50,165
A_only,1000,10000,-0.5819193525069293,-0.0006760970636952127,-0.5812432554432341,50,165
hybrid,1000,10000,-0.18922391277213838,-0.0006760970636952127,-0.18854781570844317,50,165
B_only,1000,10000,-0.00045762325195542223,-0.0006760970636952127,0.00021847381173979046,50,165
A_only,1000,2000,-0.6729384789170539,-0.111168923611811,-0.561769555305243,100,165
hybrid,1000,2000,-0.13744504304225227,-0.111168923611811,-0.02627611943044128,100,165
B_only,1000,2000,-0.006487561877115295,-0.111168923611811,0.1046813617346957,100,165
A_only,1000,5000,-0.5131169639598498,-0.02744009198228548,-0.4856768719775644,100,165
hybrid,1000,5000,-0.17218512473282183,-0.02744009198228548,-0.14474503275053635,100,165
B_only,1000,5000,-0.004190425682856819,-0.02744009198228548,0.023249666299428658,100,165
A_only,1000,10000,-0.701746730047201,-0.0014035296225299897,-0.700343200424671,100,165
hybrid,1000,10000,-0.46656526596381714,-0.0014035296225299897,-0.46516173634128716,100,165
B_only,1000,10000,-0.33602539739920323,-0.0014035296225299897,-0.33462186777667324,100,165
A_only,1000,2000,-0.9452385869433686,-0.02338563685393675,-0.9218529500894318,200,165
hybrid,1000,2000,-0.35488640369242436,-0.02338563685393675,-0.3315007668384876,200,165
B_only,1000,2000,-0.10938359526432036,-0.02338563685393675,-0.0859979584103836,200,165
A_only,1000,5000,-1.1780869244842564,-0.016652717978201063,-1.1614342065060554,200,165
hybrid,1000,5000,-0.5609038761602892,-0.016652717978201063,-0.5442511581820881,200,165
B_only,1000,5000,-0.04400805603940251,-0.016652717978201063,-0.02735533806120145,200,165
A_only,1000,10000,-0.019724776928413647,-0.0006760970636952127,-0.019048679864718435,200,165
hybrid,1000,10000,-0.0027111447766218887,-0.0006760970636952127,-0.002035047712926676,200,165
B_only,1000,10000,-0.012667009448922384,-0.0006760970636952127,-0.01199091238522717,200,165
A_only,1000,2000,-1.3843608041486644,-0.0014035296225299897,-1.3829572745261343,500,165
hybrid,1000,2000,-0.2556007832754305,-0.0014035296225299897,-0.2541972536529005,500,165
B_only,1000,2000,-0.009612714979025862,-0.0014035296225299897,-0.008209185356495872,500,165
A_only,1000,5000,-0.8574738809557978,-0.016530923319274207,-0.8409429576365236,500,165
hybrid,1000,5000,-0.28672709575336036,-0.016530923319274207,-0.27019617243408617,500,165
B_only,1000,5000,-0.021193279571901227,-0.016530923319274207,-0.0046623562526270194,500,165
A_only,1000,10000,-0.3041216764133339,-0.0006760970636952127,-0.30344557934963867,500,165
hybrid,1000,10000,-0.1348196750452772,-0.0006760970636952127,-0.134143577981582,500,165
B_only,1000,10000,-0.1352880151201484,-0.0006760970636952127,-0.1346119180564532,500,165
A_only,1000,2000,-0.4730347323869188,-0.021107166088018964,-0.45192756629889985,25,166
hybrid,1000,2000,-0.17293950025000793,-0.021107166088018964,-0.15183233416198896,25,166
B_only,1000,2000,-0.03073804088984403,-0.021107166088018964,-0.009630874801825066,25,166
A_only,1000,5000,-0.43542906132134446,-0.0014035296225299897,-0.43402553169881447,25,166
hybrid,1000,5000,-0.15730749871753852,-0.0014035296225299897,-0.15590396909500853,25,166
B_only,1000,5000,-0.10932898239487536,-0.0014035296225299897,-0.10792545277234537,25,166
A_only,1000,10000,-0.9467807429937078,-0.0006760970636952127,-0.9461046459300126,25,166
hybrid,1000,10000,-0.07919753428233235,-0.0006760970636952127,-0.07852143721863714,25,166
B_only,1000,10000,-8.620911366700791e-06,-0.0006760970636952127,0.0006674761523285119,25,166
A_only,1000,2000,-0.49720382999462315,-0.02744009198228548,-0.4697637380123377,50,166
hybrid,1000,2000,-0.11398912951953961,-0.02744009198228548,-0.08654903753725414,50,166
B_only,1000,2000,-0.015884398526852268,-0.02744009198228548,0.01155569345543321,50,166
A_only,1000,5000,-0.17617399231438882,-0.016530923319274207,-0.1596430689951146,50,166
hybrid,1000,5000,-0.05129086050117761,-0.016530923319274207,-0.0347599371819034,50,166
B_only,1000,5000,-0.6171199003741981,-0.016530923319274207,-0.6005889770549239,50,166
A_only,1000,10000,-0.35307526300082215,-0.0006760970636952127,-0.35239916593712695,50,166
hybrid,1000,10000,-0.1359750222938743,-0.0006760970636952127,-0.13529892523017908,50,166
B_only,1000,10000,-0.001725895716343008,-0.0006760970636952127,-0.0010497986526477954,50,166
A_only,1000,2000,-1.458083478728691,-0.0033159803963591777,-1.4547674983323318,100,166
hybrid,1000,2000,-0.7549135496762587,-0.0033159803963591777,-0.7515975692798995,100,166
B_only,1000,2000,-0.02603785792401331,-0.0033159803963591777,-0.022721877527654134,100,166
A_only,1000,5000,-0.45664520646083334,-0.0028182160594265654,-0.4538269904014068,100,166
hybrid,1000,5000,-0.20517476127112202,-0.0028182160594265654,-0.20235654521169547,100,166
B_only,1000,5000,-0.15772152894118485,-0.0028182160594265654,-0.1549033128817583,100,166
A_only,1000,10000,-0.6713863972778995,-0.0014035296225299897,-0.6699828676553695,100,166
hybrid,1000,10000,-0.45338823756791063,-0.0014035296225299897,-0.45198470794538065,100,166
B_only,1000,10000,-0.031942631481915645,-0.0014035296225299897,-0.030539101859385655,100,166
A_only,1000,2000,-0.639988532778129,-0.021107166088018964,-0.61888136669011,200,166
hybrid,1000,2000,-0.3167610154467741,-0.021107166088018964,-0.29565384935875516,200,166
B_only,1000,2000,-0.16539139247774903,-0.021107166088018964,-0.14428422638973007,200,166
A_only,1000,5000,-0.4778102555899399,-0.0014035296225299897,-0.4764067259674099,200,166
hybrid,1000,5000,-0.14551835408440375,-0.0014035296225299897,-0.14411482446187376,200,166
B_only,1000,5000,-4.411609086169452e-05,-0.0014035296225299897,0.0013594135316682952,200,166
A_only,1000,10000,-0.7405259494233858,-0.0006760970636952127,-0.7398498523596906,200,166
hybrid,1000,10000,-0.29878366060669226,-0.0006760970636952127,-0.29810756354299706,200,166
B_only,1000,10000,-0.009995308236681844,-0.0006760970636952127,-0.009319211172986631,200,166
A_only,1000,2000,-1.1378528635849643,-0.0006760970636952127,-1.137176766521269,500,166
hybrid,1000,2000,-0.3343185358947504,-0.0006760970636952127,-0.3336424388310552,500,166
B_only,1000,2000,-0.07514511355638391,-0.0006760970636952127,-0.0744690164926887,500,166
A_only,1000,5000,-1.6312890728743243,-0.016652717978201063,-1.6146363548961233,500,166
hybrid,1000,5000,-0.23290885870505953,-0.016652717978201063,-0.21625614072685848,500,166
B_only,1000,5000,-5.193841041740608e-07,-0.016652717978201063,0.01665219859409689,500,166
A_only,1000,10000,-0.9255677213256528,-0.0014035296225299897,-0.9241641917031228,500,166
hybrid,1000,10000,-0.18213712240931826,-0.0014035296225299897,-0.18073359278678827,500,166
B_only,1000,10000,-1.7239333794428684e-06,-0.0014035296225299897,0.0014018056891505468,500,166
A_only,1000,2000,-0.7413746088371336,-0.044229416304240946,-0.6971451925328926,25,167
hybrid,1000,2000,-0.39721546862155127,-0.044229416304240946,-0.35298605231731034,25,167
B_only,1000,2000,-1.25794784987364,-0.044229416304240946,-1.2137184335693991,25,167
A_only,1000,5000,-0.9597442573287578,-0.0028182160594265654,-0.9569260412693312,25,167
hybrid,1000,5000,-0.6039440721701346,-0.0028182160594265654,-0.601125856110708,25,167
B_only,1000,5000,-0.22391608855328712,-0.0028182160594265654,-0.22109787249386056,25,167
A_only,1000,10000,-0.18899257424052118,-0.0014035296225299897,-0.1875890446179912,25,167
hybrid,1000,10000,-0.034086519370211246,-0.0014035296225299897,-0.03268298974768126,25,167
B_only,1000,10000,-0.09053405808627442,-0.0014035296225299897,-0.08913052846374443,25,167
A_only,1000,2000,-0.1345982410698243,-0.0014035296225299897,-0.1331947114472943,50,167
hybrid,1000,2000,-0.009207318065896817,-0.0014035296225299897,-0.007803788443366827,50,167
B_only,1000,2000,-4.142400597234749e-05,-0.0014035296225299897,0.0013621056165576421,50,167
A_only,1000,5000,-0.3060830353702591,-0.0006760970636952127,-0.3054069383065639,50,167
hybrid,1000,5000,-0.09249955079974125,-0.0006760970636952127,-0.09182345373604603,50,167
B_only,1000,5000,-0.2000251475277288,-0.0006760970636952127,-0.1993490504640336,50,167
A_only,1000,10000,-0.6395473586984148,-0.0006760970636952127,-0.6388712616347196,50,167
hybrid,1000,10000,-0.4685518586278834,-0.0006760970636952127,-0.4678757615641882,50,167
B_only,1000,10000,-0.0126648955163262,-0.0006760970636952127,-0.011988798452630987,50,167
A_only,1000,2000,-0.9770510366400825,-0.0028182160594265654,-0.974232820580656,100,167
hybrid,1000,2000,-0.36457071894311965,-0.0028182160594265654,-0.3617525028836931,100,167
B_only,1000,2000,-0.04147985006606128,-0.0028182160594265654,-0.038661634006634714,100,167
A_only,1000,5000,-0.5418964640936726,-0.0017750072554159953,-0.5401214568382566,100,167
hybrid,1000,5000,-0.1928631302859334,-0.0017750072554159953,-0.19108812303051742,100,167
B_only,1000,5000,-0.005866972720100005,-0.0017750072554159953,-0.0040919654646840095,100,167
A_only,1000,10000,-0.24829089873635232,-0.0014035296225299897,-0.24688736911382234,100,167
hybrid,1000,10000,-0.09107436741564148,-0.0014035296225299897,-0.0896708377931115,100,167
B_only,1000,10000,-0.22514491897296762,-0.0014035296225299897,-0.22374138935043764,100,167
A_only,1000,2000,-1.1019956690869435,-0.06227961821163712,-1.0397160508753063,200,167
hybrid,1000,2000,-0.6164194000455323,-0.06227961821163712,-0.5541397818338952,200,167
B_only,1000,2000,-0.12256743845642873,-0.06227961821163712,-0.06028782024479161,200,167
A_only,1000,5000,-0.7666687642929467,-0.0006760970636952127,-0.7659926672292515,200,167
hybrid,1000,5000,-0.17259751706504853,-0.0006760970636952127,-0.17192142000135333,200,167
B_only,1000,5000,-3.594483822126074e-05,-0.0006760970636952127,0.000640152225473952,200,167
A_only,1000,10000,-1.4495019947153516,-0.0014035296225299897,-1.4480984650928215,200,167
hybrid,1000,10000,-0.5705801393305056,-0.0014035296225299897,-0.5691766097079756,200,167
B_only,1000,10000,-3.150920156035834e-06,-0.0014035296225299897,0.001400378702373954,200,167
A_only,1000,2000,-0.11965266019973567,-0.0006760970636952127,-0.11897656313604045,500,167
hybrid,1000,2000,-0.03145646611746534,-0.0006760970636952127,-0.030780369053770126,500,167
B_only,1000,2000,-0.07044258043957981,-0.0006760970636952127,-0.06976648337588459,500,167
A_only,1000,5000,-0.6935591805239775,-0.0017750072554159953,-0.6917841732685615,500,167
hybrid,1000,5000,-0.1751144789922061,-0.0017750072554159953,-0.17333947173679012,500,167
B_only,1000,5000,-0.007608709757167133,-0.0017750072554159953,-0.005833702501751138,500,167
A_only,1000,10000,-0.3258085810080893,-0.0014035296225299897,-0.3244050513855593,500,167
hybrid,1000,10000,-0.07736705175668979,-0.0014035296225299897,-0.0759635221341598,500,167
B_only,1000,10000,-0.009554449552201612,-0.0014035296225299897,-0.008150919929671622,500,167
A_only,1000,2000,-0.8117956368250969,-0.0014035296225299897,-0.8103921072025669,25,168
hybrid,1000,2000,-0.2902768299496855,-0.0014035296225299897,-0.2888733003271555,25,168
B_only,1000,2000,-0.12289776834517888,-0.0014035296225299897,-0.12149423872264889,25,168
A_only,1000,5000,-1.2565129226007559,-0.0014035296225299897,-1.2551093929782258,25,168
hybrid,1000,5000,-0.8498503513560957,-0.0014035296225299897,-0.8484468217335657,25,168
B_only,1000,5000,-0.3423083308877265,-0.0014035296225299897,-0.3409048012651965,25,168
A_only,1000,10000,-0.2791184382614246,-0.0014035296225299897,-0.2777149086388946,25,168
hybrid,1000,10000,-0.19736474644824126,-0.0014035296225299897,-0.19596121682571127,25,168
B_only,1000,10000,-0.47286223105500286,-0.0014035296225299897,-0.47145870143247287,25,168
A_only,1000,2000,-0.20357478308562726,-0.0017750072554159953,-0.20179977583021128,50,168
hybrid,1000,2000,-0.034409368776156836,-0.0017750072554159953,-0.03263436152074084,50,168
B_only,1000,2000,-0.014093946831372302,-0.0017750072554159953,-0.012318939575956306,50,168
A_only,1000,5000,-0.7346798387124561,-0.02744009198228548,-0.7072397467301706,50,168
hybrid,1000,5000,-0.4600894628929745,-0.02744009198228548,-0.432649370910689,50,168
B_only,1000,5000,-0.012205333349933133,-0.02744009198228548,0.015234758632352345,50,168
A_only,1000,10000,-0.4445822771605234,-0.0028182160594265654,-0.44176406110109684,50,168
hybrid,1000,10000,-0.20509919935876014,-0.0028182160594265654,-0.20228098329933358,50,168
B_only,1000,10000,-0.007086035382113582,-0.0028182160594265654,-0.004267819322687017,50,168
A_only,1000,2000,-0.053467731305678945,-0.0033159803963591777,-0.05015175090931977,100,168
hybrid,1000,2000,-0.0023333282560690826,-0.0033159803963591777,0.0009826521402900952,100,168
B_only,1000,2000,-1.2357039106992705e-05,-0.0033159803963591777,0.003303623357252185,100,168
A_only,1000,5000,-0.1962524496530554,-0.0017750072554159953,-0.19447744239763942,100,168
hybrid,1000,5000,-0.04639759565241482,-0.0017750072554159953,-0.04462258839699883,100,168
B_only,1000,5000,-0.0028072882774244534,-0.0017750072554159953,-0.0010322810220084581,100,168
A_only,1000,10000,-0.48141060921256373,-0.0006760970636952127,-0.48073451214886853,100,168
hybrid,1000,10000,-0.22019188369481402,-0.0006760970636952127,-0.21951578663111881,100,168
B_only,1000,10000,-0.02490151044009903,-0.0006760970636952127,-0.024225413376403816,100,168
A_only,1000,2000,-0.8435115157899588,-0.021107166088018964,-0.8224043497019398,200,168
hybrid,1000,2000,-0.31038441538539735,-0.021107166088018964,-0.2892772492973784,200,168
B_only,1000,2000,-0.05241783099644191,-0.021107166088018964,-0.03131066490842294,200,168
A_only,1000,5000,-0.984375573807473,-0.0006760970636952127,-0.9836994767437778,200,168
hybrid,1000,5000,-0.21420483744274907,-0.0006760970636952127,-0.21352874037905387,200,168
B_only,1000,5000,-2.1101646398731934e-05,-0.0006760970636952127,0.0006549954172964808,200,168
A_only,1000,10000,-0.5076203628023735,-0.0006760970636952127,-0.5069442657386783,200,168
hybrid,1000,10000,-0.2489079395077434,-0.0006760970636952127,-0.2482318424440482,200,168
B_only,1000,10000,-0.010566072174534286,-0.0006760970636952127,-0.009889975110839073,200,168
A_only,1000,2000,-1.152832315887467,-0.0014035296225299897,-1.1514287862649368,500,168
hybrid,1000,2000,-0.3563932814216217,-0.0014035296225299897,-0.3549897517990917,500,168
B_only,1000,2000,-0.03167112713060198,-0.0014035296225299897,-0.03026759750807199,500,168
A_only,1000,5000,-1.4374092049857754,-0.016530923319274207,-1.420878281666501,500,168
hybrid,1000,5000,-0.7603638617648552,-0.016530923319274207,-0.743832938445581,500,168
B_only,1000,5000,-0.26252463816160837,-0.016530923319274207,-0.24599371484233418,500,168
A_only,1000,10000,-0.047880943399830546,-0.0006760970636952127,-0.04720484633613534,500,168
hybrid,1000,10000,-0.010069737015847936,-0.0006760970636952127,-0.009393639952152723,500,168
B_only,1000,10000,-0.010351327367577124,-0.0006760970636952127,-0.009675230303881911,500,168
A_only,1000,2000,-0.5778081138381472,-0.02338563685393675,-0.5544224769842104,25,169
hybrid,1000,2000,-0.06196519032187395,-0.02338563685393675,-0.0385795534679372,25,169
B_only,1000,2000,-8.061249185115695e-06,-0.02338563685393675,0.023377575604751632,25,169
A_only,1000,5000,-0.5441295129307995,-0.0014035296225299897,-0.5427259833082695,25,169
hybrid,1000,5000,-0.34573395881934615,-0.0014035296225299897,-0.34433042919681617,25,169
B_only,1000,5000,-0.1297771906049608,-0.0014035296225299897,-0.1283736609824308,25,169
A_only,1000,10000,-0.14647567969067876,-0.0017750072554159953,-0.14470067243526277,25,169
hybrid,1000,10000,-0.013796593747207183,-0.0017750072554159953,-0.012021586491791187,25,169
B_only,1000,10000,-1.4608196328822633e-08,-0.0017750072554159953,0.0017749926472196665,25,169
A_only,1000,2000,-0.9365094560222742,-0.0014035296225299897,-0.9351059263997442,50,169
hybrid,1000,2000,-0.6055544881804491,-0.0014035296225299897,-0.6041509585579191,50,169
B_only,1000,2000,-0.3132884005553027,-0.0014035296225299897,-0.31188487093277273,50,169
A_only,1000,5000,-0.17201513253820241,-0.0006760970636952127,-0.1713390354745072,50,169
hybrid,1000,5000,-0.034496281759958496,-0.0006760970636952127,-0.033820184696263286,50,169
B_only,1000,5000,-0.0014966272393062048,-0.0006760970636952127,-0.0008205301756109921,50,169
A_only,1000,10000,-0.6244977712823496,-0.0006760970636952127,-0.6238216742186544,50,169
hybrid,1000,10000,-0.4229578058608175,-0.0006760970636952127,-0.4222817087971223,50,169
B_only,1000,10000,-0.161133301683639,-0.0006760970636952127,-0.1604572046199438,50,169
A_only,1000,2000,-0.6026169638965773,-0.10943260677201108,-0.4931843571245662,100,169
hybrid,1000,2000,-0.3220746019030735,-0.10943260677201108,-0.21264199513106244,100,169
B_only,1000,2000,-0.7330556635717126,-0.10943260677201108,-0.6236230567997015,100,169
A_only,1000,5000,-0.7325190044696124,-0.0006760970636952127,-0.7318429074059172,100,169
hybrid,1000,5000,-0.196167796800492,-0.0006760970636952127,-0.1954916997367968,100,169
B_only,1000,5000,-0.003971027794449475,-0.0006760970636952127,-0.0032949307307542624,100,169
A_only,1000,10000,-0.8893723447740214,-0.0014035296225299897,-0.8879688151514914,100,169
hybrid,1000,10000,-0.35777254543251613,-0.0014035296225299897,-0.35636901580998614,100,169
B_only,1000,10000,-2.6561217060253677e-05,-0.0014035296225299897,0.001376968405469736,100,169
A_only,1000,2000,-1.085940598773449,-0.02555970165368331,-1.0603808971197657,200,169
hybrid,1000,2000,-0.4073404718831113,-0.02555970165368331,-0.38178077022942797,200,169
B_only,1000,2000,-0.06672075084680577,-0.02555970165368331,-0.04116104919312247,200,169
A_only,1000,5000,-0.6594794731280053,-0.0017750072554159953,-0.6577044658725892,200,169
hybrid,1000,5000,-0.27472820940531373,-0.0017750072554159953,-0.2729532021498977,200,169
B_only,1000,5000,-0.017854304278309276,-0.0017750072554159953,-0.01607929702289328,200,169
A_only,1000,10000,-0.9977313649455766,-0.0014035296225299897,-0.9963278353230466,200,169
hybrid,1000,10000,-0.3599184947275497,-0.0014035296225299897,-0.35851496510501973,200,169
B_only,1000,10000,-0.008735732660556774,-0.0014035296225299897,-0.007332203038026784,200,169
A_only,1000,2000,-0.8317505690712121,-0.0006760970636952127,-0.8310744720075169,500,169
hybrid,1000,2000,-0.21275443319289483,-0.0006760970636952127,-0.21207833612919963,500,169
B_only,1000,2000,-0.02610420209016543,-0.0006760970636952127,-0.025428105026470218,500,169
A_only,1000,5000,-0.37252824445791904,-0.0006760970636952127,-0.37185214739422384,500,169
hybrid,1000,5000,-0.031215763208774318,-0.0006760970636952127,-0.030539666145079105,500,169
B_only,1000,5000,-1.1655022150718042e-05,-0.0006760970636952127,0.0006644420415444946,500,169
A_only,1000,10000,-0.13586731995174045,-0.0006760970636952127,-0.13519122288804525,500,169
hybrid,1000,10000,-0.03059694166333163,-0.0006760970636952127,-0.02992084459963642,500,169
B_only,1000,10000,-0.005980481134611963,-0.0006760970636952127,-0.00530438407091675,500,169
A_only,1000,2000,-1.2417675260652437,-0.0017750072554159953,-1.2399925188098277,25,170
hybrid,1000,2000,-0.22442539121499694,-0.0017750072554159953,-0.22265038395958095,25,170
B_only,1000,2000,-0.17615859817219504,-0.0017750072554159953,-0.17438359091677905,25,170
A_only,1000,5000,-0.5049693566327065,-0.016652717978201063,-0.4883166386545054,25,170
hybrid,1000,5000,-0.22872385374561782,-0.016652717978201063,-0.21207113576741676,25,170
B_only,1000,5000,-0.10138158443474823,-0.016652717978201063,-0.08472886645654717,25,170
A_only,1000,10000,-0.45107151887156544,-0.0017750072554159953,-0.4492965116161494,25,170
hybrid,1000,10000,-0.08651558049684734,-0.0017750072554159953,-0.08474057324143135,25,170
B_only,1000,10000,-5.1536870114012865e-09,-0.0017750072554159953,0.0017750021017289839,25,170
A_only,1000,2000,-0.5613537193318906,-0.0006760970636952127,-0.5606776222681954,50,170
hybrid,1000,2000,-0.16945004930790217,-0.0006760970636952127,-0.16877395224420697,50,170
B_only,1000,2000,-0.07738076782620652,-0.0006760970636952127,-0.0767046707625113,50,170
A_only,1000,5000,-1.1256835764529756,-0.0006760970636952127,-1.1250074793892804,50,170
hybrid,1000,5000,-0.49702327672688584,-0.0006760970636952127,-0.49634717966319064,50,170
B_only,1000,5000,-0.0024881216308435417,-0.0006760970636952127,-0.001812024567148329,50,170
A_only,1000,10000,-0.48248946963682127,-0.0028182160594265654,-0.4796712535773947,50,170
hybrid,1000,10000,-0.19886920603484215,-0.0028182160594265654,-0.1960509899754156,50,170
B_only,1000,10000,-0.021855164200194836,-0.0028182160594265654,-0.01903694814076827,50,170
A_only,1000,2000,-1.3564907696498298,-0.021107166088018964,-1.335383603561811,100,170
hybrid,1000,2000,-0.9210090838141969,-0.021107166088018964,-0.8999019177261779,100,170
B_only,1000,2000,-0.13115540314363908,-0.021107166088018964,-0.11004823705562011,100,170
A_only,1000,5000,-1.5428924228034357,-0.0014035296225299897,-1.5414888931809057,100,170
hybrid,1000,5000,-0.657669116738569,-0.0014035296225299897,-0.656265587116039,100,170
B_only,1000,5000,-2.9253152842746086e-06,-0.0014035296225299897,0.0014006043072457152,100,170
A_only,1000,10000,-0.11344061042506788,-0.0028182160594265654,-0.11062239436564132,100,170
hybrid,1000,10000,-0.026417825094585658,-0.0028182160594265654,-0.02359960903515909,100,170
B_only,1000,10000,-0.007549827242485384,-0.0028182160594265654,-0.004731611183058818,100,170
A_only,1000,2000,-1.3683980614359101,-0.026071275432122825,-1.3423267860037873,200,170
hybrid,1000,2000,-0.736548234063046,-0.026071275432122825,-0.7104769586309232,200,170
B_only,1000,2000,-0.3866755285183684,-0.026071275432122825,-0.36060425308624555,200,170
A_only,1000,5000,-0.6059263501633692,-0.0014035296225299897,-0.6045228205408392,200,170
hybrid,1000,5000,-0.10748430139345605,-0.0014035296225299897,-0.10608077177092606,200,170
B_only,1000,5000,-6.824220869091737e-05,-0.0014035296225299897,0.0013352874138390723,200,170
A_only,1000,10000,-0.22383512230178856,-0.0014035296225299897,-0.22243159267925858,200,170
hybrid,1000,10000,-0.08933399635705316,-0.0014035296225299897,-0.08793046673452318,200,170
B_only,1000,10000,-0.2952868406686718,-0.0014035296225299897,-0.2938833110461418,200,170
A_only,1000,2000,-1.018773472676224,-0.044229416304240946,-0.9745440563719832,500,170
hybrid,1000,2000,-0.2853582532337201,-0.044229416304240946,-0.24112883692947917,500,170
B_only,1000,2000,-0.06978630183821216,-0.044229416304240946,-0.025556885533971216,500,170
A_only,1000,5000,-1.3789867249058572,-0.016530923319274207,-1.3624558015865829,500,170
hybrid,1000,5000,-0.15927677238849214,-0.016530923319274207,-0.14274584906921794,500,170
B_only,1000,5000,-1.829252442771337e-05,-0.016530923319274207,0.016512630794846495,500,170
A_only,1000,10000,-0.06376812419859575,-0.0014035296225299897,-0.06236459457606576,500,170
hybrid,1000,10000,-0.012048708292544357,-0.0014035296225299897,-0.010645178670014367,500,170
B_only,1000,10000,-1.4136594455313475e-07,-0.0014035296225299897,0.0014033882565854367,500,170
A_only,1000,2000,-0.4601383396017259,-0.016652717978201063,-0.44348562162352484,25,171
hybrid,1000,2000,-0.17255885506092208,-0.016652717978201063,-0.15590613708272102,25,171
B_only,1000,2000,-0.3714605615728818,-0.016652717978201063,-0.35480784359468076,25,171
A_only,1000,5000,-0.6028560182213998,-0.0028182160594265654,-0.6000378021619732,25,171
hybrid,1000,5000,-0.5316245288436025,-0.0028182160594265654,-0.5288063127841759,25,171
B_only,1000,5000,-0.6238525136497605,-0.0028182160594265654,-0.6210342975903339,25,171
A_only,1000,10000,-0.3760910598297729,-0.0006760970636952127,-0.3754149627660777,25,171
hybrid,1000,10000,-0.1354941813870479,-0.0006760970636952127,-0.1348180843233527,25,171
B_only,1000,10000,-0.011462693930911197,-0.0006760970636952127,-0.010786596867215984,25,171
A_only,1000,2000,-0.876468233490779,-0.0017750072554159953,-0.8746932262353629,50,171
hybrid,1000,2000,-0.24231007952247613,-0.0017750072554159953,-0.24053507226706014,50,171
B_only,1000,2000,-0.04576628003282804,-0.0017750072554159953,-0.04399127277741204,50,171
A_only,1000,5000,-0.05495831155149513,-0.0014035296225299897,-0.053554781928965144,50,171
hybrid,1000,5000,-0.006307746909219336,-0.0014035296225299897,-0.004904217286689346,50,171
B_only,1000,5000,-0.4761950184453001,-0.0014035296225299897,-0.4747914888227701,50,171
A_only,1000,10000,-0.5923329102788686,-0.0006760970636952127,-0.5916568132151734,50,171
hybrid,1000,10000,-0.1922661540495569,-0.0006760970636952127,-0.1915900569858617,50,171
B_only,1000,10000,-0.00018063160430310747,-0.0006760970636952127,0.0004954654593921052,50,171
A_only,1000,2000,-0.6959249193557782,-0.016652717978201063,-0.679272201377577,100,171
hybrid,1000,2000,-0.28445994687886034,-0.016652717978201063,-0.2678072289006593,100,171
B_only,1000,2000,-0.07584445106815693,-0.016652717978201063,-0.05919173308995587,100,171
A_only,1000,5000,-0.4943761754768481,-0.0028182160594265654,-0.49155795941742153,100,171
hybrid,1000,5000,-0.1318475395919713,-0.0028182160594265654,-0.12902932353254473,100,171
B_only,1000,5000,-0.003955144123191611,-0.0028182160594265654,-0.001136928063765046,100,171
A_only,1000,10000,-0.8277472453760654,-0.0014035296225299897,-0.8263437157535354,100,171
hybrid,1000,10000,-0.2831949054583307,-0.0014035296225299897,-0.2817913758358007,100,171
B_only,1000,10000,-1.0121288544840769e-06,-0.0014035296225299897,0.0014025174936755057,100,171
A_only,1000,2000,-0.6230133279028575,-0.0033159803963591777,-0.6196973475064983,200,171
hybrid,1000,2000,-0.18318976378365484,-0.0033159803963591777,-0.17987378338729565,200,171
B_only,1000,2000,-0.16637001284022943,-0.0033159803963591777,-0.16305403244387023,200,171
A_only,1000,5000,-1.043368620585602,-0.0017750072554159953,-1.0415936133301862,200,171
hybrid,1000,5000,-0.4343409099264,-0.0017750072554159953,-0.432565902670984,200,171
B_only,1000,5000,-1.4977942506941348e-05,-0.0017750072554159953,0.001760029312909054,200,171
A_only,1000,10000,-0.6145140311458921,-0.0006760970636952127,-0.6138379340821969,200,171
hybrid,1000,10000,-0.3870006844103664,-0.0006760970636952127,-0.3863245873466712,200,171
B_only,1000,10000,-0.07508335115118939,-0.0006760970636952127,-0.07440725408749417,200,171
A_only,1000,2000,-0.6806728193623094,-0.016652717978201063,-0.6640201013841083,500,171
hybrid,1000,2000,-0.15681240753363693,-0.016652717978201063,-0.14015968955543587,500,171
B_only,1000,2000,-0.04335494497266793,-0.016652717978201063,-0.02670222699446687,500,171
A_only,1000,5000,-1.2414503316557062,-0.016652717978201063,-1.2247976136775052,500,171
hybrid,1000,5000,-0.33624348423152767,-0.016652717978201063,-0.3195907662533266,500,171
B_only,1000,5000,-0.00019577385177555425,-0.016652717978201063,0.01645694412642551,500,171
A_only,1000,10000,-0.03428705766345493,-0.0006760970636952127,-0.03361096059975972,500,171
hybrid,1000,10000,-0.006214938318084166,-0.0006760970636952127,-0.0055388412543889536,500,171
B_only,1000,10000,-0.000627653627698938,-0.0006760970636952127,4.8443435996274684e-05,500,171
A_only,1000,2000,-1.3044292906454389,-0.0014035296225299897,-1.3030257610229088,25,172
hybrid,1000,2000,-0.49866387056776257,-0.0014035296225299897,-0.4972603409452326,25,172
B_only,1000,2000,-0.00269227908084961,-0.0014035296225299897,-0.0012887494583196204,25,172
A_only,1000,5000,-0.425487354520437,-0.0014035296225299897,-0.424083824897907,25,172
hybrid,1000,5000,-0.2687334136128011,-0.0014035296225299897,-0.26732988399027113,25,172
B_only,1000,5000,-0.14083641726152116,-0.0014035296225299897,-0.13943288763899117,25,172
A_only,1000,10000,-0.8602514975345582,-0.0017750072554159953,-0.8584764902791422,25,172
hybrid,1000,10000,-0.5173354801119796,-0.0017750072554159953,-0.5155604728565636,25,172
B_only,1000,10000,-0.008333622862317015,-0.0017750072554159953,-0.00655861560690102,25,172
A_only,1000,2000,-1.499116088448139,-0.0033159803963591777,-1.4958001080517798,50,172
hybrid,1000,2000,-0.9285351131475055,-0.0033159803963591777,-0.9252191327511463,50,172
B_only,1000,2000,-0.001440182861484341,-0.0033159803963591777,0.0018757975348748367,50,172
A_only,1000,5000,-0.6682759081838004,-0.016530923319274207,-0.6517449848645263,50,172
hybrid,1000,5000,-0.18850622511843254,-0.016530923319274207,-0.17197530179915832,50,172
B_only,1000,5000,-9.280357609867277e-05,-0.016530923319274207,0.016438119743175536,50,172
A_only,1000,10000,-0.8991215434905432,-0.0014035296225299897,-0.8977180138680132,50,172
hybrid,1000,10000,-1.1829026885861358,-0.0014035296225299897,-1.1814991589636057,50,172
B_only,1000,10000,-1.0209456912006496,-0.0014035296225299897,-1.0195421615781195,50,172
A_only,1000,2000,-0.705648172424844,-0.03431007729625027,-0.6713380951285938,100,172
hybrid,1000,2000,-0.06818915165483617,-0.03431007729625027,-0.033879074358585906,100,172
B_only,1000,2000,-1.6111555306479296e-05,-0.03431007729625027,0.03429396574094379,100,172
A_only,1000,5000,-1.2950600663789102,-0.016530923319274207,-1.278529143059636,100,172
hybrid,1000,5000,-0.6571718685618915,-0.016530923319274207,-0.6406409452426173,100,172
B_only,1000,5000,-2.7918859591556107e-05,-0.016530923319274207,0.01650300445968265,100,172
A_only,1000,10000,-0.44038946431442066,-0.0017750072554159953,-0.43861445705900465,100,172
hybrid,1000,10000,-0.26894363219927264,-0.0017750072554159953,-0.2671686249438566,100,172
B_only,1000,10000,-0.4817384563472215,-0.0017750072554159953,-0.4799634490918055,100,172
A_only,1000,2000,-1.1893150767901854,-0.10303095660341191,-1.0862841201867734,200,172
hybrid,1000,2000,-0.4056498604653719,-0.10303095660341191,-0.30261890386196,200,172
B_only,1000,2000,-0.009764217717377614,-0.10303095660341191,0.09326673888603429,200,172
A_only,1000,5000,-0.3852154188090561,-0.0006760970636952127,-0.3845393217453609,200,172
hybrid,1000,5000,-0.12693450773959064,-0.0006760970636952127,-0.12625841067589544,200,172
B_only,1000,5000,-0.021688987839633224,-0.0006760970636952127,-0.02101289077593801,200,172
A_only,1000,10000,-0.31598163931137674,-0.0017750072554159953,-0.3142066320559607,200,172
hybrid,1000,10000,-0.14548000047248172,-0.0017750072554159953,-0.14370499321706573,200,172
B_only,1000,10000,-0.004460478133306637,-0.0017750072554159953,-0.002685470877890642,200,172
A_only,1000,2000,-0.7433394076550146,-0.016530923319274207,-0.7268084843357404,500,172
hybrid,1000,2000,-0.16447333285243226,-0.016530923319274207,-0.14794240953315807,500,172
B_only,1000,2000,-0.0022061157128262293,-0.016530923319274207,0.014324807606447977,500,172
A_only,1000,5000,-0.12789017245115322,-0.0014035296225299897,-0.12648664282862324,500,172
hybrid,1000,5000,-0.021338156289703952,-0.0014035296225299897,-0.019934626667173962,500,172
B_only,1000,5000,-0.00043167633668069936,-0.0014035296225299897,0.0009718532858492904,500,172
A_only,1000,10000,-0.6459923187532317,-0.0014035296225299897,-0.6445887891307017,500,172
hybrid,1000,10000,-0.3267344633284937,-0.0014035296225299897,-0.3253309337059637,500,172
B_only,1000,10000,-0.09859247756491273,-0.0014035296225299897,-0.09718894794238274,500,172
A_only,1000,2000,-0.5598094822349109,-0.06976201878446649,-0.4900474634504444,25,173
hybrid,1000,2000,-0.11314223939727414,-0.06976201878446649,-0.04338022061280765,25,173
B_only,1000,2000,-0.01580686296418941,-0.06976201878446649,0.05395515582027707,25,173
A_only,1000,5000,-0.5493961019323751,-0.0006760970636952127,-0.5487200048686799,25,173
hybrid,1000,5000,-0.09986994436736457,-0.0006760970636952127,-0.09919384730366936,25,173
B_only,1000,5000,-0.011958798588735508,-0.0006760970636952127,-0.011282701525040295,25,173
A_only,1000,10000,-0.7131679364390024,-0.0006760970636952127,-0.7124918393753072,25,173
hybrid,1000,10000,-0.3587801406338456,-0.0006760970636952127,-0.3581040435701504,25,173
B_only,1000,10000,-0.001546789245184182,-0.0006760970636952127,-0.0008706921814889693,25,173
A_only,1000,2000,-0.6560442193236766,-0.021107166088018964,-0.6349370532356576,50,173
hybrid,1000,2000,-0.14850484355365967,-0.021107166088018964,-0.1273976774656407,50,173
B_only,1000,2000,-0.003265543643657149,-0.021107166088018964,0.017841622444361816,50,173
A_only,1000,5000,-0.43356376922686046,-0.0014035296225299897,-0.4321602396043305,50,173
hybrid,1000,5000,-0.16761852278682007,-0.0014035296225299897,-0.1662149931642901,50,173
B_only,1000,5000,-0.01726521338815057,-0.0014035296225299897,-0.01586168376562058,50,173
A_only,1000,10000,-0.2671463575183347,-0.0006760970636952127,-0.2664702604546395,50,173
hybrid,1000,10000,-0.09076201500997062,-0.0006760970636952127,-0.0900859179462754,50,173
B_only,1000,10000,-0.0007334046972749924,-0.0006760970636952127,-5.730763357977972e-05,50,173
A_only,1000,2000,-1.7016223227569813,-0.02744009198228548,-1.6741822307746959,100,173
hybrid,1000,2000,-0.9308912744798581,-0.02744009198228548,-0.9034511824975726,100,173
B_only,1000,2000,-0.0568405067815168,-0.02744009198228548,-0.029400414799231323,100,173
A_only,1000,5000,-0.9438914210948344,-0.0006760970636952127,-0.9432153240311392,100,173
hybrid,1000,5000,-0.6232901497373439,-0.0006760970636952127,-0.6226140526736487,100,173
B_only,1000,5000,-0.6560226854241468,-0.0006760970636952127,-0.6553465883604516,100,173
A_only,1000,10000,-0.526414013278772,-0.0028182160594265654,-0.5235957972193455,100,173
hybrid,1000,10000,-0.2400949040031017,-0.0028182160594265654,-0.23727668794367515,100,173
B_only,1000,10000,-0.021069333265464493,-0.0028182160594265654,-0.018251117206037927,100,173
A_only,1000,2000,-0.7645069934403466,-0.016652717978201063,-0.7478542754621454,200,173
hybrid,1000,2000,-0.2772707104573192,-0.016652717978201063,-0.26061799247911815,200,173
B_only,1000,2000,-0.26575072252926574,-0.016652717978201063,-0.24909800455106468,200,173
A_only,1000,5000,-0.5121983822166611,-0.021107166088018964,-0.49109121612864215,200,173
hybrid,1000,5000,-0.2400644190271916,-0.021107166088018964,-0.21895725293917265,200,173
B_only,1000,5000,-0.042682602255229615,-0.021107166088018964,-0.02157543616721065,200,173
A_only,1000,10000,-1.221720527346272,-0.0006760970636952127,-1.2210444302825767,200,173
hybrid,1000,10000,-0.5641294499977837,-0.0006760970636952127,-0.5634533529340885,200,173
B_only,1000,10000,-0.08693133309265387,-0.0006760970636952127,-0.08625523602895865,200,173
A_only,1000,2000,-0.5634052335784308,-0.016652717978201063,-0.5467525156002296,500,173
hybrid,1000,2000,-0.10957157126708338,-0.016652717978201063,-0.09291885328888232,500,173
B_only,1000,2000,-0.003082307117889503,-0.016652717978201063,0.01357041086031156,500,173
A_only,1000,5000,-0.6919825901222257,-0.016530923319274207,-0.6754516668029515,500,173
hybrid,1000,5000,-0.203127528997017,-0.016530923319274207,-0.18659660567774278,500,173
B_only,1000,5000,-0.05810571558226288,-0.016530923319274207,-0.04157479226298867,500,173
A_only,1000,10000,-0.82482874384971,-0.0006760970636952127,-0.8241526467860149,500,173
hybrid,1000,10000,-0.2595294760426171,-0.0006760970636952127,-0.2588533789789219,500,173
B_only,1000,10000,-0.013062074370962667,-0.0006760970636952127,-0.012385977307267454,500,173
A_only,1000,2000,-0.4734158829778701,-0.02744009198228548,-0.4459757909955846,25,174
hybrid,1000,2000,-0.2143082449440694,-0.02744009198228548,-0.1868681529617839,25,174
B_only,1000,2000,-0.1083196194462611,-0.02744009198228548,-0.08087952746397563,25,174
A_only,1000,5000,-1.0314018853244136,-0.0006760970636952127,-1.0307257882607184,25,174
hybrid,1000,5000,-0.6190485268598706,-0.0006760970636952127,-0.6183724297961753,25,174
B_only,1000,5000,-0.13881607630188844,-0.0006760970636952127,-0.13813997923819324,25,174
A_only,1000,10000,-0.8213430447928187,-0.016530923319274207,-0.8048121214735445,25,174
hybrid,1000,10000,-0.4035008499997107,-0.016530923319274207,-0.3869699266804365,25,174
B_only,1000,10000,-2.8967541400977468e-05,-0.016530923319274207,0.01650195577787323,25,174
A_only,1000,2000,-1.4626586102258499,-0.0033159803963591777,-1.4593426298294907,50,174
hybrid,1000,2000,-1.3664626002191202,-0.0033159803963591777,-1.363146619822761,50,174
B_only,1000,2000,-0.6868589438744597,-0.0033159803963591777,-0.6835429634781005,50,174
A_only,1000,5000,-0.9019548237911765,-0.016530923319274207,-0.8854239004719023,50,174
hybrid,1000,5000,-0.6285631754539408,-0.016530923319274207,-0.6120322521346666,50,174
B_only,1000,5000,-0.49226983945869407,-0.016530923319274207,-0.4757389161394199,50,174
A_only,1000,10000,-0.23582424600080712,-0.0006760970636952127,-0.23514814893711192,50,174
hybrid,1000,10000,-0.10251919233915201,-0.0006760970636952127,-0.10184309527545679,50,174
B_only,1000,10000,-0.009304282716583324,-0.0006760970636952127,-0.008628185652888112,50,174
A_only,1000,2000,-0.655079729786372,-0.03431007729625027,-0.6207696524901217,100,174
hybrid,1000,2000,-0.2172973372241207,-0.03431007729625027,-0.18298725992787043,100,174
B_only,1000,2000,-0.08046287238992039,-0.03431007729625027,-0.046152795093670124,100,174
A_only,1000,5000,-0.4255001822778488,-0.0006760970636952127,-0.4248240852141536,100,174
hybrid,1000,5000,-0.11243137502191759,-0.0006760970636952127,-0.11175527795822238,100,174
B_only,1000,5000,-0.011993434934694425,-0.0006760970636952127,-0.011317337870999212,100,174
A_only,1000,10000,-0.6542655875509218,-0.0006760970636952127,-0.6535894904872266,100,174
hybrid,1000,10000,-0.4535805222335058,-0.0006760970636952127,-0.4529044251698106,100,174
B_only,1000,10000,-0.08890177169088646,-0.0006760970636952127,-0.08822567462719125,100,174
A_only,1000,2000,-1.1802785539976124,-0.016530923319274207,-1.163747630678338,200,174
hybrid,1000,2000,-0.5000668520071784,-0.016530923319274207,-0.4835359286879042,200,174
B_only,1000,2000,-0.04051717264241528,-0.016530923319274207,-0.02398624932314107,200,174
A_only,1000,5000,-1.032757113428041,-0.0006760970636952127,-1.032081016364346,200,174
hybrid,1000,5000,-0.43633285193378,-0.0006760970636952127,-0.4356567548700848,200,174
B_only,1000,5000,-1.2269036271876074e-05,-0.0006760970636952127,0.0006638280274233366,200,174
A_only,1000,10000,-0.34322679785710825,-0.0006760970636952127,-0.34255070079341304,200,174
hybrid,1000,10000,-0.09852397252554354,-0.0006760970636952127,-0.09784787546184832,200,174
B_only,1000,10000,-7.2973943134175455e-06,-0.0006760970636952127,0.0006687996693817952,200,174
A_only,1000,2000,-0.5874301446801924,-0.0017750072554159953,-0.5856551374247764,500,174
hybrid,1000,2000,-0.08402965082038803,-0.0017750072554159953,-0.08225464356497204,500,174
B_only,1000,2000,-0.0027474934061694836,-0.0017750072554159953,-0.0009724861507534883,500,174
A_only,1000,5000,-1.0671702212002814,-0.0014035296225299897,-1.0657666915777513,500,174
hybrid,1000,5000,-0.42511267837627537,-0.0014035296225299897,-0.4237091487537454,500,174
B_only,1000,5000,-0.19732565896349555,-0.0014035296225299897,-0.19592212934096556,500,174
A_only,1000,10000,-0.5242858438399712,-0.0014035296225299897,-0.5228823142174412,500,174
hybrid,1000,10000,-0.10895428316710559,-0.0014035296225299897,-0.1075507535445756,500,174
B_only,1000,10000,-0.000896132187906902,-0.0014035296225299897,0.0005073974346230878,500,174
A_only,1000,2000,-1.122135244402441,-0.0017750072554159953,-1.1203602371470252,25,175
hybrid,1000,2000,-0.9073034949033839,-0.0017750072554159953,-0.9055284876479679,25,175
B_only,1000,2000,-1.8047262232504808,-0.0017750072554159953,-1.802951215995065,25,175
A_only,1000,5000,-0.9720052920142694,-0.02555970165368331,-0.9464455903605862,25,175
hybrid,1000,5000,-0.6639509614025824,-0.02555970165368331,-0.6383912597488991,25,175
B_only,1000,5000,-0.1689911476985218,-0.02555970165368331,-0.14343144604483848,25,175
A_only,1000,10000,-0.9888005799880093,-0.0006760970636952127,-0.9881244829243141,25,175
hybrid,1000,10000,-0.7274431558340788,-0.0006760970636952127,-0.7267670587703836,25,175
B_only,1000,10000,-0.6238567652055209,-0.0006760970636952127,-0.6231806681418257,25,175
A_only,1000,2000,-1.0461500917746813,-0.111168923611811,-0.9349811681628704,50,175
hybrid,1000,2000,-0.9027536278843795,-0.111168923611811,-0.7915847042725686,50,175
B_only,1000,2000,-0.4796861590808084,-0.111168923611811,-0.3685172354689974,50,175
A_only,1000,5000,-0.8686713905993058,-0.01849454206597494,-0.8501768485333309,50,175
hybrid,1000,5000,-0.366752608686663,-0.01849454206597494,-0.34825806662068803,50,175
B_only,1000,5000,-1.3827961802828258e-06,-0.01849454206597494,0.018493159269794657,50,175
A_only,1000,10000,-0.04728135462778046,-0.0014035296225299897,-0.04587782500525047,50,175
hybrid,1000,10000,-0.007993063880429507,-0.0014035296225299897,-0.006589534257899517,50,175
B_only,1000,10000,-0.016199549632909076,-0.0014035296225299897,-0.014796020010379086,50,175
A_only,1000,2000,-1.1354392952131511,-0.0014035296225299897,-1.134035765590621,100,175
hybrid,1000,2000,-0.5816399342669943,-0.0014035296225299897,-0.5802364046444644,100,175
B_only,1000,2000,-0.00979285828971134,-0.0014035296225299897,-0.00838932866718135,100,175
A_only,1000,5000,-0.19945504378058396,-0.0006760970636952127,-0.19877894671688875,100,175
hybrid,1000,5000,-0.035269005103875165,-0.0006760970636952127,-0.034592908040179955,100,175
B_only,1000,5000,-0.006152362928800821,-0.0006760970636952127,-0.005476265865105608,100,175
A_only,1000,10000,-0.6258854065212499,-0.0017750072554159953,-0.6241103992658339,100,175
hybrid,1000,10000,-0.41207008760072816,-0.0017750072554159953,-0.41029508034531215,100,175
B_only,1000,10000,-0.04095306658891514,-0.0017750072554159953,-0.039178059333499146,100,175
A_only,1000,2000,-0.653120939819366,-0.0033159803963591777,-0.6498049594230069,200,175
hybrid,1000,2000,-0.23236475857553054,-0.0033159803963591777,-0.22904877817917135,200,175
B_only,1000,2000,-0.008182004288895296,-0.0033159803963591777,-0.0048660238925361185,200,175
A_only,1000,5000,-0.46563804356130245,-0.016530923319274207,-0.44910712024202826,200,175
hybrid,1000,5000,-0.15076703282081994,-0.016530923319274207,-0.13423610950154574,200,175
B_only,1000,5000,-0.0014308154189650961,-0.016530923319274207,0.015100107900309112,200,175
A_only,1000,10000,-0.8985746304986205,-0.0033159803963591777,-0.8952586501022614,200,175
hybrid,1000,10000,-0.5505323308092965,-0.0033159803963591777,-0.5472163504129374,200,175
B_only,1000,10000,-0.1359154557562937,-0.0033159803963591777,-0.13259947535993455,200,175
A_only,1000,2000,-1.1981614914751626,-0.21139564999887298,-0.9867658414762897,500,175
hybrid,1000,2000,-0.42558269465662757,-0.21139564999887298,-0.2141870446577546,500,175
B_only,1000,2000,-0.17200247423994788,-0.21139564999887298,0.03939317575892509,500,175
A_only,1000,5000,-0.7204746076161028,-0.026071275432122825,-0.69440333218398,500,175
hybrid,1000,5000,-0.17213219114244105,-0.026071275432122825,-0.14606091571031823,500,175
B_only,1000,5000,-0.0005896013905740397,-0.026071275432122825,0.025481674041548785,500,175
A_only,1000,10000,-0.9804744730779514,-0.0006760970636952127,-0.9797983760142562,500,175
hybrid,1000,10000,-0.20283164163760925,-0.0006760970636952127,-0.20215554457391405,500,175
B_only,1000,10000,-0.0006021132972595333,-0.0006760970636952127,7.398376643567937e-05,500,175
A_only,1000,2000,-1.0812349410202686,-0.0014035296225299897,-1.0798314113977385,25,176
hybrid,1000,2000,-0.5278861658935824,-0.0014035296225299897,-0.5264826362710524,25,176
B_only,1000,2000,-0.27880874369147246,-0.0014035296225299897,-0.2774052140689425,25,176
A_only,1000,5000,-0.7574804705857269,-0.016652717978201063,-0.7408277526075258,25,176
hybrid,1000,5000,-0.3039912882018992,-0.016652717978201063,-0.28733857022369813,25,176
B_only,1000,5000,-0.19336950857012306,-0.016652717978201063,-0.176716790591922,25,176
A_only,1000,10000,-0.5887043999788103,-0.0017750072554159953,-0.5869293927233943,25,176
hybrid,1000,10000,-0.17900807322182585,-0.0017750072554159953,-0.17723306596640986,25,176
B_only,1000,10000,-6.769678837390177e-07,-0.0017750072554159953,0.0017743302875322562,25,176
A_only,1000,2000,-1.2369823413788812,-0.02338563685393675,-1.2135967045249445,50,176
hybrid,1000,2000,-0.4197648692904252,-0.02338563685393675,-0.3963792324364885,50,176
B_only,1000,2000,-8.477622205225377e-05,-0.02338563685393675,0.023300860631884496,50,176
A_only,1000,5000,-0.5475861787476511,-0.0014035296225299897,-0.5461826491251212,50,176
hybrid,1000,5000,-0.2821939557847862,-0.0014035296225299897,-0.2807904261622562,50,176
B_only,1000,5000,-0.01566255845545399,-0.0014035296225299897,-0.014259028832924,50,176
A_only,1000,10000,-0.6935199738979625,-0.0017750072554159953,-0.6917449666425465,50,176
hybrid,1000,10000,-0.23707327726665495,-0.0017750072554159953,-0.23529827001123896,50,176
B_only,1000,10000,-0.08200450574116235,-0.0017750072554159953,-0.08022949848574636,50,176
A_only,1000,2000,-1.0554812105544602,-0.0017750072554159953,-1.0537062032990443,100,176
hybrid,1000,2000,-0.5689446849742197,-0.0017750072554159953,-0.5671696777188037,100,176
B_only,1000,2000,-0.03714833778583043,-0.0017750072554159953,-0.035373330530414436,100,176
A_only,1000,5000,-0.452575863215902,-0.016652717978201063,-0.4359231452377009,100,176
hybrid,1000,5000,-0.22721606462239544,-0.016652717978201063,-0.21056334664419438,100,176
B_only,1000,5000,-0.22972557991468998,-0.016652717978201063,-0.21307286193648892,100,176
A_only,1000,10000,-0.7574546901012309,-0.0006760970636952127,-0.7567785930375357,100,176
hybrid,1000,10000,-0.3777455766523234,-0.0006760970636952127,-0.3770694795886282,100,176
B_only,1000,10000,-0.0017530011914852468,-0.0006760970636952127,-0.0010769041277900343,100,176
A_only,1000,2000,-1.095571959630106,-0.0014035296225299897,-1.0941684300075758,200,176
hybrid,1000,2000,-0.6040151746875013,-0.0014035296225299897,-0.6026116450649713,200,176
B_only,1000,2000,-0.11754367994036878,-0.0014035296225299897,-0.1161401503178388,200,176
A_only,1000,5000,-1.5628586542420817,-0.0028182160594265654,-1.5600404381826551,200,176
hybrid,1000,5000,-0.34211801420713067,-0.0028182160594265654,-0.3392997981477041,200,176
B_only,1000,5000,-5.07020102506243e-07,-0.0028182160594265654,0.002817709039324059,200,176
A_only,1000,10000,-0.46576609406698793,-0.0006760970636952127,-0.46508999700329273,200,176
hybrid,1000,10000,-0.14518595920894706,-0.0006760970636952127,-0.14450986214525186,200,176
B_only,1000,10000,-0.0007253789285043771,-0.0006760970636952127,-4.928186480916436e-05,200,176
A_only,1000,2000,-2.0363530918600183,-0.02744009198228548,-2.0089129998777326,500,176
hybrid,1000,2000,-0.5563616070989663,-0.02744009198228548,-0.5289215151166808,500,176
B_only,1000,2000,-0.059967998577775856,-0.02744009198228548,-0.032527906595490375,500,176
A_only,1000,5000,-0.06648031887511441,-0.0006760970636952127,-0.06580422181141919,500,176
hybrid,1000,5000,-0.008087533665177175,-0.0006760970636952127,-0.007411436601481962,500,176
B_only,1000,5000,-0.013224502451884808,-0.0006760970636952127,-0.012548405388189595,500,176
A_only,1000,10000,-0.018889306415771676,-0.0006760970636952127,-0.018213209352076463,500,176
hybrid,1000,10000,-0.003257156253198764,-0.0006760970636952127,-0.002581059189503551,500,176
B_only,1000,10000,-0.008885040750689556,-0.0006760970636952127,-0.008208943686994343,500,176
A_only,1000,2000,-0.9959901673873639,-0.05681229432921549,-0.9391778730581484,25,177
hybrid,1000,2000,-0.6115342108890511,-0.05681229432921549,-0.5547219165598356,25,177
B_only,1000,2000,-1.0071303875895452,-0.05681229432921549,-0.9503180932603297,25,177
A_only,1000,5000,-0.7190685731548007,-0.0017750072554159953,-0.7172935658993846,25,177
hybrid,1000,5000,-0.22557924267814203,-0.0017750072554159953,-0.22380423542272604,25,177
B_only,1000,5000,-0.3466661170102696,-0.0017750072554159953,-0.3448911097548536,25,177
A_only,1000,10000,-1.2432575337539682,-0.0028182160594265654,-1.2404393176945416,25,177
hybrid,1000,10000,-0.5978233104427151,-0.0028182160594265654,-0.5950050943832885,25,177
B_only,1000,10000,-1.4126065600813756e-07,-0.0028182160594265654,0.0028180747987705573,25,177
A_only,1000,2000,-1.066070994073056,-0.048388414022939155,-1.0176825800501168,50,177
hybrid,1000,2000,-0.3998405595523591,-0.048388414022939155,-0.35145214552941995,50,177
B_only,1000,2000,-0.000891002487327855,-0.048388414022939155,0.0474974115356113,50,177
A_only,1000,5000,-0.7705195246560059,-0.021107166088018964,-0.7494123585679869,50,177
hybrid,1000,5000,-0.1257502386861095,-0.021107166088018964,-0.10464307259809053,50,177
B_only,1000,5000,-9.44027167757275e-05,-0.021107166088018964,0.021012763371243238,50,177
A_only,1000,10000,-0.5631957971637424,-0.0006760970636952127,-0.5625197001000471,50,177
hybrid,1000,10000,-0.1603738584409014,-0.0006760970636952127,-0.1596977613772062,50,177
B_only,1000,10000,-3.176469737198608e-10,-0.0006760970636952127,0.000676096746048239,50,177
A_only,1000,2000,-1.346037951306798,-0.10953837719691305,-1.236499574109885,100,177
hybrid,1000,2000,-1.0653240330682048,-0.10953837719691305,-0.9557856558712917,100,177
B_only,1000,2000,-0.6631237033245474,-0.10953837719691305,-0.5535853261276343,100,177
A_only,1000,5000,-0.5413761098843347,-0.0017750072554159953,-0.5396011026289187,100,177
hybrid,1000,5000,-0.2183906312778827,-0.0017750072554159953,-0.2166156240224667,100,177
B_only,1000,5000,-0.126059018470971,-0.0017750072554159953,-0.12428401121555502,100,177
A_only,1000,10000,-0.40355273640993455,-0.016652717978201063,-0.3869000184317335,100,177
hybrid,1000,10000,-0.13713444904898742,-0.016652717978201063,-0.12048173107078636,100,177
B_only,1000,10000,-0.0001795441766404812,-0.016652717978201063,0.016473173801560582,100,177
A_only,1000,2000,-0.8263588178260909,-0.0006760970636952127,-0.8256827207623957,200,177
hybrid,1000,2000,-0.2712959818704632,-0.0006760970636952127,-0.270619884806768,200,177
B_only,1000,2000,-0.15030481284072272,-0.0006760970636952127,-0.14962871577702752,200,177
A_only,1000,5000,-0.4005977490456421,-0.0017750072554159953,-0.3988227417902261,200,177
hybrid,1000,5000,-0.23268790917160803,-0.0017750072554159953,-0.23091290191619204,200,177
B_only,1000,5000,-0.30321655209121184,-0.0017750072554159953,-0.3014415448357958,200,177
A_only,1000,10000,-0.45120616480375664,-0.0006760970636952127,-0.45053006774006144,200,177
hybrid,1000,10000,-0.1482359256667991,-0.0006760970636952127,-0.1475598286031039,200,177
B_only,1000,10000,-0.01841136262691668,-0.0006760970636952127,-0.017735265563221466,200,177
A_only,1000,2000,-1.0550347083820633,-0.111168923611811,-0.9438657847702523,500,177
hybrid,1000,2000,-0.42024989697285603,-0.111168923611811,-0.309080973361045,500,177
B_only,1000,2000,-0.24393992244476737,-0.111168923611811,-0.13277099883295637,500,177
A_only,1000,5000,-0.43903144014640155,-0.0006760970636952127,-0.43835534308270635,500,177
hybrid,1000,5000,-0.0673671108392187,-0.0006760970636952127,-0.06669101377552349,500,177
B_only,1000,5000,-0.013143746559630421,-0.0006760970636952127,-0.012467649495935209,500,177
A_only,1000,10000,-0.5501977594693285,-0.0014035296225299897,-0.5487942298467985,500,177
hybrid,1000,10000,-0.1561822421876926,-0.0014035296225299897,-0.15477871256516262,500,177
B_only,1000,10000,-0.0037627131349284456,-0.0014035296225299897,-0.002359183512398456,500,177
A_only,1000,2000,-1.3269616566986122,-0.0006760970636952127,-1.326285559634917,25,178
hybrid,1000,2000,-0.9757506469582511,-0.0006760970636952127,-0.9750745498945559,25,178
B_only,1000,2000,-0.033618752833525604,-0.0006760970636952127,-0.032942655769830395,25,178
A_only,1000,5000,-1.0137129396257414,-0.03431007729625027,-0.9794028623294911,25,178
hybrid,1000,5000,-0.8308774021228743,-0.03431007729625027,-0.7965673248266241,25,178
B_only,1000,5000,-0.14432050008708086,-0.03431007729625027,-0.11001042279083059,25,178
A_only,1000,10000,-1.075461232913058,-0.0017750072554159953,-1.073686225657642,25,178
hybrid,1000,10000,-1.2492818895526243,-0.0017750072554159953,-1.2475068822972084,25,178
B_only,1000,10000,-0.007567178624732762,-0.0017750072554159953,-0.005792171369316767,25,178
A_only,1000,2000,-0.9157986376769036,-0.0014035296225299897,-0.9143951080543736,50,178
hybrid,1000,2000,-0.30029607585638696,-0.0014035296225299897,-0.29889254623385697,50,178
B_only,1000,2000,-0.00015826112121535655,-0.0014035296225299897,0.0012452685013146331,50,178
A_only,1000,5000,-0.6395522941288005,-0.0014035296225299897,-0.6381487645062706,50,178
hybrid,1000,5000,-0.456819868293974,-0.0014035296225299897,-0.455416338671444,50,178
B_only,1000,5000,-0.5153212873352375,-0.0014035296225299897,-0.5139177577127075,50,178
A_only,1000,10000,-0.003596317125841624,-0.0006760970636952127,-0.002920220062146411,50,178
hybrid,1000,10000,-0.0001474841247061408,-0.0006760970636952127,0.0005286129389890719,50,178
B_only,1000,10000,-1.11012095170286,-0.0006760970636952127,-1.1094448546391649,50,178
A_only,1000,2000,-0.7786784801462883,-0.0017750072554159953,-0.7769034728908722,100,178
hybrid,1000,2000,-0.3940209980006306,-0.0017750072554159953,-0.3922459907452146,100,178
B_only,1000,2000,-0.12740792140567814,-0.0017750072554159953,-0.12563291415026215,100,178
A_only,1000,5000,-0.25238179472633504,-0.0014035296225299897,-0.25097826510380505,100,178
hybrid,1000,5000,-0.10149792432389647,-0.0014035296225299897,-0.10009439470136648,100,178
B_only,1000,5000,-0.005379248335463515,-0.0014035296225299897,-0.003975718712933525,100,178
A_only,1000,10000,-0.3808993077399546,-0.0006760970636952127,-0.3802232106762594,100,178
hybrid,1000,10000,-0.11526883490559725,-0.0006760970636952127,-0.11459273784190203,100,178
B_only,1000,10000,-0.0003615775320545187,-0.0006760970636952127,0.000314519531640694,100,178
A_only,1000,2000,-0.6479426662758258,-0.026071275432122825,-0.6218713908437029,200,178
hybrid,1000,2000,-0.3091397216388744,-0.026071275432122825,-0.28306844620675153,200,178
B_only,1000,2000,-0.16616821328437437,-0.026071275432122825,-0.14009693785225155,200,178
A_only,1000,5000,-1.0624658994573404,-0.0028182160594265654,-1.0596476833979138,200,178
hybrid,1000,5000,-0.4020602787124756,-0.0028182160594265654,-0.39924206265304907,200,178
B_only,1000,5000,-0.005459361539904837,-0.0028182160594265654,-0.002641145480478272,200,178
A_only,1000,10000,-1.4336860516695797,-0.0006760970636952127,-1.4330099546058845,200,178
hybrid,1000,10000,-0.4620744176752942,-0.0006760970636952127,-0.461398320611599,200,178
B_only,1000,10000,-2.0754159523495767e-05,-0.0006760970636952127,0.0006553429041717169,200,178
A_only,1000,2000,-1.3697686688360151,-0.0017750072554159953,-1.3679936615805992,500,178
hybrid,1000,2000,-0.32752910843872624,-0.0017750072554159953,-0.3257541011833102,500,178
B_only,1000,2000,-0.022869788478746104,-0.0017750072554159953,-0.021094781223330108,500,178
A_only,1000,5000,-0.602346788213823,-0.0028182160594265654,-0.5995285721543965,500,178
hybrid,1000,5000,-0.09582192899590304,-0.0028182160594265654,-0.09300371293647648,500,178
B_only,1000,5000,-0.022856392733226507,-0.0028182160594265654,-0.02003817667379994,500,178
A_only,1000,10000,-0.8960682428298649,-0.0006760970636952127,-0.8953921457661697,500,178
hybrid,1000,10000,-0.17714113972163417,-0.0006760970636952127,-0.17646504265793897,500,178
B_only,1000,10000,-7.25932122260115e-07,-0.0006760970636952127,0.0006753711315729525,500,178
A_only,1000,2000,-0.7716348105863408,-0.021107166088018964,-0.7505276444983218,25,179
hybrid,1000,2000,-0.24170775618000026,-0.021107166088018964,-0.2206005900919813,25,179
B_only,1000,2000,-0.0013333701886106815,-0.021107166088018964,0.01977379589940828,25,179
A_only,1000,5000,-0.30203967280537247,-0.0017750072554159953,-0.30026466554995646,25,179
hybrid,1000,5000,-0.07242263395818062,-0.0017750072554159953,-0.07064762670276463,25,179
B_only,1000,5000,-0.22086941490080028,-0.0017750072554159953,-0.2190944076453843,25,179
A_only,1000,10000,-0.6071779779094083,-0.0014035296225299897,-0.6057744482868783,25,179
hybrid,1000,10000,-0.38673528307492805,-0.0014035296225299897,-0.38533175345239806,25,179
B_only,1000,10000,-0.009682485836139723,-0.0014035296225299897,-0.008278956213609733,25,179
A_only,1000,2000,-0.6944519563760252,-0.0006760970636952127,-0.69377585931233,50,179
hybrid,1000,2000,-0.30295125158394903,-0.0006760970636952127,-0.30227515452025383,50,179
B_only,1000,2000,-0.03470552561582626,-0.0006760970636952127,-0.03402942855213105,50,179
A_only,1000,5000,-0.8504330824552107,-0.0006760970636952127,-0.8497569853915155,50,179
hybrid,1000,5000,-0.554604535297351,-0.0006760970636952127,-0.5539284382336558,50,179
B_only,1000,5000,-0.12461337653487534,-0.0006760970636952127,-0.12393727947118012,50,179
A_only,1000,10000,-0.5470777027398118,-0.0006760970636952127,-0.5464016056761166,50,179
hybrid,1000,10000,-0.22408373605151377,-0.0006760970636952127,-0.22340763898781857,50,179
B_only,1000,10000,-0.0009914046681293285,-0.0006760970636952127,-0.00031530760443411584,50,179
A_only,1000,2000,-1.4359405961413827,-0.021107166088018964,-1.4148334300533638,100,179
hybrid,1000,2000,-0.8301639957799313,-0.021107166088018964,-0.8090568296919123,100,179
B_only,1000,2000,-0.011531125303715343,-0.021107166088018964,0.009576040784303621,100,179
A_only,1000,5000,-1.077181306410363,-0.0006760970636952127,-1.0765052093466678,100,179
hybrid,1000,5000,-0.831238791856911,-0.0006760970636952127,-0.8305626947932158,100,179
B_only,1000,5000,-0.24655305753830348,-0.0006760970636952127,-0.24587696047460827,100,179
A_only,1000,10000,-0.4746468121566826,-0.0006760970636952127,-0.4739707150929874,100,179
hybrid,1000,10000,-0.1928326626384513,-0.0006760970636952127,-0.1921565655747561,100,179
B_only,1000,10000,-0.0005316955727741454,-0.0006760970636952127,0.0001444014909210673,100,179
A_only,1000,2000,-0.6034742014006358,-0.19176083319085585,-0.41171336820977994,200,179
hybrid,1000,2000,-0.18991123101520002,-0.19176083319085585,0.001849602175655829,200,179
B_only,1000,2000,-0.012188282242494675,-0.19176083319085585,0.17957255094836116,200,179
A_only,1000,5000,-0.06311298392964881,-0.0006760970636952127,-0.062436886865953604,200,179
hybrid,1000,5000,-0.008367657749657193,-0.0006760970636952127,-0.00769156068596198,200,179
B_only,1000,5000,-0.03594266187779578,-0.0006760970636952127,-0.03526656481410057,200,179
A_only,1000,10000,-0.8543115976613738,-0.0006760970636952127,-0.8536355005976786,200,179
hybrid,1000,10000,-0.4236628290171464,-0.0006760970636952127,-0.4229867319534512,200,179
B_only,1000,10000,-3.402367171077009e-05,-0.0006760970636952127,0.0006420733919844426,200,179
A_only,1000,2000,-0.734715579241302,-0.10943260677201108,-0.625282972469291,500,179
hybrid,1000,2000,-0.17660583320080495,-0.10943260677201108,-0.06717322642879386,500,179
B_only,1000,2000,-0.2011593504444555,-0.10943260677201108,-0.0917267436724444,500,179
A_only,1000,5000,-0.6391786720328275,-0.0006760970636952127,-0.6385025749691323,500,179
hybrid,1000,5000,-0.15102331019635204,-0.0006760970636952127,-0.15034721313265684,500,179
B_only,1000,5000,-0.002271170311750152,-0.0006760970636952127,-0.0015950732480549392,500,179
A_only,1000,10000,-1.0748212651421856,-0.0028182160594265654,-1.072003049082759,500,179
hybrid,1000,10000,-0.18966072147111498,-0.0028182160594265654,-0.18684250541168843,500,179
B_only,1000,10000,-0.01594267128028328,-0.0028182160594265654,-0.013124455220856715,500,179
A_only,1000,2000,-0.9657403016503238,-0.0006760970636952127,-0.9650642045866286,25,180
hybrid,1000,2000,-0.626127081130811,-0.0006760970636952127,-0.6254509840671157,25,180
B_only,1000,2000,-0.988896635061402,-0.0006760970636952127,-0.9882205379977068,25,180
A_only,1000,5000,-0.7012009983728561,-0.02338563685393675,-0.6778153615189193,25,180
hybrid,1000,5000,-0.2693729616197798,-0.02338563685393675,-0.24598732476584306,25,180
B_only,1000,5000,-0.00026266347976927124,-0.02338563685393675,0.023122973374167476,25,180
A_only,1000,10000,-0.13047576704647051,-0.0017750072554159953,-0.12870075979105453,25,180
hybrid,1000,10000,-0.0496256615141543,-0.0017750072554159953,-0.0478506542587383,25,180
B_only,1000,10000,-0.8784984427901588,-0.0017750072554159953,-0.8767234355347427,25,180
A_only,1000,2000,-1.5621126921983641,-0.026071275432122825,-1.5360414167662413,50,180
hybrid,1000,2000,-0.6749731880703279,-0.026071275432122825,-0.6489019126382051,50,180
B_only,1000,2000,-0.008725751820449944,-0.026071275432122825,0.01734552361167288,50,180
A_only,1000,5000,-0.5462647580686719,-0.0014035296225299897,-0.5448612284461419,50,180
hybrid,1000,5000,-0.1783850365793894,-0.0014035296225299897,-0.1769815069568594,50,180
B_only,1000,5000,-0.015824292346810726,-0.0014035296225299897,-0.014420762724280736,50,180
A_only,1000,10000,-0.5028747328352294,-0.0006760970636952127,-0.5021986357715342,50,180
hybrid,1000,10000,-0.15745400500516177,-0.0006760970636952127,-0.15677790794146657,50,180
B_only,1000,10000,-1.8939571620781354e-06,-0.0006760970636952127,0.0006742031065331346,50,180
A_only,1000,2000,-0.9045248012590426,-0.0028182160594265654,-0.901706585199616,100,180
hybrid,1000,2000,-0.5295600415908698,-0.0028182160594265654,-0.5267418255314432,100,180
B_only,1000,2000,-0.42512727144533213,-0.0028182160594265654,-0.4223090553859056,100,180
A_only,1000,5000,-1.2486736369180793,-0.0028182160594265654,-1.2458554208586528,100,180
hybrid,1000,5000,-0.9535121179410738,-0.0028182160594265654,-0.9506939018816473,100,180
B_only,1000,5000,-0.0005734362408143708,-0.0028182160594265654,0.0022447798186121947,100,180
A_only,1000,10000,-0.4133590661760012,-0.0006760970636952127,-0.412682969112306,100,180
hybrid,1000,10000,-0.19785054620663953,-0.0006760970636952127,-0.19717444914294432,100,180
B_only,1000,10000,-0.026234962786614618,-0.0006760970636952127,-0.025558865722919405,100,180
A_only,1000,2000,-1.3166173618142438,-0.0014035296225299897,-1.3152138321917137,200,180
hybrid,1000,2000,-0.5572727270860668,-0.0014035296225299897,-0.5558691974635368,200,180
B_only,1000,2000,-0.2591765362447117,-0.0014035296225299897,-0.2577730066221817,200,180
A_only,1000,5000,-0.8283905939290607,-0.0014035296225299897,-0.8269870643065307,200,180
hybrid,1000,5000,-0.3438361422627151,-0.0014035296225299897,-0.3424326126401851,200,180
B_only,1000,5000,-0.009102597839053095,-0.0014035296225299897,-0.007699068216523105,200,180
A_only,1000,10000,-0.7507229466745943,-0.0017750072554159953,-0.7489479394191783,200,180
hybrid,1000,10000,-0.3603571588775407,-0.0017750072554159953,-0.3585821516221247,200,180
B_only,1000,10000,-0.006683738292705701,-0.0017750072554159953,-0.0049087310372897056,200,180
A_only,1000,2000,-0.9160167249312618,-0.05681229432921549,-0.8592044306020463,500,180
hybrid,1000,2000,-0.39987384327421266,-0.05681229432921549,-0.3430615489449972,500,180
B_only,1000,2000,-0.30364239342657534,-0.05681229432921549,-0.24683009909735987,500,180
A_only,1000,5000,-0.6645762055005384,-0.02555970165368331,-0.6390165038468552,500,180
hybrid,1000,5000,-0.15137062380050623,-0.02555970165368331,-0.1258109221468229,500,180
B_only,1000,5000,-0.0027653010975122517,-0.02555970165368331,0.022794400556171057,500,180
A_only,1000,10000,-1.3959211495329233,-0.0017750072554159953,-1.3941461422775074,500,180
hybrid,1000,10000,-0.30397098696330954,-0.0017750072554159953,-0.3021959797078935,500,180
B_only,1000,10000,-0.005203586530436372,-0.0017750072554159953,-0.0034285792750203773,500,180
A_only,1000,2000,-1.9458570740339425,-0.0033159803963591777,-1.9425410936375833,25,181
hybrid,1000,2000,-1.1854590372370832,-0.0033159803963591777,-1.182143056840724,25,181
B_only,1000,2000,-0.0809980700148993,-0.0033159803963591777,-0.07768208961854012,25,181
A_only,1000,5000,-0.6438633955633992,-0.0014035296225299897,-0.6424598659408692,25,181
hybrid,1000,5000,-0.24304975104244564,-0.0014035296225299897,-0.24164622141991565,25,181
B_only,1000,5000,-0.3148935709626477,-0.0014035296225299897,-0.3134900413401177,25,181
A_only,1000,10000,-0.9541960383239344,-0.0014035296225299897,-0.9527925087014044,25,181
hybrid,1000,10000,-0.26792076831108247,-0.0014035296225299897,-0.2665172386885525,25,181
B_only,1000,10000,-0.004689268742328507,-0.0014035296225299897,-0.003285739119798517,25,181
A_only,1000,2000,-0.7176312594755533,-0.03431007729625027,-0.683321182179303,50,181
hybrid,1000,2000,-0.4526656408500895,-0.03431007729625027,-0.4183555635538392,50,181
B_only,1000,2000,-0.001420276096186035,-0.03431007729625027,0.03288980120006423,50,181
A_only,1000,5000,-0.7698025972052983,-0.0028182160594265654,-0.7669843811458718,50,181
hybrid,1000,5000,-0.6779073439129742,-0.0028182160594265654,-0.6750891278535477,50,181
B_only,1000,5000,-0.7250624735636703,-0.0028182160594265654,-0.7222442575042437,50,181
A_only,1000,10000,-0.52648339563736,-0.0006760970636952127,-0.5258072985736648,50,181
hybrid,1000,10000,-0.23825874223008303,-0.0006760970636952127,-0.23758264516638783,50,181
B_only,1000,10000,-0.0035739753381235115,-0.0006760970636952127,-0.0028978782744282987,50,181
A_only,1000,2000,-0.20837817787823154,-0.01849454206597494,-0.1898836358122566,100,181
hybrid,1000,2000,-0.034413290686363285,-0.01849454206597494,-0.015918748620388345,100,181
B_only,1000,2000,-0.07584066758599917,-0.01849454206597494,-0.05734612552002423,100,181
A_only,1000,5000,-0.9474105289179368,-0.0014035296225299897,-0.9460069992954068,100,181
hybrid,1000,5000,-0.31979073050582285,-0.0014035296225299897,-0.31838720088329286,100,181
B_only,1000,5000,-0.0008442391289667463,-0.0014035296225299897,0.0005592904935632434,100,181
A_only,1000,10000,-0.7974963888188594,-0.0006760970636952127,-0.7968202917551642,100,181
hybrid,1000,10000,-0.3602204212802228,-0.0006760970636952127,-0.3595443242165276,100,181
B_only,1000,10000,-0.10949230202190766,-0.0006760970636952127,-0.10881620495821244,100,181
A_only,1000,2000,-0.8149740412060879,-0.0033159803963591777,-0.8116580608097287,200,181
hybrid,1000,2000,-0.2578269279501939,-0.0033159803963591777,-0.25451094755383474,200,181
B_only,1000,2000,-0.018280513953140266,-0.0033159803963591777,-0.014964533556781089,200,181
A_only,1000,5000,-0.5195945755487998,-0.0017750072554159953,-0.5178195682933838,200,181
hybrid,1000,5000,-0.07051869371071445,-0.0017750072554159953,-0.06874368645529846,200,181
B_only,1000,5000,-7.726795493138982e-07,-0.0017750072554159953,0.0017742345758666813,200,181
A_only,1000,10000,-0.58443149942073,-0.0006760970636952127,-0.5837554023570348,200,181
hybrid,1000,10000,-0.23724373919813277,-0.0006760970636952127,-0.23656764213443757,200,181
B_only,1000,10000,-0.00011616601736370605,-0.0006760970636952127,0.0005599310463315066,200,181
A_only,1000,2000,-0.9549369384877988,-0.0017750072554159953,-0.9531619312323828,500,181
hybrid,1000,2000,-0.36488453369779483,-0.0017750072554159953,-0.3631095264423788,500,181
B_only,1000,2000,-0.1762574550831116,-0.0017750072554159953,-0.17448244782769562,500,181
A_only,1000,5000,-0.1879801004429086,-0.0017750072554159953,-0.18620509318749262,500,181
hybrid,1000,5000,-0.021491379766776075,-0.0017750072554159953,-0.01971637251136008,500,181
B_only,1000,5000,-0.0009878514361927387,-0.0017750072554159953,0.0007871558192232566,500,181
A_only,1000,10000,-0.8343349431479068,-0.0006760970636952127,-0.8336588460842116,500,181
hybrid,1000,10000,-0.1823027076773851,-0.0006760970636952127,-0.1816266106136899,500,181
B_only,1000,10000,-0.0005452500207639764,-0.0006760970636952127,0.00013084704293123627,500,181
A_only,1000,2000,-1.079723627609679,-0.016530923319274207,-1.0631927042904048,25,182
hybrid,1000,2000,-0.26301430935683934,-0.016530923319274207,-0.24648338603756514,25,182
B_only,1000,2000,-0.0001318249958560222,-0.016530923319274207,0.016399098323418185,25,182
A_only,1000,5000,-0.5736573344701688,-0.016652717978201063,-0.5570046164919676,25,182
hybrid,1000,5000,-0.2616789461630737,-0.016652717978201063,-0.24502622818487263,25,182
B_only,1000,5000,-0.015232726506939336,-0.016652717978201063,0.0014199914712617265,25,182
A_only,1000,10000,-0.04914653655231353,-0.0006760970636952127,-0.04847043948861832,25,182
hybrid,1000,10000,-0.006567637044482767,-0.0006760970636952127,-0.005891539980787554,25,182
B_only,1000,10000,-0.29135697427340757,-0.0006760970636952127,-0.29068087720971236,25,182
A_only,1000,2000,-0.48031525874644937,-0.0006760970636952127,-0.47963916168275417,50,182
hybrid,1000,2000,-0.13406761298927894,-0.0006760970636952127,-0.13339151592558374,50,182
B_only,1000,2000,-0.004253139217635489,-0.0006760970636952127,-0.0035770421539402762,50,182
A_only,1000,5000,-0.8924756700585016,-0.0033159803963591777,-0.8891596896621424,50,182
hybrid,1000,5000,-0.25821065918442976,-0.0033159803963591777,-0.2548946787880706,50,182
B_only,1000,5000,-0.007965757963687571,-0.0033159803963591777,-0.004649777567328393,50,182
A_only,1000,10000,-0.55517900177272,-0.0006760970636952127,-0.5545029047090247,50,182
hybrid,1000,10000,-0.2571847323037469,-0.0006760970636952127,-0.2565086352400517,50,182
B_only,1000,10000,-0.0026892278709722676,-0.0006760970636952127,-0.002013130807277055,50,182
A_only,1000,2000,-1.1386138570548638,-0.0014035296225299897,-1.1372103274323337,100,182
hybrid,1000,2000,-0.46518931564607685,-0.0014035296225299897,-0.46378578602354686,100,182
B_only,1000,2000,-0.0011041300366088215,-0.0014035296225299897,0.00029939958592116824,100,182
A_only,1000,5000,-0.8945215501744866,-0.01849454206597494,-0.8760270081085118,100,182
hybrid,1000,5000,-0.27884664598355,-0.01849454206597494,-0.2603521039175751,100,182
B_only,1000,5000,-1.269449038179949e-09,-0.01849454206597494,0.0184945407965259,100,182
A_only,1000,10000,-0.4786557545175128,-0.0014035296225299897,-0.4772522248949828,100,182
hybrid,1000,10000,-0.22861082885918793,-0.0014035296225299897,-0.22720729923665794,100,182
B_only,1000,10000,-0.010077783340694703,-0.0014035296225299897,-0.008674253718164713,100,182
A_only,1000,2000,-0.36178342292878485,-0.0033159803963591777,-0.3584674425324257,200,182
hybrid,1000,2000,-0.08613304360940477,-0.0033159803963591777,-0.08281706321304559,200,182
B_only,1000,2000,-0.22902290211759616,-0.0033159803963591777,-0.22570692172123696,200,182
A_only,1000,5000,-0.46677231121371476,-0.03431007729625027,-0.4324622339174645,200,182
hybrid,1000,5000,-0.10737321282853361,-0.03431007729625027,-0.07306313553228334,200,182
B_only,1000,5000,-0.00076198887825739,-0.03431007729625027,0.03354808841799288,200,182
A_only,1000,10000,-0.6264227362532397,-0.0014035296225299897,-0.6250192066307098,200,182
hybrid,1000,10000,-0.18834351161311633,-0.0014035296225299897,-0.18693998199058634,200,182
B_only,1000,10000,-0.00032446922474378155,-0.0014035296225299897,0.0010790603977862082,200,182
A_only,1000,2000,-1.7300052814837108,-0.016652717978201063,-1.7133525635055098,500,182
hybrid,1000,2000,-0.5320460479104212,-0.016652717978201063,-0.5153933299322201,500,182
B_only,1000,2000,-0.06142470823584947,-0.016652717978201063,-0.044771990257648414,500,182
A_only,1000,5000,-0.5630456964639806,-0.0014035296225299897,-0.5616421668414506,500,182
hybrid,1000,5000,-0.16300408105608846,-0.0014035296225299897,-0.16160055143355848,500,182
B_only,1000,5000,-0.0020085239643073726,-0.0014035296225299897,-0.0006049943417773828,500,182
A_only,1000,10000,-0.3318065519812705,-0.0014035296225299897,-0.33040302235874053,500,182
hybrid,1000,10000,-0.059661329848499436,-0.0014035296225299897,-0.05825780022596945,500,182
B_only,1000,10000,-0.001936266865612194,-0.0014035296225299897,-0.0005327372430822042,500,182
A_only,1000,2000,-1.1229841933087008,-0.02555970165368331,-1.0974244916550175,25,183
hybrid,1000,2000,-1.3380506158831538,-0.02555970165368331,-1.3124909142294705,25,183
B_only,1000,2000,-0.5788408005106328,-0.02555970165368331,-0.5532810988569495,25,183
A_only,1000,5000,-0.8246414588477285,-0.0006760970636952127,-0.8239653617840333,25,183
hybrid,1000,5000,-0.6379681208768606,-0.0006760970636952127,-0.6372920238131654,25,183
B_only,1000,5000,-1.1963507857863351,-0.0006760970636952127,-1.19567468872264,25,183
A_only,1000,10000,-0.2631117306555582,-0.0006760970636952127,-0.262435633591863,25,183
hybrid,1000,10000,-0.030529592736058365,-0.0006760970636952127,-0.029853495672363152,25,183
B_only,1000,10000,-0.0014289417530101729,-0.0006760970636952127,-0.0007528446893149602,25,183
A_only,1000,2000,-0.7307820974815918,-0.04442382739503962,-0.6863582700865523,50,183
hybrid,1000,2000,-0.4008244866427415,-0.04442382739503962,-0.35640065924770187,50,183
B_only,1000,2000,-0.029884153124875752,-0.04442382739503962,0.014539674270163866,50,183
A_only,1000,5000,-1.5573409859096847,-0.016530923319274207,-1.5408100625904104,50,183
hybrid,1000,5000,-0.9483209288912755,-0.016530923319274207,-0.9317900055720013,50,183
B_only,1000,5000,-0.008497413556445602,-0.016530923319274207,0.008033509762828605,50,183
A_only,1000,10000,-0.4800298485953625,-0.0006760970636952127,-0.4793537515316673,50,183
hybrid,1000,10000,-0.14761119187567537,-0.0006760970636952127,-0.14693509481198017,50,183
B_only,1000,10000,-0.0037832070271128235,-0.0006760970636952127,-0.0031071099634176107,50,183
A_only,1000,2000,-1.264311736847489,-0.01849454206597494,-1.245817194781514,100,183
hybrid,1000,2000,-0.36934086241090036,-0.01849454206597494,-0.3508463203449254,100,183
B_only,1000,2000,-0.0033426246393067067,-0.01849454206597494,0.015151917426668233,100,183
A_only,1000,5000,-0.5657103199999484,-0.0014035296225299897,-0.5643067903774184,100,183
hybrid,1000,5000,-0.31145453773723425,-0.0014035296225299897,-0.31005100811470426,100,183
B_only,1000,5000,-0.018097131132878655,-0.0014035296225299897,-0.016693601510348665,100,183
A_only,1000,10000,-0.4864015084309839,-0.0006760970636952127,-0.4857254113672887,100,183
hybrid,1000,10000,-0.15546366208321727,-0.0006760970636952127,-0.15478756501952207,100,183
B_only,1000,10000,-1.075336267143867e-06,-0.0006760970636952127,0.0006750217274280688,100,183
A_only,1000,2000,-0.7508533282155931,-0.026071275432122825,-0.7247820527834703,200,183
hybrid,1000,2000,-0.3301295480076939,-0.026071275432122825,-0.30405827257557105,200,183
B_only,1000,2000,-0.005403785594250922,-0.026071275432122825,0.0206674898378719,200,183
A_only,1000,5000,-0.646108017316535,-0.0014035296225299897,-0.644704487694005,200,183
hybrid,1000,5000,-0.1828439291739191,-0.0014035296225299897,-0.1814403995513891,200,183
B_only,1000,5000,-0.00027560252092856163,-0.0014035296225299897,0.0011279271016014281,200,183
A_only,1000,10000,-0.5344319235009278,-0.0006760970636952127,-0.5337558264372326,200,183
hybrid,1000,10000,-0.25178613718532705,-0.0006760970636952127,-0.25111004012163185,200,183
B_only,1000,10000,-0.04990303729833653,-0.0006760970636952127,-0.049226940234641324,200,183
A_only,1000,2000,-1.662964095148239,-0.016530923319274207,-1.6464331718289646,500,183
hybrid,1000,2000,-0.3207605446510614,-0.016530923319274207,-0.3042296213317872,500,183
B_only,1000,2000,-0.03999802418592831,-0.016530923319274207,-0.0234671008666541,500,183
A_only,1000,5000,-1.1976699976558982,-0.0014035296225299897,-1.1962664680333681,500,183
hybrid,1000,5000,-0.41705577256884835,-0.0014035296225299897,-0.41565224294631836,500,183
B_only,1000,5000,-0.1946600515677471,-0.0014035296225299897,-0.1932565219452171,500,183
A_only,1000,10000,-0.4928004255301871,-0.0006760970636952127,-0.4921243284664919,500,183
hybrid,1000,10000,-0.10658321475887514,-0.0006760970636952127,-0.10590711769517992,500,183
B_only,1000,10000,-0.01662070708099155,-0.0006760970636952127,-0.015944610017296336,500,183
A_only,1000,2000,-1.0486985928169161,-0.02744009198228548,-1.0212585008346307,25,184
hybrid,1000,2000,-0.5386122092627377,-0.02744009198228548,-0.5111721172804522,25,184
B_only,1000,2000,-0.010016617338110672,-0.02744009198228548,0.017423474644174805,25,184
A_only,1000,5000,-0.7890878874435617,-0.0033159803963591777,-0.7857719070472026,25,184
hybrid,1000,5000,-0.4774491169403789,-0.0033159803963591777,-0.47413313654401973,25,184
B_only,1000,5000,-0.37004824929427604,-0.0033159803963591777,-0.3667322688979169,25,184
A_only,1000,10000,-0.9605453110703082,-0.0006760970636952127,-0.959869214006613,25,184
hybrid,1000,10000,-0.7855637032342551,-0.0006760970636952127,-0.7848876061705599,25,184
B_only,1000,10000,-0.017907846743047653,-0.0006760970636952127,-0.01723174967935244,25,184
A_only,1000,2000,-0.6996438857867255,-0.06227961821163712,-0.6373642675750885,50,184
hybrid,1000,2000,-0.18925623372717904,-0.06227961821163712,-0.1269766155155419,50,184
B_only,1000,2000,-0.004285837561233333,-0.06227961821163712,0.05799378065040379,50,184
A_only,1000,5000,-1.1371076033236924,-0.016652717978201063,-1.1204548853454914,50,184
hybrid,1000,5000,-0.6468442053963142,-0.016652717978201063,-0.630191487418113,50,184
B_only,1000,5000,-0.3475600156211227,-0.016652717978201063,-0.33090729764292165,50,184
A_only,1000,10000,-1.0702298386036004,-0.0006760970636952127,-1.0695537415399052,50,184
hybrid,1000,10000,-0.7635787386860173,-0.0006760970636952127,-0.7629026416223221,50,184
B_only,1000,10000,-0.0024737306506424973,-0.0006760970636952127,-0.0017976335869472845,50,184
A_only,1000,2000,-0.7288610556272395,-0.021107166088018964,-0.7077538895392205,100,184
hybrid,1000,2000,-0.17960110183331593,-0.021107166088018964,-0.15849393574529697,100,184
B_only,1000,2000,-0.0035096003195643007,-0.021107166088018964,0.017597565768454664,100,184
A_only,1000,5000,-0.23892076108539576,-0.0014035296225299897,-0.23751723146286577,100,184
hybrid,1000,5000,-0.062400734437263426,-0.0014035296225299897,-0.06099720481473344,100,184
B_only,1000,5000,-0.019815853429713457,-0.0014035296225299897,-0.018412323807183467,100,184
A_only,1000,10000,-0.3667729291441202,-0.0006760970636952127,-0.366096832080425,100,184
hybrid,1000,10000,-0.167407878456716,-0.0006760970636952127,-0.1667317813930208,100,184
B_only,1000,10000,-0.0016223087736140084,-0.0006760970636952127,-0.0009462117099187957,100,184
A_only,1000,2000,-1.0602300525622217,-0.0006760970636952127,-1.0595539554985265,200,184
hybrid,1000,2000,-0.09829080624973653,-0.0006760970636952127,-0.09761470918604132,200,184
B_only,1000,2000,-1.1337733699829708e-06,-0.0006760970636952127,0.0006749632903252297,200,184
A_only,1000,5000,-0.7147184074039833,-0.0014035296225299897,-0.7133148777814533,200,184
hybrid,1000,5000,-0.2311247443528614,-0.0014035296225299897,-0.2297212147303314,200,184
B_only,1000,5000,-0.13261174511540583,-0.0014035296225299897,-0.13120821549287584,200,184
A_only,1000,10000,-0.305391203800383,-0.016530923319274207,-0.2888602804811088,200,184
hybrid,1000,10000,-0.05903319708214519,-0.016530923319274207,-0.04250227376287098,200,184
B_only,1000,10000,-0.0002122183760867377,-0.016530923319274207,0.01631870494318747,200,184
A_only,1000,2000,-0.8390637392783982,-0.01849454206597494,-0.8205691972124233,500,184
hybrid,1000,2000,-0.0976566155816556,-0.01849454206597494,-0.07916207351568066,500,184
B_only,1000,2000,-1.6014168560963293e-05,-0.01849454206597494,0.018478527897413978,500,184
A_only,1000,5000,-1.2178096363464814,-0.0017750072554159953,-1.2160346290910655,500,184
hybrid,1000,5000,-0.2109561287568055,-0.0017750072554159953,-0.2091811215013895,500,184
B_only,1000,5000,-0.0035132702191923463,-0.0017750072554159953,-0.001738262963776351,500,184
A_only,1000,10000,-0.15229945788057972,-0.0033159803963591777,-0.14898347748422053,500,184
hybrid,1000,10000,-0.046797941303685885,-0.0033159803963591777,-0.04348196090732671,500,184
B_only,1000,10000,-0.038266079150195136,-0.0033159803963591777,-0.03495009875383596,500,184
A_only,1000,2000,-1.3232880679823285,-0.016530923319274207,-1.3067571446630541,25,185
hybrid,1000,2000,-0.6866318564358561,-0.016530923319274207,-0.6701009331165819,25,185
B_only,1000,2000,-0.15793915218308932,-0.016530923319274207,-0.1414082288638151,25,185
A_only,1000,5000,-0.8705013030252562,-0.0014035296225299897,-0.8690977734027262,25,185
hybrid,1000,5000,-0.5522616596262424,-0.0014035296225299897,-0.5508581300037124,25,185
B_only,1000,5000,-0.811043574047181,-0.0014035296225299897,-0.809640044424651,25,185
A_only,1000,10000,-0.24137292661355644,-0.0006760970636952127,-0.24069682954986124,25,185
hybrid,1000,10000,-0.03902823160027131,-0.0006760970636952127,-0.0383521345365761,25,185
B_only,1000,10000,-1.6912335232441236e-05,-0.0006760970636952127,0.0006591847284627715,25,185
A_only,1000,2000,-0.6531490290715463,-0.0033159803963591777,-0.6498330486751871,50,185
hybrid,1000,2000,-0.23061657134030253,-0.0033159803963591777,-0.22730059094394334,50,185
B_only,1000,2000,-0.011358389765188956,-0.0033159803963591777,-0.008042409368829778,50,185
A_only,1000,5000,-1.3466867736963146,-0.0014035296225299897,-1.3452832440737845,50,185
hybrid,1000,5000,-1.1838372748697,-0.0014035296225299897,-1.1824337452471698,50,185
B_only,1000,5000,-0.010593217040876294,-0.0014035296225299897,-0.009189687418346304,50,185
A_only,1000,10000,-0.6866641520181153,-0.0006760970636952127,-0.6859880549544201,50,185
hybrid,1000,10000,-0.33317045507369,-0.0006760970636952127,-0.3324943580099948,50,185
B_only,1000,10000,-0.004092472437594924,-0.0006760970636952127,-0.003416375373899711,50,185
A_only,1000,2000,-0.9523709132685596,-0.03431007729625027,-0.9180608359723094,100,185
hybrid,1000,2000,-0.39429057169691545,-0.03431007729625027,-0.35998049440066515,100,185
B_only,1000,2000,-0.031327904267183286,-0.03431007729625027,0.0029821730290669826,100,185
A_only,1000,5000,-1.4215031500080983,-0.02555970165368331,-1.395943448354415,100,185
hybrid,1000,5000,-0.8470431996062274,-0.02555970165368331,-0.8214834979525442,100,185
B_only,1000,5000,-0.015568756579913724,-0.02555970165368331,0.009990945073769585,100,185
A_only,1000,10000,-0.4682194039960726,-0.0006760970636952127,-0.4675433069323774,100,185
hybrid,1000,10000,-0.12212064415238731,-0.0006760970636952127,-0.1214445470886921,100,185
B_only,1000,10000,-5.890901798564308e-07,-0.0006760970636952127,0.0006755079735153562,100,185
A_only,1000,2000,-0.3547380436129093,-0.026071275432122825,-0.32866676818078644,200,185
hybrid,1000,2000,-0.06715565527142313,-0.026071275432122825,-0.0410843798393003,200,185
B_only,1000,2000,-0.048937851268226654,-0.026071275432122825,-0.02286657583610383,200,185
A_only,1000,5000,-0.5304300476164793,-0.0017750072554159953,-0.5286550403610633,200,185
hybrid,1000,5000,-0.33039017374642016,-0.0017750072554159953,-0.32861516649100414,200,185
B_only,1000,5000,-0.021842873867173724,-0.0017750072554159953,-0.020067866611757728,200,185
A_only,1000,10000,-0.32073043431147485,-0.0014035296225299897,-0.31932690468894487,200,185
hybrid,1000,10000,-0.053415759993952816,-0.0014035296225299897,-0.05201223037142283,200,185
B_only,1000,10000,-2.3489449779262688e-05,-0.0014035296225299897,0.001380040172750727,200,185
A_only,1000,2000,-0.6130163206697051,-0.0006760970636952127,-0.6123402236060099,500,185
hybrid,1000,2000,-0.1901316229704948,-0.0006760970636952127,-0.1894555259067996,500,185
B_only,1000,2000,-0.024993678298003672,-0.0006760970636952127,-0.02431758123430846,500,185
A_only,1000,5000,-0.5346050640509421,-0.0017750072554159953,-0.5328300567955261,500,185
hybrid,1000,5000,-0.2196958046790991,-0.0017750072554159953,-0.21792079742368312,500,185
B_only,1000,5000,-0.029417107805125506,-0.0017750072554159953,-0.02764210054970951,500,185
A_only,1000,10000,-0.7026874925846749,-0.0006760970636952127,-0.7020113955209797,500,185
hybrid,1000,10000,-0.10116040597825827,-0.0006760970636952127,-0.10048430891456306,500,185
B_only,1000,10000,-3.979359717475788e-05,-0.0006760970636952127,0.0006363034665204548,500,185
A_only,1000,2000,-0.5708100310618918,-0.0006760970636952127,-0.5701339339981966,25,186
hybrid,1000,2000,-0.30790925379219647,-0.0006760970636952127,-0.30723315672850127,25,186
B_only,1000,2000,-0.10669080651149938,-0.0006760970636952127,-0.10601470944780417,25,186
A_only,1000,5000,-0.5043683862913794,-0.0006760970636952127,-0.5036922892276842,25,186
hybrid,1000,5000,-0.29008278585998604,-0.0006760970636952127,-0.28940668879629083,25,186
B_only,1000,5000,-0.0002810313775978006,-0.0006760970636952127,0.0003950656860974121,25,186
A_only,1000,10000,-0.5286043948093507,-0.0014035296225299897,-0.5272008651868207,25,186
hybrid,1000,10000,-0.39486765516473454,-0.0014035296225299897,-0.39346412554220456,25,186
B_only,1000,10000,-0.07792167736270358,-0.0014035296225299897,-0.0765181477401736,25,186
A_only,1000,2000,-1.3715273506613317,-0.05681229432921549,-1.3147150563321162,50,186
hybrid,1000,2000,-1.3824555902333506,-0.05681229432921549,-1.325643295904135,50,186
B_only,1000,2000,-1.0619883044662497,-0.05681229432921549,-1.0051760101370342,50,186
A_only,1000,5000,-0.012739289538754589,-0.016530923319274207,0.0037916337805196185,50,186
hybrid,1000,5000,-0.00041463096875870507,-0.016530923319274207,0.016116292350515503,50,186
B_only,1000,5000,-0.020436761593917798,-0.016530923319274207,-0.003905838274643591,50,186
A_only,1000,10000,-0.7431246274046146,-0.0006760970636952127,-0.7424485303409194,50,186
hybrid,1000,10000,-0.326281386963913,-0.0006760970636952127,-0.3256052899002178,50,186
B_only,1000,10000,-8.080263703674005e-06,-0.0006760970636952127,0.0006680167999915387,50,186
A_only,1000,2000,-0.9013888847532553,-0.09615520256525803,-0.8052336821879973,100,186
hybrid,1000,2000,-0.44485785147972284,-0.09615520256525803,-0.3487026489144648,100,186
B_only,1000,2000,-0.045122724433770564,-0.09615520256525803,0.051032478131487466,100,186
A_only,1000,5000,-0.492798456762042,-0.02338563685393675,-0.46941281990810524,100,186
hybrid,1000,5000,-0.11032768290744159,-0.02338563685393675,-0.08694204605350483,100,186
B_only,1000,5000,-8.666812721514179e-05,-0.02338563685393675,0.023298968726721606,100,186
A_only,1000,10000,-0.1651690946187996,-0.0006760970636952127,-0.1644929975551044,100,186
hybrid,1000,10000,-0.04256149125181685,-0.0006760970636952127,-0.04188539418812164,100,186
B_only,1000,10000,-0.019801029701460485,-0.0006760970636952127,-0.019124932637765272,100,186
A_only,1000,2000,-1.453423531913518,-0.0017750072554159953,-1.4516485246581021,200,186
hybrid,1000,2000,-0.3545973829130159,-0.0017750072554159953,-0.3528223756575999,200,186
B_only,1000,2000,-0.00904491429983312,-0.0017750072554159953,-0.007269907044417124,200,186
A_only,1000,5000,-0.5780851456234734,-0.0014035296225299897,-0.5766816160009434,200,186
hybrid,1000,5000,-0.18262520014931,-0.0014035296225299897,-0.18122167052678,200,186
B_only,1000,5000,-0.012091438803698106,-0.0014035296225299897,-0.010687909181168116,200,186
A_only,1000,10000,-0.1620761047576339,-0.0006760970636952127,-0.1614000076939387,200,186
hybrid,1000,10000,-0.08051892735999276,-0.0006760970636952127,-0.07984283029629755,200,186
B_only,1000,10000,-0.03157193764651839,-0.0006760970636952127,-0.030895840582823176,200,186
A_only,1000,2000,-0.9655129185932717,-0.0028182160594265654,-0.9626947025338451,500,186
hybrid,1000,2000,-0.30689048032671173,-0.0028182160594265654,-0.3040722642672852,500,186
B_only,1000,2000,-0.09526162885232183,-0.0028182160594265654,-0.09244341279289527,500,186
A_only,1000,5000,-0.27454182702702185,-0.0028182160594265654,-0.2717236109675953,500,186
hybrid,1000,5000,-0.06102665327497734,-0.0028182160594265654,-0.05820843721555077,500,186
B_only,1000,5000,-0.018204940269814354,-0.0028182160594265654,-0.015386724210387788,500,186
A_only,1000,10000,-0.7934748544045068,-0.0017750072554159953,-0.7916998471490908,500,186
hybrid,1000,10000,-0.23811051799761593,-0.0017750072554159953,-0.23633551074219994,500,186
B_only,1000,10000,-0.021824314558489787,-0.0017750072554159953,-0.02004930730307379,500,186
A_only,1000,2000,-0.606847250040722,-0.10583604024616299,-0.501011209794559,25,187
hybrid,1000,2000,-0.21862915942235528,-0.10583604024616299,-0.1127931191761923,25,187
B_only,1000,2000,-0.016096213429400888,-0.10583604024616299,0.0897398268167621,25,187
A_only,1000,5000,-0.3480474148516784,-0.0014035296225299897,-0.3466438852291484,25,187
hybrid,1000,5000,-0.05438741167713248,-0.0014035296225299897,-0.05298388205460249,25,187
B_only,1000,5000,-1.3903673635517603e-07,-0.0014035296225299897,0.0014033905857936345,25,187
A_only,1000,10000,-1.3548923736250127,-0.0014035296225299897,-1.3534888440024826,25,187
hybrid,1000,10000,-1.0494875453470112,-0.0014035296225299897,-1.048084015724481,25,187
B_only,1000,10000,-0.07972526667290637,-0.0014035296225299897,-0.07832173705037639,25,187
A_only,1000,2000,-0.20032830005786814,-0.016652717978201063,-0.18367558207966708,50,187
hybrid,1000,2000,-0.01405655749508351,-0.016652717978201063,0.002596160483117553,50,187
B_only,1000,2000,-3.5511231146805e-05,-0.016652717978201063,0.016617206747054258,50,187
A_only,1000,5000,-0.20008488387159115,-0.01849454206597494,-0.1815903418056162,50,187
hybrid,1000,5000,-0.026941400404941567,-0.01849454206597494,-0.008446858338966627,50,187
B_only,1000,5000,-0.00033250025080998384,-0.01849454206597494,0.018162041815164957,50,187
A_only,1000,10000,-1.1289928286830546,-0.0006760970636952127,-1.1283167316193594,50,187
hybrid,1000,10000,-0.7699976716623683,-0.0006760970636952127,-0.7693215745986731,50,187
B_only,1000,10000,-0.0016076669311469336,-0.0006760970636952127,-0.000931569867451721,50,187
A_only,1000,2000,-1.0495958495015278,-0.01849454206597494,-1.0311013074355528,100,187
hybrid,1000,2000,-0.8486120803805707,-0.01849454206597494,-0.8301175383145958,100,187
B_only,1000,2000,-0.24713309876430523,-0.01849454206597494,-0.22863855669833028,100,187
A_only,1000,5000,-0.3938187032394627,-0.0033159803963591777,-0.39050272284310356,100,187
hybrid,1000,5000,-0.16314031563186313,-0.0033159803963591777,-0.15982433523550393,100,187
B_only,1000,5000,-0.1255855710361102,-0.0033159803963591777,-0.12226959063975103,100,187
A_only,1000,10000,-0.21059857303462734,-0.0033159803963591777,-0.20728259263826815,100,187
hybrid,1000,10000,-0.05949843440033719,-0.0033159803963591777,-0.05618245400397801,100,187
B_only,1000,10000,-0.018966339106477405,-0.0033159803963591777,-0.015650358710118228,100,187
A_only,1000,2000,-1.2532348949783643,-0.0017750072554159953,-1.2514598877229484,200,187
hybrid,1000,2000,-0.4511286229355698,-0.0017750072554159953,-0.4493536156801538,200,187
B_only,1000,2000,-0.021566052186987483,-0.0017750072554159953,-0.019791044931571487,200,187
A_only,1000,5000,-0.7226142134706953,-0.021107166088018964,-0.7015070473826763,200,187
hybrid,1000,5000,-0.20746768731189977,-0.021107166088018964,-0.1863605212238808,200,187
B_only,1000,5000,-0.028792996604072234,-0.021107166088018964,-0.007685830516053271,200,187
A_only,1000,10000,-0.33097950794296044,-0.0006760970636952127,-0.33030341087926524,200,187
hybrid,1000,10000,-0.0966279326083339,-0.0006760970636952127,-0.09595183554463868,200,187
B_only,1000,10000,-0.003978703175495759,-0.0006760970636952127,-0.003302606111800546,200,187
A_only,1000,2000,-0.20430724379117748,-0.016652717978201063,-0.18765452581297642,500,187
hybrid,1000,2000,-0.044656725910927245,-0.016652717978201063,-0.028004007932726182,500,187
B_only,1000,2000,-0.029672118641049686,-0.016652717978201063,-0.013019400662848624,500,187
A_only,1000,5000,-0.47199351970507725,-0.0006760970636952127,-0.47131742264138204,500,187
hybrid,1000,5000,-0.04181574673890309,-0.0006760970636952127,-0.04113964967520788,500,187
B_only,1000,5000,-0.0015723722929591628,-0.0006760970636952127,-0.0008962752292639501,500,187
A_only,1000,10000,-0.5910444234309874,-0.0028182160594265654,-0.5882262073715608,500,187
hybrid,1000,10000,-0.06403953113928855,-0.0028182160594265654,-0.06122131507986198,500,187
B_only,1000,10000,-4.9597175946833146e-05,-0.0028182160594265654,0.002768618883479732,500,187
A_only,1000,2000,-0.8268452159473226,-0.048388414022939155,-0.7784568019243835,25,188
hybrid,1000,2000,-0.3795302580559768,-0.048388414022939155,-0.33114184403303765,25,188
B_only,1000,2000,-0.1474680298401914,-0.048388414022939155,-0.09907961581725223,25,188
A_only,1000,5000,-0.9120645160935612,-0.021107166088018964,-0.8909573500055422,25,188
hybrid,1000,5000,-0.7872916344971392,-0.021107166088018964,-0.7661844684091202,25,188
B_only,1000,5000,-0.010163243536068298,-0.021107166088018964,0.010943922551950666,25,188
A_only,1000,10000,-0.261991628848544,-0.0014035296225299897,-0.260588099226014,25,188
hybrid,1000,10000,-0.17686265993241532,-0.0014035296225299897,-0.17545913030988533,25,188
B_only,1000,10000,-0.0271660451385072,-0.0014035296225299897,-0.02576251551597721,25,188
A_only,1000,2000,-0.33974144613911145,-0.01849454206597494,-0.3212469040731365,50,188
hybrid,1000,2000,-0.08666580643446106,-0.01849454206597494,-0.06817126436848613,50,188
B_only,1000,2000,-0.5658982526658878,-0.01849454206597494,-0.5474037105999129,50,188
A_only,1000,5000,-0.6474386076164274,-0.016530923319274207,-0.6309076842971532,50,188
hybrid,1000,5000,-0.45169388168748653,-0.016530923319274207,-0.43516295836821234,50,188
B_only,1000,5000,-0.20064949121304498,-0.016530923319274207,-0.1841185678937708,50,188
A_only,1000,10000,-0.4507656287224381,-0.0017750072554159953,-0.44899062146702207,50,188
hybrid,1000,10000,-0.3160427873100726,-0.0017750072554159953,-0.3142677800546566,50,188
B_only,1000,10000,-2.0916148908104018,-0.0017750072554159953,-2.0898398835549856,50,188
A_only,1000,2000,-0.8628006619252527,-0.044229416304240946,-0.8185712456210118,100,188
hybrid,1000,2000,-0.36622870282399805,-0.044229416304240946,-0.3219992865197571,100,188
B_only,1000,2000,-0.19175910124620377,-0.044229416304240946,-0.14752968494196284,100,188
A_only,1000,5000,-1.044679528929348,-0.0006760970636952127,-1.0440034318656528,100,188
hybrid,1000,5000,-0.5487998717904444,-0.0006760970636952127,-0.5481237747267492,100,188
B_only,1000,5000,-0.4876879791176501,-0.0006760970636952127,-0.4870118820539549,100,188
A_only,1000,10000,-0.41448433867884027,-0.0006760970636952127,-0.41380824161514507,100,188
hybrid,1000,10000,-0.1056762037436516,-0.0006760970636952127,-0.10500010667995638,100,188
B_only,1000,10000,-0.0004111157310921519,-0.0006760970636952127,0.0002649813326030608,100,188
A_only,1000,2000,-0.3769191844438737,-0.026071275432122825,-0.35084790901175084,200,188
hybrid,1000,2000,-0.1016199118307067,-0.026071275432122825,-0.07554863639858388,200,188
B_only,1000,2000,-0.004142988220328327,-0.026071275432122825,0.021928287211794496,200,188
A_only,1000,5000,-1.2157723940846603,-0.0014035296225299897,-1.2143688644621302,200,188
hybrid,1000,5000,-0.6468648896571398,-0.0014035296225299897,-0.6454613600346099,200,188
B_only,1000,5000,-0.026069657625143867,-0.0014035296225299897,-0.024666128002613877,200,188
A_only,1000,10000,-0.7526790092025042,-0.0006760970636952127,-0.752002912138809,200,188
hybrid,1000,10000,-0.12862698220201751,-0.0006760970636952127,-0.1279508851383223,200,188
B_only,1000,10000,-0.0008676041199469861,-0.0006760970636952127,-0.00019150705625177336,200,188
A_only,1000,2000,-1.0608709920369332,-0.0028182160594265654,-1.0580527759775067,500,188
hybrid,1000,2000,-0.24141616631083232,-0.0028182160594265654,-0.23859795025140576,500,188
B_only,1000,2000,-0.009198661389372982,-0.0028182160594265654,-0.006380445329946417,500,188
A_only,1000,5000,-0.3978511257591218,-0.0028182160594265654,-0.39503290969969523,500,188
hybrid,1000,5000,-0.08090511459912988,-0.0028182160594265654,-0.07808689853970333,500,188
B_only,1000,5000,-0.004124476810781949,-0.0028182160594265654,-0.0013062607513553834,500,188
A_only,1000,10000,-0.23455104017421582,-0.0017750072554159953,-0.23277603291879984,500,188
hybrid,1000,10000,-0.06499388388560585,-0.0017750072554159953,-0.06321887663018987,500,188
B_only,1000,10000,-0.03940316949780055,-0.0017750072554159953,-0.03762816224238456,500,188
A_only,1000,2000,-0.8049626064279682,-0.0033159803963591777,-0.8016466260316091,25,189
hybrid,1000,2000,-0.3496052482750379,-0.0033159803963591777,-0.34628926787867875,25,189
B_only,1000,2000,-0.10128076433761603,-0.0033159803963591777,-0.09796478394125685,25,189
A_only,1000,5000,-0.5834125410640487,-0.02338563685393675,-0.5600269042101119,25,189
hybrid,1000,5000,-0.5892645642508576,-0.02338563685393675,-0.5658789273969208,25,189
B_only,1000,5000,-1.4930952795509187,-0.02338563685393675,-1.469709642696982,25,189
A_only,1000,10000,-0.7951336878769797,-0.0028182160594265654,-0.7923154718175531,25,189
hybrid,1000,10000,-0.4762221615207544,-0.0028182160594265654,-0.47340394546132786,25,189
B_only,1000,10000,-1.043462018109659,-0.0028182160594265654,-1.0406438020502324,25,189
A_only,1000,2000,-0.9227033699315732,-0.0014035296225299897,-0.9212998403090432,50,189
hybrid,1000,2000,-0.4648487091964859,-0.0014035296225299897,-0.4634451795739559,50,189
B_only,1000,2000,-0.39564713752923514,-0.0014035296225299897,-0.39424360790670515,50,189
A_only,1000,5000,-0.8222930777463887,-0.0006760970636952127,-0.8216169806826935,50,189
hybrid,1000,5000,-0.5762814792561749,-0.0006760970636952127,-0.5756053821924797,50,189
B_only,1000,5000,-0.011441522229393764,-0.0006760970636952127,-0.01076542516569855,50,189
A_only,1000,10000,-0.5560597698100567,-0.0014035296225299897,-0.5546562401875267,50,189
hybrid,1000,10000,-0.12866057725699975,-0.0014035296225299897,-0.12725704763446977,50,189
B_only,1000,10000,-2.5605072768026124e-06,-0.0014035296225299897,0.0014009691152531872,50,189
A_only,1000,2000,-1.3061656914490314,-0.0033159803963591777,-1.3028497110526722,100,189
hybrid,1000,2000,-0.737276171042536,-0.0033159803963591777,-0.7339601906461768,100,189
B_only,1000,2000,-0.015265799855939044,-0.0033159803963591777,-0.011949819459579866,100,189
A_only,1000,5000,-1.1547123045269212,-0.0014035296225299897,-1.153308774904391,100,189
hybrid,1000,5000,-0.8224046704452689,-0.0014035296225299897,-0.8210011408227389,100,189
B_only,1000,5000,-0.02718735034482823,-0.0014035296225299897,-0.02578382072229824,100,189
A_only,1000,10000,-0.6694505939261763,-0.0014035296225299897,-0.6680470643036464,100,189
hybrid,1000,10000,-0.3901072863939427,-0.0014035296225299897,-0.3887037567714127,100,189
B_only,1000,10000,-0.01969091223799285,-0.0014035296225299897,-0.01828738261546286,100,189
A_only,1000,2000,-0.9323504143363022,-0.09615520256525803,-0.8361952117710442,200,189
hybrid,1000,2000,-0.28626903631821965,-0.09615520256525803,-0.19011383375296162,200,189
B_only,1000,2000,-1.7262251276398505e-06,-0.09615520256525803,0.09615347634013038,200,189
A_only,1000,5000,-0.8030045642565926,-0.09615520256525803,-0.7068493616913346,200,189
hybrid,1000,5000,-0.3322850900756896,-0.09615520256525803,-0.2361298875104316,200,189
B_only,1000,5000,-0.021234722460539954,-0.09615520256525803,0.07492048010471808,200,189
A_only,1000,10000,-0.7635640966158662,-0.0006760970636952127,-0.762887999552171,200,189
hybrid,1000,10000,-0.21940242272081642,-0.0006760970636952127,-0.21872632565712122,200,189
B_only,1000,10000,-0.00046799149927598976,-0.0006760970636952127,0.00020810556441922293,200,189
A_only,1000,2000,-1.3018361662388216,-0.021107166088018964,-1.2807290001508027,500,189
hybrid,1000,2000,-0.21959568534385385,-0.021107166088018964,-0.19848851925583488,500,189
B_only,1000,2000,-0.009138912497533746,-0.021107166088018964,0.011968253590485218,500,189
A_only,1000,5000,-0.4746295047114532,-0.0014035296225299897,-0.4732259750889232,500,189
hybrid,1000,5000,-0.1271502770165758,-0.0014035296225299897,-0.12574674739404582,500,189
B_only,1000,5000,-0.0009033877754288724,-0.0014035296225299897,0.0005001418471011173,500,189
A_only,1000,10000,-0.14529034139546473,-0.0006760970636952127,-0.14461424433176953,500,189
hybrid,1000,10000,-0.06441671228736381,-0.0006760970636952127,-0.0637406152236686,500,189
B_only,1000,10000,-0.008424791945019798,-0.0006760970636952127,-0.007748694881324585,500,189
A_only,1000,2000,-1.290572181673355,-0.0033159803963591777,-1.287256201276996,25,190
hybrid,1000,2000,-0.500589254429813,-0.0033159803963591777,-0.4972732740334538,25,190
B_only,1000,2000,-4.1538574329865656e-05,-0.0033159803963591777,0.003274441822029312,25,190
A_only,1000,5000,-0.8765865369522584,-0.02555970165368331,-0.8510268352985751,25,190
hybrid,1000,5000,-0.26422545258734215,-0.02555970165368331,-0.23866575093365883,25,190
B_only,1000,5000,-1.5843291323879053e-05,-0.02555970165368331,0.02554385836235943,25,190
A_only,1000,10000,-0.15475347112610277,-0.0014035296225299897,-0.15334994150357278,25,190
hybrid,1000,10000,-0.058596812913690406,-0.0014035296225299897,-0.05719328329116042,25,190
B_only,1000,10000,-1.8704268905768426,-0.0014035296225299897,-1.8690233609543125,25,190
A_only,1000,2000,-1.0108144732475015,-0.02744009198228548,-0.983374381265216,50,190
hybrid,1000,2000,-0.5129685486867953,-0.02744009198228548,-0.48552845670450984,50,190
B_only,1000,2000,-0.06965014671988637,-0.02744009198228548,-0.042210054737600894,50,190
A_only,1000,5000,-0.7761906556816558,-0.0017750072554159953,-0.7744156484262398,50,190
hybrid,1000,5000,-0.2955529572697559,-0.0017750072554159953,-0.2937779500143399,50,190
B_only,1000,5000,-0.00041312476052732613,-0.0017750072554159953,0.0013618824948886691,50,190
A_only,1000,10000,-0.5336532800206226,-0.0006760970636952127,-0.5329771829569274,50,190
hybrid,1000,10000,-0.17239419224192223,-0.0006760970636952127,-0.17171809517822703,50,190
B_only,1000,10000,-0.0007824168474149511,-0.0006760970636952127,-0.00010631978371973842,50,190
A_only,1000,2000,-0.5591736588841519,-0.0017750072554159953,-0.5573986516287359,100,190
hybrid,1000,2000,-0.13111552987622774,-0.0017750072554159953,-0.12934052262081175,100,190
B_only,1000,2000,-0.0159928706903819,-0.0017750072554159953,-0.014217863434965904,100,190
A_only,1000,5000,-0.4927672472122968,-0.044229416304240946,-0.4485378309080559,100,190
hybrid,1000,5000,-0.22425893452373202,-0.044229416304240946,-0.1800295182194911,100,190
B_only,1000,5000,-0.0007547720588309077,-0.044229416304240946,0.04347464424541004,100,190
A_only,1000,10000,-0.6831657088308307,-0.0006760970636952127,-0.6824896117671355,100,190
hybrid,1000,10000,-0.23371594535983825,-0.0006760970636952127,-0.23303984829614305,100,190
B_only,1000,10000,-0.0025698319382712535,-0.0006760970636952127,-0.0018937348745760407,100,190
A_only,1000,2000,-0.7737127082346764,-0.01849454206597494,-0.7552181661687015,200,190
hybrid,1000,2000,-0.33015827896083355,-0.01849454206597494,-0.3116637368948586,200,190
B_only,1000,2000,-0.055529731575882035,-0.01849454206597494,-0.0370351895099071,200,190
A_only,1000,5000,-0.4205837432848384,-0.0017750072554159953,-0.41880873602942237,200,190
hybrid,1000,5000,-0.0881530228434609,-0.0017750072554159953,-0.0863780155880449,200,190
B_only,1000,5000,-0.0006716736905273472,-0.0017750072554159953,0.0011033335648886482,200,190
A_only,1000,10000,-0.4901856582671231,-0.0006760970636952127,-0.4895095612034279,200,190
hybrid,1000,10000,-0.20610055971971947,-0.0006760970636952127,-0.20542446265602426,200,190
B_only,1000,10000,-4.848621984663659e-05,-0.0006760970636952127,0.0006276108438485761,200,190
A_only,1000,2000,-1.4438584641588152,-0.021107166088018964,-1.4227512980707964,500,190
hybrid,1000,2000,-0.3283952961868951,-0.021107166088018964,-0.3072881300988761,500,190
B_only,1000,2000,-0.03477106552683272,-0.021107166088018964,-0.013663899438813756,500,190
A_only,1000,5000,-1.0913954111167017,-0.0014035296225299897,-1.0899918814941716,500,190
hybrid,1000,5000,-0.1574226269885188,-0.0014035296225299897,-0.15601909736598882,500,190
B_only,1000,5000,-1.3402437047717354e-05,-0.0014035296225299897,0.0013901271854822725,500,190
A_only,1000,10000,-1.1501622606636503,-0.0006760970636952127,-1.1494861635999551,500,190
hybrid,1000,10000,-0.236217911980437,-0.0006760970636952127,-0.2355418149167418,500,190
B_only,1000,10000,-2.057871177133359e-06,-0.0006760970636952127,0.0006740391925180794,500,190
A_only,1000,2000,-0.8467755573673595,-0.03431007729625027,-0.8124654800711093,25,191
hybrid,1000,2000,-0.3264797679284849,-0.03431007729625027,-0.29216969063223464,25,191
B_only,1000,2000,-0.02421717317574493,-0.03431007729625027,0.010092904120505338,25,191
A_only,1000,5000,-1.1024575461646027,-0.0028182160594265654,-1.0996393301051761,25,191
hybrid,1000,5000,-1.1439461894225846,-0.0028182160594265654,-1.141127973363158,25,191
B_only,1000,5000,-0.22404476553258199,-0.0028182160594265654,-0.22122654947315543,25,191
A_only,1000,10000,-0.29770552091609476,-0.01849454206597494,-0.2792109788501198,25,191
hybrid,1000,10000,-0.0803861685299781,-0.01849454206597494,-0.06189162646400316,25,191
B_only,1000,10000,-0.003549490106617976,-0.01849454206597494,0.014945051959356965,25,191
A_only,1000,2000,-0.8626730323817255,-0.02338563685393675,-0.8392873955277887,50,191
hybrid,1000,2000,-0.4126894272789398,-0.02338563685393675,-0.38930379042500307,50,191
B_only,1000,2000,-0.09406607880559138,-0.02338563685393675,-0.07068044195165463,50,191
A_only,1000,5000,-0.41776243821828923,-0.0017750072554159953,-0.4159874309628732,50,191
hybrid,1000,5000,-0.2078620235955046,-0.0017750072554159953,-0.2060870163400886,50,191
B_only,1000,5000,-0.06032498915634173,-0.0017750072554159953,-0.05854998190092573,50,191
A_only,1000,10000,-0.21687365155431712,-0.0006760970636952127,-0.21619755449062192,50,191
hybrid,1000,10000,-0.07252282301151952,-0.0006760970636952127,-0.0718467259478243,50,191
B_only,1000,10000,-0.0016539930384768945,-0.0006760970636952127,-0.000977895974781682,50,191
A_only,1000,2000,-0.9616263514899384,-0.0014035296225299897,-0.9602228218674084,100,191
hybrid,1000,2000,-0.5744124653923919,-0.0014035296225299897,-0.5730089357698619,100,191
B_only,1000,2000,-0.07026293192779036,-0.0014035296225299897,-0.06885940230526037,100,191
A_only,1000,5000,-0.8571191237040899,-0.0006760970636952127,-0.8564430266403947,100,191
hybrid,1000,5000,-0.4953809751482829,-0.0006760970636952127,-0.4947048780845877,100,191
B_only,1000,5000,-0.028548964808593695,-0.0006760970636952127,-0.027872867744898482,100,191
A_only,1000,10000,-0.9981993602404743,-0.0006760970636952127,-0.9975232631767791,100,191
hybrid,1000,10000,-0.6576417571028167,-0.0006760970636952127,-0.6569656600391215,100,191
B_only,1000,10000,-0.13770285040545668,-0.0006760970636952127,-0.13702675334176148,100,191
A_only,1000,2000,-0.7558204697238354,-0.01849454206597494,-0.7373259276578605,200,191
hybrid,1000,2000,-0.4981026784595968,-0.01849454206597494,-0.4796081363936219,200,191
B_only,1000,2000,-0.5599699694090643,-0.01849454206597494,-0.5414754273430894,200,191
A_only,1000,5000,-0.7982238416042402,-0.02555970165368331,-0.7726641399505569,200,191
hybrid,1000,5000,-0.2836348290819713,-0.02555970165368331,-0.258075127428288,200,191
B_only,1000,5000,-0.11720502105101309,-0.02555970165368331,-0.09164531939732978,200,191
A_only,1000,10000,-0.1508291800482058,-0.0006760970636952127,-0.1501530829845106,200,191
hybrid,1000,10000,-0.04369777810328708,-0.0006760970636952127,-0.04302168103959187,200,191
B_only,1000,10000,-0.03251952764588183,-0.0006760970636952127,-0.03184343058218662,200,191
A_only,1000,2000,-0.3684831606288341,-0.0033159803963591777,-0.36516718023247496,500,191
hybrid,1000,2000,-0.114407754390708,-0.0033159803963591777,-0.11109177399434882,500,191
B_only,1000,2000,-0.16365082828305313,-0.0033159803963591777,-0.16033484788669394,500,191
A_only,1000,5000,-0.3296308683757229,-0.0006760970636952127,-0.3289547713120277,500,191
hybrid,1000,5000,-0.04947777320338179,-0.0006760970636952127,-0.048801676139686584,500,191
B_only,1000,5000,-3.817800660288787e-06,-0.0006760970636952127,0.0006722792630349239,500,191
A_only,1000,10000,-0.2588479474436817,-0.0014035296225299897,-0.25744441782115174,500,191
hybrid,1000,10000,-0.02301853304221013,-0.0014035296225299897,-0.02161500341968014,500,191
B_only,1000,10000,-6.970895360088713e-07,-0.0014035296225299897,0.0014028325329939809,500,191
A_only,1000,2000,-0.7337617140727425,-0.0006760970636952127,-0.7330856170090473,25,192
hybrid,1000,2000,-0.33761590281307247,-0.0006760970636952127,-0.33693980574937726,25,192
B_only,1000,2000,-0.5438679647381538,-0.0006760970636952127,-0.5431918676744586,25,192
A_only,1000,5000,-1.2785567378246563,-0.0014035296225299897,-1.2771532082021262,25,192
hybrid,1000,5000,-1.0674152841498736,-0.0014035296225299897,-1.0660117545273435,25,192
B_only,1000,5000,-0.028767059522264826,-0.0014035296225299897,-0.027363529899734836,25,192
A_only,1000,10000,-0.31615745063851813,-0.0006760970636952127,-0.31548135357482293,25,192
hybrid,1000,10000,-0.06853575183748524,-0.0006760970636952127,-0.06785965477379002,25,192
B_only,1000,10000,-0.002815978794187652,-0.0006760970636952127,-0.0021398817304924393,25,192
A_only,1000,2000,-0.9732230176609672,-0.10943260677201108,-0.8637904108889561,50,192
hybrid,1000,2000,-0.5020245490177113,-0.10943260677201108,-0.39259194224570026,50,192
B_only,1000,2000,-0.38100362887545225,-0.10943260677201108,-0.2715710221034412,50,192
A_only,1000,5000,-1.3494689645998839,-0.0028182160594265654,-1.3466507485404573,50,192
hybrid,1000,5000,-0.5229111202797764,-0.0028182160594265654,-0.5200929042203498,50,192
B_only,1000,5000,-0.00018546091099254215,-0.0028182160594265654,0.0026327551484340234,50,192
A_only,1000,10000,-0.38574522275780015,-0.0006760970636952127,-0.38506912569410495,50,192
hybrid,1000,10000,-0.1566599109887242,-0.0006760970636952127,-0.155983813925029,50,192
B_only,1000,10000,-0.4316002628247597,-0.0006760970636952127,-0.4309241657610645,50,192
A_only,1000,2000,-0.5958023851447019,-0.111168923611811,-0.4846334615328909,100,192
hybrid,1000,2000,-0.156409948533039,-0.111168923611811,-0.045241024921228,100,192
B_only,1000,2000,-0.024791712748430134,-0.111168923611811,0.08637721086338086,100,192
A_only,1000,5000,-0.5520249494748709,-0.0006760970636952127,-0.5513488524111757,100,192
hybrid,1000,5000,-0.25722924020627896,-0.0006760970636952127,-0.25655314314258376,100,192
B_only,1000,5000,-0.011353224287444973,-0.0006760970636952127,-0.01067712722374976,100,192
A_only,1000,10000,-0.11799210309738875,-0.0006760970636952127,-0.11731600603369353,100,192
hybrid,1000,10000,-0.022875219044255848,-0.0006760970636952127,-0.022199121980560635,100,192
B_only,1000,10000,-0.0009049475197921794,-0.0006760970636952127,-0.00022885045609696668,100,192
A_only,1000,2000,-1.4617113041207404,-0.0028182160594265654,-1.4588930880613138,200,192
hybrid,1000,2000,-0.5487091612596932,-0.0028182160594265654,-0.5458909452002666,200,192
B_only,1000,2000,-0.03240308602304558,-0.0028182160594265654,-0.02958486996361901,200,192
A_only,1000,5000,-0.6086202820673118,-0.0006760970636952127,-0.6079441850036166,200,192
hybrid,1000,5000,-0.23472442353842404,-0.0006760970636952127,-0.23404832647472884,200,192
B_only,1000,5000,-0.04999596579993425,-0.0006760970636952127,-0.04931986873623904,200,192
A_only,1000,10000,-0.5494963165394281,-0.0014035296225299897,-0.5480927869168981,200,192
hybrid,1000,10000,-0.3379911562377155,-0.0014035296225299897,-0.3365876266151855,200,192
B_only,1000,10000,-0.18757825488173402,-0.0014035296225299897,-0.18617472525920403,200,192
A_only,1000,2000,-1.228474325715101,-0.0028182160594265654,-1.2256561096556744,500,192
hybrid,1000,2000,-0.2793321767462094,-0.0028182160594265654,-0.27651396068678286,500,192
B_only,1000,2000,-0.017305639747589315,-0.0028182160594265654,-0.014487423688162748,500,192
A_only,1000,5000,-0.30279533109799844,-0.0033159803963591777,-0.2994793507016393,500,192
hybrid,1000,5000,-0.08062472700575284,-0.0033159803963591777,-0.07730874660939366,500,192
B_only,1000,5000,-0.08697976131130344,-0.0033159803963591777,-0.08366378091494427,500,192
A_only,1000,10000,-0.8350823679472329,-0.0014035296225299897,-0.8336788383247029,500,192
hybrid,1000,10000,-0.13729874001161083,-0.0014035296225299897,-0.13589521038908084,500,192
B_only,1000,10000,-3.567913277752815e-05,-0.0014035296225299897,0.0013678504897524616,500,192
A_only,1000,2000,-0.622167120030151,-0.01849454206597494,-0.6036725779641761,25,193
hybrid,1000,2000,-0.3303331916372613,-0.01849454206597494,-0.3118386495712864,25,193
B_only,1000,2000,-2.280834458538816,-0.01849454206597494,-2.262339916472841,25,193
A_only,1000,5000,-0.8229615817951034,-0.0006760970636952127,-0.8222854847314082,25,193
hybrid,1000,5000,-0.23132981737891156,-0.0006760970636952127,-0.23065372031521636,25,193
B_only,1000,5000,-0.0018796924749903134,-0.0006760970636952127,-0.0012035954112951009,25,193
A_only,1000,10000,-0.3363333561088758,-0.0014035296225299897,-0.33492982648634584,25,193
hybrid,1000,10000,-0.30484690225233424,-0.0014035296225299897,-0.30344337262980425,25,193
B_only,1000,10000,-0.921522781807955,-0.0014035296225299897,-0.920119252185425,25,193
A_only,1000,2000,-1.1833029099240293,-0.0017750072554159953,-1.1815279026686134,50,193
hybrid,1000,2000,-0.6939861663501721,-0.0017750072554159953,-0.6922111590947561,50,193
B_only,1000,2000,-0.09301532384922943,-0.0017750072554159953,-0.09124031659381344,50,193
A_only,1000,5000,-0.16887690911963624,-0.0006760970636952127,-0.16820081205594103,50,193
hybrid,1000,5000,-0.04203201342697196,-0.0006760970636952127,-0.04135591636327675,50,193
B_only,1000,5000,-0.18574970877317243,-0.0006760970636952127,-0.18507361170947723,50,193
A_only,1000,10000,-0.7365563455479021,-0.0014035296225299897,-0.7351528159253721,50,193
hybrid,1000,10000,-0.3337427455932228,-0.0014035296225299897,-0.3323392159706928,50,193
B_only,1000,10000,-0.025005020482826025,-0.0014035296225299897,-0.023601490860296035,50,193
A_only,1000,2000,-1.1300058605795646,-0.0014035296225299897,-1.1286023309570345,100,193
hybrid,1000,2000,-0.4274652784869466,-0.0014035296225299897,-0.4260617488644166,100,193
B_only,1000,2000,-0.00035909826092482165,-0.0014035296225299897,0.001044431361605168,100,193
A_only,1000,5000,-0.6899977912010334,-0.0006760970636952127,-0.6893216941373382,100,193
hybrid,1000,5000,-0.36568733845217627,-0.0006760970636952127,-0.36501124138848107,100,193
B_only,1000,5000,-0.5579445704214427,-0.0006760970636952127,-0.5572684733577475,100,193
A_only,1000,10000,-1.0221972948111009,-0.0006760970636952127,-1.0215211977474057,100,193
hybrid,1000,10000,-0.6338043282798997,-0.0006760970636952127,-0.6331282312162045,100,193
B_only,1000,10000,-0.14888714009374293,-0.0006760970636952127,-0.14821104303004773,100,193
A_only,1000,2000,-1.3530344274261825,-0.016652717978201063,-1.3363817094479815,200,193
hybrid,1000,2000,-0.42535308986017,-0.016652717978201063,-0.40870037188196895,200,193
B_only,1000,2000,-0.04124744190976739,-0.016652717978201063,-0.024594723931566326,200,193
A_only,1000,5000,-0.4672426516908275,-0.0033159803963591777,-0.46392667129446835,200,193
hybrid,1000,5000,-0.08319079086041017,-0.0033159803963591777,-0.079874810464051,200,193
B_only,1000,5000,-0.0010546908695840717,-0.0033159803963591777,0.002261289526775106,200,193
A_only,1000,10000,-0.49331533837087177,-0.0006760970636952127,-0.49263924130717657,200,193
hybrid,1000,10000,-0.1025644966519735,-0.0006760970636952127,-0.10188839958827828,200,193
B_only,1000,10000,-0.02729073741915804,-0.0006760970636952127,-0.026614640355462828,200,193
A_only,1000,2000,-0.7857371652340333,-0.10583604024616299,-0.6799011249878703,500,193
hybrid,1000,2000,-0.2331008222687078,-0.10583604024616299,-0.12726478202254482,500,193
B_only,1000,2000,-0.051695543329539,-0.10583604024616299,0.05414049691662399,500,193
A_only,1000,5000,-0.04300891826014082,-0.02555970165368331,-0.01744921660645751,500,193
hybrid,1000,5000,-0.007292537219195416,-0.02555970165368331,0.018267164434487893,500,193
B_only,1000,5000,-0.004133292943602167,-0.02555970165368331,0.02142640871008114,500,193
A_only,1000,10000,-0.4288300353646382,-0.0006760970636952127,-0.428153938300943,500,193
hybrid,1000,10000,-0.05249867607681935,-0.0006760970636952127,-0.05182257901312414,500,193
B_only,1000,10000,-0.00013511121945071619,-0.0006760970636952127,0.0005409858442444965,500,193
A_only,1000,2000,-0.5919886511453054,-0.06227961821163712,-0.5297090329336683,25,194
hybrid,1000,2000,-0.26729636520260297,-0.06227961821163712,-0.20501674699096584,25,194
B_only,1000,2000,-0.030373441398480566,-0.06227961821163712,0.03190617681315655,25,194
A_only,1000,5000,-0.5654253192253944,-0.016530923319274207,-0.5488943959061202,25,194
hybrid,1000,5000,-0.24751492096475255,-0.016530923319274207,-0.23098399764547833,25,194
B_only,1000,5000,-0.0030620114018666046,-0.016530923319274207,0.013468911917407603,25,194
A_only,1000,10000,-0.5237314303025332,-0.0006760970636952127,-0.523055333238838,25,194
hybrid,1000,10000,-0.14538682270794295,-0.0006760970636952127,-0.14471072564424775,25,194
B_only,1000,10000,-1.544225812132034e-07,-0.0006760970636952127,0.0006759426411139995,25,194
A_only,1000,2000,-0.13413644494859114,-0.0006760970636952127,-0.13346034788489594,50,194
hybrid,1000,2000,-0.010872868036038723,-0.0006760970636952127,-0.01019677097234351,50,194
B_only,1000,2000,-0.0003163875230413176,-0.0006760970636952127,0.0003597095406538951,50,194
A_only,1000,5000,-0.9544039284126639,-0.0014035296225299897,-0.9530003987901339,50,194
hybrid,1000,5000,-0.3065259423154178,-0.0014035296225299897,-0.3051224126928878,50,194
B_only,1000,5000,-0.0036181939593015276,-0.0014035296225299897,-0.0022146643367715376,50,194
A_only,1000,10000,-0.6261615005242189,-0.0014035296225299897,-0.6247579709016889,50,194
hybrid,1000,10000,-0.39389311224943024,-0.0014035296225299897,-0.39248958262690026,50,194
B_only,1000,10000,-0.005460335816169001,-0.0014035296225299897,-0.004056806193639011,50,194
A_only,1000,2000,-0.6928188932704304,-0.0014035296225299897,-0.6914153636479005,100,194
hybrid,1000,2000,-0.20528618270204388,-0.0014035296225299897,-0.2038826530795139,100,194
B_only,1000,2000,-0.006277266640965033,-0.0014035296225299897,-0.004873737018435043,100,194
A_only,1000,5000,-0.892592920785625,-0.021107166088018964,-0.871485754697606,100,194
hybrid,1000,5000,-0.23627862343440414,-0.021107166088018964,-0.21517145734638518,100,194
B_only,1000,5000,-1.6609492514200713e-06,-0.021107166088018964,0.021105505138767543,100,194
A_only,1000,10000,-0.3294063968473117,-0.0014035296225299897,-0.3280028672247817,100,194
hybrid,1000,10000,-0.10260069080766432,-0.0014035296225299897,-0.10119716118513433,100,194
B_only,1000,10000,-0.016490283198751492,-0.0014035296225299897,-0.015086753576221502,100,194
A_only,1000,2000,-0.7500382143609979,-0.0028182160594265654,-0.7472199983015714,200,194
hybrid,1000,2000,-0.2390184870893219,-0.0028182160594265654,-0.23620027102989535,200,194
B_only,1000,2000,-0.09164887170285438,-0.0028182160594265654,-0.08883065564342782,200,194
A_only,1000,5000,-0.5766823339848951,-0.0014035296225299897,-0.5752788043623651,200,194
hybrid,1000,5000,-0.16744490044258992,-0.0014035296225299897,-0.16604137082005993,200,194
B_only,1000,5000,-0.021604012020610526,-0.0014035296225299897,-0.020200482398080536,200,194
A_only,1000,10000,-0.3856496201501414,-0.0028182160594265654,-0.38283140409071487,200,194
hybrid,1000,10000,-0.14486579230200128,-0.0028182160594265654,-0.14204757624257472,200,194
B_only,1000,10000,-0.04276206008426713,-0.0028182160594265654,-0.039943844024840566,200,194
A_only,1000,2000,-0.8857808331150743,-0.13611804156959217,-0.7496627915454821,500,194
hybrid,1000,2000,-0.1961784224604028,-0.13611804156959217,-0.060060380890810616,500,194
B_only,1000,2000,-0.05131499524758747,-0.13611804156959217,0.08480304632200471,500,194
A_only,1000,5000,-0.6686924652397492,-0.0006760970636952127,-0.668016368176054,500,194
hybrid,1000,5000,-0.13649396702535063,-0.0006760970636952127,-0.13581786996165543,500,194
B_only,1000,5000,-0.03270897045401615,-0.0006760970636952127,-0.03203287339032094,500,194
A_only,1000,10000,-0.004249230944218905,-0.0017750072554159953,-0.00247422368880291,500,194
hybrid,1000,10000,-0.00038761479638438145,-0.0017750072554159953,0.0013873924590316138,500,194
B_only,1000,10000,-0.0002541048910474113,-0.0017750072554159953,0.001520902364368584,500,194
A_only,1000,2000,-0.7327334576138923,-0.016530923319274207,-0.7162025342946181,25,195
hybrid,1000,2000,-0.23676860970353938,-0.016530923319274207,-0.22023768638426516,25,195
B_only,1000,2000,-0.3290441715546696,-0.016530923319274207,-0.3125132482353954,25,195
A_only,1000,5000,-0.20843710748745228,-0.0028182160594265654,-0.20561889142802572,25,195
hybrid,1000,5000,-0.04012267838734565,-0.0028182160594265654,-0.037304462327919084,25,195
B_only,1000,5000,-0.1787899666222227,-0.0028182160594265654,-0.17597175056279615,25,195
A_only,1000,10000,-0.647754148371003,-0.0006760970636952127,-0.6470780513073078,25,195
hybrid,1000,10000,-0.2515769256942528,-0.0006760970636952127,-0.25090082863055757,25,195
B_only,1000,10000,-0.004396853939234617,-0.0006760970636952127,-0.0037207568755394044,25,195
A_only,1000,2000,-1.190936459264712,-0.02338563685393675,-1.1675508224107753,50,195
hybrid,1000,2000,-0.5104348964942336,-0.02338563685393675,-0.4870492596402968,50,195
B_only,1000,2000,-0.006249257804224997,-0.02338563685393675,0.017136379049711752,50,195
A_only,1000,5000,-0.3488572489605896,-0.0017750072554159953,-0.3470822417051736,50,195
hybrid,1000,5000,-0.11838776709329665,-0.0017750072554159953,-0.11661275983788066,50,195
B_only,1000,5000,-0.10935958115691892,-0.0017750072554159953,-0.10758457390150293,50,195
A_only,1000,10000,-1.2230424939968982,-0.0014035296225299897,-1.2216389643743681,50,195
hybrid,1000,10000,-0.5509024798352702,-0.0014035296225299897,-0.5494989502127402,50,195
B_only,1000,10000,-0.19143924226433193,-0.0014035296225299897,-0.19003571264180194,50,195
A_only,1000,2000,-0.9559326604139288,-0.0014035296225299897,-0.9545291307913988,100,195
hybrid,1000,2000,-0.5316380268346377,-0.0014035296225299897,-0.5302344972121077,100,195
B_only,1000,2000,-0.22458962484870187,-0.0014035296225299897,-0.2231860952261719,100,195
A_only,1000,5000,-0.8459233295079118,-0.0006760970636952127,-0.8452472324442166,100,195
hybrid,1000,5000,-0.3496083788542403,-0.0006760970636952127,-0.3489322817905451,100,195
B_only,1000,5000,-0.00020981591284019628,-0.0006760970636952127,0.00046628115085501644,100,195
A_only,1000,10000,-0.11437268466217394,-0.0014035296225299897,-0.11296915503964396,100,195
hybrid,1000,10000,-0.027847921166939866,-0.0014035296225299897,-0.026444391544409876,100,195
B_only,1000,10000,-0.0006851528993416258,-0.0014035296225299897,0.000718376723188364,100,195
A_only,1000,2000,-0.3508393357093969,-0.0017750072554159953,-0.3490643284539809,200,195
hybrid,1000,2000,-0.03688313227258852,-0.0017750072554159953,-0.035108125017172524,200,195
B_only,1000,2000,-2.225717995559557e-06,-0.0017750072554159953,0.0017727815374204358,200,195
A_only,1000,5000,-1.2313800839068747,-0.0014035296225299897,-1.2299765542843446,200,195
hybrid,1000,5000,-0.8082453979635669,-0.0014035296225299897,-0.8068418683410369,200,195
B_only,1000,5000,-0.025260116226748636,-0.0014035296225299897,-0.023856586604218646,200,195
A_only,1000,10000,-0.36048693946827937,-0.0014035296225299897,-0.3590834098457494,200,195
hybrid,1000,10000,-0.10323825236983114,-0.0014035296225299897,-0.10183472274730115,200,195
B_only,1000,10000,-0.029403025800347617,-0.0014035296225299897,-0.027999496177817627,200,195
A_only,1000,2000,-0.7899283689016338,-0.044229416304240946,-0.7456989525973928,500,195
hybrid,1000,2000,-0.07824318175602052,-0.044229416304240946,-0.03401376545177957,500,195
B_only,1000,2000,-0.0016115586023331457,-0.044229416304240946,0.0426178577019078,500,195
A_only,1000,5000,-0.9754034908911412,-0.0033159803963591777,-0.972087510494782,500,195
hybrid,1000,5000,-0.1770935825122656,-0.0033159803963591777,-0.17377760211590643,500,195
B_only,1000,5000,-2.010004102985551e-06,-0.0033159803963591777,0.0033139703922561922,500,195
A_only,1000,10000,-0.7605107521338237,-0.0006760970636952127,-0.7598346550701285,500,195
hybrid,1000,10000,-0.24891721392862048,-0.0006760970636952127,-0.24824111686492528,500,195
B_only,1000,10000,-0.004071779414575876,-0.0006760970636952127,-0.0033956823508806636,500,195
A_only,1000,2000,-0.4739114371581401,-0.0028182160594265654,-0.47109322109871354,25,196
hybrid,1000,2000,-0.14908418040137278,-0.0028182160594265654,-0.14626596434194622,25,196
B_only,1000,2000,-0.35899340278537883,-0.0028182160594265654,-0.3561751867259523,25,196
A_only,1000,5000,-1.2459693990013996,-0.0028182160594265654,-1.243151182941973,25,196
hybrid,1000,5000,-0.5158268144844358,-0.0028182160594265654,-0.5130085984250092,25,196
B_only,1000,5000,-7.525936542604714e-09,-0.0028182160594265654,0.0028182085334900226,25,196
A_only,1000,10000,-1.0772093218417143,-0.016652717978201063,-1.0605566038635132,25,196
hybrid,1000,10000,-0.7055236435161097,-0.016652717978201063,-0.6888709255379086,25,196
B_only,1000,10000,-0.0010008136007371002,-0.016652717978201063,0.015651904377463964,25,196
A_only,1000,2000,-1.4554267301424948,-0.0006760970636952127,-1.4547506330787996,50,196
hybrid,1000,2000,-1.4225940560203474,-0.0006760970636952127,-1.4219179589566522,50,196
B_only,1000,2000,-0.1680031005716337,-0.0006760970636952127,-0.1673270035079385,50,196
A_only,1000,5000,-0.756804517087066,-0.0006760970636952127,-0.7561284200233708,50,196
hybrid,1000,5000,-0.5106726716930555,-0.0006760970636952127,-0.5099965746293603,50,196
B_only,1000,5000,-0.5797889593353591,-0.0006760970636952127,-0.5791128622716639,50,196
A_only,1000,10000,-0.09769486952168548,-0.0006760970636952127,-0.09701877245799026,50,196
hybrid,1000,10000,-0.014674870262778313,-0.0006760970636952127,-0.0139987731990831,50,196
B_only,1000,10000,-7.6126629104250245e-06,-0.0006760970636952127,0.0006684844007847876,50,196
A_only,1000,2000,-1.2086672432779355,-0.06227961821163712,-1.1463876250662983,100,196
hybrid,1000,2000,-0.48070522968682106,-0.06227961821163712,-0.4184256114751839,100,196
B_only,1000,2000,-0.0015777001027566856,-0.06227961821163712,0.06070191810888043,100,196
A_only,1000,5000,-0.045283875381092416,-0.044229416304240946,-0.0010544590768514703,100,196
hybrid,1000,5000,-0.0027344701945293715,-0.044229416304240946,0.04149494610971157,100,196
B_only,1000,5000,-3.4314501954857467e-06,-0.044229416304240946,0.04422598485404546,100,196
A_only,1000,10000,-0.40413570999115267,-0.0006760970636952127,-0.40345961292745747,100,196
hybrid,1000,10000,-0.1298128354239943,-0.0006760970636952127,-0.1291367383602991,100,196
B_only,1000,10000,-0.005773975740022892,-0.0006760970636952127,-0.005097878676327679,100,196
A_only,1000,2000,-0.9406280313054491,-0.10953837719691305,-0.8310896541085361,200,196
hybrid,1000,2000,-0.16776561373625606,-0.10953837719691305,-0.058227236539343016,200,196
B_only,1000,2000,-0.0002707787319473369,-0.10953837719691305,0.10926759846496571,200,196
A_only,1000,5000,-0.5125044920290325,-0.0014035296225299897,-0.5111009624065025,200,196
hybrid,1000,5000,-0.1152521626366812,-0.0014035296225299897,-0.11384863301415121,200,196
B_only,1000,5000,-0.09274163451002912,-0.0014035296225299897,-0.09133810488749913,200,196
A_only,1000,10000,-0.8563046687090596,-0.0017750072554159953,-0.8545296614536436,200,196
hybrid,1000,10000,-0.23823142763659372,-0.0017750072554159953,-0.23645642038117773,200,196
B_only,1000,10000,-1.4087126522954126e-08,-0.0017750072554159953,0.0017749931682894723,200,196
A_only,1000,2000,-0.6753470405169623,-0.111168923611811,-0.5641781169051513,500,196
hybrid,1000,2000,-0.12826572056401508,-0.111168923611811,-0.01709679695220409,500,196
B_only,1000,2000,-0.029426045365071242,-0.111168923611811,0.08174287824673976,500,196
A_only,1000,5000,-0.7175041794887979,-0.0017750072554159953,-0.7157291722333818,500,196
hybrid,1000,5000,-0.16368670688493792,-0.0017750072554159953,-0.16191169962952193,500,196
B_only,1000,5000,-0.004802509117195245,-0.0017750072554159953,-0.0030275018617792497,500,196
A_only,1000,10000,-0.5090832756050319,-0.0017750072554159953,-0.5073082683496158,500,196
hybrid,1000,10000,-0.08160958474177199,-0.0017750072554159953,-0.079834577486356,500,196
B_only,1000,10000,-0.00017007594822676458,-0.0017750072554159953,0.0016049313071892306,500,196
A_only,1000,2000,-1.2028922416084233,-0.048388414022939155,-1.1545038275854842,25,197
hybrid,1000,2000,-0.573590553702584,-0.048388414022939155,-0.5252021396796449,25,197
B_only,1000,2000,-0.08455489004224423,-0.048388414022939155,-0.036166476019305074,25,197
A_only,1000,5000,-0.38726303724839317,-0.016530923319274207,-0.370732113929119,25,197
hybrid,1000,5000,-0.07293625056274142,-0.016530923319274207,-0.05640532724346721,25,197
B_only,1000,5000,-1.1996153877243855e-06,-0.016530923319274207,0.016529723703886483,25,197
A_only,1000,10000,-0.41106406851702654,-0.0017750072554159953,-0.4092890612616105,25,197
hybrid,1000,10000,-0.1812754144272852,-0.0017750072554159953,-0.17950040717186921,25,197
B_only,1000,10000,-5.686627320634562e-05,-0.0017750072554159953,0.0017181409822096497,25,197
A_only,1000,2000,-0.9743275964633877,-0.1386926863569327,-0.8356349101064551,50,197
hybrid,1000,2000,-0.34010827984442005,-0.1386926863569327,-0.20141559348748736,50,197
B_only,1000,2000,-5.107138239773196e-06,-0.1386926863569327,0.1386875792186929,50,197
A_only,1000,5000,-0.42930681871004867,-0.0006760970636952127,-0.42863072164635346,50,197
hybrid,1000,5000,-0.07405092674835717,-0.0006760970636952127,-0.07337482968466195,50,197
B_only,1000,5000,-0.003004850248583956,-0.0006760970636952127,-0.002328753184888743,50,197
A_only,1000,10000,-0.7526051621833232,-0.0028182160594265654,-0.7497869461238966,50,197
hybrid,1000,10000,-0.6544454418155567,-0.0028182160594265654,-0.6516272257561302,50,197
B_only,1000,10000,-0.6357311759586837,-0.0028182160594265654,-0.6329129598992571,50,197
A_only,1000,2000,-0.9001050010691685,-0.016530923319274207,-0.8835740777498943,100,197
hybrid,1000,2000,-0.380928321926322,-0.016530923319274207,-0.3643973986070478,100,197
B_only,1000,2000,-0.03270240990779592,-0.016530923319274207,-0.01617148658852171,100,197
A_only,1000,5000,-0.8679030793556899,-0.016530923319274207,-0.8513721560364157,100,197
hybrid,1000,5000,-0.4978088242265241,-0.016530923319274207,-0.4812779009072499,100,197
B_only,1000,5000,-0.1334011736342863,-0.016530923319274207,-0.1168702503150121,100,197
A_only,1000,10000,-0.8046668841605098,-0.0014035296225299897,-0.8032633545379798,100,197
hybrid,1000,10000,-0.34558297184508047,-0.0014035296225299897,-0.3441794422225505,100,197
B_only,1000,10000,-0.005624698267734761,-0.0014035296225299897,-0.004221168645204771,100,197
A_only,1000,2000,-0.20527911908922056,-0.02744009198228548,-0.17783902710693508,200,197
hybrid,1000,2000,-0.031293696637566495,-0.02744009198228548,-0.003853604655281017,200,197
B_only,1000,2000,-0.02301653887816165,-0.02744009198228548,0.004423553104123828,200,197
A_only,1000,5000,-0.9702003846046494,-0.0006760970636952127,-0.9695242875409542,200,197
hybrid,1000,5000,-0.4512823638913367,-0.0006760970636952127,-0.4506062668276415,200,197
B_only,1000,5000,-0.017697840253874077,-0.0006760970636952127,-0.017021743190178865,200,197
A_only,1000,10000,-0.43265901186061456,-0.0006760970636952127,-0.43198291479691936,200,197
hybrid,1000,10000,-0.23756600554159688,-0.0006760970636952127,-0.23688990847790167,200,197
B_only,1000,10000,-0.21928623158144772,-0.0006760970636952127,-0.21861013451775252,200,197
A_only,1000,2000,-0.20639735276299312,-0.021107166088018964,-0.18529018667497416,500,197
hybrid,1000,2000,-0.04200108637823785,-0.021107166088018964,-0.020893920290218887,500,197
B_only,1000,2000,-0.050077505826067466,-0.021107166088018964,-0.028970339738048502,500,197
A_only,1000,5000,-1.1024632916034627,-0.0006760970636952127,-1.1017871945397675,500,197
hybrid,1000,5000,-0.2680692773626024,-0.0006760970636952127,-0.2673931802989072,500,197
B_only,1000,5000,-0.010569516328016969,-0.0006760970636952127,-0.009893419264321756,500,197
A_only,1000,10000,-0.646557204590946,-0.0017750072554159953,-0.64478219733553,500,197
hybrid,1000,10000,-0.20476909288951903,-0.0017750072554159953,-0.20299408563410304,500,197
B_only,1000,10000,-0.06600698996377609,-0.0017750072554159953,-0.0642319827083601,500,197
A_only,1000,2000,-0.595900618336912,-0.0006760970636952127,-0.5952245212732168,25,198
hybrid,1000,2000,-0.19559807173790936,-0.0006760970636952127,-0.19492197467421415,25,198
B_only,1000,2000,-0.08619072201852876,-0.0006760970636952127,-0.08551462495483354,25,198
A_only,1000,5000,-0.6517079210101664,-0.0006760970636952127,-0.6510318239464712,25,198
hybrid,1000,5000,-0.3016793881133928,-0.0006760970636952127,-0.3010032910496976,25,198
B_only,1000,5000,-0.1386077981151993,-0.0006760970636952127,-0.1379317010515041,25,198
A_only,1000,10000,-0.8794244078647608,-0.0033159803963591777,-0.8761084274684017,25,198
hybrid,1000,10000,-0.12227328814203783,-0.0033159803963591777,-0.11895730774567866,25,198
B_only,1000,10000,-2.1252200886928335e-16,-0.0033159803963591777,0.0033159803963589652,25,198
A_only,1000,2000,-0.7934622756974996,-0.0017750072554159953,-0.7916872684420836,50,198
hybrid,1000,2000,-0.3053858046934285,-0.0017750072554159953,-0.3036107974380125,50,198
B_only,1000,2000,-0.0007086747460480009,-0.0017750072554159953,0.0010663325093679945,50,198
A_only,1000,5000,-0.04245120222438132,-0.0006760970636952127,-0.04177510516068611,50,198
hybrid,1000,5000,-0.0018383184398062763,-0.0006760970636952127,-0.0011622213761110635,50,198
B_only,1000,5000,-0.014164674050396097,-0.0006760970636952127,-0.013488576986700885,50,198
A_only,1000,10000,-0.04062925970488595,-0.0014035296225299897,-0.03922573008235596,50,198
hybrid,1000,10000,-0.004006835389442444,-0.0014035296225299897,-0.002603305766912454,50,198
B_only,1000,10000,-0.0034853068743126575,-0.0014035296225299897,-0.0020817772517826676,50,198
A_only,1000,2000,-0.3493308659598505,-0.044229416304240946,-0.3051014496556096,100,198
hybrid,1000,2000,-0.03194801603725993,-0.044229416304240946,0.012281400266981018,100,198
B_only,1000,2000,-0.003089566450605959,-0.044229416304240946,0.04113984985363499,100,198
A_only,1000,5000,-0.9830332313680497,-0.0006760970636952127,-0.9823571343043545,100,198
hybrid,1000,5000,-0.5812969613507637,-0.0006760970636952127,-0.5806208642870685,100,198
B_only,1000,5000,-0.02207194286048681,-0.0006760970636952127,-0.021395845796791598,100,198
A_only,1000,10000,-1.2800590921319113,-0.0006760970636952127,-1.279382995068216,100,198
hybrid,1000,10000,-1.2145668677946857,-0.0006760970636952127,-1.2138907707309905,100,198
B_only,1000,10000,-0.30560863382421916,-0.0006760970636952127,-0.30493253676052395,100,198
A_only,1000,2000,-1.081220797687258,-0.0017750072554159953,-1.0794457904318422,200,198
hybrid,1000,2000,-0.37131291890166523,-0.0017750072554159953,-0.3695379116462492,200,198
B_only,1000,2000,-0.0035923864411962535,-0.0017750072554159953,-0.0018173791857802582,200,198
A_only,1000,5000,-0.6033819603115044,-0.016530923319274207,-0.5868510369922302,200,198
hybrid,1000,5000,-0.1501652552355886,-0.016530923319274207,-0.1336343319163144,200,198
B_only,1000,5000,-0.005274063330691026,-0.016530923319274207,0.011256859988583182,200,198
A_only,1000,10000,-0.49929399129898877,-0.0014035296225299897,-0.4978904616764588,200,198
hybrid,1000,10000,-0.17821706150212588,-0.0014035296225299897,-0.1768135318795959,200,198
B_only,1000,10000,-0.000539577375944535,-0.0014035296225299897,0.0008639522465854547,200,198
A_only,1000,2000,-0.5419550475421204,-0.0014035296225299897,-0.5405515179195904,500,198
hybrid,1000,2000,-0.12738494541659354,-0.0014035296225299897,-0.12598141579406355,500,198
B_only,1000,2000,-0.0018316881982678032,-0.0014035296225299897,-0.0004281585757378134,500,198
A_only,1000,5000,-1.3662536964630978,-0.0017750072554159953,-1.364478689207682,500,198
hybrid,1000,5000,-0.43902061138981957,-0.0017750072554159953,-0.43724560413440355,500,198
B_only,1000,5000,-0.012264739839958693,-0.0017750072554159953,-0.010489732584542697,500,198
A_only,1000,10000,-0.32140187948050436,-0.0006760970636952127,-0.32072578241680916,500,198
hybrid,1000,10000,-0.12686470223965995,-0.0006760970636952127,-0.12618860517596475,500,198
B_only,1000,10000,-0.0008655287417306048,-0.0006760970636952127,-0.00018943167803539215,500,198
A_only,1000,2000,-1.4938088840432264,-0.0028182160594265654,-1.4909906679837999,25,199
hybrid,1000,2000,-1.0397155868584445,-0.0028182160594265654,-1.036897370799018,25,199
B_only,1000,2000,-0.004477802083560054,-0.0028182160594265654,-0.0016595860241334888,25,199
A_only,1000,5000,-1.1841971185967217,-0.0033159803963591777,-1.1808811382003626,25,199
hybrid,1000,5000,-1.085391071346154,-0.0033159803963591777,-1.082075090949795,25,199
B_only,1000,5000,-0.4291568478037694,-0.0033159803963591777,-0.42584086740741023,25,199
A_only,1000,10000,-0.01862384459677677,-0.0017750072554159953,-0.016848837341360775,25,199
hybrid,1000,10000,-0.0046365728070790445,-0.0017750072554159953,-0.0028615655516630494,25,199
B_only,1000,10000,-0.057212891545983156,-0.0017750072554159953,-0.05543788429056716,25,199
A_only,1000,2000,-0.7097231588841505,-0.0017750072554159953,-0.7079481516287345,50,199
hybrid,1000,2000,-0.25736651331122967,-0.0017750072554159953,-0.25559150605581366,50,199
B_only,1000,2000,-0.1175706834070508,-0.0017750072554159953,-0.11579567615163482,50,199
A_only,1000,5000,-1.335747090343832,-0.02338563685393675,-1.3123614534898953,50,199
hybrid,1000,5000,-0.9026501736264846,-0.02338563685393675,-0.8792645367725478,50,199
B_only,1000,5000,-0.08482342526184829,-0.02338563685393675,-0.06143778840791154,50,199
A_only,1000,10000,-0.4709843378371582,-0.0006760970636952127,-0.470308240773463,50,199
hybrid,1000,10000,-0.0390311894138508,-0.0006760970636952127,-0.03835509235015559,50,199
B_only,1000,10000,-2.4664147821217836e-17,-0.0006760970636952127,0.0006760970636951881,50,199
A_only,1000,2000,-0.7379596091981204,-0.021107166088018964,-0.7168524431101014,100,199
hybrid,1000,2000,-0.19560583670239545,-0.021107166088018964,-0.1744986706143765,100,199
B_only,1000,2000,-0.06423643418594742,-0.021107166088018964,-0.043129268097928455,100,199
A_only,1000,5000,-0.48502649636035555,-0.0017750072554159953,-0.48325148910493954,100,199
hybrid,1000,5000,-0.31182099253518597,-0.0017750072554159953,-0.31004598527976995,100,199
B_only,1000,5000,-0.07866427413336359,-0.0017750072554159953,-0.0768892668779476,100,199
A_only,1000,10000,-1.0197787179546658,-0.0006760970636952127,-1.0191026208909706,100,199
hybrid,1000,10000,-0.5518845740107446,-0.0006760970636952127,-0.5512084769470494,100,199
B_only,1000,10000,-0.006381500134033196,-0.0006760970636952127,-0.005705403070337983,100,199
A_only,1000,2000,-1.3099480879078162,-0.16804324619811542,-1.1419048417097009,200,199
hybrid,1000,2000,-0.3200350189458949,-0.16804324619811542,-0.1519917727477795,200,199
B_only,1000,2000,-0.002433967708183729,-0.16804324619811542,0.16560927848993168,200,199
A_only,1000,5000,-0.9834620956906895,-0.016652717978201063,-0.9668093777124884,200,199
hybrid,1000,5000,-0.33808751304300283,-0.016652717978201063,-0.32143479506480177,200,199
B_only,1000,5000,-0.0037905821360294314,-0.016652717978201063,0.012862135842171631,200,199
A_only,1000,10000,-0.7871191340525752,-0.0014035296225299897,-0.7857156044300452,200,199
hybrid,1000,10000,-0.14483136170838184,-0.0014035296225299897,-0.14342783208585186,200,199
B_only,1000,10000,-0.0013226648113923076,-0.0014035296225299897,8.086481113768213e-05,200,199
A_only,1000,2000,-1.5564859037118186,-0.20592967351260755,-1.3505562301992111,500,199
hybrid,1000,2000,-0.2422758528851822,-0.20592967351260755,-0.036346179372574644,500,199
B_only,1000,2000,-0.005004687107435901,-0.20592967351260755,0.20092498640517165,500,199
A_only,1000,5000,-0.06228123518419831,-0.04442382739503962,-0.01785740778915869,500,199
hybrid,1000,5000,-0.011805941926223869,-0.04442382739503962,0.03261788546881575,500,199
B_only,1000,5000,-0.005563654909483354,-0.04442382739503962,0.03886017248555626,500,199
A_only,1000,10000,-0.2892570010811819,-0.0006760970636952127,-0.2885809040174867,500,199
hybrid,1000,10000,-0.042696540478745895,-0.0006760970636952127,-0.042020443415050686,500,199
B_only,1000,10000,-0.00021924119958640587,-0.0006760970636952127,0.0004568558641088068,500,199
