method,m,n,forecast,truth,err,k,rep
A_only,1000,2000,-2.5900414733894164,-0.000677201249950961,-2.5893642721394654,25,0
hybrid,1000,2000,-1.6465003160918035,-0.000677201249950961,-1.6458231148418525,25,0
B_only,1000,2000,-0.24521921928481993,-0.000677201249950961,-0.24454201803486897,25,0
A_only,1000,5000,-1.0502419042466662,-0.04467924927401707,-1.005562654972649,25,0
hybrid,1000,5000,-0.5819984594377658,-0.04467924927401707,-0.5373192101637487,25,0
B_only,1000,5000,-0.15525817590183008,-0.04467924927401707,-0.11057892662781302,25,0
A_only,1000,10000,-1.3631068972643596,-0.01653092336097194,-1.3465759739033878,25,0
hybrid,1000,10000,-0.27142704946883783,-0.01653092336097194,-0.2548961261078659,25,0
B_only,1000,10000,-7.364802228933069e-08,-0.01653092336097194,0.01653084971294965,25,0
A_only,1000,2000,-1.1241516123016773,-0.000677201249950961,-1.1234744110517263,50,0
hybrid,1000,2000,-0.4606189943562961,-0.000677201249950961,-0.45994179310634514,50,0
B_only,1000,2000,-0.09458955018261242,-0.000677201249950961,-0.09391234893266145,50,0
A_only,1000,5000,-1.0967421721351474,-0.0033189882361477573,-1.0934231838989996,50,0
hybrid,1000,5000,-1.1345074970547782,-0.0033189882361477573,-1.1311885088186304,50,0
B_only,1000,5000,-0.29110510147791135,-0.0033189882361477573,-0.2877861132417636,50,0
A_only,1000,10000,-0.31734543741020216,-0.0014094271702523638,-0.31593601023994977,50,0
hybrid,1000,10000,-0.07730863498761707,-0.0014094271702523638,-0.07589920781736471,50,0
B_only,1000,10000,-0.18834995744458863,-0.0014094271702523638,-0.18694053027433627,50,0
A_only,1000,2000,-2.4955660128475685,-0.0014094271702523638,-2.4941565856773162,100,0
hybrid,1000,2000,-1.5449682724036509,-0.0014094271702523638,-1.5435588452333986,100,0
B_only,1000,2000,-0.01010622079412604,-0.0014094271702523638,-0.008696793623873676,100,0
A_only,1000,5000,-1.19394827990254,-0.01653092336097194,-1.1774173565415682,100,0
hybrid,1000,5000,-0.9019863081437954,-0.01653092336097194,-0.8854553847828235,100,0
B_only,1000,5000,-0.40893676582958943,-0.01653092336097194,-0.3924058424686175,100,0
A_only,1000,10000,-0.6531355192474199,-0.000677201249950961,-0.6524583179974689,100,0
hybrid,1000,10000,-0.09992391557540503,-0.000677201249950961,-0.09924671432545407,100,0
B_only,1000,10000,-6.144758970954172e-06,-0.000677201249950961,0.0006710564909800068,100,0
A_only,1000,2000,-2.637898869302212,-0.0442296682476969,-2.593669201054515,200,0
hybrid,1000,2000,-0.9626777967221378,-0.0442296682476969,-0.9184481284744409,200,0
B_only,1000,2000,-0.0002040651021889489,-0.0442296682476969,0.04402560314550795,200,0
A_only,1000,5000,-1.5732759247894703,-0.0014094271702523638,-1.571866497619218,200,0
hybrid,1000,5000,-0.7315231660064339,-0.0014094271702523638,-0.7301137388361815,200,0
B_only,1000,5000,-0.011350521887201296,-0.0014094271702523638,-0.009941094716948932,200,0
A_only,1000,10000,-0.2817826935585038,-0.01653092336097194,-0.2652517701975319,200,0
hybrid,1000,10000,-0.10740580450557968,-0.01653092336097194,-0.09087488114460775,200,0
B_only,1000,10000,-0.030771243903603987,-0.01653092336097194,-0.014240320542632048,200,0
A_only,1000,2000,-0.9982117986553279,-0.07123766710210508,-0.9269741315532228,500,0
hybrid,1000,2000,-0.2394117747022949,-0.07123766710210508,-0.16817410760018983,500,0
B_only,1000,2000,-6.648301380046342e-05,-0.07123766710210508,0.07117118408830461,500,0
A_only,1000,5000,-1.549238215894623,-0.000677201249950961,-1.548561014644672,500,0
hybrid,1000,5000,-0.6690237713902668,-0.000677201249950961,-0.6683465701403158,500,0
B_only,1000,5000,-0.2940744184115663,-0.000677201249950961,-0.2933972171616153,500,0
A_only,1000,10000,-0.417640883036481,-0.000677201249950961,-0.41696368178653004,500,0
hybrid,1000,10000,-0.10357853845253696,-0.000677201249950961,-0.102901337202586,500,0
B_only,1000,10000,-0.03871580768470114,-0.000677201249950961,-0.03803860643475018,500,0
A_only,1000,2000,-0.883932283453431,-0.048388414081634995,-0.835543869371796,25,1
hybrid,1000,2000,-0.18773939542285203,-0.048388414081634995,-0.13935098134121704,25,1
B_only,1000,2000,-0.016161936526463663,-0.048388414081634995,0.03222647755517133,25,1
A_only,1000,5000,-1.4728817094522968,-0.000677201249950961,-1.4722045082023458,25,1
hybrid,1000,5000,-0.823311285082063,-0.000677201249950961,-0.822634083832112,25,1
B_only,1000,5000,-0.011912341663549753,-0.000677201249950961,-0.011235140413598792,25,1
A_only,1000,10000,-1.2060682362543342,-0.0017750075215489918,-1.2042932287327852,25,1
hybrid,1000,10000,-0.4859292490149006,-0.0017750075215489918,-0.4841542414933516,25,1
B_only,1000,10000,-0.07305597506868457,-0.0017750075215489918,-0.07128096754713557,25,1
A_only,1000,2000,-2.391047561991382,-0.0033189882361477573,-2.387728573755234,50,1
hybrid,1000,2000,-1.3417295139804568,-0.0033189882361477573,-1.338410525744309,50,1
B_only,1000,2000,-0.09928648032217305,-0.0033189882361477573,-0.09596749208602529,50,1
A_only,1000,5000,-0.5662808717149365,-0.000677201249950961,-0.5656036704649855,50,1
hybrid,1000,5000,-0.15226341157131731,-0.000677201249950961,-0.15158621032136635,50,1
B_only,1000,5000,-0.15940791326563158,-0.000677201249950961,-0.15873071201568062,50,1
A_only,1000,10000,-0.08713016079254722,-0.000677201249950961,-0.08645295954259626,50,1
hybrid,1000,10000,-0.010129626356365365,-0.000677201249950961,-0.009452425106414404,50,1
B_only,1000,10000,-0.1444809456015576,-0.000677201249950961,-0.14380374435160664,50,1
A_only,1000,2000,-1.033218117205426,-0.0017750075215489918,-1.031443109683877,100,1
hybrid,1000,2000,-0.36309295380535317,-0.0017750075215489918,-0.3613179462838042,100,1
B_only,1000,2000,-0.15121358301491916,-0.0017750075215489918,-0.14943857549337017,100,1
A_only,1000,5000,-0.5900644551823885,-0.000677201249950961,-0.5893872539324375,100,1
hybrid,1000,5000,-0.3199691877659681,-0.000677201249950961,-0.31929198651601715,100,1
B_only,1000,5000,-0.31773825945128636,-0.000677201249950961,-0.3170610582013354,100,1
A_only,1000,10000,-0.023090476431902082,-0.0014094271702523638,-0.021681049261649717,100,1
hybrid,1000,10000,-0.0014079896676205165,-0.0014094271702523638,1.4375026318473507e-06,100,1
B_only,1000,10000,-0.015504976738398724,-0.0014094271702523638,-0.01409554956814636,100,1
A_only,1000,2000,-0.6984887546855363,-0.01653092336097194,-0.6819578313245643,200,1
hybrid,1000,2000,-0.10173068551007554,-0.01653092336097194,-0.0851997621491036,200,1
B_only,1000,2000,-1.7252041194133884e-07,-0.01653092336097194,0.016530750840559997,200,1
A_only,1000,5000,-0.21971260246517715,-0.10953837757218061,-0.11017422489299654,200,1
hybrid,1000,5000,-0.028456104555511823,-0.10953837757218061,0.08108227301666879,200,1
B_only,1000,5000,-1.4166593035331676e-05,-0.10953837757218061,0.10952421097914529,200,1
A_only,1000,10000,-1.102156496724962,-0.0017750075215489918,-1.100381489203413,200,1
hybrid,1000,10000,-0.5320662159285815,-0.0017750075215489918,-0.5302912084070325,200,1
B_only,1000,10000,-0.25625054805424174,-0.0017750075215489918,-0.2544755405326928,200,1
A_only,1000,2000,-2.1226495251803783,-0.0014094271702523638,-2.121240098010126,500,1
hybrid,1000,2000,-0.6649008790004008,-0.0014094271702523638,-0.6634914518301485,500,1
B_only,1000,2000,-0.035657089583284014,-0.0014094271702523638,-0.03424766241303165,500,1
A_only,1000,5000,-0.7844155405192554,-0.01653092336097194,-0.7678846171582835,500,1
hybrid,1000,5000,-0.19484044204294212,-0.01653092336097194,-0.17830951868197017,500,1
B_only,1000,5000,-0.021706293249140807,-0.01653092336097194,-0.005175369888168867,500,1
A_only,1000,10000,-1.6676121877806216,-0.000677201249950961,-1.6669349865306706,500,1
hybrid,1000,10000,-0.4674782119897356,-0.000677201249950961,-0.46680101073978464,500,1
B_only,1000,10000,-0.013235476298930857,-0.000677201249950961,-0.012558275048979895,500,1
A_only,1000,2000,-1.4043106250330382,-0.13871280870864297,-1.2655978163243953,25,2
hybrid,1000,2000,-0.5871064757080089,-0.13871280870864297,-0.4483936669993659,25,2
B_only,1000,2000,-0.09974396417838031,-0.13871280870864297,0.038968844530262656,25,2
A_only,1000,5000,-0.21411985178133622,-0.0014094271702523638,-0.21271042461108386,25,2
hybrid,1000,5000,-0.029652519723983653,-0.0014094271702523638,-0.028243092553731287,25,2
B_only,1000,5000,-1.4366889954991389,-0.0014094271702523638,-1.4352795683288866,25,2
A_only,1000,10000,-1.1406097637650796,-0.000677201249950961,-1.1399325625151286,25,2
hybrid,1000,10000,-0.7545233535174899,-0.000677201249950961,-0.7538461522675389,25,2
B_only,1000,10000,-0.8172522056988959,-0.000677201249950961,-0.8165750044489449,25,2
A_only,1000,2000,-1.7414888130617705,-0.04467924927401707,-1.6968095637877534,50,2
hybrid,1000,2000,-1.1896650061557943,-0.04467924927401707,-1.1449857568817772,50,2
B_only,1000,2000,-0.9526377790639126,-0.04467924927401707,-0.9079585297898954,50,2
A_only,1000,5000,-0.608402879909558,-0.000677201249950961,-0.607725678659607,50,2
hybrid,1000,5000,-0.27048855898796337,-0.000677201249950961,-0.2698113577380124,50,2
B_only,1000,5000,-0.36523335639862436,-0.000677201249950961,-0.3645561551486734,50,2
A_only,1000,10000,-0.16931232896146833,-0.0017750075215489918,-0.16753732143991934,50,2
hybrid,1000,10000,-0.032338511118799075,-0.0017750075215489918,-0.03056350359725008,50,2
B_only,1000,10000,-0.5723345563860405,-0.0017750075215489918,-0.5705595488644915,50,2
A_only,1000,2000,-1.7857075982297212,-0.2080189683984519,-1.5776886298312693,100,2
hybrid,1000,2000,-0.6969245563379043,-0.2080189683984519,-0.4889055879394524,100,2
B_only,1000,2000,-0.07617733813283814,-0.2080189683984519,0.13184163026561377,100,2
A_only,1000,5000,-0.24612595773239618,-0.01653092336097194,-0.22959503437142423,100,2
hybrid,1000,5000,-0.08888748450137537,-0.01653092336097194,-0.07235656114040344,100,2
B_only,1000,5000,-0.3923667957681389,-0.01653092336097194,-0.3758358724071669,100,2
A_only,1000,10000,-1.1905087344408665,-0.000677201249950961,-1.1898315331909155,100,2
hybrid,1000,10000,-0.6148113622193969,-0.000677201249950961,-0.614134160969446,100,2
B_only,1000,10000,-0.012743219323445088,-0.000677201249950961,-0.012066018073494127,100,2
A_only,1000,2000,-0.9617558510104505,-0.0017750075215489918,-0.9599808434889014,200,2
hybrid,1000,2000,-0.19278961587370647,-0.0017750075215489918,-0.19101460835215747,200,2
B_only,1000,2000,-0.020374004826418136,-0.0017750075215489918,-0.018598997304869143,200,2
A_only,1000,5000,-1.926338901204701,-0.016652718459798817,-1.909686182744902,200,2
hybrid,1000,5000,-0.923122775890996,-0.016652718459798817,-0.9064700574311972,200,2
B_only,1000,5000,-0.06411851293475553,-0.016652718459798817,-0.047465794474956705,200,2
A_only,1000,10000,-0.1396235041427861,-0.0014094271702523638,-0.13821407697253374,200,2
hybrid,1000,10000,-0.03047325114245428,-0.0014094271702523638,-0.02906382397220192,200,2
B_only,1000,10000,-0.2516750345689583,-0.0014094271702523638,-0.2502656073987059,200,2
A_only,1000,2000,-1.4044941414201493,-0.01653092336097194,-1.3879632180591774,500,2
hybrid,1000,2000,-0.4014188699080778,-0.01653092336097194,-0.38488794654710584,500,2
B_only,1000,2000,-0.16205707708388709,-0.01653092336097194,-0.14552615372291514,500,2
A_only,1000,5000,-1.5277714195085845,-0.07123766710210508,-1.4565337524064794,500,2
hybrid,1000,5000,-0.34732277024704084,-0.07123766710210508,-0.27608510314493573,500,2
B_only,1000,5000,-0.010022923386647689,-0.07123766710210508,0.06121474371545739,500,2
A_only,1000,10000,-0.5149884565370003,-0.0014094271702523638,-0.5135790293667479,500,2
hybrid,1000,10000,-0.22832419774977075,-0.0014094271702523638,-0.2269147705795184,500,2
B_only,1000,10000,-0.2914182496947613,-0.0014094271702523638,-0.29000882252450894,500,2
A_only,1000,2000,-1.1386118604892095,-0.02619584115917027,-1.1124160193300392,25,3
hybrid,1000,2000,-0.16416404107395746,-0.02619584115917027,-0.1379681999147872,25,3
B_only,1000,2000,-1.360576990809e-05,-0.02619584115917027,0.026182235389262183,25,3
A_only,1000,5000,-0.26406365782726215,-0.000677201249950961,-0.2633864565773112,25,3
hybrid,1000,5000,-0.06609830927349672,-0.000677201249950961,-0.06542110802354575,25,3
B_only,1000,5000,-0.7469627295766922,-0.000677201249950961,-0.7462855283267412,25,3
A_only,1000,10000,-0.03214194551079675,-0.0017750075215489918,-0.030366937989247757,25,3
hybrid,1000,10000,-0.002370514523783952,-0.0017750075215489918,-0.0005955070022349604,25,3
B_only,1000,10000,-0.06488566628200391,-0.0017750075215489918,-0.06311065876045492,25,3
A_only,1000,2000,-2.250453321334075,-0.000677201249950961,-2.249776120084124,50,3
hybrid,1000,2000,-1.2751849321539852,-0.000677201249950961,-1.2745077309040342,50,3
B_only,1000,2000,-0.04869230650810997,-0.000677201249950961,-0.04801510525815901,50,3
A_only,1000,5000,-0.8167455518598958,-0.0033189882361477573,-0.8134265636237481,50,3
hybrid,1000,5000,-0.09761946731608694,-0.0033189882361477573,-0.09430047907993917,50,3
B_only,1000,5000,-0.00024642608148927095,-0.0033189882361477573,0.0030725621546584866,50,3
A_only,1000,10000,-1.542553390742466,-0.0014094271702523638,-1.5411439635722137,50,3
hybrid,1000,10000,-0.6323862760312785,-0.0014094271702523638,-0.6309768488610261,50,3
B_only,1000,10000,-0.15996116247257353,-0.0014094271702523638,-0.15855173530232117,50,3
A_only,1000,2000,-1.6216121116275621,-0.10953837757218061,-1.5120737340553816,100,3
hybrid,1000,2000,-0.8813988301819345,-0.10953837757218061,-0.7718604526097539,100,3
B_only,1000,2000,-0.9303926269258969,-0.10953837757218061,-0.8208542493537162,100,3
A_only,1000,5000,-1.6893994460604052,-0.0017750075215489918,-1.6876244385388561,100,3
hybrid,1000,5000,-0.7568006561998193,-0.0017750075215489918,-0.7550256486782703,100,3
B_only,1000,5000,-0.01823170091680826,-0.0017750075215489918,-0.01645669339525927,100,3
A_only,1000,10000,-0.5356192763632354,-0.0033189882361477573,-0.5323002881270876,100,3
hybrid,1000,10000,-0.2710644431718445,-0.0033189882361477573,-0.2677454549356968,100,3
B_only,1000,10000,-0.9046127655382354,-0.0033189882361477573,-0.9012937773020877,100,3
A_only,1000,2000,-1.3826298906013654,-0.016652718459798817,-1.3659771721415666,200,3
hybrid,1000,2000,-0.6565291459322483,-0.016652718459798817,-0.6398764274724495,200,3
B_only,1000,2000,-0.15837307440248183,-0.016652718459798817,-0.141720355942683,200,3
A_only,1000,5000,-1.728642139092547,-0.0017750075215489918,-1.726867131570998,200,3
hybrid,1000,5000,-0.7796631959274798,-0.0017750075215489918,-0.7778881884059308,200,3
B_only,1000,5000,-0.2985070718644716,-0.0017750075215489918,-0.29673206434292265,200,3
A_only,1000,10000,-0.8057719985166535,-0.000677201249950961,-0.8050947972667025,200,3
hybrid,1000,10000,-0.28494548062408825,-0.000677201249950961,-0.2842682793741373,200,3
B_only,1000,10000,-0.00519292329595497,-0.000677201249950961,-0.004515722046004009,200,3
A_only,1000,2000,-1.1834408189911392,-0.42329022733983185,-0.7601505916513074,500,3
hybrid,1000,2000,-0.1920787642005745,-0.42329022733983185,0.23121146313925736,500,3
B_only,1000,2000,-0.02345118959346267,-0.42329022733983185,0.3998390377463692,500,3
A_only,1000,5000,-0.8484805269385511,-0.000677201249950961,-0.8478033256886002,500,3
hybrid,1000,5000,-0.34989293081386424,-0.000677201249950961,-0.3492157295639133,500,3
B_only,1000,5000,-0.12153020681528895,-0.000677201249950961,-0.12085300556533798,500,3
A_only,1000,10000,-1.5277651121152582,-0.0014094271702523638,-1.526355684945006,500,3
hybrid,1000,10000,-0.5410058034863443,-0.0014094271702523638,-0.5395963763160919,500,3
B_only,1000,10000,-0.02485506276203906,-0.0014094271702523638,-0.023445635591786695,500,3
A_only,1000,2000,-1.3898072361909173,-0.0017750075215489918,-1.3880322286693683,25,4
hybrid,1000,2000,-0.547740301641894,-0.0017750075215489918,-0.545965294120345,25,4
B_only,1000,2000,-0.17292444728563544,-0.0017750075215489918,-0.17114943976408645,25,4
A_only,1000,5000,-1.9433815997612243,-0.000677201249950961,-1.9427043985112733,25,4
hybrid,1000,5000,-1.0883702748809791,-0.000677201249950961,-1.0876930736310282,25,4
B_only,1000,5000,-0.8210798797432484,-0.000677201249950961,-0.8204026784932974,25,4
A_only,1000,10000,-0.8461803702344847,-0.0014094271702523638,-0.8447709430642323,25,4
hybrid,1000,10000,-0.4654565414086225,-0.0014094271702523638,-0.46404711423837014,25,4
B_only,1000,10000,-0.014378831763408978,-0.0014094271702523638,-0.012969404593156614,25,4
A_only,1000,2000,-1.8723222894491325,-0.19627985002332982,-1.6760424394258027,50,4
hybrid,1000,2000,-1.3450630709903566,-0.19627985002332982,-1.1487832209670268,50,4
B_only,1000,2000,-0.2869202591938203,-0.19627985002332982,-0.09064040917049049,50,4
A_only,1000,5000,-0.5553239714674258,-0.01653092336097194,-0.5387930481064539,50,4
hybrid,1000,5000,-0.23156341263676913,-0.01653092336097194,-0.21503248927579718,50,4
B_only,1000,5000,-0.18980453304383066,-0.01653092336097194,-0.1732736096828587,50,4
A_only,1000,10000,-0.8896383834847879,-0.0014094271702523638,-0.8882289563145355,50,4
hybrid,1000,10000,-0.36866060819089236,-0.0014094271702523638,-0.36725118102063997,50,4
B_only,1000,10000,-0.01459367260651888,-0.0014094271702523638,-0.013184245436266517,50,4
A_only,1000,2000,-0.6357024692420278,-0.0033189882361477573,-0.63238348100588,100,4
hybrid,1000,2000,-0.08646999081737707,-0.0033189882361477573,-0.0831510025812293,100,4
B_only,1000,2000,-0.005469412023939289,-0.0033189882361477573,-0.0021504237877915315,100,4
A_only,1000,5000,-0.14861225703561806,-0.000677201249950961,-0.1479350557856671,100,4
hybrid,1000,5000,-0.016041417419636713,-0.000677201249950961,-0.015364216169685752,100,4
B_only,1000,5000,-0.0019929852473517255,-0.000677201249950961,-0.0013157839974007645,100,4
A_only,1000,10000,-0.3794207675826182,-0.01653092336097194,-0.3628898442216463,100,4
hybrid,1000,10000,-0.11022800662360469,-0.01653092336097194,-0.09369708326263275,100,4
B_only,1000,10000,-0.14702480986240246,-0.01653092336097194,-0.1304938865014305,100,4
A_only,1000,2000,-0.4416383795399376,-0.01653092336097194,-0.42510745617896567,200,4
hybrid,1000,2000,-0.07213372619805847,-0.01653092336097194,-0.05560280283708653,200,4
B_only,1000,2000,-0.1686752106230449,-0.01653092336097194,-0.15214428726207296,200,4
A_only,1000,5000,-0.9853100895045526,-0.000677201249950961,-0.9846328882546016,200,4
hybrid,1000,5000,-0.3656789027251415,-0.000677201249950961,-0.3650017014751905,200,4
B_only,1000,5000,-0.06771441995976585,-0.000677201249950961,-0.06703721870981488,200,4
A_only,1000,10000,-0.2313255644117045,-0.0017750075215489918,-0.2295505568901555,200,4
hybrid,1000,10000,-0.06694233624709629,-0.0017750075215489918,-0.0651673287255473,200,4
B_only,1000,10000,-0.05180192971093002,-0.0017750075215489918,-0.050026922189381026,200,4
A_only,1000,2000,-0.9748759625035194,-0.0014094271702523638,-0.973466535333267,500,4
hybrid,1000,2000,-0.30136094806642383,-0.0014094271702523638,-0.29995152089617144,500,4
B_only,1000,2000,-0.018766417100136164,-0.0014094271702523638,-0.017356989929883798,500,4
A_only,1000,5000,-1.386618336373677,-0.000677201249950961,-1.385941135123726,500,4
hybrid,1000,5000,-0.3360152550354951,-0.000677201249950961,-0.33533805378554415,500,4
B_only,1000,5000,-0.004489601671564584,-0.000677201249950961,-0.0038124004216136226,500,4
A_only,1000,10000,-0.004185299100216555,-0.000677201249950961,-0.0035080978502655936,500,4
hybrid,1000,10000,-0.0007661040659138823,-0.000677201249950961,-8.890281596292133e-05,500,4
B_only,1000,10000,-0.06325971650100218,-0.000677201249950961,-0.06258251525105121,500,4
A_only,1000,2000,-0.5386136107866993,-0.10941635111751186,-0.4291972596691875,25,5
hybrid,1000,2000,-0.16922948912514357,-0.10941635111751186,-0.059813138007631717,25,5
B_only,1000,2000,-0.34338872356670197,-0.10941635111751186,-0.2339723724491901,25,5
A_only,1000,5000,-0.1459573059385322,-0.000677201249950961,-0.14528010468858124,25,5
hybrid,1000,5000,-0.01568898390859342,-0.000677201249950961,-0.015011782658642458,25,5
B_only,1000,5000,-0.005107288567867999,-0.000677201249950961,-0.004430087317917038,25,5
A_only,1000,10000,-0.36031793484583713,-0.0017750075215489918,-0.35854292732428816,25,5
hybrid,1000,10000,-0.18491958392326358,-0.0017750075215489918,-0.18314457640171458,25,5
B_only,1000,10000,-2.6923994510082965,-0.0017750075215489918,-2.6906244434867475,25,5
A_only,1000,2000,-1.6808747598486249,-0.0014094271702523638,-1.6794653326783726,50,5
hybrid,1000,2000,-0.8390891591446812,-0.0014094271702523638,-0.8376797319744288,50,5
B_only,1000,2000,-0.20802871967520267,-0.0014094271702523638,-0.2066192925049503,50,5
A_only,1000,5000,-1.3818276468535122,-0.000677201249950961,-1.3811504456035613,50,5
hybrid,1000,5000,-0.3516567653829773,-0.000677201249950961,-0.35097956413302633,50,5
B_only,1000,5000,-5.80172662451128e-05,-0.000677201249950961,0.0006191839837058482,50,5
A_only,1000,10000,-0.6860379855579197,-0.000677201249950961,-0.6853607843079688,50,5
hybrid,1000,10000,-0.1901156634269211,-0.000677201249950961,-0.18943846217697013,50,5
B_only,1000,10000,-0.017181454896916616,-0.000677201249950961,-0.016504253646965655,50,5
A_only,1000,2000,-0.4095978539231033,-0.018494542316971195,-0.39110331160613215,100,5
hybrid,1000,2000,-0.09514653795644402,-0.018494542316971195,-0.07665199563947284,100,5
B_only,1000,2000,-0.14309220411694615,-0.018494542316971195,-0.12459766179997495,100,5
A_only,1000,5000,-0.4007420112804686,-0.0017750075215489918,-0.39896700375891964,100,5
hybrid,1000,5000,-0.09248915094866898,-0.0017750075215489918,-0.09071414342711999,100,5
B_only,1000,5000,-0.22179317501877516,-0.0017750075215489918,-0.22001816749722616,100,5
A_only,1000,10000,-0.978973301772862,-0.000677201249950961,-0.978296100522911,100,5
hybrid,1000,10000,-0.40127670219831596,-0.000677201249950961,-0.400599500948365,100,5
B_only,1000,10000,-8.122982543989542e-06,-0.000677201249950961,0.0006690782674069714,100,5
A_only,1000,2000,-0.6382441035480189,-0.2501559923167958,-0.38808811123122305,200,5
hybrid,1000,2000,-0.16397829656526688,-0.2501559923167958,0.08617769575152892,200,5
B_only,1000,2000,-0.007161151378818339,-0.2501559923167958,0.24299484093797746,200,5
A_only,1000,5000,-0.22466633819430584,-0.016652718459798817,-0.20801361973450702,200,5
hybrid,1000,5000,-0.04691227504418079,-0.016652718459798817,-0.03025955658438197,200,5
B_only,1000,5000,-0.00539479395662749,-0.016652718459798817,0.011257924503171327,200,5
A_only,1000,10000,-2.3154934560743228,-0.0033189882361477573,-2.312174467838175,200,5
hybrid,1000,10000,-1.1809686215676758,-0.0033189882361477573,-1.177649633331528,200,5
B_only,1000,10000,-0.0026566620400513964,-0.0033189882361477573,0.0006623261960963609,200,5
A_only,1000,2000,-1.565629435601623,-0.018494542316971195,-1.5471348932846518,500,5
hybrid,1000,2000,-0.2611592931542914,-0.018494542316971195,-0.24266475083732023,500,5
B_only,1000,2000,-0.01847668903333498,-0.018494542316971195,1.785328363621344e-05,500,5
A_only,1000,5000,-0.29348634693823983,-0.02619584115917027,-0.26729050577906954,500,5
hybrid,1000,5000,-0.11591349647741687,-0.02619584115917027,-0.0897176553182466,500,5
B_only,1000,5000,-0.1873488728024676,-0.02619584115917027,-0.1611530316432973,500,5
A_only,1000,10000,-0.40487483080590336,-0.0033189882361477573,-0.4015558425697556,500,5
hybrid,1000,10000,-0.1298478716879472,-0.0033189882361477573,-0.12652888345179944,500,5
B_only,1000,10000,-0.004565658006130599,-0.0033189882361477573,-0.0012466697699828415,500,5
A_only,1000,2000,-1.3997932448110093,-0.000677201249950961,-1.3991160435610583,25,6
hybrid,1000,2000,-0.41438831299201223,-0.000677201249950961,-0.41371111174206127,25,6
B_only,1000,2000,-0.0015867253280374928,-0.000677201249950961,-0.0009095240780865318,25,6
A_only,1000,5000,-0.5923057894720226,-0.000677201249950961,-0.5916285882220716,25,6
hybrid,1000,5000,-0.1345390761053519,-0.000677201249950961,-0.13386187485540094,25,6
B_only,1000,5000,-0.002672277941393479,-0.000677201249950961,-0.001995076691442518,25,6
A_only,1000,10000,-0.278038308734902,-0.000677201249950961,-0.277361107484951,25,6
hybrid,1000,10000,-0.07864784102213086,-0.000677201249950961,-0.0779706397721799,25,6
B_only,1000,10000,-0.5251269504984781,-0.000677201249950961,-0.5244497492485272,25,6
A_only,1000,2000,-2.318796730144585,-0.0014094271702523638,-2.317387302974333,50,6
hybrid,1000,2000,-2.3401240609073337,-0.0014094271702523638,-2.3387146337370814,50,6
B_only,1000,2000,-0.25421224545553645,-0.0014094271702523638,-0.25280281828528406,50,6
A_only,1000,5000,-0.8096626865221712,-0.034310857636452745,-0.7753518288857185,50,6
hybrid,1000,5000,-0.3093619241028466,-0.034310857636452745,-0.2750510664663938,50,6
B_only,1000,5000,-0.016759938580861302,-0.034310857636452745,0.017550919055591443,50,6
A_only,1000,10000,-0.9992158755882236,-0.0014094271702523638,-0.9978064484179712,50,6
hybrid,1000,10000,-0.14614474415937706,-0.0014094271702523638,-0.1447353169891247,50,6
B_only,1000,10000,-2.2382873533996455e-10,-0.0014094271702523638,0.0014094269464236286,50,6
A_only,1000,2000,-1.2799575183107315,-0.048388414081634995,-1.2315691042290964,100,6
hybrid,1000,2000,-0.5734925770522977,-0.048388414081634995,-0.5251041629706628,100,6
B_only,1000,2000,-0.0018457224307574433,-0.048388414081634995,0.04654269165087755,100,6
A_only,1000,5000,-1.0455027525855916,-0.000677201249950961,-1.0448255513356406,100,6
hybrid,1000,5000,-0.3209095581544425,-0.000677201249950961,-0.32023235690449153,100,6
B_only,1000,5000,-2.3232785482365434e-05,-0.000677201249950961,0.0006539684644685955,100,6
A_only,1000,10000,-1.077740561676464,-0.000677201249950961,-1.077063360426513,100,6
hybrid,1000,10000,-0.445893179702865,-0.000677201249950961,-0.44521597845291405,100,6
B_only,1000,10000,-0.000539509406749919,-0.000677201249950961,0.00013769184320104198,100,6
A_only,1000,2000,-1.7938610733538587,-0.02619584115917027,-1.7676652321946884,200,6
hybrid,1000,2000,-0.6928662000209622,-0.02619584115917027,-0.6666703588617919,200,6
B_only,1000,2000,-0.055908448179403235,-0.02619584115917027,-0.029712607020232963,200,6
A_only,1000,5000,-1.6297000069486514,-0.016652718459798817,-1.6130472884888525,200,6
hybrid,1000,5000,-0.824134642187345,-0.016652718459798817,-0.8074819237275462,200,6
B_only,1000,5000,-0.13432946718474745,-0.016652718459798817,-0.11767674872494863,200,6
A_only,1000,10000,-0.7130763989249196,-0.000677201249950961,-0.7123991976749686,200,6
hybrid,1000,10000,-0.23775769457738985,-0.000677201249950961,-0.23708049332743888,200,6
B_only,1000,10000,-0.010993648767342129,-0.000677201249950961,-0.010316447517391168,200,6
A_only,1000,2000,-0.5570959613277779,-0.3428751302307098,-0.21422083109706813,500,6
hybrid,1000,2000,-0.24530773090768226,-0.3428751302307098,0.09756739932302755,500,6
B_only,1000,2000,-0.37401872970169703,-0.3428751302307098,-0.031143599470987215,500,6
A_only,1000,5000,-1.1492722907907214,-0.000677201249950961,-1.1485950895407704,500,6
hybrid,1000,5000,-0.18216537372275415,-0.000677201249950961,-0.1814881724728032,500,6
B_only,1000,5000,-0.009194790692091406,-0.000677201249950961,-0.008517589442140445,500,6
A_only,1000,10000,-0.5890577650141334,-0.0014094271702523638,-0.587648337843881,500,6
hybrid,1000,10000,-0.10011302194322455,-0.0014094271702523638,-0.09870359477297219,500,6
B_only,1000,10000,-0.0035586531205137367,-0.0014094271702523638,-0.002149225950261373,500,6
A_only,1000,2000,-0.9100076429890388,-0.0442296682476969,-0.8657779747413419,25,7
hybrid,1000,2000,-0.4562987372714837,-0.0442296682476969,-0.41206906902378676,25,7
B_only,1000,2000,-2.5806376824700976,-0.0442296682476969,-2.536408014222401,25,7
A_only,1000,5000,-1.0649388985648065,-0.01653092336097194,-1.0484079752038347,25,7
hybrid,1000,5000,-0.6894005293604879,-0.01653092336097194,-0.672869605999516,25,7
B_only,1000,5000,-0.009642934676027929,-0.01653092336097194,0.006887988684944011,25,7
A_only,1000,10000,-0.4904338626775284,-0.000677201249950961,-0.48975666142757746,25,7
hybrid,1000,10000,-0.10003897555195825,-0.000677201249950961,-0.09936177430200728,25,7
B_only,1000,10000,-0.10265607866681983,-0.000677201249950961,-0.10197887741686887,25,7
A_only,1000,2000,-2.2411872729729545,-0.016652718459798817,-2.2245345545131556,50,7
hybrid,1000,2000,-1.697528112362359,-0.016652718459798817,-1.68087539390256,50,7
B_only,1000,2000,-0.9556269956796635,-0.016652718459798817,-0.9389742772198647,50,7
A_only,1000,5000,-1.4054844687993333,-0.04467924927401707,-1.3608052195253162,50,7
hybrid,1000,5000,-0.4817273111953348,-0.04467924927401707,-0.43704806192131773,50,7
B_only,1000,5000,-1.8434010432357027e-08,-0.04467924927401707,0.04467923084000664,50,7
A_only,1000,10000,-0.5825016258921132,-0.000677201249950961,-0.5818244246421622,50,7
hybrid,1000,10000,-0.2157528030661041,-0.000677201249950961,-0.21507560181615312,50,7
B_only,1000,10000,-0.040798330887464984,-0.000677201249950961,-0.040121129637514026,50,7
A_only,1000,2000,-1.2772392031206972,-0.04467924927401707,-1.23255995384668,100,7
hybrid,1000,2000,-0.5207951738984182,-0.04467924927401707,-0.47611592462440117,100,7
B_only,1000,2000,-0.3276029034849225,-0.04467924927401707,-0.28292365421090543,100,7
A_only,1000,5000,-0.6734290808619813,-0.0442296682476969,-0.6291994126142844,100,7
hybrid,1000,5000,-0.2296934031910308,-0.0442296682476969,-0.1854637349433339,100,7
B_only,1000,5000,-0.41638595004481976,-0.0442296682476969,-0.37215628179712285,100,7
A_only,1000,10000,-1.781129810905271,-0.000677201249950961,-1.78045260965532,100,7
hybrid,1000,10000,-0.5232435121605268,-0.000677201249950961,-0.5225663109105758,100,7
B_only,1000,10000,-2.4496632597874076e-07,-0.000677201249950961,0.0006769562836249823,100,7
A_only,1000,2000,-0.8140380283083782,-0.01653092336097194,-0.7975071049474063,200,7
hybrid,1000,2000,-0.21311101365637383,-0.01653092336097194,-0.19658009029540188,200,7
B_only,1000,2000,-0.01633328365608394,-0.01653092336097194,0.00019763970488799812,200,7
A_only,1000,5000,-1.145573015327955,-0.021107167799241426,-1.1244658475287137,200,7
hybrid,1000,5000,-0.16669659961411054,-0.021107167799241426,-0.1455894318148691,200,7
B_only,1000,5000,-0.0001689854211979945,-0.021107167799241426,0.020938182378043433,200,7
A_only,1000,10000,-0.8300470964864605,-0.000677201249950961,-0.8293698952365095,200,7
hybrid,1000,10000,-0.2895339036364302,-0.000677201249950961,-0.28885670238647926,200,7
B_only,1000,10000,-0.021911414531118664,-0.000677201249950961,-0.021234213281167702,200,7
A_only,1000,2000,-0.7413270632601967,-0.01653092336097194,-0.7247961398992248,500,7
hybrid,1000,2000,-0.17110205560715172,-0.01653092336097194,-0.15457113224617977,500,7
B_only,1000,2000,-0.015144432875196753,-0.01653092336097194,0.0013864904857751863,500,7
A_only,1000,5000,-2.0964872790943403,-0.0017750075215489918,-2.0947122715727913,500,7
hybrid,1000,5000,-0.5056339396422379,-0.0017750075215489918,-0.5038589321206889,500,7
B_only,1000,5000,-0.0001678203018861422,-0.0017750075215489918,0.0016071872196628497,500,7
A_only,1000,10000,-0.012704219112036612,-0.0014094271702523638,-0.011294791941784248,500,7
hybrid,1000,10000,-0.0033091057470450045,-0.0014094271702523638,-0.0018996785767926407,500,7
B_only,1000,10000,-0.06460231312205379,-0.0014094271702523638,-0.06319288595180143,500,7
A_only,1000,2000,-1.1846482627128012,-0.1111690382606413,-1.0734792244521598,25,8
hybrid,1000,2000,-0.56085990603942,-0.1111690382606413,-0.44969086777877876,25,8
B_only,1000,2000,-1.2348804035165073,-0.1111690382606413,-1.123711365255866,25,8
A_only,1000,5000,-0.6515898186502717,-0.000677201249950961,-0.6509126174003207,25,8
hybrid,1000,5000,-0.2105429941721581,-0.000677201249950961,-0.20986579292220714,25,8
B_only,1000,5000,-0.3571689345747966,-0.000677201249950961,-0.3564917333248456,25,8
A_only,1000,10000,-1.4151513826369495,-0.000677201249950961,-1.4144741813869985,25,8
hybrid,1000,10000,-1.0728392641933493,-0.000677201249950961,-1.0721620629433983,25,8
B_only,1000,10000,-0.0008251908887358569,-0.000677201249950961,-0.00014798963878489592,25,8
A_only,1000,2000,-0.5971886449765191,-0.0033189882361477573,-0.5938696567403714,50,8
hybrid,1000,2000,-0.19306869862330278,-0.0033189882361477573,-0.18974971038715502,50,8
B_only,1000,2000,-0.03474517765362446,-0.0033189882361477573,-0.031426189417476706,50,8
A_only,1000,5000,-1.041034272152219,-0.01653092336097194,-1.0245033487912472,50,8
hybrid,1000,5000,-0.6286356420988346,-0.01653092336097194,-0.6121047187378627,50,8
B_only,1000,5000,-0.10677676396367528,-0.01653092336097194,-0.09024584060270334,50,8
A_only,1000,10000,-0.5401834787509746,-0.0014094271702523638,-0.5387740515807222,50,8
hybrid,1000,10000,-0.1554588516328604,-0.0014094271702523638,-0.15404942446260805,50,8
B_only,1000,10000,-3.5749986953545934e-05,-0.0014094271702523638,0.001373677183298818,50,8
A_only,1000,2000,-1.8507065712046287,-0.20620828374329758,-1.6444982874613312,100,8
hybrid,1000,2000,-0.8925066567259543,-0.20620828374329758,-0.6862983729826567,100,8
B_only,1000,2000,-0.2388209470235584,-0.20620828374329758,-0.03261266328026083,100,8
A_only,1000,5000,-0.5450260582142286,-0.0017750075215489918,-0.5432510506926795,100,8
hybrid,1000,5000,-0.14483211266211085,-0.0017750075215489918,-0.14305710514056186,100,8
B_only,1000,5000,-0.07659403699280555,-0.0017750075215489918,-0.07481902947125656,100,8
A_only,1000,10000,-0.03777547137310326,-0.000677201249950961,-0.037098270123152303,100,8
hybrid,1000,10000,-0.006228705250723249,-0.000677201249950961,-0.005551504000772288,100,8
B_only,1000,10000,-0.5879837873498464,-0.000677201249950961,-0.5873065860998954,100,8
A_only,1000,2000,-1.0812515316269233,-0.0017750075215489918,-1.0794765241053743,200,8
hybrid,1000,2000,-0.21005727426238915,-0.0017750075215489918,-0.20828226674084016,200,8
B_only,1000,2000,-0.025104774823736704,-0.0017750075215489918,-0.023329767302187714,200,8
A_only,1000,5000,-0.668632340976205,-0.000677201249950961,-0.6679551397262541,200,8
hybrid,1000,5000,-0.0984196349928056,-0.000677201249950961,-0.09774243374285463,200,8
B_only,1000,5000,-0.000722889841153359,-0.000677201249950961,-4.568859120239802e-05,200,8
A_only,1000,10000,-0.9846960194130449,-0.000677201249950961,-0.9840188181630939,200,8
hybrid,1000,10000,-0.41515195761944895,-0.000677201249950961,-0.414474756369498,200,8
B_only,1000,10000,-0.14661863936126285,-0.000677201249950961,-0.14594143811131188,200,8
A_only,1000,2000,-1.875555637808229,-0.02619584115917027,-1.8493597966490587,500,8
hybrid,1000,2000,-0.3576773762275,-0.02619584115917027,-0.3314815350683297,500,8
B_only,1000,2000,-2.9576129741112435e-05,-0.02619584115917027,0.026166265029429158,500,8
A_only,1000,5000,-0.8446996313063003,-0.0014094271702523638,-0.8432902041360479,500,8
hybrid,1000,5000,-0.10596920901317507,-0.0014094271702523638,-0.10455978184292271,500,8
B_only,1000,5000,-3.251700595744407e-07,-0.0014094271702523638,0.0014091020001927893,500,8
A_only,1000,10000,-0.8838850806306218,-0.000677201249950961,-0.8832078793806708,500,8
hybrid,1000,10000,-0.44094669801544617,-0.000677201249950961,-0.4402694967654952,500,8
B_only,1000,10000,-0.06095717806872815,-0.000677201249950961,-0.06027997681877719,500,8
A_only,1000,2000,-0.9931655855399117,-0.10941635111751186,-0.8837492344223998,25,9
hybrid,1000,2000,-0.19692720765939634,-0.10941635111751186,-0.08751085654188448,25,9
B_only,1000,2000,-0.007597304415557846,-0.10941635111751186,0.101819046701954,25,9
A_only,1000,5000,-0.38128934055568636,-0.021107167799241426,-0.36018217275644493,25,9
hybrid,1000,5000,-0.025666637373326577,-0.021107167799241426,-0.004559469574085151,25,9
B_only,1000,5000,-0.00019591373333992525,-0.021107167799241426,0.0209112540659015,25,9
A_only,1000,10000,-1.191574042929583,-0.000677201249950961,-1.190896841679632,25,9
hybrid,1000,10000,-0.5790291147782993,-0.000677201249950961,-0.5783519135283484,25,9
B_only,1000,10000,-0.22202288713546128,-0.000677201249950961,-0.22134568588551032,25,9
A_only,1000,2000,-1.7267720084809248,-0.000677201249950961,-1.7260948072309739,50,9
hybrid,1000,2000,-0.5315312405976161,-0.000677201249950961,-0.5308540393476652,50,9
B_only,1000,2000,-3.5086296021496265e-05,-0.000677201249950961,0.0006421149539294647,50,9
A_only,1000,5000,-1.5775311702393517,-0.000677201249950961,-1.5768539689894008,50,9
hybrid,1000,5000,-0.7671738423798068,-0.000677201249950961,-0.7664966411298558,50,9
B_only,1000,5000,-0.08597977650195322,-0.000677201249950961,-0.08530257525200226,50,9
A_only,1000,10000,-1.196690336892853,-0.01653092336097194,-1.1801594135318811,50,9
hybrid,1000,10000,-0.19120562087008866,-0.01653092336097194,-0.1746746975091167,50,9
B_only,1000,10000,-2.0695289236075074e-12,-0.01653092336097194,0.01653092335890241,50,9
A_only,1000,2000,-1.1278462813297432,-0.018494542316971195,-1.109351739012772,100,9
hybrid,1000,2000,-0.2671567118667218,-0.018494542316971195,-0.2486621695497506,100,9
B_only,1000,2000,-0.00010894123008503375,-0.018494542316971195,0.018385601086886163,100,9
A_only,1000,5000,-0.0960103953104686,-0.000677201249950961,-0.09533319406051763,100,9
hybrid,1000,5000,-0.01687335022886361,-0.000677201249950961,-0.01619614897891265,100,9
B_only,1000,5000,-0.8099671213457779,-0.000677201249950961,-0.8092899200958269,100,9
A_only,1000,10000,-0.7386068278394697,-0.0017750075215489918,-0.7368318203179207,100,9
hybrid,1000,10000,-0.30340240906305843,-0.0017750075215489918,-0.30162740154150947,100,9
B_only,1000,10000,-0.050691512822580255,-0.0017750075215489918,-0.04891650530103126,100,9
A_only,1000,2000,-2.021288422182605,-0.4385195378807921,-1.5827688843018128,200,9
hybrid,1000,2000,-0.5655786668809497,-0.4385195378807921,-0.1270591290001576,200,9
B_only,1000,2000,-7.646355411234396e-05,-0.4385195378807921,0.4384430743266798,200,9
A_only,1000,5000,-0.005468764648600285,-0.016652718459798817,0.011183953811198532,200,9
hybrid,1000,5000,-0.00013743135745877827,-0.016652718459798817,0.01651528710234004,200,9
B_only,1000,5000,-0.0011009809314846816,-0.016652718459798817,0.015551737528314135,200,9
A_only,1000,10000,-0.19015676604495282,-0.000677201249950961,-0.18947956479500186,200,9
hybrid,1000,10000,-0.06025375464601422,-0.000677201249950961,-0.05957655339606326,200,9
B_only,1000,10000,-0.1019723681821965,-0.000677201249950961,-0.10129516693224554,200,9
A_only,1000,2000,-1.546278320487883,-0.000677201249950961,-1.545601119237932,500,9
hybrid,1000,2000,-0.2555116200224284,-0.000677201249950961,-0.2548344187724774,500,9
B_only,1000,2000,-0.029542622871584736,-0.000677201249950961,-0.028865421621633774,500,9
A_only,1000,5000,-0.2200562454026513,-0.034310857636452745,-0.18574538776619856,500,9
hybrid,1000,5000,-0.091922180568652,-0.034310857636452745,-0.05761132293219926,500,9
B_only,1000,5000,-0.05967510442245496,-0.034310857636452745,-0.025364246786002215,500,9
A_only,1000,10000,-0.5489846903290002,-0.0014094271702523638,-0.5475752631587478,500,9
hybrid,1000,10000,-0.1545279235574256,-0.0014094271702523638,-0.15311849638717323,500,9
B_only,1000,10000,-0.009104409853322443,-0.0014094271702523638,-0.007694982683070079,500,9
A_only,1000,2000,-1.336482309830479,-0.034310857636452745,-1.3021714521940262,25,10
hybrid,1000,2000,-0.4981645835690814,-0.034310857636452745,-0.46385372593262864,25,10
B_only,1000,2000,-0.7461633317927154,-0.034310857636452745,-0.7118524741562627,25,10
A_only,1000,5000,-1.081153912718468,-0.0017750075215489918,-1.079378905196919,25,10
hybrid,1000,5000,-0.44418111117952136,-0.0017750075215489918,-0.4424061036579724,25,10
B_only,1000,5000,-0.03751677106505594,-0.0017750075215489918,-0.035741763543506944,25,10
A_only,1000,10000,-1.8781786559267513,-0.0014094271702523638,-1.876769228756499,25,10
hybrid,1000,10000,-0.9184249497586181,-0.0014094271702523638,-0.9170155225883657,25,10
B_only,1000,10000,-0.9484414748709856,-0.0014094271702523638,-0.9470320477007332,25,10
A_only,1000,2000,-1.4494914363201958,-0.04467924927401707,-1.4048121870461787,50,10
hybrid,1000,2000,-1.1030003486002133,-0.04467924927401707,-1.0583210993261962,50,10
B_only,1000,2000,-0.7137800131862816,-0.04467924927401707,-0.6691007639122645,50,10
A_only,1000,5000,-1.5254437728777166,-0.000677201249950961,-1.5247665716277656,50,10
hybrid,1000,5000,-0.9664230873741542,-0.000677201249950961,-0.9657458861242032,50,10
B_only,1000,5000,-0.4371182647598312,-0.000677201249950961,-0.4364410635098802,50,10
A_only,1000,10000,-0.34281623106542225,-0.0014094271702523638,-0.34140680389516986,50,10
hybrid,1000,10000,-0.10011347997741195,-0.0014094271702523638,-0.09870405280715959,50,10
B_only,1000,10000,-0.09601483428187836,-0.0014094271702523638,-0.094605407111626,50,10
A_only,1000,2000,-0.7802158496228657,-0.021107167799241426,-0.7591086818236243,100,10
hybrid,1000,2000,-0.2238278836831801,-0.021107167799241426,-0.20272071588393867,100,10
B_only,1000,2000,-1.1296357224054512,-0.021107167799241426,-1.1085285546062098,100,10
A_only,1000,5000,-1.3753078376310257,-0.0014094271702523638,-1.3738984104607734,100,10
hybrid,1000,5000,-0.8084718108993831,-0.0014094271702523638,-0.8070623837291308,100,10
B_only,1000,5000,-0.3947299226922306,-0.0014094271702523638,-0.39332049552197823,100,10
A_only,1000,10000,-1.4184089165249247,-0.0014094271702523638,-1.4169994893546725,100,10
hybrid,1000,10000,-1.0438873690862265,-0.0014094271702523638,-1.0424779419159742,100,10
B_only,1000,10000,-0.4873778788890692,-0.0014094271702523638,-0.4859684517188168,100,10
A_only,1000,2000,-1.4857646686942758,-0.01653092336097194,-1.469233745333304,200,10
hybrid,1000,2000,-0.4702236528640553,-0.01653092336097194,-0.45369272950308337,200,10
B_only,1000,2000,-0.08027905326928128,-0.01653092336097194,-0.06374812990830935,200,10
A_only,1000,5000,-0.6713983392491348,-0.0033189882361477573,-0.6680793510129871,200,10
hybrid,1000,5000,-0.3110379859412248,-0.0033189882361477573,-0.30771899770507705,200,10
B_only,1000,5000,-0.317095491565372,-0.0033189882361477573,-0.31377650332922424,200,10
A_only,1000,10000,-0.32422965846977125,-0.000677201249950961,-0.3235524572198203,200,10
hybrid,1000,10000,-0.07587952782998438,-0.000677201249950961,-0.07520232658003341,200,10
B_only,1000,10000,-4.574339002521955e-06,-0.000677201249950961,0.000672626910948439,200,10
A_only,1000,2000,-0.9685943745697344,-0.000677201249950961,-0.9679171733197834,500,10
hybrid,1000,2000,-0.40724681212961394,-0.000677201249950961,-0.406569610879663,500,10
B_only,1000,2000,-0.08191867848552346,-0.000677201249950961,-0.0812414772355725,500,10
A_only,1000,5000,-1.2629456434214732,-0.01653092336097194,-1.2464147200605014,500,10
hybrid,1000,5000,-0.3444404258790275,-0.01653092336097194,-0.32790950251805556,500,10
B_only,1000,5000,-0.0002231401673028323,-0.01653092336097194,0.016307783193669108,500,10
A_only,1000,10000,-0.4062667513036585,-0.000677201249950961,-0.40558955005370756,500,10
hybrid,1000,10000,-0.116977272273457,-0.000677201249950961,-0.11630007102350604,500,10
B_only,1000,10000,-0.0321176859952188,-0.000677201249950961,-0.031440484745267845,500,10
A_only,1000,2000,-1.4918504815317497,-0.021107167799241426,-1.4707433137325083,25,11
hybrid,1000,2000,-0.6623750910581606,-0.021107167799241426,-0.6412679232589192,25,11
B_only,1000,2000,-1.5587665254423917,-0.021107167799241426,-1.5376593576431503,25,11
A_only,1000,5000,-2.0620924668657827,-0.016652718459798817,-2.045439748405984,25,11
hybrid,1000,5000,-1.8413140621508177,-0.016652718459798817,-1.8246613436910188,25,11
B_only,1000,5000,-0.052631455720929296,-0.016652718459798817,-0.035978737261130475,25,11
A_only,1000,10000,-0.39883080289306444,-0.000677201249950961,-0.3981536016431135,25,11
hybrid,1000,10000,-0.1781936979719056,-0.000677201249950961,-0.17751649672195463,25,11
B_only,1000,10000,-0.18620735163803948,-0.000677201249950961,-0.1855301503880885,25,11
A_only,1000,2000,-2.492291197417435,-0.02619584115917027,-2.466095356258265,50,11
hybrid,1000,2000,-1.4937627627116374,-0.02619584115917027,-1.4675669215524672,50,11
B_only,1000,2000,-0.8140100899018357,-0.02619584115917027,-0.7878142487426654,50,11
A_only,1000,5000,-0.6161241507382703,-0.0017750075215489918,-0.6143491432167213,50,11
hybrid,1000,5000,-0.20236001179136132,-0.0017750075215489918,-0.20058500426981232,50,11
B_only,1000,5000,-0.12431926460185373,-0.0017750075215489918,-0.12254425708030474,50,11
A_only,1000,10000,-0.3989963315435668,-0.000677201249950961,-0.3983191302936158,50,11
hybrid,1000,10000,-0.07403810508451024,-0.000677201249950961,-0.07336090383455927,50,11
B_only,1000,10000,-6.658107956084891e-05,-0.000677201249950961,0.000610620170390112,50,11
A_only,1000,2000,-2.140032097387393,-0.018494542316971195,-2.1215375550704216,100,11
hybrid,1000,2000,-1.311156011256348,-0.018494542316971195,-1.292661468939377,100,11
B_only,1000,2000,-1.1032576355121255,-0.018494542316971195,-1.0847630931951544,100,11
A_only,1000,5000,-0.8586234852744443,-0.021107167799241426,-0.8375163174752029,100,11
hybrid,1000,5000,-0.3317147039129537,-0.021107167799241426,-0.3106075361137123,100,11
B_only,1000,5000,-0.00254770814843415,-0.021107167799241426,0.018559459650807276,100,11
A_only,1000,10000,-2.165783818687893,-0.000677201249950961,-2.165106617437942,100,11
hybrid,1000,10000,-0.6707028267952847,-0.000677201249950961,-0.6700256255453337,100,11
B_only,1000,10000,-0.0001483362178059521,-0.000677201249950961,0.0005288650321450089,100,11
A_only,1000,2000,-1.6683446702914528,-0.06997887129157059,-1.5983657989998823,200,11
hybrid,1000,2000,-0.6201501286133116,-0.06997887129157059,-0.5501712573217411,200,11
B_only,1000,2000,-0.20840126360476116,-0.06997887129157059,-0.1384223923131906,200,11
A_only,1000,5000,-0.8757240117414192,-0.0014094271702523638,-0.8743145845711668,200,11
hybrid,1000,5000,-0.33830832571417324,-0.0014094271702523638,-0.33689889854392085,200,11
B_only,1000,5000,-0.003846201910410993,-0.0014094271702523638,-0.0024367747401586293,200,11
A_only,1000,10000,-1.6704743179712243,-0.0017750075215489918,-1.6686993104496752,200,11
hybrid,1000,10000,-0.5717241409233024,-0.0017750075215489918,-0.5699491334017533,200,11
B_only,1000,10000,-0.012053434598592044,-0.0017750075215489918,-0.010278427077043052,200,11
A_only,1000,2000,-1.4291504607761365,-0.0017750075215489918,-1.4273754532545875,500,11
hybrid,1000,2000,-0.2836597586378872,-0.0017750075215489918,-0.28188475111633826,500,11
B_only,1000,2000,-0.0009434536246069778,-0.0017750075215489918,0.000831553896942014,500,11
A_only,1000,5000,-0.8431626885302396,-0.0014094271702523638,-0.8417532613599872,500,11
hybrid,1000,5000,-0.21995537248078476,-0.0014094271702523638,-0.2185459453105324,500,11
B_only,1000,5000,-0.024078552228776,-0.0014094271702523638,-0.022669125058523636,500,11
A_only,1000,10000,-1.6216538177178803,-0.0014094271702523638,-1.620244390547628,500,11
hybrid,1000,10000,-0.6387274754307284,-0.0014094271702523638,-0.637318048260476,500,11
B_only,1000,10000,-0.06858570694711669,-0.0014094271702523638,-0.06717627977686433,500,11
A_only,1000,2000,-1.5175051961166308,-0.01653092336097194,-1.500974272755659,25,12
hybrid,1000,2000,-0.3432651328377971,-0.01653092336097194,-0.32673420947682513,25,12
B_only,1000,2000,-9.796824280942842e-07,-0.01653092336097194,0.016529943678543844,25,12
A_only,1000,5000,-1.7399315211729467,-0.000677201249950961,-1.7392543199229957,25,12
hybrid,1000,5000,-1.0889627205842334,-0.000677201249950961,-1.0882855193342824,25,12
B_only,1000,5000,-1.0713427550044445,-0.000677201249950961,-1.0706655537544936,25,12
A_only,1000,10000,-0.4369968564902278,-0.0014094271702523638,-0.4355874293199754,25,12
hybrid,1000,10000,-0.14633951866269215,-0.0014094271702523638,-0.1449300914924398,25,12
B_only,1000,10000,-0.0061548225561155155,-0.0014094271702523638,-0.004745395385863152,25,12
A_only,1000,2000,-1.4360534873003066,-0.4938143994970844,-0.9422390878032222,50,12
hybrid,1000,2000,-0.25110011278728583,-0.4938143994970844,0.24271428670979855,50,12
B_only,1000,2000,-5.3248316470687845e-06,-0.4938143994970844,0.49380907466543733,50,12
A_only,1000,5000,-0.8742609758778995,-0.0014094271702523638,-0.8728515487076471,50,12
hybrid,1000,5000,-0.35276067585624593,-0.0014094271702523638,-0.35135124868599354,50,12
B_only,1000,5000,-0.019100818730749487,-0.0014094271702523638,-0.01769139156049712,50,12
A_only,1000,10000,-1.0631707922105507,-0.0033189882361477573,-1.059851803974403,50,12
hybrid,1000,10000,-0.22549565619996284,-0.0033189882361477573,-0.22217666796381508,50,12
B_only,1000,10000,-0.0004492462705323713,-0.0033189882361477573,0.002869741965615386,50,12
A_only,1000,2000,-0.308220078099023,-0.016652718459798817,-0.2915673596392242,100,12
hybrid,1000,2000,-0.04048113650055902,-0.016652718459798817,-0.0238284180407602,100,12
B_only,1000,2000,-0.3410065389195684,-0.016652718459798817,-0.32435382045976957,100,12
A_only,1000,5000,-0.20973306151477727,-0.0017750075215489918,-0.20795805399322828,100,12
hybrid,1000,5000,-0.03614865443688805,-0.0017750075215489918,-0.034373646915339055,100,12
B_only,1000,5000,-0.46030635381987955,-0.0017750075215489918,-0.4585313462983306,100,12
A_only,1000,10000,-1.038994861398119,-0.000677201249950961,-1.038317660148168,100,12
hybrid,1000,10000,-0.5215982659838609,-0.000677201249950961,-0.52092106473391,100,12
B_only,1000,10000,-0.9955700088785819,-0.000677201249950961,-0.994892807628631,100,12
A_only,1000,2000,-2.3304109675743128,-0.000677201249950961,-2.329733766324362,200,12
hybrid,1000,2000,-0.8176247197045391,-0.000677201249950961,-0.8169475184545881,200,12
B_only,1000,2000,-0.06909186609632241,-0.000677201249950961,-0.06841466484637145,200,12
A_only,1000,5000,-0.3329297348927702,-0.0014094271702523638,-0.33152030772251784,200,12
hybrid,1000,5000,-0.1012922089640445,-0.0014094271702523638,-0.09988278179379215,200,12
B_only,1000,5000,-0.5407726904524167,-0.0014094271702523638,-0.5393632632821643,200,12
A_only,1000,10000,-0.04961677518662889,-0.000677201249950961,-0.04893957393667793,200,12
hybrid,1000,10000,-0.008858771880030624,-0.000677201249950961,-0.008181570630079663,200,12
B_only,1000,10000,-0.030497649425100613,-0.000677201249950961,-0.02982044817514965,200,12
A_only,1000,2000,-1.955499703159582,-0.018494542316971195,-1.9370051608426109,500,12
hybrid,1000,2000,-0.49082700289343095,-0.018494542316971195,-0.4723324605764598,500,12
B_only,1000,2000,-0.026741547788886336,-0.018494542316971195,-0.00824700547191514,500,12
A_only,1000,5000,-0.9915896127834141,-0.048388414081634995,-0.9432011987017791,500,12
hybrid,1000,5000,-0.40721201423648695,-0.048388414081634995,-0.35882360015485193,500,12
B_only,1000,5000,-0.010557439420235824,-0.048388414081634995,0.037830974661399175,500,12
A_only,1000,10000,-0.42370946197507836,-0.0017750075215489918,-0.4219344544535294,500,12
hybrid,1000,10000,-0.09496030459080664,-0.0017750075215489918,-0.09318529706925764,500,12
B_only,1000,10000,-0.01987955860846188,-0.0017750075215489918,-0.01810455108691289,500,12
A_only,1000,2000,-1.4589667385449667,-0.01653092336097194,-1.4424358151839949,25,13
hybrid,1000,2000,-0.07637124968878316,-0.01653092336097194,-0.05984032632781122,25,13
B_only,1000,2000,-1.0412025049835873e-07,-0.01653092336097194,0.01653081924072144,25,13
A_only,1000,5000,-1.1540595518785748,-0.01653092336097194,-1.137528628517603,25,13
hybrid,1000,5000,-0.4814684673175507,-0.01653092336097194,-0.46493754395657877,25,13
B_only,1000,5000,-2.5632964684540505,-0.01653092336097194,-2.5467655450930784,25,13
A_only,1000,10000,-1.2903702270680324,-0.000677201249950961,-1.2896930258180814,25,13
hybrid,1000,10000,-0.28386720768384777,-0.000677201249950961,-0.2831900064338968,25,13
B_only,1000,10000,-0.082758423241936,-0.000677201249950961,-0.08208122199198503,25,13
A_only,1000,2000,-1.0599858916210076,-0.0014094271702523638,-1.0585764644507554,50,13
hybrid,1000,2000,-0.46857061636149167,-0.0014094271702523638,-0.4671611891912393,50,13
B_only,1000,2000,-0.007750349649975361,-0.0014094271702523638,-0.006340922479722997,50,13
A_only,1000,5000,-0.20132878091938602,-0.0014094271702523638,-0.19991935374913367,50,13
hybrid,1000,5000,-0.04160855441509072,-0.0014094271702523638,-0.04019912724483835,50,13
B_only,1000,5000,-0.3101857245892597,-0.0014094271702523638,-0.3087762974190073,50,13
A_only,1000,10000,-1.0284416643044352,-0.000677201249950961,-1.0277644630544842,50,13
hybrid,1000,10000,-0.49975517557365123,-0.000677201249950961,-0.49907797432370027,50,13
B_only,1000,10000,-0.06696328831136533,-0.000677201249950961,-0.06628608706141437,50,13
A_only,1000,2000,-1.2511445449670628,-0.018494542316971195,-1.2326500026500917,100,13
hybrid,1000,2000,-0.29555413052731616,-0.018494542316971195,-0.277059588210345,100,13
B_only,1000,2000,-0.02796380940572197,-0.018494542316971195,-0.009469267088750774,100,13
A_only,1000,5000,-1.1139091928515665,-0.000677201249950961,-1.1132319916016156,100,13
hybrid,1000,5000,-0.374547057344553,-0.000677201249950961,-0.37386985609460205,100,13
B_only,1000,5000,-0.005327874532980212,-0.000677201249950961,-0.004650673283029251,100,13
A_only,1000,10000,-0.569379015622104,-0.000677201249950961,-0.5687018143721531,100,13
hybrid,1000,10000,-0.311532154739745,-0.000677201249950961,-0.31085495348979403,100,13
B_only,1000,10000,-0.2516952747031791,-0.000677201249950961,-0.25101807345322813,100,13
A_only,1000,2000,-1.8193499764519319,-0.018494542316971195,-1.8008554341349607,200,13
hybrid,1000,2000,-0.7727850823723853,-0.018494542316971195,-0.7542905400554141,200,13
B_only,1000,2000,-0.4216465695117238,-0.018494542316971195,-0.4031520271947526,200,13
A_only,1000,5000,-1.1490935501144144,-0.0017750075215489918,-1.1473185425928654,200,13
hybrid,1000,5000,-0.5458272752659247,-0.0017750075215489918,-0.5440522677443757,200,13
B_only,1000,5000,-0.21740876779261387,-0.0017750075215489918,-0.21563376027106487,200,13
A_only,1000,10000,-1.1018216864205594,-0.000677201249950961,-1.1011444851706085,200,13
hybrid,1000,10000,-0.5397764281207603,-0.000677201249950961,-0.5390992268708094,200,13
B_only,1000,10000,-0.31600527062824657,-0.000677201249950961,-0.3153280693782956,200,13
A_only,1000,2000,-2.7329752387123016,-0.000677201249950961,-2.7322980374623507,500,13
hybrid,1000,2000,-0.5884798146240888,-0.000677201249950961,-0.5878026133741379,500,13
B_only,1000,2000,-0.012786986680140227,-0.000677201249950961,-0.012109785430189266,500,13
A_only,1000,5000,-0.9669369858630965,-0.09677148271081154,-0.870165503152285,500,13
hybrid,1000,5000,-0.19290971747549343,-0.09677148271081154,-0.09613823476468189,500,13
B_only,1000,5000,-0.009777188835989443,-0.09677148271081154,0.0869942938748221,500,13
A_only,1000,10000,-0.0032863814428874772,-0.000677201249950961,-0.002609180192936516,500,13
hybrid,1000,10000,-0.00033952394758142147,-0.000677201249950961,0.0003376773023695395,500,13
B_only,1000,10000,-0.006736179700427512,-0.000677201249950961,-0.0060589784504765515,500,13
A_only,1000,2000,-0.7856195898625161,-0.048388414081634995,-0.7372311757808812,25,14
hybrid,1000,2000,-0.2296736419998626,-0.048388414081634995,-0.1812852279182276,25,14
B_only,1000,2000,-0.07934723248365465,-0.048388414081634995,-0.030958818402019653,25,14
A_only,1000,5000,-2.1751058055351007,-0.0017750075215489918,-2.1733307980135517,25,14
hybrid,1000,5000,-1.4848156616806012,-0.0017750075215489918,-1.4830406541590522,25,14
B_only,1000,5000,-0.1754351376196152,-0.0017750075215489918,-0.17366013009806622,25,14
A_only,1000,10000,-0.5958566190672405,-0.000677201249950961,-0.5951794178172896,25,14
hybrid,1000,10000,-0.241452976137685,-0.000677201249950961,-0.24077577488773402,25,14
B_only,1000,10000,-0.06266305434189122,-0.000677201249950961,-0.06198585309194026,25,14
A_only,1000,2000,-1.3695890777570172,-0.000677201249950961,-1.3689118765070662,50,14
hybrid,1000,2000,-0.47970168842175437,-0.000677201249950961,-0.4790244871718034,50,14
B_only,1000,2000,-0.1122603201224902,-0.000677201249950961,-0.11158311887253923,50,14
A_only,1000,5000,-0.523515636989376,-0.01653092336097194,-0.506984713628404,50,14
hybrid,1000,5000,-0.2202975787724817,-0.01653092336097194,-0.20376665541150976,50,14
B_only,1000,5000,-0.5392529057771659,-0.01653092336097194,-0.5227219824161939,50,14
A_only,1000,10000,-0.8145033047701437,-0.0017750075215489918,-0.8127282972485946,50,14
hybrid,1000,10000,-0.3914230021267387,-0.0017750075215489918,-0.38964799460518973,50,14
B_only,1000,10000,-0.2593668601117565,-0.0017750075215489918,-0.25759185259020756,50,14
A_only,1000,2000,-1.916831857353097,-0.01653092336097194,-1.900300933992125,100,14
hybrid,1000,2000,-0.9215211031551706,-0.01653092336097194,-0.9049901797941986,100,14
B_only,1000,2000,-0.15393604090942697,-0.01653092336097194,-0.13740511754845502,100,14
A_only,1000,5000,-1.4379191433460272,-0.01653092336097194,-1.4213882199850554,100,14
hybrid,1000,5000,-0.42220307791948375,-0.01653092336097194,-0.4056721545585118,100,14
B_only,1000,5000,-1.6666062545926493e-05,-0.01653092336097194,0.016514257298426014,100,14
A_only,1000,10000,-0.405511649728435,-0.000677201249950961,-0.40483444847848404,100,14
hybrid,1000,10000,-0.15270858153064115,-0.000677201249950961,-0.1520313802806902,100,14
B_only,1000,10000,-0.009118401024662541,-0.000677201249950961,-0.00844119977471158,100,14
A_only,1000,2000,-1.761703455075887,-0.016652718459798817,-1.7450507366160881,200,14
hybrid,1000,2000,-1.074803816516065,-0.016652718459798817,-1.058151098056266,200,14
B_only,1000,2000,-0.6389912165316699,-0.016652718459798817,-0.6223384980718711,200,14
A_only,1000,5000,-0.3372551669235036,-0.000677201249950961,-0.33657796567355264,200,14
hybrid,1000,5000,-0.0931867800219091,-0.000677201249950961,-0.09250957877195813,200,14
B_only,1000,5000,-0.08608221204949996,-0.000677201249950961,-0.085405010799549,200,14
A_only,1000,10000,-0.07391236256496228,-0.018494542316971195,-0.055417820247991086,200,14
hybrid,1000,10000,-0.011379410576648503,-0.018494542316971195,0.007115131740322692,200,14
B_only,1000,10000,-0.08606695181780354,-0.018494542316971195,-0.06757240950083235,200,14
A_only,1000,2000,-0.570927776382304,-0.000677201249950961,-0.570250575132353,500,14
hybrid,1000,2000,-0.15399721603421548,-0.000677201249950961,-0.15332001478426452,500,14
B_only,1000,2000,-0.16861384023516254,-0.000677201249950961,-0.16793663898521158,500,14
A_only,1000,5000,-0.5815324281072682,-0.0033189882361477573,-0.5782134398711205,500,14
hybrid,1000,5000,-0.08891069053651035,-0.0033189882361477573,-0.08559170230036259,500,14
B_only,1000,5000,-2.310158472705793e-07,-0.0033189882361477573,0.003318757220300487,500,14
A_only,1000,10000,-1.0103044878866687,-0.000677201249950961,-1.0096272866367177,500,14
hybrid,1000,10000,-0.34159884042981775,-0.000677201249950961,-0.3409216391798668,500,14
B_only,1000,10000,-0.012638497046841187,-0.000677201249950961,-0.011961295796890226,500,14
A_only,1000,2000,-1.1455186971191205,-0.018494542316971195,-1.1270241548021493,25,15
hybrid,1000,2000,-0.1799849628782134,-0.018494542316971195,-0.1614904205612422,25,15
B_only,1000,2000,-6.496481045942651e-05,-0.018494542316971195,0.01842957750651177,25,15
A_only,1000,5000,-1.0189428398209426,-0.016652718459798817,-1.0022901213611437,25,15
hybrid,1000,5000,-0.3796741623771478,-0.016652718459798817,-0.363021443917349,25,15
B_only,1000,5000,-0.10701004272355702,-0.016652718459798817,-0.0903573242637582,25,15
A_only,1000,10000,-0.2154480923625512,-0.000677201249950961,-0.21477089111260023,25,15
hybrid,1000,10000,-0.03223101337540898,-0.000677201249950961,-0.03155381212545802,25,15
B_only,1000,10000,-3.2401874482653815e-05,-0.000677201249950961,0.0006447993754683072,25,15
A_only,1000,2000,-0.9326910799313199,-0.09677148271081154,-0.8359195972205085,50,15
hybrid,1000,2000,-0.2807087802375277,-0.09677148271081154,-0.18393729752671617,50,15
B_only,1000,2000,-0.4546679509854136,-0.09677148271081154,-0.3578964682746021,50,15
A_only,1000,5000,-1.8355289836003508,-0.018494542316971195,-1.8170344412833797,50,15
hybrid,1000,5000,-0.8205704559830157,-0.018494542316971195,-0.8020759136660445,50,15
B_only,1000,5000,-0.03606821144991675,-0.018494542316971195,-0.017573669132945557,50,15
A_only,1000,10000,-1.0413455048083982,-0.000677201249950961,-1.0406683035584472,50,15
hybrid,1000,10000,-0.5828178042497327,-0.000677201249950961,-0.5821406029997818,50,15
B_only,1000,10000,-0.06728556880819757,-0.000677201249950961,-0.0666083675582466,50,15
A_only,1000,2000,-1.5670630311551121,-0.13629847621520946,-1.4307645549399026,100,15
hybrid,1000,2000,-0.8130261275976464,-0.13629847621520946,-0.676727651382437,100,15
B_only,1000,2000,-0.3431333391330812,-0.13629847621520946,-0.20683486291787173,100,15
A_only,1000,5000,-0.6530680489233129,-0.000677201249950961,-0.652390847673362,100,15
hybrid,1000,5000,-0.16335674605138673,-0.000677201249950961,-0.16267954480143576,100,15
B_only,1000,5000,-0.0002387087267962979,-0.000677201249950961,0.0004384925231546631,100,15
A_only,1000,10000,-1.5953781886426548,-0.018494542316971195,-1.5768836463256837,100,15
hybrid,1000,10000,-0.9071815163402553,-0.018494542316971195,-0.8886869740232841,100,15
B_only,1000,10000,-0.25651994447531146,-0.018494542316971195,-0.23802540215834025,100,15
A_only,1000,2000,-2.217686679916354,-0.3199698793892677,-1.8977168005270864,200,15
hybrid,1000,2000,-1.1023200518947625,-0.3199698793892677,-0.7823501725054948,200,15
B_only,1000,2000,-0.05458051997085685,-0.3199698793892677,0.26538935941841085,200,15
A_only,1000,5000,-0.8009504790262827,-0.0014094271702523638,-0.7995410518560303,200,15
hybrid,1000,5000,-0.2829525381123485,-0.0014094271702523638,-0.2815431109420961,200,15
B_only,1000,5000,-0.02612679219086401,-0.0014094271702523638,-0.02471736502061165,200,15
A_only,1000,10000,-0.6877097641499007,-0.02619584115917027,-0.6615139229907304,200,15
hybrid,1000,10000,-0.16946990047890687,-0.02619584115917027,-0.14327405931973658,200,15
B_only,1000,10000,-0.000566201202675122,-0.02619584115917027,0.02562963995649515,200,15
A_only,1000,2000,-1.6360781604562047,-0.10953837757218061,-1.5265397828840241,500,15
hybrid,1000,2000,-0.3055281990840819,-0.10953837757218061,-0.1959898215119013,500,15
B_only,1000,2000,-0.001059055832925416,-0.10953837757218061,0.1084793217392552,500,15
A_only,1000,5000,-0.5963649620263316,-0.0014094271702523638,-0.5949555348560792,500,15
hybrid,1000,5000,-0.15903961455931206,-0.0014094271702523638,-0.1576301873890597,500,15
B_only,1000,5000,-0.0010296396202118634,-0.0014094271702523638,0.0003797875500405005,500,15
A_only,1000,10000,-0.10646312850952318,-0.0017750075215489918,-0.10468812098797418,500,15
hybrid,1000,10000,-0.02221399755218737,-0.0017750075215489918,-0.020438990030638378,500,15
B_only,1000,10000,-0.003887458195480911,-0.0017750075215489918,-0.002112450673931919,500,15
A_only,1000,2000,-1.4122313104364763,-0.01653092336097194,-1.3957003870755045,25,16
hybrid,1000,2000,-0.4579168402485326,-0.01653092336097194,-0.4413859168875606,25,16
B_only,1000,2000,-0.014057389994289921,-0.01653092336097194,0.002473533366682018,25,16
A_only,1000,5000,-0.7854819122369556,-0.0014094271702523638,-0.7840724850667032,25,16
hybrid,1000,5000,-0.3683782312313924,-0.0014094271702523638,-0.36696880406114,25,16
B_only,1000,5000,-0.1519679587036437,-0.0014094271702523638,-0.15055853153339135,25,16
A_only,1000,10000,-2.2903600692920647,-0.000677201249950961,-2.2896828680421137,25,16
hybrid,1000,10000,-2.4445542305815438,-0.000677201249950961,-2.443877029331593,25,16
B_only,1000,10000,-0.007615636554635603,-0.000677201249950961,-0.006938435304684643,25,16
A_only,1000,2000,-0.8054079492130712,-0.0017750075215489918,-0.8036329416915222,50,16
hybrid,1000,2000,-0.2563889309164886,-0.0017750075215489918,-0.25461392339493966,50,16
B_only,1000,2000,-1.2930644876880484,-0.0017750075215489918,-1.2912894801664994,50,16
A_only,1000,5000,-1.1035064442718447,-0.0033189882361477573,-1.100187456035697,50,16
hybrid,1000,5000,-0.719732056674404,-0.0033189882361477573,-0.7164130684382563,50,16
B_only,1000,5000,-0.5643174157246296,-0.0033189882361477573,-0.5609984274884818,50,16
A_only,1000,10000,-0.04162470819950783,-0.0014094271702523638,-0.040215281029255465,50,16
hybrid,1000,10000,-0.0032921206857568198,-0.0014094271702523638,-0.001882693515504456,50,16
B_only,1000,10000,-0.07654701942675675,-0.0014094271702523638,-0.07513759225650439,50,16
A_only,1000,2000,-1.3149788662958692,-0.01653092336097194,-1.2984479429348974,100,16
hybrid,1000,2000,-0.9025366659907673,-0.01653092336097194,-0.8860057426297954,100,16
B_only,1000,2000,-1.2780234593210473,-0.01653092336097194,-1.2614925359600755,100,16
A_only,1000,5000,-0.8062827998582914,-0.021107167799241426,-0.78517563205905,100,16
hybrid,1000,5000,-0.32092576421159585,-0.021107167799241426,-0.2998185964123544,100,16
B_only,1000,5000,-0.00714037364675581,-0.021107167799241426,0.013966794152485616,100,16
A_only,1000,10000,-0.6405471867463637,-0.000677201249950961,-0.6398699854964127,100,16
hybrid,1000,10000,-0.26329743977789927,-0.000677201249950961,-0.2626202385279483,100,16
B_only,1000,10000,-0.19772665882732463,-0.000677201249950961,-0.19704945757737366,100,16
A_only,1000,2000,-1.1706767902669584,-0.0014094271702523638,-1.169267363096706,200,16
hybrid,1000,2000,-0.3021518276501852,-0.0014094271702523638,-0.30074240047993284,200,16
B_only,1000,2000,-0.05859771034877943,-0.0014094271702523638,-0.05718828317852707,200,16
A_only,1000,5000,-1.8551621997340806,-0.016652718459798817,-1.8385094812742817,200,16
hybrid,1000,5000,-0.6687784134866948,-0.016652718459798817,-0.652125695026896,200,16
B_only,1000,5000,-8.709189008864159e-06,-0.016652718459798817,0.016644009270789954,200,16
A_only,1000,10000,-1.2777811932824092,-0.0017750075215489918,-1.2760061857608602,200,16
hybrid,1000,10000,-0.460648110744093,-0.0017750075215489918,-0.45887310322254404,200,16
B_only,1000,10000,-0.0012950168411834805,-0.0017750075215489918,0.00047999068036551134,200,16
A_only,1000,2000,-1.215206177564992,-0.0014094271702523638,-1.2137967503947398,500,16
hybrid,1000,2000,-0.25465018953134266,-0.0014094271702523638,-0.2532407623610903,500,16
B_only,1000,2000,-0.021245238204198196,-0.0014094271702523638,-0.019835811033945834,500,16
A_only,1000,5000,-0.766532383638704,-0.01653092336097194,-0.7500014602777321,500,16
hybrid,1000,5000,-0.269106015804705,-0.01653092336097194,-0.25257509244373305,500,16
B_only,1000,5000,-0.00731988234522859,-0.01653092336097194,0.009211041015743349,500,16
A_only,1000,10000,-0.5512992671703224,-0.000677201249950961,-0.5506220659203714,500,16
hybrid,1000,10000,-0.06488906333625949,-0.000677201249950961,-0.06421186208630852,500,16
B_only,1000,10000,-9.204667588492743e-05,-0.000677201249950961,0.0005851545740660335,500,16
A_only,1000,2000,-1.449741845650923,-0.06997887129157059,-1.3797629743593525,25,17
hybrid,1000,2000,-0.538542000422825,-0.06997887129157059,-0.46856312913125436,25,17
B_only,1000,2000,-0.042478716094195144,-0.06997887129157059,0.02750015519737544,25,17
A_only,1000,5000,-0.8510401598191879,-0.0014094271702523638,-0.8496307326489355,25,17
hybrid,1000,5000,-0.39311988960343686,-0.0014094271702523638,-0.39171046243318447,25,17
B_only,1000,5000,-0.9426847127240003,-0.0014094271702523638,-0.941275285553748,25,17
A_only,1000,10000,-1.171818478724047,-0.0014094271702523638,-1.1704090515537948,25,17
hybrid,1000,10000,-1.024433098522517,-0.0014094271702523638,-1.0230236713522647,25,17
B_only,1000,10000,-1.849498269065897,-0.0014094271702523638,-1.8480888418956447,25,17
A_only,1000,2000,-1.065938873836181,-0.018494542316971195,-1.04744433151921,50,17
hybrid,1000,2000,-0.32715994956058686,-0.018494542316971195,-0.3086654072436157,50,17
B_only,1000,2000,-1.0497364628267039,-0.018494542316971195,-1.0312419205097327,50,17
A_only,1000,5000,-0.5190342685095628,-0.0017750075215489918,-0.5172592609880138,50,17
hybrid,1000,5000,-0.13416066241366126,-0.0017750075215489918,-0.13238565489211226,50,17
B_only,1000,5000,-0.06680946527993885,-0.0017750075215489918,-0.06503445775838985,50,17
A_only,1000,10000,-0.3590096367936006,-0.0014094271702523638,-0.3576002096233482,50,17
hybrid,1000,10000,-0.07221703571924952,-0.0014094271702523638,-0.07080760854899716,50,17
B_only,1000,10000,-7.242803460890253e-07,-0.0014094271702523638,0.0014087028899062747,50,17
A_only,1000,2000,-0.35742629510667573,-0.048388414081634995,-0.3090378810250407,100,17
hybrid,1000,2000,-0.042494415602302306,-0.048388414081634995,0.005893998479332689,100,17
B_only,1000,2000,-0.003748924369612769,-0.048388414081634995,0.04463948971202222,100,17
A_only,1000,5000,-0.9182871004445793,-0.04467924927401707,-0.8736078511705622,100,17
hybrid,1000,5000,-0.4347120880243017,-0.04467924927401707,-0.39003283875028466,100,17
B_only,1000,5000,-0.1372298266375384,-0.04467924927401707,-0.09255057736352135,100,17
A_only,1000,10000,-1.1980322852769332,-0.0014094271702523638,-1.196622858106681,100,17
hybrid,1000,10000,-0.6072902009896355,-0.0014094271702523638,-0.6058807738193831,100,17
B_only,1000,10000,-0.00012704588854833097,-0.0014094271702523638,0.001282381281704033,100,17
A_only,1000,2000,-2.587134587402864,-0.0017750075215489918,-2.585359579881315,200,17
hybrid,1000,2000,-1.2100264451745262,-0.0017750075215489918,-1.2082514376529772,200,17
B_only,1000,2000,-0.19000453342915066,-0.0017750075215489918,-0.18822952590760167,200,17
A_only,1000,5000,-1.788630874081393,-0.01653092336097194,-1.7720999507204211,200,17
hybrid,1000,5000,-0.2936312435607478,-0.01653092336097194,-0.2771003201997759,200,17
B_only,1000,5000,-2.6523752402767664e-08,-0.01653092336097194,0.016530896837219537,200,17
A_only,1000,10000,-1.4227480183967691,-0.000677201249950961,-1.4220708171468182,200,17
hybrid,1000,10000,-0.6350400631214324,-0.000677201249950961,-0.6343628618714814,200,17
B_only,1000,10000,-0.01584644738435868,-0.000677201249950961,-0.015169246134407718,200,17
A_only,1000,2000,-0.13027875458366892,-0.14881734467110364,0.01853859008743472,500,17
hybrid,1000,2000,-0.015102425567726667,-0.14881734467110364,0.13371491910337696,500,17
B_only,1000,2000,-0.015063034168974499,-0.14881734467110364,0.13375431050212913,500,17
A_only,1000,5000,-0.86498608716693,-0.0014094271702523638,-0.8635766599966777,500,17
hybrid,1000,5000,-0.09868649583134771,-0.0014094271702523638,-0.09727706866109535,500,17
B_only,1000,5000,-1.522923023566382e-05,-0.0014094271702523638,0.0013941979400167001,500,17
A_only,1000,10000,-0.1361309775704087,-0.000677201249950961,-0.13545377632045774,500,17
hybrid,1000,10000,-0.029717131411641052,-0.000677201249950961,-0.02903993016169009,500,17
B_only,1000,10000,-0.01816687180659259,-0.000677201249950961,-0.017489670556641627,500,17
A_only,1000,2000,-1.5080928857367817,-0.0033189882361477573,-1.504773897500634,25,18
hybrid,1000,2000,-0.43480146926867563,-0.0033189882361477573,-0.4314824810325279,25,18
B_only,1000,2000,-0.180682860188066,-0.0033189882361477573,-0.17736387195191824,25,18
A_only,1000,5000,-1.1478175734914875,-0.0033189882361477573,-1.1444985852553398,25,18
hybrid,1000,5000,-0.6418758487017506,-0.0033189882361477573,-0.6385568604656029,25,18
B_only,1000,5000,-0.7162651824091872,-0.0033189882361477573,-0.7129461941730395,25,18
A_only,1000,10000,-1.1339118223180216,-0.000677201249950961,-1.1332346210680706,25,18
hybrid,1000,10000,-0.5146530416016215,-0.000677201249950961,-0.5139758403516705,25,18
B_only,1000,10000,-0.14810944157624684,-0.000677201249950961,-0.14743224032629587,25,18
A_only,1000,2000,-1.2404199833149854,-0.021107167799241426,-1.219312815515744,50,18
hybrid,1000,2000,-0.36048677599828904,-0.021107167799241426,-0.3393796081990476,50,18
B_only,1000,2000,-0.038696919002991714,-0.021107167799241426,-0.017589751203750288,50,18
A_only,1000,5000,-1.0756478224725452,-0.021107167799241426,-1.0545406546733038,50,18
hybrid,1000,5000,-0.35910546121005377,-0.021107167799241426,-0.33799829341081233,50,18
B_only,1000,5000,-0.0011362155298417877,-0.021107167799241426,0.019970952269399638,50,18
A_only,1000,10000,-0.7996778672302567,-0.0014094271702523638,-0.7982684400600043,50,18
hybrid,1000,10000,-0.335255578399013,-0.0014094271702523638,-0.3338461512287606,50,18
B_only,1000,10000,-0.03461790898098984,-0.0014094271702523638,-0.033208481810737475,50,18
A_only,1000,2000,-1.8568601431448057,-0.01653092336097194,-1.840329219783834,100,18
hybrid,1000,2000,-0.3210824481817257,-0.01653092336097194,-0.30455152482075376,100,18
B_only,1000,2000,-5.514981741585676e-07,-0.01653092336097194,0.01653037186279778,100,18
A_only,1000,5000,-0.2787448438900226,-0.0014094271702523638,-0.2773354167197702,100,18
hybrid,1000,5000,-0.07638169982715023,-0.0014094271702523638,-0.07497227265689788,100,18
B_only,1000,5000,-0.22444273075928445,-0.0014094271702523638,-0.2230333035890321,100,18
A_only,1000,10000,-0.022053414654109243,-0.000677201249950961,-0.02137621340415828,100,18
hybrid,1000,10000,-0.001519331506213147,-0.000677201249950961,-0.000842130256262186,100,18
B_only,1000,10000,-0.16581786705029475,-0.000677201249950961,-0.16514066580034378,100,18
A_only,1000,2000,-2.1440305047056314,-0.000677201249950961,-2.1433533034556804,200,18
hybrid,1000,2000,-1.2742874637905535,-0.000677201249950961,-1.2736102625406025,200,18
B_only,1000,2000,-0.37965344145273344,-0.000677201249950961,-0.3789762402027825,200,18
A_only,1000,5000,-1.2751366875894636,-0.034310857636452745,-1.2408258299530108,200,18
hybrid,1000,5000,-0.8288202045440396,-0.034310857636452745,-0.7945093469075869,200,18
B_only,1000,5000,-0.2625807444363749,-0.034310857636452745,-0.22826988679992216,200,18
A_only,1000,10000,-1.8324100187304957,-0.0014094271702523638,-1.8310005915602434,200,18
hybrid,1000,10000,-1.2825491501124875,-0.0014094271702523638,-1.2811397229422352,200,18
B_only,1000,10000,-0.5027571675913297,-0.0014094271702523638,-0.5013477404210773,200,18
A_only,1000,2000,-1.177163791966204,-0.0014094271702523638,-1.1757543647959516,500,18
hybrid,1000,2000,-0.35509529010580054,-0.0014094271702523638,-0.35368586293554816,500,18
B_only,1000,2000,-0.0008969661921439892,-0.0014094271702523638,0.0005124609781083746,500,18
A_only,1000,5000,-1.150513670933809,-0.01653092336097194,-1.1339827475728372,500,18
hybrid,1000,5000,-0.1780906214837069,-0.01653092336097194,-0.16155969812273496,500,18
B_only,1000,5000,-1.4959625302815914e-07,-0.01653092336097194,0.016530773764718912,500,18
A_only,1000,10000,-0.48284639662496326,-0.000677201249950961,-0.4821691953750123,500,18
hybrid,1000,10000,-0.09811028231608053,-0.000677201249950961,-0.09743308106612956,500,18
B_only,1000,10000,-0.00026144530154617585,-0.000677201249950961,0.0004157559484047851,500,18
A_only,1000,2000,-1.7631330615848793,-0.01653092336097194,-1.7466021382239074,25,19
hybrid,1000,2000,-0.16234508565645578,-0.01653092336097194,-0.14581416229548383,25,19
B_only,1000,2000,-1.876752819407724e-13,-0.01653092336097194,0.016530923360784263,25,19
A_only,1000,5000,-0.03643698186574977,-0.000677201249950961,-0.03575978061579881,25,19
hybrid,1000,5000,-0.0021076413345397322,-0.000677201249950961,-0.0014304400845887712,25,19
B_only,1000,5000,-1.2077957390292862,-0.000677201249950961,-1.2071185377793352,25,19
A_only,1000,10000,-0.584535587430278,-0.000677201249950961,-0.583858386180327,25,19
hybrid,1000,10000,-0.18195701125861252,-0.000677201249950961,-0.18127981000866156,25,19
B_only,1000,10000,-0.7873247463393188,-0.000677201249950961,-0.7866475450893679,25,19
A_only,1000,2000,-1.312585386617238,-0.021107167799241426,-1.2914782188179965,50,19
hybrid,1000,2000,-0.6066526548417865,-0.021107167799241426,-0.5855454870425452,50,19
B_only,1000,2000,-0.0110371273009468,-0.021107167799241426,0.010070040498294627,50,19
A_only,1000,5000,-0.7828589755834521,-0.000677201249950961,-0.7821817743335011,50,19
hybrid,1000,5000,-0.41197867823863354,-0.000677201249950961,-0.4113014769886826,50,19
B_only,1000,5000,-0.8992241089284768,-0.000677201249950961,-0.8985469076785259,50,19
A_only,1000,10000,-1.0917399656589666,-0.0014094271702523638,-1.0903305384887143,50,19
hybrid,1000,10000,-1.044400640618971,-0.0014094271702523638,-1.0429912134487187,50,19
B_only,1000,10000,-0.3415342364062147,-0.0014094271702523638,-0.34012480923596233,50,19
A_only,1000,2000,-1.058734577953326,-0.23890628700174898,-0.8198282909515769,100,19
hybrid,1000,2000,-0.4177550238290235,-0.23890628700174898,-0.17884873682727453,100,19
B_only,1000,2000,-0.5658068384389112,-0.23890628700174898,-0.32690055143716223,100,19
A_only,1000,5000,-0.18059839561243796,-0.000677201249950961,-0.179921194362487,100,19
hybrid,1000,5000,-0.030810674684869848,-0.000677201249950961,-0.030133473434918887,100,19
B_only,1000,5000,-0.640995102133345,-0.000677201249950961,-0.640317900883394,100,19
A_only,1000,10000,-0.3948011516295101,-0.0014094271702523638,-0.39339172445925774,100,19
hybrid,1000,10000,-0.13893953659913993,-0.0014094271702523638,-0.13753010942888758,100,19
B_only,1000,10000,-0.5387735755880566,-0.0014094271702523638,-0.5373641484178042,100,19
A_only,1000,2000,-0.39554228055537244,-0.0033189882361477573,-0.3922232923192247,200,19
hybrid,1000,2000,-0.13001557344676887,-0.0033189882361477573,-0.1266965852106211,200,19
B_only,1000,2000,-0.434346438654102,-0.0033189882361477573,-0.43102745041795426,200,19
A_only,1000,5000,-0.6509877080662707,-0.000677201249950961,-0.6503105068163197,200,19
hybrid,1000,5000,-0.17882266918285342,-0.000677201249950961,-0.17814546793290245,200,19
B_only,1000,5000,-0.012984480359184664,-0.000677201249950961,-0.012307279109233703,200,19
A_only,1000,10000,-0.2501098324704361,-0.0014094271702523638,-0.24870040530018375,200,19
hybrid,1000,10000,-0.07971201868825373,-0.0014094271702523638,-0.07830259151800137,200,19
B_only,1000,10000,-8.213493600265491e-05,-0.0014094271702523638,0.001327292234249709,200,19
A_only,1000,2000,-0.9747580346739246,-0.0017750075215489918,-0.9729830271523756,500,19
hybrid,1000,2000,-0.22874404386490169,-0.0017750075215489918,-0.2269690363433527,500,19
B_only,1000,2000,-0.0012705741687045113,-0.0017750075215489918,0.0005044333528444805,500,19
A_only,1000,5000,-0.05752359464460212,-0.000677201249950961,-0.05684639339465116,500,19
hybrid,1000,5000,-0.021804632067779436,-0.000677201249950961,-0.021127430817828474,500,19
B_only,1000,5000,-0.1919366021946059,-0.000677201249950961,-0.19125940094465493,500,19
A_only,1000,10000,-0.4130372674373951,-0.0017750075215489918,-0.41126225991584614,500,19
hybrid,1000,10000,-0.146173544572313,-0.0017750075215489918,-0.144398537050764,500,19
B_only,1000,10000,-0.2837402799295667,-0.0017750075215489918,-0.2819652724080177,500,19
A_only,1000,2000,-1.4052624919056247,-0.09677148271081154,-1.3084910091948132,25,20
hybrid,1000,2000,-0.8077781637388965,-0.09677148271081154,-0.7110066810280851,25,20
B_only,1000,2000,-1.2283501031503647,-0.09677148271081154,-1.1315786204395533,25,20
A_only,1000,5000,-1.4007702564794116,-0.0033189882361477573,-1.3974512682432638,25,20
hybrid,1000,5000,-0.8121896640587924,-0.0033189882361477573,-0.8088706758226447,25,20
B_only,1000,5000,-0.1626244958082912,-0.0033189882361477573,-0.15930550757214343,25,20
A_only,1000,10000,-1.6371338744541144,-0.0014094271702523638,-1.6357244472838621,25,20
hybrid,1000,10000,-1.2277119602896593,-0.0014094271702523638,-1.226302533119407,25,20
B_only,1000,10000,-0.08274161832164041,-0.0014094271702523638,-0.08133219115138805,25,20
A_only,1000,2000,-0.9256381509785228,-0.034310857636452745,-0.8913272933420701,50,20
hybrid,1000,2000,-0.25074401606484564,-0.034310857636452745,-0.2164331584283929,50,20
B_only,1000,2000,-0.44877087212546657,-0.034310857636452745,-0.4144600144890138,50,20
A_only,1000,5000,-0.8638343112171945,-0.01653092336097194,-0.8473033878562225,50,20
hybrid,1000,5000,-0.42008681298311357,-0.01653092336097194,-0.4035558896221416,50,20
B_only,1000,5000,-0.01891378491687001,-0.01653092336097194,-0.0023828615558980706,50,20
A_only,1000,10000,-0.2026740533191131,-0.000677201249950961,-0.20199685206916212,50,20
hybrid,1000,10000,-0.04218069844845683,-0.000677201249950961,-0.04150349719850587,50,20
B_only,1000,10000,-0.027131598939728007,-0.000677201249950961,-0.026454397689777046,50,20
A_only,1000,2000,-1.560295285455691,-0.10941635111751186,-1.4508789343381792,100,20
hybrid,1000,2000,-0.5427423725991847,-0.10941635111751186,-0.4333260214816728,100,20
B_only,1000,2000,-1.657744060731138e-05,-0.10941635111751186,0.10939977367690454,100,20
A_only,1000,5000,-0.1840784225664378,-0.0017750075215489918,-0.1823034150448888,100,20
hybrid,1000,5000,-0.020150692871826748,-0.0017750075215489918,-0.018375685350277754,100,20
B_only,1000,5000,-0.00033088839351689316,-0.0017750075215489918,0.0014441191280320986,100,20
A_only,1000,10000,-0.3867154261976848,-0.000677201249950961,-0.3860382249477338,100,20
hybrid,1000,10000,-0.2209746658127573,-0.000677201249950961,-0.22029746456280633,100,20
B_only,1000,10000,-0.5179177509310656,-0.000677201249950961,-0.5172405496811147,100,20
A_only,1000,2000,-1.7442092556196043,-0.02619584115917027,-1.718013414460434,200,20
hybrid,1000,2000,-0.4869330175133118,-0.02619584115917027,-0.4607371763541415,200,20
B_only,1000,2000,-1.0751745374204696e-07,-0.02619584115917027,0.02619573364171653,200,20
A_only,1000,5000,-1.7920607301864422,-0.0017750075215489918,-1.7902857226648932,200,20
hybrid,1000,5000,-0.711013026845394,-0.0017750075215489918,-0.709238019323845,200,20
B_only,1000,5000,-0.002316756948194863,-0.0017750075215489918,-0.0005417494266458712,200,20
A_only,1000,10000,-0.4741316108608638,-0.0014094271702523638,-0.4727221836906114,200,20
hybrid,1000,10000,-0.1964138900627641,-0.0014094271702523638,-0.19500446289251175,200,20
B_only,1000,10000,-0.2862331530514301,-0.0014094271702523638,-0.2848237258811777,200,20
A_only,1000,2000,-1.028480093212503,-0.01653092336097194,-1.0119491698515313,500,20
hybrid,1000,2000,-0.16627507082469503,-0.01653092336097194,-0.14974414746372308,500,20
B_only,1000,2000,-0.0038520102110145065,-0.01653092336097194,0.012678913149957432,500,20
A_only,1000,5000,-0.4338508655361719,-0.01653092336097194,-0.41731994217519996,500,20
hybrid,1000,5000,-0.052391401481383826,-0.01653092336097194,-0.03586047812041189,500,20
B_only,1000,5000,-1.9330191325035847e-06,-0.01653092336097194,0.016528990341839436,500,20
A_only,1000,10000,-0.03558782050777186,-0.000677201249950961,-0.0349106192578209,500,20
hybrid,1000,10000,-0.0076629179417806795,-0.000677201249950961,-0.006985716691829719,500,20
B_only,1000,10000,-0.008490052796169175,-0.000677201249950961,-0.007812851546218214,500,20
A_only,1000,2000,-1.9987562929563518,-0.021107167799241426,-1.9776491251571104,25,21
hybrid,1000,2000,-2.0085913514524405,-0.021107167799241426,-1.9874841836531991,25,21
B_only,1000,2000,-2.3298439521776064,-0.021107167799241426,-2.308736784378365,25,21
A_only,1000,5000,-0.3775818640728179,-0.0033189882361477573,-0.3742628758366702,25,21
hybrid,1000,5000,-0.08255008764807385,-0.0033189882361477573,-0.07923109941192609,25,21
B_only,1000,5000,-1.4577733696440092,-0.0033189882361477573,-1.4544543814078614,25,21
A_only,1000,10000,-1.5616320353479463,-0.000677201249950961,-1.5609548340979953,25,21
hybrid,1000,10000,-0.9623289069039587,-0.000677201249950961,-0.9616517056540077,25,21
B_only,1000,10000,-0.0004876383305333207,-0.000677201249950961,0.00018956291941764027,25,21
A_only,1000,2000,-0.9500644591631652,-0.016652718459798817,-0.9334117407033664,50,21
hybrid,1000,2000,-0.31673110921889697,-0.016652718459798817,-0.30007839075909815,50,21
B_only,1000,2000,-0.03449101587348419,-0.016652718459798817,-0.01783829741368537,50,21
A_only,1000,5000,-0.11602002099377892,-0.06997887129157059,-0.04604114970220834,50,21
hybrid,1000,5000,-0.00955181958642083,-0.06997887129157059,0.060427051705149754,50,21
B_only,1000,5000,-0.010118838160665054,-0.06997887129157059,0.05986003313090553,50,21
A_only,1000,10000,-0.9577004435457963,-0.000677201249950961,-0.9570232422958453,50,21
hybrid,1000,10000,-0.3992557221414699,-0.000677201249950961,-0.39857852089151896,50,21
B_only,1000,10000,-0.16413503432579407,-0.000677201249950961,-0.1634578330758431,50,21
A_only,1000,2000,-1.8150077271039344,-0.016652718459798817,-1.7983550086441356,100,21
hybrid,1000,2000,-1.1028464019652173,-0.016652718459798817,-1.0861936835054185,100,21
B_only,1000,2000,-1.2454500238662674,-0.016652718459798817,-1.2287973054064685,100,21
A_only,1000,5000,-0.5210225399425439,-0.02619584115917027,-0.4948266987833736,100,21
hybrid,1000,5000,-0.17693007215830198,-0.02619584115917027,-0.1507342309991317,100,21
B_only,1000,5000,-0.2512981658706747,-0.02619584115917027,-0.22510232471150443,100,21
A_only,1000,10000,-0.7438117587359088,-0.0014094271702523638,-0.7424023315656564,100,21
hybrid,1000,10000,-0.2622508972567993,-0.0014094271702523638,-0.2608414700865469,100,21
B_only,1000,10000,-0.03911558915638712,-0.0014094271702523638,-0.03770616198613475,100,21
A_only,1000,2000,-2.297381679265685,-0.034310857636452745,-2.2630708216292326,200,21
hybrid,1000,2000,-1.0985895719760594,-0.034310857636452745,-1.0642787143396066,200,21
B_only,1000,2000,-0.508536486531121,-0.034310857636452745,-0.4742256288946683,200,21
A_only,1000,5000,-0.5978191571808099,-0.0017750075215489918,-0.5960441496592609,200,21
hybrid,1000,5000,-0.23310659769547565,-0.0017750075215489918,-0.23133159017392665,200,21
B_only,1000,5000,-0.06759608826857648,-0.0017750075215489918,-0.06582108074702749,200,21
A_only,1000,10000,-0.7019651077843674,-0.0014094271702523638,-0.700555680614115,200,21
hybrid,1000,10000,-0.266982723650749,-0.0014094271702523638,-0.2655732964804966,200,21
B_only,1000,10000,-0.007489463049242984,-0.0014094271702523638,-0.00608003587899062,200,21
A_only,1000,2000,-1.5750470833781764,-0.000677201249950961,-1.5743698821282255,500,21
hybrid,1000,2000,-0.31948851134718,-0.000677201249950961,-0.318811310097229,500,21
B_only,1000,2000,-0.0029315777626719936,-0.000677201249950961,-0.0022543765127210325,500,21
A_only,1000,5000,-1.209647808622897,-0.000677201249950961,-1.208970607372946,500,21
hybrid,1000,5000,-0.5495900721850775,-0.000677201249950961,-0.5489128709351265,500,21
B_only,1000,5000,-0.0738895787118762,-0.000677201249950961,-0.07321237746192523,500,21
A_only,1000,10000,-0.47393705910985306,-0.0014094271702523638,-0.4725276319396007,500,21
hybrid,1000,10000,-0.1910068691112899,-0.0014094271702523638,-0.18959744194103753,500,21
B_only,1000,10000,-0.09273032056297784,-0.0014094271702523638,-0.09132089339272548,500,21
A_only,1000,2000,-1.996565517496754,-0.021107167799241426,-1.9754583496975127,25,22
hybrid,1000,2000,-1.1374927921259417,-0.021107167799241426,-1.1163856243267003,25,22
B_only,1000,2000,-0.07514295381008422,-0.021107167799241426,-0.054035786010842794,25,22
A_only,1000,5000,-0.97602572597204,-0.016652718459798817,-0.9593730075122412,25,22
hybrid,1000,5000,-0.6082238622717338,-0.016652718459798817,-0.591571143811935,25,22
B_only,1000,5000,-3.34113798732893,-0.016652718459798817,-3.324485268869131,25,22
A_only,1000,10000,-0.8369939516595092,-0.0014094271702523638,-0.8355845244892568,25,22
hybrid,1000,10000,-0.391448275912055,-0.0014094271702523638,-0.3900388487418026,25,22
B_only,1000,10000,-0.41496575997732077,-0.0014094271702523638,-0.4135563328070684,25,22
A_only,1000,2000,-1.1419499668157038,-0.0014094271702523638,-1.1405405396454515,50,22
hybrid,1000,2000,-0.4168681702669121,-0.0014094271702523638,-0.4154587430966597,50,22
B_only,1000,2000,-0.7588797358497178,-0.0014094271702523638,-0.7574703086794654,50,22
A_only,1000,5000,-1.4658211830585866,-0.0033189882361477573,-1.4625021948224388,50,22
hybrid,1000,5000,-1.256932570004672,-0.0033189882361477573,-1.2536135817685243,50,22
B_only,1000,5000,-0.5067136925900303,-0.0033189882361477573,-0.5033947043538826,50,22
A_only,1000,10000,-0.9435115736175576,-0.0017750075215489918,-0.9417365660960085,50,22
hybrid,1000,10000,-0.13355378030945744,-0.0017750075215489918,-0.13177877278790845,50,22
B_only,1000,10000,-3.1725764230352564e-05,-0.0017750075215489918,0.0017432817573186392,50,22
A_only,1000,2000,-0.9792479417701928,-0.000677201249950961,-0.9785707405202418,100,22
hybrid,1000,2000,-0.23839043732549625,-0.000677201249950961,-0.2377132360755453,100,22
B_only,1000,2000,-5.38098502435494e-05,-0.000677201249950961,0.0006233913997074115,100,22
A_only,1000,5000,-1.0713771139102677,-0.0033189882361477573,-1.06805812567412,100,22
hybrid,1000,5000,-0.3977381757431918,-0.0033189882361477573,-0.3944191875070441,100,22
B_only,1000,5000,-0.008622349248863044,-0.0033189882361477573,-0.005303361012715287,100,22
A_only,1000,10000,-0.15838485293881188,-0.0014094271702523638,-0.15697542576855952,100,22
hybrid,1000,10000,-0.04715002182575952,-0.0014094271702523638,-0.04574059465550715,100,22
B_only,1000,10000,-1.6388586122321136,-0.0014094271702523638,-1.6374491850618613,100,22
A_only,1000,2000,-2.3472619897203924,-0.000677201249950961,-2.3465847884704414,200,22
hybrid,1000,2000,-0.9024961472118941,-0.000677201249950961,-0.9018189459619431,200,22
B_only,1000,2000,-0.038599488247927596,-0.000677201249950961,-0.03792228699797664,200,22
A_only,1000,5000,-2.2945973070870638,-0.01653092336097194,-2.2780663837260917,200,22
hybrid,1000,5000,-1.3055651028553845,-0.01653092336097194,-1.2890341794944127,200,22
B_only,1000,5000,-0.402191049560958,-0.01653092336097194,-0.3856601261999861,200,22
A_only,1000,10000,-1.358179797533541,-0.0017750075215489918,-1.356404790011992,200,22
hybrid,1000,10000,-0.8380989035195889,-0.0017750075215489918,-0.8363238959980399,200,22
B_only,1000,10000,-0.8766440967409619,-0.0017750075215489918,-0.8748690892194129,200,22
A_only,1000,2000,-0.3082118051379974,-0.1111690382606413,-0.1970427668773561,500,22
hybrid,1000,2000,-0.16222640399578642,-0.1111690382606413,-0.05105736573514512,500,22
B_only,1000,2000,-0.3241816168245477,-0.1111690382606413,-0.21301257856390643,500,22
A_only,1000,5000,-1.3526280273016806,-0.018494542316971195,-1.3341334849847095,500,22
hybrid,1000,5000,-0.24618993966490363,-0.018494542316971195,-0.22769539734793243,500,22
B_only,1000,5000,-0.0016594529544838121,-0.018494542316971195,0.01683508936248738,500,22
A_only,1000,10000,-0.9949873869350266,-0.0014094271702523638,-0.9935779597647743,500,22
hybrid,1000,10000,-0.3789053454694701,-0.0014094271702523638,-0.3774959182992177,500,22
B_only,1000,10000,-0.0010417664855130071,-0.0014094271702523638,0.0003676606847393567,500,22
A_only,1000,2000,-0.7564915296280833,-0.136118387533595,-0.6203731420944882,25,23
hybrid,1000,2000,-0.28970587276325294,-0.136118387533595,-0.15358748522965793,25,23
B_only,1000,2000,-1.1246937111464488,-0.136118387533595,-0.9885753236128538,25,23
A_only,1000,5000,-1.2717555863687637,-0.0033189882361477573,-1.268436598132616,25,23
hybrid,1000,5000,-0.8000280853008901,-0.0033189882361477573,-0.7967090970647424,25,23
B_only,1000,5000,-0.34026279146334526,-0.0033189882361477573,-0.3369438032271975,25,23
A_only,1000,10000,-1.8698286270471636,-0.000677201249950961,-1.8691514257972126,25,23
hybrid,1000,10000,-1.1878690468448907,-0.000677201249950961,-1.1871918455949397,25,23
B_only,1000,10000,-0.07008446080792538,-0.000677201249950961,-0.06940725955797442,25,23
A_only,1000,2000,-0.8878664795295458,-0.1111690382606413,-0.7766974412689045,50,23
hybrid,1000,2000,-0.2648175445374777,-0.1111690382606413,-0.1536485062768364,50,23
B_only,1000,2000,-0.3214682573046385,-0.1111690382606413,-0.21029921904399723,50,23
A_only,1000,5000,-1.1299294475435662,-0.0014094271702523638,-1.128520020373314,50,23
hybrid,1000,5000,-0.5750373248864498,-0.0014094271702523638,-0.5736278977161974,50,23
B_only,1000,5000,-0.08726057372332499,-0.0014094271702523638,-0.08585114655307263,50,23
A_only,1000,10000,-0.47597836251803344,-0.000677201249950961,-0.4753011612680825,50,23
hybrid,1000,10000,-0.1290590415104406,-0.000677201249950961,-0.12838184026048963,50,23
B_only,1000,10000,-7.65227033544906e-06,-0.000677201249950961,0.0006695489796155119,50,23
A_only,1000,2000,-2.632014487415015,-0.29520425577647763,-2.336810231638537,100,23
hybrid,1000,2000,-1.560888665438106,-0.29520425577647763,-1.2656844096616284,100,23
B_only,1000,2000,-0.06711894494961702,-0.29520425577647763,0.22808531082686062,100,23
A_only,1000,5000,-0.7957705364971872,-0.0014094271702523638,-0.7943611093269348,100,23
hybrid,1000,5000,-0.2846550977071072,-0.0014094271702523638,-0.2832456705368548,100,23
B_only,1000,5000,-0.432295718045734,-0.0014094271702523638,-0.43088629087548164,100,23
A_only,1000,10000,-0.07647957557971537,-0.000677201249950961,-0.0758023743297644,100,23
hybrid,1000,10000,-0.015007935922847628,-0.000677201249950961,-0.014330734672896667,100,23
B_only,1000,10000,-0.8081459256535884,-0.000677201249950961,-0.8074687244036375,100,23
A_only,1000,2000,-1.3698149487689244,-0.0442296682476969,-1.3255852805212276,200,23
hybrid,1000,2000,-0.5838898638181659,-0.0442296682476969,-0.539660195570469,200,23
B_only,1000,2000,-0.06053135781462236,-0.0442296682476969,-0.01630168956692546,200,23
A_only,1000,5000,-0.4157688778231263,-0.01653092336097194,-0.3992379544621544,200,23
hybrid,1000,5000,-0.10109715265840936,-0.01653092336097194,-0.08456622929743743,200,23
B_only,1000,5000,-0.016250646117419373,-0.01653092336097194,0.0002802772435525659,200,23
A_only,1000,10000,-1.1699427760685996,-0.0017750075215489918,-1.1681677685470506,200,23
hybrid,1000,10000,-0.5611287139448362,-0.0017750075215489918,-0.5593537064232872,200,23
B_only,1000,10000,-0.015897588899649203,-0.0017750075215489918,-0.014122581378100211,200,23
A_only,1000,2000,-1.1478558781492407,-0.3587910919673729,-0.7890647861818678,500,23
hybrid,1000,2000,-0.3195188223012227,-0.3587910919673729,0.03927226966615022,500,23
B_only,1000,2000,-0.04290732269956395,-0.3587910919673729,0.315883769267809,500,23
A_only,1000,5000,-0.5587286092128633,-0.01653092336097194,-0.5421976858518913,500,23
hybrid,1000,5000,-0.04903012993722934,-0.01653092336097194,-0.032499206576257406,500,23
B_only,1000,5000,-0.0007134032929154002,-0.01653092336097194,0.015817520068056538,500,23
A_only,1000,10000,-1.4252458909685923,-0.000677201249950961,-1.4245686897186414,500,23
hybrid,1000,10000,-0.3118870178752588,-0.000677201249950961,-0.31120981662530783,500,23
B_only,1000,10000,-0.0003628981856095994,-0.000677201249950961,0.00031430306434136155,500,23
A_only,1000,2000,-2.5944702909210555,-0.000677201249950961,-2.5937930896711046,25,24
hybrid,1000,2000,-1.8065480706768235,-0.000677201249950961,-1.8058708694268726,25,24
B_only,1000,2000,-0.06991423304693578,-0.000677201249950961,-0.06923703179698482,25,24
A_only,1000,5000,-2.281853342089431,-0.0014094271702523638,-2.2804439149191786,25,24
hybrid,1000,5000,-1.2440475229592154,-0.0014094271702523638,-1.2426380957889631,25,24
B_only,1000,5000,-0.7377117490978229,-0.0014094271702523638,-0.7363023219275705,25,24
A_only,1000,10000,-1.1249015671255287,-0.000677201249950961,-1.1242243658755777,25,24
hybrid,1000,10000,-0.14336331766520147,-0.000677201249950961,-0.1426861164152505,25,24
B_only,1000,10000,-1.477772177527656e-08,-0.000677201249950961,0.0006771864722291856,25,24
A_only,1000,2000,-1.6246701849419296,-0.14881734467110364,-1.475852840270826,50,24
hybrid,1000,2000,-0.8101621447078217,-0.14881734467110364,-0.661344800036718,50,24
B_only,1000,2000,-0.10943673317126373,-0.14881734467110364,0.0393806114998399,50,24
A_only,1000,5000,-1.4191470178194052,-0.016652718459798817,-1.4024942993596063,50,24
hybrid,1000,5000,-0.7676526776271482,-0.016652718459798817,-0.7509999591673494,50,24
B_only,1000,5000,-0.44995961465326983,-0.016652718459798817,-0.433306896193471,50,24
A_only,1000,10000,-0.3535038020001993,-0.000677201249950961,-0.35282660075024835,50,24
hybrid,1000,10000,-0.15580202479832295,-0.000677201249950961,-0.15512482354837198,50,24
B_only,1000,10000,-0.27871803716846905,-0.000677201249950961,-0.2780408359185181,50,24
A_only,1000,2000,-0.04313851843165349,-0.23890628700174898,0.19576776857009548,100,24
hybrid,1000,2000,-0.0011936460682692132,-0.23890628700174898,0.23771264093347977,100,24
B_only,1000,2000,-1.29633615414973,-0.23890628700174898,-1.057429867147981,100,24
A_only,1000,5000,-0.5479757426337716,-0.0033189882361477573,-0.5446567543976238,100,24
hybrid,1000,5000,-0.14560540334595728,-0.0033189882361477573,-0.14228641510980952,100,24
B_only,1000,5000,-0.0007733000215127528,-0.0033189882361477573,0.0025456882146350046,100,24
A_only,1000,10000,-1.5583415545215176,-0.0014094271702523638,-1.5569321273512653,100,24
hybrid,1000,10000,-0.7222501995612625,-0.0014094271702523638,-0.7208407723910101,100,24
B_only,1000,10000,-5.6025082024527225e-05,-0.0014094271702523638,0.0013534020882278366,100,24
A_only,1000,2000,-2.8667125549164068,-0.0017750075215489918,-2.8649375473948577,200,24
hybrid,1000,2000,-1.286654808792454,-0.0017750075215489918,-1.284879801270905,200,24
B_only,1000,2000,-0.12465600421056362,-0.0017750075215489918,-0.12288099668901463,200,24
A_only,1000,5000,-0.614535208596015,-0.0033189882361477573,-0.6112162203598672,200,24
hybrid,1000,5000,-0.21760261202984618,-0.0033189882361477573,-0.21428362379369842,200,24
B_only,1000,5000,-0.07328091544896832,-0.0033189882361477573,-0.06996192721282056,200,24
A_only,1000,10000,-0.04512298392363064,-0.000677201249950961,-0.044445782673679685,200,24
hybrid,1000,10000,-0.011396966855925107,-0.000677201249950961,-0.010719765605974145,200,24
B_only,1000,10000,-1.2637059406072213,-0.000677201249950961,-1.2630287393572703,200,24
A_only,1000,2000,-2.3665227676446383,-0.018494542316971195,-2.348028225327667,500,24
hybrid,1000,2000,-0.7915225736288656,-0.018494542316971195,-0.7730280313118943,500,24
B_only,1000,2000,-0.16785112536859698,-0.018494542316971195,-0.14935658305162577,500,24
A_only,1000,5000,-0.5718620582200679,-0.021107167799241426,-0.5507548904208265,500,24
hybrid,1000,5000,-0.08435788763480288,-0.021107167799241426,-0.06325071983556146,500,24
B_only,1000,5000,-1.7192785748494074e-06,-0.021107167799241426,0.021105448520666578,500,24
A_only,1000,10000,-0.02233198394166832,-0.01653092336097194,-0.00580106058069638,500,24
hybrid,1000,10000,-0.0017042328376563121,-0.01653092336097194,0.014826690523315627,500,24
B_only,1000,10000,-2.192563973847825e-07,-0.01653092336097194,0.016530704104574554,500,24
A_only,1000,2000,-2.025264736772167,-0.0033189882361477573,-2.021945748536019,25,25
hybrid,1000,2000,-1.0073139045734674,-0.0033189882361477573,-1.0039949163373196,25,25
B_only,1000,2000,-0.6900861574340913,-0.0033189882361477573,-0.6867671691979436,25,25
A_only,1000,5000,-0.4153437577686698,-0.0033189882361477573,-0.41202476953252204,25,25
hybrid,1000,5000,-0.10144779361685269,-0.0033189882361477573,-0.09812880538070493,25,25
B_only,1000,5000,-0.0028562276757159223,-0.0033189882361477573,0.00046276056043183505,25,25
A_only,1000,10000,-1.025674959762478,-0.000677201249950961,-1.024997758512527,25,25
hybrid,1000,10000,-0.37538322145057684,-0.000677201249950961,-0.3747060202006259,25,25
B_only,1000,10000,-0.017119972862994805,-0.000677201249950961,-0.016442771613043843,25,25
A_only,1000,2000,-0.5426244839111816,-0.10943357822942999,-0.43319090568175156,50,25
hybrid,1000,2000,-0.10876445256719854,-0.10943357822942999,0.0006691256622314568,50,25
B_only,1000,2000,-0.09985474501231464,-0.10943357822942999,0.009578833217115348,50,25
A_only,1000,5000,-1.2212136634952735,-0.000677201249950961,-1.2205364622453225,50,25
hybrid,1000,5000,-0.4293741839220085,-0.000677201249950961,-0.4286969826720575,50,25
B_only,1000,5000,-0.03752129846144974,-0.000677201249950961,-0.03684409721149878,50,25
A_only,1000,10000,-1.7870193019853706,-0.000677201249950961,-1.7863421007354197,50,25
hybrid,1000,10000,-1.2074176980003921,-0.000677201249950961,-1.2067404967504411,50,25
B_only,1000,10000,-0.07948758014035963,-0.000677201249950961,-0.07881037889040866,50,25
A_only,1000,2000,-1.1612167503024244,-0.048388414081634995,-1.1128283362207894,100,25
hybrid,1000,2000,-0.18955070868436621,-0.048388414081634995,-0.14116229460273122,100,25
B_only,1000,2000,-0.0007325267408377776,-0.048388414081634995,0.04765588734079722,100,25
A_only,1000,5000,-2.3350642705920075,-0.0033189882361477573,-2.3317452823558598,100,25
hybrid,1000,5000,-1.5408709478995442,-0.0033189882361477573,-1.5375519596633964,100,25
B_only,1000,5000,-0.10104150678726988,-0.0033189882361477573,-0.09772251855112211,100,25
A_only,1000,10000,-0.7100939469075577,-0.0033189882361477573,-0.7067749586714099,100,25
hybrid,1000,10000,-0.24949351108900228,-0.0033189882361477573,-0.24617452285285452,100,25
B_only,1000,10000,-0.0044997323667728,-0.0033189882361477573,-0.0011807441306250425,100,25
A_only,1000,2000,-0.6043648676504167,-0.0017750075215489918,-0.6025898601288677,200,25
hybrid,1000,2000,-0.2222382639751963,-0.0017750075215489918,-0.2204632564536473,200,25
B_only,1000,2000,-0.49065791869080266,-0.0017750075215489918,-0.4888829111692537,200,25
A_only,1000,5000,-2.5166836171030007,-0.0033189882361477573,-2.513364628866853,200,25
hybrid,1000,5000,-1.308933585493905,-0.0033189882361477573,-1.3056145972577573,200,25
B_only,1000,5000,-0.3281267142497994,-0.0033189882361477573,-0.32480772601365165,200,25
A_only,1000,10000,-0.9694169115980446,-0.0014094271702523638,-0.9680074844277922,200,25
hybrid,1000,10000,-0.19019139840979207,-0.0014094271702523638,-0.18878197123953971,200,25
B_only,1000,10000,-0.0001716110014681145,-0.0014094271702523638,0.0012378161687842493,200,25
A_only,1000,2000,-1.9065047370005195,-0.018494542316971195,-1.8880101946835484,500,25
hybrid,1000,2000,-0.6512620134765877,-0.018494542316971195,-0.6327674711596165,500,25
B_only,1000,2000,-0.31813448980827247,-0.018494542316971195,-0.2996399474913013,500,25
A_only,1000,5000,-0.6450098841571359,-0.0017750075215489918,-0.6432348766355869,500,25
hybrid,1000,5000,-0.06986460094924461,-0.0017750075215489918,-0.06808959342769562,500,25
B_only,1000,5000,-1.5941616098413918e-06,-0.0017750075215489918,0.0017734133599391505,500,25
A_only,1000,10000,-1.7655666407457018,-0.0014094271702523638,-1.7641572135754495,500,25
hybrid,1000,10000,-0.33784241256923336,-0.0014094271702523638,-0.336432985398981,500,25
B_only,1000,10000,-0.00030174386720825664,-0.0014094271702523638,0.001107683303044107,500,25
A_only,1000,2000,-0.6819306936732998,-0.0033189882361477573,-0.6786117054371521,25,26
hybrid,1000,2000,-0.3650348507792042,-0.0033189882361477573,-0.3617158625430565,25,26
B_only,1000,2000,-0.6972674906975821,-0.0033189882361477573,-0.6939485024614344,25,26
A_only,1000,5000,-1.259901330065723,-0.01653092336097194,-1.243370406704751,25,26
hybrid,1000,5000,-1.1333893709313583,-0.01653092336097194,-1.1168584475703864,25,26
B_only,1000,5000,-0.6098381144232842,-0.01653092336097194,-0.5933071910623122,25,26
A_only,1000,10000,-1.1747020237329107,-0.000677201249950961,-1.1740248224829597,25,26
hybrid,1000,10000,-0.6366260278130172,-0.000677201249950961,-0.6359488265630663,25,26
B_only,1000,10000,-0.8325112943848398,-0.000677201249950961,-0.8318340931348889,25,26
A_only,1000,2000,-1.809453438684423,-0.07123766710210508,-1.7382157715823179,50,26
hybrid,1000,2000,-1.7628987962580545,-0.07123766710210508,-1.6916611291559494,50,26
B_only,1000,2000,-2.0402209128043682,-0.07123766710210508,-1.9689832457022631,50,26
A_only,1000,5000,-0.4903423129008033,-0.016652718459798817,-0.4736895944410045,50,26
hybrid,1000,5000,-0.1540995659319722,-0.016652718459798817,-0.13744684747217337,50,26
B_only,1000,5000,-0.25071035573844425,-0.016652718459798817,-0.23405763727864543,50,26
A_only,1000,10000,-0.45022593251964405,-0.000677201249950961,-0.4495487312696931,50,26
hybrid,1000,10000,-0.11960761386186794,-0.000677201249950961,-0.11893041261191697,50,26
B_only,1000,10000,-0.00249178600974793,-0.000677201249950961,-0.001814584759796969,50,26
A_only,1000,2000,-0.050858481286953576,-0.0033189882361477573,-0.04753949305080582,100,26
hybrid,1000,2000,-0.0009466646224970454,-0.0033189882361477573,0.002372323613650712,100,26
B_only,1000,2000,-0.002340975658987696,-0.0033189882361477573,0.0009780125771600614,100,26
A_only,1000,5000,-0.7387360541219983,-0.0017750075215489918,-0.7369610466004493,100,26
hybrid,1000,5000,-0.3570749255103479,-0.0017750075215489918,-0.35529991798879895,100,26
B_only,1000,5000,-0.10303799111467887,-0.0017750075215489918,-0.10126298359312988,100,26
A_only,1000,10000,-0.5569267570061995,-0.000677201249950961,-0.5562495557562486,100,26
hybrid,1000,10000,-0.22876342869640634,-0.000677201249950961,-0.22808622744645538,100,26
B_only,1000,10000,-0.006802598478590293,-0.000677201249950961,-0.006125397228639333,100,26
A_only,1000,2000,-0.044530016936616436,-0.02619584115917027,-0.018334175777446164,200,26
hybrid,1000,2000,-0.002426828067174646,-0.02619584115917027,0.023769013091995625,200,26
B_only,1000,2000,-0.6122271523212918,-0.02619584115917027,-0.5860313111621215,200,26
A_only,1000,5000,-0.24969707438712718,-0.0014094271702523638,-0.24828764721687482,200,26
hybrid,1000,5000,-0.0781579757218293,-0.0014094271702523638,-0.07674854855157694,200,26
B_only,1000,5000,-0.11105611029613224,-0.0014094271702523638,-0.10964668312587988,200,26
A_only,1000,10000,-1.4132927008555394,-0.0014094271702523638,-1.411883273685287,200,26
hybrid,1000,10000,-0.6546867252996451,-0.0014094271702523638,-0.6532772981293927,200,26
B_only,1000,10000,-0.15353417632567867,-0.0014094271702523638,-0.15212474915542631,200,26
A_only,1000,2000,-2.1114532833115227,-0.0017750075215489918,-2.1096782757899737,500,26
hybrid,1000,2000,-0.9447913952466819,-0.0017750075215489918,-0.9430163877251329,500,26
B_only,1000,2000,-0.40194481855283626,-0.0017750075215489918,-0.4001698110312873,500,26
A_only,1000,5000,-0.14149773311994332,-0.000677201249950961,-0.14082053186999235,500,26
hybrid,1000,5000,-0.03579792962772471,-0.000677201249950961,-0.035120728377773754,500,26
B_only,1000,5000,-0.02577833268123775,-0.000677201249950961,-0.02510113143128679,500,26
A_only,1000,10000,-0.5868928752903743,-0.000677201249950961,-0.5862156740404233,500,26
hybrid,1000,10000,-0.12135301372120451,-0.000677201249950961,-0.12067581247125354,500,26
B_only,1000,10000,-0.0041232101525159725,-0.000677201249950961,-0.0034460089025650114,500,26
A_only,1000,2000,-0.7379509235596227,-0.136118387533595,-0.6018325360260277,25,27
hybrid,1000,2000,-0.14985842082227951,-0.136118387533595,-0.013740033288684506,25,27
B_only,1000,2000,-0.00033980819401115516,-0.136118387533595,0.13577857933958384,25,27
A_only,1000,5000,-0.9078123868834663,-0.0014094271702523638,-0.9064029597132139,25,27
hybrid,1000,5000,-0.377574647680517,-0.0014094271702523638,-0.37616522051026463,25,27
B_only,1000,5000,-1.8166929940703824,-0.0014094271702523638,-1.8152835669001302,25,27
A_only,1000,10000,-0.7211473315918234,-0.000677201249950961,-0.7204701303418725,25,27
hybrid,1000,10000,-0.4379706557418799,-0.000677201249950961,-0.4372934544919289,25,27
B_only,1000,10000,-0.8246933991766215,-0.000677201249950961,-0.8240161979266706,25,27
A_only,1000,2000,-1.2459086745691423,-0.0442296682476969,-1.2016790063214455,50,27
hybrid,1000,2000,-0.28047012942328126,-0.0442296682476969,-0.23624046117558437,50,27
B_only,1000,2000,-5.868576045759543e-05,-0.0442296682476969,0.0441709824872393,50,27
A_only,1000,5000,-0.9042670787317015,-0.0017750075215489918,-0.9024920712101525,50,27
hybrid,1000,5000,-0.2000981854004064,-0.0017750075215489918,-0.1983231778788574,50,27
B_only,1000,5000,-0.011019574630308258,-0.0017750075215489918,-0.009244567108759266,50,27
A_only,1000,10000,-1.7057525036375623,-0.000677201249950961,-1.7050753023876113,50,27
hybrid,1000,10000,-1.324807998306592,-0.000677201249950961,-1.324130797056641,50,27
B_only,1000,10000,-0.09167673409692945,-0.000677201249950961,-0.09099953284697848,50,27
A_only,1000,2000,-0.8640835388448189,-0.000677201249950961,-0.863406337594868,100,27
hybrid,1000,2000,-0.2854027699549972,-0.000677201249950961,-0.28472556870504623,100,27
B_only,1000,2000,-1.3687051077462586,-0.000677201249950961,-1.3680279064963077,100,27
A_only,1000,5000,-1.3474919093437747,-0.000677201249950961,-1.3468147080938238,100,27
hybrid,1000,5000,-0.5188294656736595,-0.000677201249950961,-0.5181522644237085,100,27
B_only,1000,5000,-0.007839753462037713,-0.000677201249950961,-0.007162552212086753,100,27
A_only,1000,10000,-0.9599494519033681,-0.0014094271702523638,-0.9585400247331157,100,27
hybrid,1000,10000,-0.2665469606663927,-0.0014094271702523638,-0.26513753349614033,100,27
B_only,1000,10000,-3.2277282872586096e-06,-0.0014094271702523638,0.0014061994419651053,100,27
A_only,1000,2000,-2.440428239656406,-0.0017750075215489918,-2.438653232134857,200,27
hybrid,1000,2000,-1.3238654886040857,-0.0017750075215489918,-1.3220904810825367,200,27
B_only,1000,2000,-0.0856754150770892,-0.0017750075215489918,-0.08390040755554021,200,27
A_only,1000,5000,-0.15824982151803962,-0.000677201249950961,-0.15757262026808866,200,27
hybrid,1000,5000,-0.01211275923765628,-0.000677201249950961,-0.01143555798770532,200,27
B_only,1000,5000,-6.544567576624659e-07,-0.000677201249950961,0.0006765467931932985,200,27
A_only,1000,10000,-1.0113105383463414,-0.000677201249950961,-1.0106333370963905,200,27
hybrid,1000,10000,-0.5866515792561402,-0.000677201249950961,-0.5859743780061892,200,27
B_only,1000,10000,-0.11298810789177458,-0.000677201249950961,-0.11231090664182361,200,27
A_only,1000,2000,-1.0995393511404847,-0.10953837757218061,-0.9900009735683041,500,27
hybrid,1000,2000,-0.3537852188669675,-0.10953837757218061,-0.2442468412947869,500,27
B_only,1000,2000,-0.07339018613582368,-0.10953837757218061,0.03614819143635693,500,27
A_only,1000,5000,-0.007845975185330258,-0.018494542316971195,0.010648567131640937,500,27
hybrid,1000,5000,-0.0027709542514085706,-0.018494542316971195,0.015723588065562625,500,27
B_only,1000,5000,-0.27383771946558194,-0.018494542316971195,-0.25534317714861077,500,27
A_only,1000,10000,-0.9252249913583896,-0.0014094271702523638,-0.9238155641881373,500,27
hybrid,1000,10000,-0.1360535348764537,-0.0014094271702523638,-0.13464410770620133,500,27
B_only,1000,10000,-0.0002572924514009689,-0.0014094271702523638,0.001152134718851395,500,27
A_only,1000,2000,-2.0394664216280733,-0.000677201249950961,-2.0387892203781224,25,28
hybrid,1000,2000,-0.4300669138249917,-0.000677201249950961,-0.4293897125750407,25,28
B_only,1000,2000,-5.736616023953554e-09,-0.000677201249950961,0.000677195513334937,25,28
A_only,1000,5000,-0.6011605746487048,-0.0017750075215489918,-0.5993855671271557,25,28
hybrid,1000,5000,-0.149557964859514,-0.0017750075215489918,-0.147782957337965,25,28
B_only,1000,5000,-0.004978431035911546,-0.0017750075215489918,-0.003203423514362554,25,28
A_only,1000,10000,-0.9751086125435504,-0.000677201249950961,-0.9744314112935994,25,28
hybrid,1000,10000,-0.5087039814578336,-0.000677201249950961,-0.5080267802078826,25,28
B_only,1000,10000,-0.9595154305137409,-0.000677201249950961,-0.9588382292637899,25,28
A_only,1000,2000,-0.761117371201743,-0.016652718459798817,-0.7444646527419443,50,28
hybrid,1000,2000,-0.10225164424466587,-0.016652718459798817,-0.08559892578486705,50,28
B_only,1000,2000,-0.0003487785633834192,-0.016652718459798817,0.016303939896415397,50,28
A_only,1000,5000,-0.2670949574882129,-0.0017750075215489918,-0.2653199499666639,50,28
hybrid,1000,5000,-0.05247915615246469,-0.0017750075215489918,-0.0507041486309157,50,28
B_only,1000,5000,-1.5401345050108293,-0.0017750075215489918,-1.5383594974892802,50,28
A_only,1000,10000,-1.7693473569155593,-0.000677201249950961,-1.7686701556656084,50,28
hybrid,1000,10000,-1.1363791980992481,-0.000677201249950961,-1.1357019968492972,50,28
B_only,1000,10000,-0.10685066438789582,-0.000677201249950961,-0.10617346313794486,50,28
A_only,1000,2000,-1.3139565036714689,-0.0014094271702523638,-1.3125470765012166,100,28
hybrid,1000,2000,-0.3879904229169947,-0.0014094271702523638,-0.3865809957467423,100,28
B_only,1000,2000,-0.09639658633597864,-0.0014094271702523638,-0.09498715916572628,100,28
A_only,1000,5000,-0.33110629672366476,-0.0014094271702523638,-0.3296968695534124,100,28
hybrid,1000,5000,-0.07387739238597714,-0.0014094271702523638,-0.07246796521572478,100,28
B_only,1000,5000,-0.24065156936948004,-0.0014094271702523638,-0.23924214219922768,100,28
A_only,1000,10000,-1.1202811874398975,-0.000677201249950961,-1.1196039861899465,100,28
hybrid,1000,10000,-0.4537979304928079,-0.000677201249950961,-0.45312072924285696,100,28
B_only,1000,10000,-0.004018412507602296,-0.000677201249950961,-0.003341211257651335,100,28
A_only,1000,2000,-0.8430844614430186,-0.136118387533595,-0.7069660739094237,200,28
hybrid,1000,2000,-0.2752082726665359,-0.136118387533595,-0.1390898851329409,200,28
B_only,1000,2000,-0.0076856309134803145,-0.136118387533595,0.1284327566201147,200,28
A_only,1000,5000,-0.9784798069192638,-0.000677201249950961,-0.9778026056693129,200,28
hybrid,1000,5000,-0.30450436023816163,-0.000677201249950961,-0.30382715898821067,200,28
B_only,1000,5000,-0.0046741983648064915,-0.000677201249950961,-0.003996997114855531,200,28
A_only,1000,10000,-1.2002398931832872,-0.0014094271702523638,-1.198830466013035,200,28
hybrid,1000,10000,-0.38545684108743783,-0.0014094271702523638,-0.38404741391718544,200,28
B_only,1000,10000,-0.006042463349860166,-0.0014094271702523638,-0.004633036179607802,200,28
A_only,1000,2000,-2.092536807976141,-0.048388414081634995,-2.044148393894506,500,28
hybrid,1000,2000,-0.9667814225808365,-0.048388414081634995,-0.9183930084992016,500,28
B_only,1000,2000,-0.3926705959811662,-0.048388414081634995,-0.3442821818995312,500,28
A_only,1000,5000,-0.7477657506181526,-0.000677201249950961,-0.7470885493682017,500,28
hybrid,1000,5000,-0.14620094283078142,-0.000677201249950961,-0.14552374158083045,500,28
B_only,1000,5000,-0.01024660021265023,-0.000677201249950961,-0.009569398962699269,500,28
A_only,1000,10000,-1.602110631901643,-0.000677201249950961,-1.601433430651692,500,28
hybrid,1000,10000,-0.49220902104247566,-0.000677201249950961,-0.4915318197925247,500,28
B_only,1000,10000,-0.045437953612915714,-0.000677201249950961,-0.044760752362964756,500,28
A_only,1000,2000,-0.8927660192614639,-0.021107167799241426,-0.8716588514622226,25,29
hybrid,1000,2000,-0.23230653370905768,-0.021107167799241426,-0.21119936590981625,25,29
B_only,1000,2000,-0.052754675137153303,-0.021107167799241426,-0.03164750733791188,25,29
A_only,1000,5000,-1.2758891273530863,-0.0014094271702523638,-1.274479700182834,25,29
hybrid,1000,5000,-0.9161240919105965,-0.0014094271702523638,-0.9147146647403441,25,29
B_only,1000,5000,-1.0381759321624433,-0.0014094271702523638,-1.036766504992191,25,29
A_only,1000,10000,-1.4764433947953297,-0.000677201249950961,-1.4757661935453787,25,29
hybrid,1000,10000,-1.0762519071844012,-0.000677201249950961,-1.0755747059344503,25,29
B_only,1000,10000,-2.1932238237783097,-0.000677201249950961,-2.1925466225283587,25,29
A_only,1000,2000,-0.998662944543791,-0.10943357822942999,-0.889229366314361,50,29
hybrid,1000,2000,-0.1590726518912853,-0.10943357822942999,-0.04963907366185531,50,29
B_only,1000,2000,-0.0003983481859199908,-0.10943357822942999,0.10903523004351,50,29
A_only,1000,5000,-1.3060784244177437,-0.000677201249950961,-1.3054012231677927,50,29
hybrid,1000,5000,-0.7610677755513009,-0.000677201249950961,-0.7603905743013499,50,29
B_only,1000,5000,-0.09654010580280269,-0.000677201249950961,-0.09586290455285172,50,29
A_only,1000,10000,-0.17358752886955445,-0.000677201249950961,-0.17291032761960348,50,29
hybrid,1000,10000,-0.040048689648859645,-0.000677201249950961,-0.03937148839890869,50,29
B_only,1000,10000,-0.015944646363170042,-0.000677201249950961,-0.015267445113219081,50,29
A_only,1000,2000,-0.5448912901363939,-0.016652718459798817,-0.5282385716765952,100,29
hybrid,1000,2000,-0.11248345599539832,-0.016652718459798817,-0.0958307375355995,100,29
B_only,1000,2000,-0.19628026732516343,-0.016652718459798817,-0.1796275488653646,100,29
A_only,1000,5000,-1.9276821245447513,-0.0014094271702523638,-1.926272697374499,100,29
hybrid,1000,5000,-1.5076747669011923,-0.0014094271702523638,-1.50626533973094,100,29
B_only,1000,5000,-0.8854443734685711,-0.0014094271702523638,-0.8840349462983187,100,29
A_only,1000,10000,-0.8257004345135914,-0.000677201249950961,-0.8250232332636405,100,29
hybrid,1000,10000,-0.48655231881059036,-0.000677201249950961,-0.4858751175606394,100,29
B_only,1000,10000,-0.09371982645049402,-0.000677201249950961,-0.09304262520054306,100,29
A_only,1000,2000,-2.6446313580535294,-0.000677201249950961,-2.6439541568035785,200,29
hybrid,1000,2000,-0.9870779810236096,-0.000677201249950961,-0.9864007797736586,200,29
B_only,1000,2000,-0.3785474463451335,-0.000677201249950961,-0.3778702450951825,200,29
A_only,1000,5000,-0.15927074011312012,-0.0014094271702523638,-0.15786131294286776,200,29
hybrid,1000,5000,-0.027422729861389022,-0.0014094271702523638,-0.026013302691136657,200,29
B_only,1000,5000,-0.009654988415383472,-0.0014094271702523638,-0.008245561245131108,200,29
A_only,1000,10000,-1.4254799299039027,-0.000677201249950961,-1.4248027286539517,200,29
hybrid,1000,10000,-0.7382463528866324,-0.000677201249950961,-0.7375691516366815,200,29
B_only,1000,10000,-0.1947674654781568,-0.000677201249950961,-0.19409026422820583,200,29
A_only,1000,2000,-0.5322526917977511,-0.13871280870864297,-0.39353988308910814,500,29
hybrid,1000,2000,-0.11765115044500005,-0.13871280870864297,0.021061658263642924,500,29
B_only,1000,2000,-0.01720662265859981,-0.13871280870864297,0.12150618605004315,500,29
A_only,1000,5000,-0.5355683921140738,-0.0017750075215489918,-0.5337933845925248,500,29
hybrid,1000,5000,-0.20296332832702788,-0.0017750075215489918,-0.20118832080547888,500,29
B_only,1000,5000,-0.07345287187424165,-0.0017750075215489918,-0.07167786435269266,500,29
A_only,1000,10000,-0.4153640101535241,-0.000677201249950961,-0.4146868089035731,500,29
hybrid,1000,10000,-0.08632451041919069,-0.000677201249950961,-0.08564730916923972,500,29
B_only,1000,10000,-4.351602312246092e-05,-0.000677201249950961,0.0006336852268285,500,29
A_only,1000,2000,-1.50812101065216,-0.021107167799241426,-1.4870138428529187,25,30
hybrid,1000,2000,-0.5179815540002656,-0.021107167799241426,-0.49687438620102414,25,30
B_only,1000,2000,-0.48352982386985827,-0.021107167799241426,-0.46242265607061683,25,30
A_only,1000,5000,-0.4039367229182972,-0.0017750075215489918,-0.4021617153967482,25,30
hybrid,1000,5000,-0.08620002327012968,-0.0017750075215489918,-0.08442501574858069,25,30
B_only,1000,5000,-1.3018897215984442,-0.0017750075215489918,-1.3001147140768952,25,30
A_only,1000,10000,-1.0724607636185923,-0.0014094271702523638,-1.07105133644834,25,30
hybrid,1000,10000,-0.5636160900098438,-0.0014094271702523638,-0.5622066628395914,25,30
B_only,1000,10000,-0.01758951276679631,-0.0014094271702523638,-0.016180085596543943,25,30
A_only,1000,2000,-1.8372153462241452,-0.0033189882361477573,-1.8338963579879974,50,30
hybrid,1000,2000,-1.43443759992633,-0.0033189882361477573,-1.4311186116901822,50,30
B_only,1000,2000,-2.2904762538600516,-0.0033189882361477573,-2.287157265623904,50,30
A_only,1000,5000,-0.943930288438939,-0.01653092336097194,-0.927399365077967,50,30
hybrid,1000,5000,-0.49797352888000923,-0.01653092336097194,-0.4814426055190373,50,30
B_only,1000,5000,-0.07996437229701904,-0.01653092336097194,-0.0634334489360471,50,30
A_only,1000,10000,-0.5624532519524524,-0.000677201249950961,-0.5617760507025015,50,30
hybrid,1000,10000,-0.14965390961580038,-0.000677201249950961,-0.14897670836584942,50,30
B_only,1000,10000,-0.6451487530583783,-0.000677201249950961,-0.6444715518084273,50,30
A_only,1000,2000,-1.5924922441480691,-0.021107167799241426,-1.5713850763488277,100,30
hybrid,1000,2000,-0.45327073745270074,-0.021107167799241426,-0.4321635696534593,100,30
B_only,1000,2000,-0.001491053959772894,-0.021107167799241426,0.019616113839468534,100,30
A_only,1000,5000,-1.9775306838130338,-0.000677201249950961,-1.9768534825630828,100,30
hybrid,1000,5000,-0.3854805135384898,-0.000677201249950961,-0.3848033122885388,100,30
B_only,1000,5000,-9.184336403946093e-07,-0.000677201249950961,0.0006762828163105664,100,30
A_only,1000,10000,-0.1636065409852723,-0.0014094271702523638,-0.16219711381501994,100,30
hybrid,1000,10000,-0.04307652040755788,-0.0014094271702523638,-0.04166709323730552,100,30
B_only,1000,10000,-0.08782515226725987,-0.0014094271702523638,-0.08641572509700751,100,30
A_only,1000,2000,-0.18644423837623356,-0.01653092336097194,-0.1699133150152616,200,30
hybrid,1000,2000,-0.023723303963576026,-0.01653092336097194,-0.007192380602604086,200,30
B_only,1000,2000,-0.04818391445773075,-0.01653092336097194,-0.031652991096758815,200,30
A_only,1000,5000,-0.944521852399982,-0.0017750075215489918,-0.942746844878433,200,30
hybrid,1000,5000,-0.4389352162079494,-0.0017750075215489918,-0.43716020868640043,200,30
B_only,1000,5000,-0.9966262288044225,-0.0017750075215489918,-0.9948512212828735,200,30
A_only,1000,10000,-1.476177335306588,-0.000677201249950961,-1.475500134056637,200,30
hybrid,1000,10000,-0.8850846647794062,-0.000677201249950961,-0.8844074635294552,200,30
B_only,1000,10000,-0.009751757487859081,-0.000677201249950961,-0.00907455623790812,200,30
A_only,1000,2000,-0.836469008625024,-0.0014094271702523638,-0.8350595814547717,500,30
hybrid,1000,2000,-0.27452259439065263,-0.0014094271702523638,-0.27311316722040024,500,30
B_only,1000,2000,-0.20769767947350076,-0.0014094271702523638,-0.2062882523032484,500,30
A_only,1000,5000,-0.21047591326040604,-0.0017750075215489918,-0.20870090573885705,500,30
hybrid,1000,5000,-0.020404356122602343,-0.0017750075215489918,-0.01862934860105335,500,30
B_only,1000,5000,-0.0006785019174809921,-0.0017750075215489918,0.0010965056040679998,500,30
A_only,1000,10000,-0.5924626872275222,-0.000677201249950961,-0.5917854859775712,500,30
hybrid,1000,10000,-0.23956385335718652,-0.000677201249950961,-0.23888665210723556,500,30
B_only,1000,10000,-0.11715290847737998,-0.000677201249950961,-0.11647570722742902,500,30
A_only,1000,2000,-1.1801364865978436,-0.01653092336097194,-1.1636055632368718,25,31
hybrid,1000,2000,-0.46570310535552795,-0.01653092336097194,-0.449172181994556,25,31
B_only,1000,2000,-0.37966601609081424,-0.01653092336097194,-0.3631350927298423,25,31
A_only,1000,5000,-0.5867319128392019,-0.0033189882361477573,-0.5834129246030542,25,31
hybrid,1000,5000,-0.0857303426876909,-0.0033189882361477573,-0.08241135445154314,25,31
B_only,1000,5000,-0.010193788309829475,-0.0033189882361477573,-0.006874800073681717,25,31
A_only,1000,10000,-1.4518123454400613,-0.01653092336097194,-1.4352814220790895,25,31
hybrid,1000,10000,-0.5329736698980111,-0.01653092336097194,-0.5164427465370391,25,31
B_only,1000,10000,-0.00012957342271138235,-0.01653092336097194,0.01640134993826056,25,31
A_only,1000,2000,-1.0051280306768922,-0.018494542316971195,-0.9866334883599209,50,31
hybrid,1000,2000,-0.6364263172451997,-0.018494542316971195,-0.6179317749282285,50,31
B_only,1000,2000,-0.64553959108592,-0.018494542316971195,-0.6270450487689487,50,31
A_only,1000,5000,-0.08141270171408097,-0.0017750075215489918,-0.07963769419253197,50,31
hybrid,1000,5000,-0.004110207181149368,-0.0017750075215489918,-0.0023351996596003765,50,31
B_only,1000,5000,-0.024962168830099846,-0.0017750075215489918,-0.023187161308550856,50,31
A_only,1000,10000,-0.8054715957956704,-0.0017750075215489918,-0.8036965882741214,50,31
hybrid,1000,10000,-0.2793070916912713,-0.0017750075215489918,-0.27753208416972236,50,31
B_only,1000,10000,-0.0022872250712871857,-0.0017750075215489918,-0.0005122175497381939,50,31
A_only,1000,2000,-2.2151325771606025,-0.048388414081634995,-2.1667441630789677,100,31
hybrid,1000,2000,-1.2120515470211957,-0.048388414081634995,-1.1636631329395606,100,31
B_only,1000,2000,-0.05639971712775583,-0.048388414081634995,-0.008011303046120834,100,31
A_only,1000,5000,-1.1015134510604865,-0.018494542316971195,-1.0830189087435154,100,31
hybrid,1000,5000,-0.567410772181873,-0.018494542316971195,-0.5489162298649017,100,31
B_only,1000,5000,-0.3154174726811002,-0.018494542316971195,-0.29692293036412903,100,31
A_only,1000,10000,-0.5486128489174233,-0.000677201249950961,-0.5479356476674724,100,31
hybrid,1000,10000,-0.21091332741889168,-0.000677201249950961,-0.21023612616894072,100,31
B_only,1000,10000,-0.4943840351054412,-0.000677201249950961,-0.49370683385549025,100,31
A_only,1000,2000,-1.5998076335365237,-0.0033189882361477573,-1.596488645300376,200,31
hybrid,1000,2000,-0.3665832529455612,-0.0033189882361477573,-0.3632642647094135,200,31
B_only,1000,2000,-0.00014786984144876512,-0.0033189882361477573,0.0031711183946989924,200,31
A_only,1000,5000,-1.0805530959923406,-0.01653092336097194,-1.0640221726313688,200,31
hybrid,1000,5000,-0.3702525680603223,-0.01653092336097194,-0.35372164469935036,200,31
B_only,1000,5000,-0.32023077224630003,-0.01653092336097194,-0.3036998488853281,200,31
A_only,1000,10000,-0.0035401212294660137,-0.000677201249950961,-0.0028629199795150526,200,31
hybrid,1000,10000,-8.316873374224155e-05,-0.000677201249950961,0.0005940325162087194,200,31
B_only,1000,10000,-5.710677524731266e-09,-0.000677201249950961,0.0006771955392734362,200,31
A_only,1000,2000,-1.7106342167803392,-0.02619584115917027,-1.684438375621169,500,31
hybrid,1000,2000,-0.3654893133412845,-0.02619584115917027,-0.3392934721821142,500,31
B_only,1000,2000,-0.03615472468438841,-0.02619584115917027,-0.009958883525218142,500,31
A_only,1000,5000,-0.4995706485952113,-0.000677201249950961,-0.4988934473452603,500,31
hybrid,1000,5000,-0.14035528886070128,-0.000677201249950961,-0.13967808761075032,500,31
B_only,1000,5000,-0.0011301375273537677,-0.000677201249950961,-0.0004529362774028067,500,31
A_only,1000,10000,-0.9056380383779477,-0.000677201249950961,-0.9049608371279967,500,31
hybrid,1000,10000,-0.2923953618415835,-0.000677201249950961,-0.2917181605916325,500,31
B_only,1000,10000,-0.03381899973375154,-0.000677201249950961,-0.03314179848380058,500,31
A_only,1000,2000,-2.2268406396448412,-0.016652718459798817,-2.2101879211850424,25,32
hybrid,1000,2000,-1.1211343959909166,-0.016652718459798817,-1.1044816775311177,25,32
B_only,1000,2000,-0.3071825123585139,-0.016652718459798817,-0.2905297938987151,25,32
A_only,1000,5000,-0.740828151813002,-0.0017750075215489918,-0.739053144291453,25,32
hybrid,1000,5000,-0.2692352198991015,-0.0017750075215489918,-0.2674602123775525,25,32
B_only,1000,5000,-0.1541485240319416,-0.0017750075215489918,-0.1523735165103926,25,32
A_only,1000,10000,-0.6273186006852718,-0.0014094271702523638,-0.6259091735150194,25,32
hybrid,1000,10000,-0.21305839639696525,-0.0014094271702523638,-0.2116489692267129,25,32
B_only,1000,10000,-0.772006754296752,-0.0014094271702523638,-0.7705973271264996,25,32
A_only,1000,2000,-2.3829495427060055,-0.1111690382606413,-2.2717805044453643,50,32
hybrid,1000,2000,-1.1047336838665858,-0.1111690382606413,-0.9935646456059445,50,32
B_only,1000,2000,-0.003960432311574202,-0.1111690382606413,0.1072086059490671,50,32
A_only,1000,5000,-0.5858344869086259,-0.000677201249950961,-0.585157285658675,50,32
hybrid,1000,5000,-0.13409440688018312,-0.000677201249950961,-0.13341720563023216,50,32
B_only,1000,5000,-0.24674279894090395,-0.000677201249950961,-0.246065597690953,50,32
A_only,1000,10000,-1.208506839737295,-0.0017750075215489918,-1.2067318322157459,50,32
hybrid,1000,10000,-0.6908769201514897,-0.0017750075215489918,-0.6891019126299407,50,32
B_only,1000,10000,-0.21766095196328664,-0.0017750075215489918,-0.21588594444173764,50,32
A_only,1000,2000,-0.048455176779082156,-0.0014094271702523638,-0.04704574960882979,100,32
hybrid,1000,2000,-0.0012601671380025057,-0.0014094271702523638,0.00014926003224985818,100,32
B_only,1000,2000,-0.21689822517825938,-0.0014094271702523638,-0.21548879800800702,100,32
A_only,1000,5000,-1.8869142691134675,-0.000677201249950961,-1.8862370678635165,100,32
hybrid,1000,5000,-0.9622998772887109,-0.000677201249950961,-0.96162267603876,100,32
B_only,1000,5000,-0.01511287036503547,-0.000677201249950961,-0.014435669115084508,100,32
A_only,1000,10000,-0.6900092211784916,-0.0017750075215489918,-0.6882342136569426,100,32
hybrid,1000,10000,-0.31083599912768023,-0.0017750075215489918,-0.30906099160613126,100,32
B_only,1000,10000,-0.837408532291582,-0.0017750075215489918,-0.8356335247700329,100,32
A_only,1000,2000,-1.0245561227955367,-0.0017750075215489918,-1.0227811152739876,200,32
hybrid,1000,2000,-0.32655275160951863,-0.0017750075215489918,-0.32477774408796967,200,32
B_only,1000,2000,-0.12358170971386312,-0.0017750075215489918,-0.12180670219231413,200,32
A_only,1000,5000,-1.2345285595695232,-0.06997887129157059,-1.1645496882779527,200,32
hybrid,1000,5000,-0.4734294616628729,-0.06997887129157059,-0.4034505903713023,200,32
B_only,1000,5000,-0.017067117821635176,-0.06997887129157059,0.05291175346993541,200,32
A_only,1000,10000,-0.4430896678034755,-0.000677201249950961,-0.4424124665535245,200,32
hybrid,1000,10000,-0.08071217872328416,-0.000677201249950961,-0.0800349774733332,200,32
B_only,1000,10000,-2.322033660902687e-05,-0.000677201249950961,0.0006539809133419341,200,32
A_only,1000,2000,-2.2423184105049625,-0.000677201249950961,-2.2416412092550115,500,32
hybrid,1000,2000,-0.35736069814578086,-0.000677201249950961,-0.3566834968958299,500,32
B_only,1000,2000,-0.004086119484159031,-0.000677201249950961,-0.0034089182342080695,500,32
A_only,1000,5000,-0.8362225509882802,-0.0017750075215489918,-0.8344475434667312,500,32
hybrid,1000,5000,-0.1497669769418531,-0.0017750075215489918,-0.1479919694203041,500,32
B_only,1000,5000,-0.005426786170610249,-0.0017750075215489918,-0.0036517786490612575,500,32
A_only,1000,10000,-0.7892215905466557,-0.0014094271702523638,-0.7878121633764034,500,32
hybrid,1000,10000,-0.19753906273260247,-0.0014094271702523638,-0.1961296355623501,500,32
B_only,1000,10000,-0.006674502163947251,-0.0014094271702523638,-0.0052650749936948875,500,32
A_only,1000,2000,-2.343739685717992,-0.0442296682476969,-2.299510017470295,25,33
hybrid,1000,2000,-1.3764142088599107,-0.0442296682476969,-1.332184540612214,25,33
B_only,1000,2000,-1.6316346916538915,-0.0442296682476969,-1.5874050234061947,25,33
A_only,1000,5000,-0.16340755096375847,-0.0017750075215489918,-0.16163254344220948,25,33
hybrid,1000,5000,-0.023279390383326205,-0.0017750075215489918,-0.021504382861777215,25,33
B_only,1000,5000,-0.32393639989777573,-0.0017750075215489918,-0.32216139237622676,25,33
A_only,1000,10000,-0.11599168055695655,-0.000677201249950961,-0.11531447930700559,25,33
hybrid,1000,10000,-0.027726464586401565,-0.000677201249950961,-0.027049263336450604,25,33
B_only,1000,10000,-0.46900360724042023,-0.000677201249950961,-0.46832640599046926,25,33
A_only,1000,2000,-1.596173362819666,-0.3632674748113492,-1.2329058880083168,50,33
hybrid,1000,2000,-0.7977960965229426,-0.3632674748113492,-0.4345286217115934,50,33
B_only,1000,2000,-0.010033747222699058,-0.3632674748113492,0.3532337275886501,50,33
A_only,1000,5000,-1.0040355256719873,-0.07123766710210508,-0.9327978585698822,50,33
hybrid,1000,5000,-0.15134408727692422,-0.07123766710210508,-0.08010642017481914,50,33
B_only,1000,5000,-8.831632359735647e-10,-0.07123766710210508,0.07123766621894184,50,33
A_only,1000,10000,-1.1102427025215988,-0.0033189882361477573,-1.106923714285451,50,33
hybrid,1000,10000,-0.1968981844380513,-0.0033189882361477573,-0.19357919620190353,50,33
B_only,1000,10000,-5.848818699709238e-07,-0.0033189882361477573,0.0033184033542777865,50,33
A_only,1000,2000,-0.8826954897486876,-0.14881734467110364,-0.733878145077584,100,33
hybrid,1000,2000,-0.10680851095214469,-0.14881734467110364,0.04200883371895894,100,33
B_only,1000,2000,-4.148030271319009e-05,-0.14881734467110364,0.14877586436839044,100,33
A_only,1000,5000,-0.5500160824457376,-0.0442296682476969,-0.5057864141980407,100,33
hybrid,1000,5000,-0.09991570376676134,-0.0442296682476969,-0.055686035519064446,100,33
B_only,1000,5000,-5.000659126063875e-06,-0.0442296682476969,0.04422466758857083,100,33
A_only,1000,10000,-0.43545652264859785,-0.0017750075215489918,-0.4336815151270489,100,33
hybrid,1000,10000,-0.053801309365816674,-0.0017750075215489918,-0.05202630184426768,100,33
B_only,1000,10000,-1.9216992873067346e-06,-0.0017750075215489918,0.0017730858222616852,100,33
A_only,1000,2000,-1.066480640560517,-0.02619584115917027,-1.0402847994013467,200,33
hybrid,1000,2000,-0.25698976322118106,-0.02619584115917027,-0.23079392206201077,200,33
B_only,1000,2000,-0.033622126807707764,-0.02619584115917027,-0.007426285648537492,200,33
A_only,1000,5000,-0.27566580308665134,-0.0442296682476969,-0.23143613483895445,200,33
hybrid,1000,5000,-0.05250138453482107,-0.0442296682476969,-0.00827171628712417,200,33
B_only,1000,5000,-1.0488317398410782e-05,-0.0442296682476969,0.04421917993029849,200,33
A_only,1000,10000,-0.2999268878144377,-0.000677201249950961,-0.29924968656448675,200,33
hybrid,1000,10000,-0.07324863814105229,-0.000677201249950961,-0.07257143689110132,200,33
B_only,1000,10000,-1.1290645803363487e-06,-0.000677201249950961,0.0006760721853706247,200,33
A_only,1000,2000,-2.862441398336294,-0.3199698793892677,-2.5424715189470266,500,33
hybrid,1000,2000,-0.8725415638292735,-0.3199698793892677,-0.5525716844400058,500,33
B_only,1000,2000,-0.3311168432496626,-0.3199698793892677,-0.011146963860394932,500,33
A_only,1000,5000,-0.7718808651976309,-0.016652718459798817,-0.7552281467378321,500,33
hybrid,1000,5000,-0.24302570701792267,-0.016652718459798817,-0.22637298855812385,500,33
B_only,1000,5000,-0.16164404570365234,-0.016652718459798817,-0.14499132724385352,500,33
A_only,1000,10000,-0.714785251330801,-0.0017750075215489918,-0.7130102438092519,500,33
hybrid,1000,10000,-0.15234247205829715,-0.0017750075215489918,-0.15056746453674816,500,33
B_only,1000,10000,-0.0013332446680735085,-0.0017750075215489918,0.00044176285347548327,500,33
A_only,1000,2000,-0.6904028454969019,-0.06997887129157059,-0.6204239742053314,25,34
hybrid,1000,2000,-0.09186712648818837,-0.06997887129157059,-0.021888255196617787,25,34
B_only,1000,2000,-0.0007212851100708229,-0.06997887129157059,0.06925758618149976,25,34
A_only,1000,5000,-1.8383270702355707,-0.0442296682476969,-1.794097401987874,25,34
hybrid,1000,5000,-1.0722085408782316,-0.0442296682476969,-1.0279788726305348,25,34
B_only,1000,5000,-0.39645415784435845,-0.0442296682476969,-0.3522244895966615,25,34
A_only,1000,10000,-1.0599225309683182,-0.000677201249950961,-1.0592453297183673,25,34
hybrid,1000,10000,-0.3793117437681875,-0.000677201249950961,-0.3786345425182365,25,34
B_only,1000,10000,-0.00016172482278169737,-0.000677201249950961,0.0005154764271692636,25,34
A_only,1000,2000,-1.3788534287284813,-0.06997887129157059,-1.3088745574369107,50,34
hybrid,1000,2000,-0.398730044674217,-0.06997887129157059,-0.3287511733826464,50,34
B_only,1000,2000,-0.08698399382612676,-0.06997887129157059,-0.017005122534556175,50,34
A_only,1000,5000,-0.5809324599726222,-0.016652718459798817,-0.5642797415128235,50,34
hybrid,1000,5000,-0.31601821186475476,-0.016652718459798817,-0.29936549340495594,50,34
B_only,1000,5000,-0.5591519512650748,-0.016652718459798817,-0.542499232805276,50,34
A_only,1000,10000,-0.78527136102736,-0.0014094271702523638,-0.7838619338571076,50,34
hybrid,1000,10000,-0.2262049580052451,-0.0014094271702523638,-0.22479553083499274,50,34
B_only,1000,10000,-0.0008033145433726093,-0.0014094271702523638,0.0006061126268797545,50,34
A_only,1000,2000,-1.5173293706839783,-0.0017750075215489918,-1.5155543631624293,100,34
hybrid,1000,2000,-0.6784952264625829,-0.0017750075215489918,-0.6767202189410338,100,34
B_only,1000,2000,-0.4677249056686496,-0.0017750075215489918,-0.46594989814710064,100,34
A_only,1000,5000,-0.7180793324972403,-0.000677201249950961,-0.7174021312472894,100,34
hybrid,1000,5000,-0.20603836742340959,-0.000677201249950961,-0.20536116617345862,100,34
B_only,1000,5000,-0.0017295188424541867,-0.000677201249950961,-0.0010523175925032258,100,34
A_only,1000,10000,-0.2750272794856958,-0.0014094271702523638,-0.2736178523154434,100,34
hybrid,1000,10000,-0.0974984132283623,-0.0014094271702523638,-0.09608898605810993,100,34
B_only,1000,10000,-0.45933024055159144,-0.0014094271702523638,-0.45792081338133905,100,34
A_only,1000,2000,-0.34904106996745643,-0.021107167799241426,-0.327933902168215,200,34
hybrid,1000,2000,-0.06950481277935483,-0.021107167799241426,-0.048397644980113404,200,34
B_only,1000,2000,-0.04060680499020834,-0.021107167799241426,-0.019499637190966916,200,34
A_only,1000,5000,-0.9170344832449877,-0.0017750075215489918,-0.9152594757234387,200,34
hybrid,1000,5000,-0.28974990703075004,-0.0017750075215489918,-0.2879748995092011,200,34
B_only,1000,5000,-0.06007450017502743,-0.0017750075215489918,-0.05829949265347844,200,34
A_only,1000,10000,-0.21865388357150436,-0.000677201249950961,-0.2179766823215534,200,34
hybrid,1000,10000,-0.05526602557665229,-0.000677201249950961,-0.054588824326701334,200,34
B_only,1000,10000,-0.005889966685599432,-0.000677201249950961,-0.005212765435648472,200,34
A_only,1000,2000,-1.2439256322225078,-0.01653092336097194,-1.227394708861536,500,34
hybrid,1000,2000,-0.3813790271627888,-0.01653092336097194,-0.36484810380181687,500,34
B_only,1000,2000,-0.022820443765560607,-0.01653092336097194,-0.006289520404588668,500,34
A_only,1000,5000,-0.5300209977697206,-0.021107167799241426,-0.5089138299704792,500,34
hybrid,1000,5000,-0.15856230209728736,-0.021107167799241426,-0.13745513429804593,500,34
B_only,1000,5000,-0.1332002639065022,-0.021107167799241426,-0.11209309610726076,500,34
A_only,1000,10000,-0.6679838205608006,-0.000677201249950961,-0.6673066193108497,500,34
hybrid,1000,10000,-0.18687897517276347,-0.000677201249950961,-0.1862017739228125,500,34
B_only,1000,10000,-0.019151083410866767,-0.000677201249950961,-0.018473882160915805,500,34
A_only,1000,2000,-1.4011264624381048,-0.000677201249950961,-1.4004492611881538,25,35
hybrid,1000,2000,-0.5966448980162726,-0.000677201249950961,-0.5959676967663217,25,35
B_only,1000,2000,-1.0005278004250615,-0.000677201249950961,-0.9998505991751105,25,35
A_only,1000,5000,-0.592444962969725,-0.000677201249950961,-0.5917677617197741,25,35
hybrid,1000,5000,-0.2070632811545604,-0.000677201249950961,-0.20638607990460944,25,35
B_only,1000,5000,-1.3153217853211883,-0.000677201249950961,-1.3146445840712373,25,35
A_only,1000,10000,-1.2019768267820568,-0.01653092336097194,-1.185445903421085,25,35
hybrid,1000,10000,-0.6468230554602589,-0.01653092336097194,-0.6302921320992869,25,35
B_only,1000,10000,-0.5109615715778291,-0.01653092336097194,-0.4944306482168571,25,35
A_only,1000,2000,-1.2350224811175066,-0.0442296682476969,-1.1907928128698098,50,35
hybrid,1000,2000,-0.6163575135929626,-0.0442296682476969,-0.5721278453452657,50,35
B_only,1000,2000,-0.07758719069311024,-0.0442296682476969,-0.03335752244541334,50,35
A_only,1000,5000,-1.1856398510391417,-0.000677201249950961,-1.1849626497891907,50,35
hybrid,1000,5000,-0.3457631124352143,-0.000677201249950961,-0.3450859111852633,50,35
B_only,1000,5000,-0.009266672149219154,-0.000677201249950961,-0.008589470899268193,50,35
A_only,1000,10000,-1.216473799935266,-0.0033189882361477573,-1.2131548116991182,50,35
hybrid,1000,10000,-0.567655588189824,-0.0033189882361477573,-0.5643365999536762,50,35
B_only,1000,10000,-0.11537978147871542,-0.0033189882361477573,-0.11206079324256765,50,35
A_only,1000,2000,-1.1278373416646983,-0.021107167799241426,-1.106730173865457,100,35
hybrid,1000,2000,-0.7903814133877393,-0.021107167799241426,-0.7692742455884979,100,35
B_only,1000,2000,-1.5910013865360475,-0.021107167799241426,-1.5698942187368061,100,35
A_only,1000,5000,-1.04232531210877,-0.000677201249950961,-1.0416481108588191,100,35
hybrid,1000,5000,-0.566224488300057,-0.000677201249950961,-0.565547287050106,100,35
B_only,1000,5000,-0.8817741039050835,-0.000677201249950961,-0.8810969026551325,100,35
A_only,1000,10000,-0.04983586580211102,-0.01653092336097194,-0.03330494244113909,100,35
hybrid,1000,10000,-0.008478958657991692,-0.01653092336097194,0.008051964702980247,100,35
B_only,1000,10000,-0.3540882579269543,-0.01653092336097194,-0.33755733456598236,100,35
A_only,1000,2000,-2.645488212971924,-0.0033189882361477573,-2.642169224735776,200,35
hybrid,1000,2000,-0.7808174932261391,-0.0033189882361477573,-0.7774985049899914,200,35
B_only,1000,2000,-0.10608825967897212,-0.0033189882361477573,-0.10276927144282436,200,35
A_only,1000,5000,-0.8370174320691388,-0.0014094271702523638,-0.8356080048988864,200,35
hybrid,1000,5000,-0.42522560169892865,-0.0014094271702523638,-0.42381617452867626,200,35
B_only,1000,5000,-0.7216796660393099,-0.0014094271702523638,-0.7202702388690575,200,35
A_only,1000,10000,-0.4477410533270462,-0.0014094271702523638,-0.44633162615679384,200,35
hybrid,1000,10000,-0.12116201975913479,-0.0014094271702523638,-0.11975259258888243,200,35
B_only,1000,10000,-0.00013368667047006463,-0.0014094271702523638,0.0012757404997822991,200,35
A_only,1000,2000,-1.7896549499425587,-0.1680484964847657,-1.621606453457793,500,35
hybrid,1000,2000,-0.5486530117762185,-0.1680484964847657,-0.3806045152914528,500,35
B_only,1000,2000,-0.02317880832858888,-0.1680484964847657,0.14486968815617682,500,35
A_only,1000,5000,-1.510795578570485,-0.0033189882361477573,-1.5074765903343372,500,35
hybrid,1000,5000,-0.24086484315597856,-0.0033189882361477573,-0.2375458549198308,500,35
B_only,1000,5000,-0.003858424110148498,-0.0033189882361477573,-0.0005394358740007407,500,35
A_only,1000,10000,-1.3094406363548872,-0.000677201249950961,-1.3087634351049362,500,35
hybrid,1000,10000,-0.3660633302534449,-0.000677201249950961,-0.36538612900349393,500,35
B_only,1000,10000,-0.09802308179010888,-0.000677201249950961,-0.09734588054015791,500,35
A_only,1000,2000,-0.5570064189309136,-0.02619584115917027,-0.5308105777717433,25,36
hybrid,1000,2000,-0.11189543329778688,-0.02619584115917027,-0.08569959213861661,25,36
B_only,1000,2000,-0.00042886524142721373,-0.02619584115917027,0.02576697591774306,25,36
A_only,1000,5000,-1.9469465927511447,-0.000677201249950961,-1.9462693915011937,25,36
hybrid,1000,5000,-0.8507201704495059,-0.000677201249950961,-0.8500429691995549,25,36
B_only,1000,5000,-0.2890400984378949,-0.000677201249950961,-0.28836289718794395,25,36
A_only,1000,10000,-0.92931868536604,-0.000677201249950961,-0.928641484116089,25,36
hybrid,1000,10000,-0.48502569825652236,-0.000677201249950961,-0.4843484970065714,25,36
B_only,1000,10000,-8.931916783955602e-05,-0.000677201249950961,0.000587882082111405,25,36
A_only,1000,2000,-1.7388720128041733,-0.01653092336097194,-1.7223410894432014,50,36
hybrid,1000,2000,-0.8994395432962677,-0.01653092336097194,-0.8829086199352958,50,36
B_only,1000,2000,-0.024702320821958782,-0.01653092336097194,-0.008171397460986843,50,36
A_only,1000,5000,-0.5960955683312867,-0.0033189882361477573,-0.592776580095139,50,36
hybrid,1000,5000,-0.2675280721627784,-0.0033189882361477573,-0.2642090839266307,50,36
B_only,1000,5000,-0.4204888881804903,-0.0033189882361477573,-0.41716989994434256,50,36
A_only,1000,10000,-0.2900160107654743,-0.000677201249950961,-0.2893388095155233,50,36
hybrid,1000,10000,-0.10881034122865481,-0.000677201249950961,-0.10813313997870384,50,36
B_only,1000,10000,-0.6616292975397244,-0.000677201249950961,-0.6609520962897735,50,36
A_only,1000,2000,-2.752565231981945,-0.0442296682476969,-2.708335563734248,100,36
hybrid,1000,2000,-0.7716070111099339,-0.0442296682476969,-0.727377342862237,100,36
B_only,1000,2000,-1.7477278995593672e-09,-0.0442296682476969,0.044229666499969,100,36
A_only,1000,5000,-1.276177621305113,-0.01653092336097194,-1.2596466979441412,100,36
hybrid,1000,5000,-0.44946177327859693,-0.01653092336097194,-0.432930849917625,100,36
B_only,1000,5000,-0.013542356672122254,-0.01653092336097194,0.0029885666888496854,100,36
A_only,1000,10000,-2.179749948119312,-0.0014094271702523638,-2.17834052094906,100,36
hybrid,1000,10000,-1.6714939494109071,-0.0014094271702523638,-1.6700845222406548,100,36
B_only,1000,10000,-0.44044688104714086,-0.0014094271702523638,-0.4390374538768885,100,36
A_only,1000,2000,-1.7202807434463394,-0.04467924927401707,-1.6756014941723223,200,36
hybrid,1000,2000,-0.8487003400968126,-0.04467924927401707,-0.8040210908227955,200,36
B_only,1000,2000,-0.09516723052109595,-0.04467924927401707,-0.05048798124707888,200,36
A_only,1000,5000,-1.3880090385630188,-0.04467924927401707,-1.3433297892890017,200,36
hybrid,1000,5000,-0.41540719146276733,-0.04467924927401707,-0.37072794218875027,200,36
B_only,1000,5000,-4.59063321865214e-06,-0.04467924927401707,0.04467465864079842,200,36
A_only,1000,10000,-1.2843119330746073,-0.0017750075215489918,-1.2825369255530583,200,36
hybrid,1000,10000,-0.6726516830300524,-0.0017750075215489918,-0.6708766755085034,200,36
B_only,1000,10000,-0.24802868027692784,-0.0017750075215489918,-0.24625367275537885,200,36
A_only,1000,2000,-1.3719794273581287,-0.01653092336097194,-1.3554485039971569,500,36
hybrid,1000,2000,-0.5753087791581659,-0.01653092336097194,-0.558777855797194,500,36
B_only,1000,2000,-0.4136079893914755,-0.01653092336097194,-0.3970770660305035,500,36
A_only,1000,5000,-0.8843418701643179,-0.01653092336097194,-0.8678109468033459,500,36
hybrid,1000,5000,-0.2718421162819878,-0.01653092336097194,-0.25531119292101584,500,36
B_only,1000,5000,-0.18774017077361588,-0.01653092336097194,-0.17120924741264393,500,36
A_only,1000,10000,-0.38236364735806955,-0.000677201249950961,-0.3816864461081186,500,36
hybrid,1000,10000,-0.04657650102215623,-0.000677201249950961,-0.04589929977220527,500,36
B_only,1000,10000,-1.881231978852697e-07,-0.000677201249950961,0.0006770131267530757,500,36
A_only,1000,2000,-0.4023587481826239,-0.0017750075215489918,-0.40058374066107494,25,37
hybrid,1000,2000,-0.06328392816737904,-0.0017750075215489918,-0.06150892064583005,25,37
B_only,1000,2000,-1.3506945294279216,-0.0017750075215489918,-1.3489195219063725,25,37
A_only,1000,5000,-0.026944557872766835,-0.0014094271702523638,-0.025535130702514473,25,37
hybrid,1000,5000,-0.0008406863456224385,-0.0014094271702523638,0.0005687408246299253,25,37
B_only,1000,5000,-0.892765368062413,-0.0014094271702523638,-0.8913559408921606,25,37
A_only,1000,10000,-1.499017061086661,-0.000677201249950961,-1.4983398598367101,25,37
hybrid,1000,10000,-0.8581119098835206,-0.000677201249950961,-0.8574347086335696,25,37
B_only,1000,10000,-0.5475216950882446,-0.000677201249950961,-0.5468444938382936,25,37
A_only,1000,2000,-2.727637128022687,-0.16199627943323425,-2.565640848589453,50,37
hybrid,1000,2000,-1.412217357896284,-0.16199627943323425,-1.2502210784630496,50,37
B_only,1000,2000,-0.19191914859858616,-0.16199627943323425,-0.029922869165351917,50,37
A_only,1000,5000,-1.4793635118767468,-0.021107167799241426,-1.4582563440775054,50,37
hybrid,1000,5000,-0.17800004228107993,-0.021107167799241426,-0.1568928744818385,50,37
B_only,1000,5000,-1.336919632719229e-09,-0.021107167799241426,0.021107166462321792,50,37
A_only,1000,10000,-0.3989410734969006,-0.0014094271702523638,-0.3975316463266482,50,37
hybrid,1000,10000,-0.11336914654844019,-0.0014094271702523638,-0.11195971937818783,50,37
B_only,1000,10000,-0.004812130473354672,-0.0014094271702523638,-0.003402703303102308,50,37
A_only,1000,2000,-1.7036698008577054,-0.016652718459798817,-1.6870170823979065,100,37
hybrid,1000,2000,-1.3521151419017186,-0.016652718459798817,-1.3354624234419197,100,37
B_only,1000,2000,-0.25741000500998407,-0.016652718459798817,-0.24075728655018525,100,37
A_only,1000,5000,-0.5282532465052702,-0.0017750075215489918,-0.5264782389837211,100,37
hybrid,1000,5000,-0.20114831116095272,-0.0017750075215489918,-0.19937330363940373,100,37
B_only,1000,5000,-0.05001753485563383,-0.0017750075215489918,-0.048242527334084837,100,37
A_only,1000,10000,-0.4511467311100314,-0.000677201249950961,-0.45046952986008043,100,37
hybrid,1000,10000,-0.16573724148989816,-0.000677201249950961,-0.1650600402399472,100,37
B_only,1000,10000,-0.0023108352037779388,-0.000677201249950961,-0.0016336339538269777,100,37
A_only,1000,2000,-1.277446642867985,-0.01653092336097194,-1.260915719507013,200,37
hybrid,1000,2000,-0.6508704294406632,-0.01653092336097194,-0.6343395060796913,200,37
B_only,1000,2000,-0.5068460489854093,-0.01653092336097194,-0.49031512562443735,200,37
A_only,1000,5000,-2.19265390606976,-0.000677201249950961,-2.191976704819809,200,37
hybrid,1000,5000,-0.9957618030578138,-0.000677201249950961,-0.9950846018078628,200,37
B_only,1000,5000,-6.193101062600663e-05,-0.000677201249950961,0.0006152702393249544,200,37
A_only,1000,10000,-1.4329913194540647,-0.0014094271702523638,-1.4315818922838124,200,37
hybrid,1000,10000,-0.5388106985277062,-0.0014094271702523638,-0.5374012713574539,200,37
B_only,1000,10000,-0.00035348502432535966,-0.0014094271702523638,0.0010559421459270042,200,37
A_only,1000,2000,-2.369499155551446,-0.018494542316971195,-2.351004613234475,500,37
hybrid,1000,2000,-0.5604892486031954,-0.018494542316971195,-0.5419947062862241,500,37
B_only,1000,2000,-0.00922883177935816,-0.018494542316971195,0.009265710537613036,500,37
A_only,1000,5000,-0.6472776371196626,-0.06997887129157059,-0.577298765828092,500,37
hybrid,1000,5000,-0.1683367724453654,-0.06997887129157059,-0.09835790115379482,500,37
B_only,1000,5000,-0.0001916110784702062,-0.06997887129157059,0.06978726021310037,500,37
A_only,1000,10000,-0.8785232174530174,-0.000677201249950961,-0.8778460162030665,500,37
hybrid,1000,10000,-0.28745916357389717,-0.000677201249950961,-0.2867819623239462,500,37
B_only,1000,10000,-0.006188475772888068,-0.000677201249950961,-0.005511274522937108,500,37
A_only,1000,2000,-0.6039104291442374,-0.01653092336097194,-0.5873795057832655,25,38
hybrid,1000,2000,-0.10918466481628289,-0.01653092336097194,-0.09265374145531095,25,38
B_only,1000,2000,-0.06134035149454162,-0.01653092336097194,-0.04480942813356968,25,38
A_only,1000,5000,-0.22129476320358132,-0.0017750075215489918,-0.21951975568203233,25,38
hybrid,1000,5000,-0.05114035035687456,-0.0017750075215489918,-0.049365342835325565,25,38
B_only,1000,5000,-0.19470738947161656,-0.0017750075215489918,-0.19293238195006757,25,38
A_only,1000,10000,-0.8310488162289031,-0.0017750075215489918,-0.8292738087073541,25,38
hybrid,1000,10000,-0.626219582820592,-0.0017750075215489918,-0.624444575299043,25,38
B_only,1000,10000,-0.49676691009384183,-0.0017750075215489918,-0.49499190257229286,25,38
A_only,1000,2000,-1.510334704807257,-0.048388414081634995,-1.461946290725622,50,38
hybrid,1000,2000,-0.5627092085438786,-0.048388414081634995,-0.5143207944622437,50,38
B_only,1000,2000,-0.23736036573521993,-0.048388414081634995,-0.18897195165358494,50,38
A_only,1000,5000,-0.08753854848862729,-0.0014094271702523638,-0.08612912131837493,50,38
hybrid,1000,5000,-0.01408010137232224,-0.0014094271702523638,-0.012670674202069876,50,38
B_only,1000,5000,-1.2473340110002977,-0.0014094271702523638,-1.2459245838300455,50,38
A_only,1000,10000,-0.323554241602925,-0.0017750075215489918,-0.32177923408137604,50,38
hybrid,1000,10000,-0.10137435378945482,-0.0017750075215489918,-0.09959934626790583,50,38
B_only,1000,10000,-0.06909980602322945,-0.0017750075215489918,-0.06732479850168045,50,38
A_only,1000,2000,-1.1171865320244718,-0.018494542316971195,-1.0986919897075007,100,38
hybrid,1000,2000,-0.1575685255355122,-0.018494542316971195,-0.139073983218541,100,38
B_only,1000,2000,-2.6629794365962667e-08,-0.018494542316971195,0.01849451568717683,100,38
A_only,1000,5000,-0.9256093949845249,-0.000677201249950961,-0.9249321937345739,100,38
hybrid,1000,5000,-0.34477105667930175,-0.000677201249950961,-0.3440938554293508,100,38
B_only,1000,5000,-0.046480170266267884,-0.000677201249950961,-0.045802969016316926,100,38
A_only,1000,10000,-0.027727211996995755,-0.0033189882361477573,-0.024408223760848,100,38
hybrid,1000,10000,-0.0022377879890685647,-0.0033189882361477573,0.0010812002470791927,100,38
B_only,1000,10000,-0.4967350976688564,-0.0033189882361477573,-0.49341610943270864,100,38
A_only,1000,2000,-1.3130552314006227,-0.02619584115917027,-1.2868593902414525,200,38
hybrid,1000,2000,-0.5250069198683242,-0.02619584115917027,-0.49881107870915387,200,38
B_only,1000,2000,-0.032274249579051235,-0.02619584115917027,-0.006078408419880964,200,38
A_only,1000,5000,-0.008286973106409317,-0.000677201249950961,-0.007609771856458356,200,38
hybrid,1000,5000,-0.00039205282503737283,-0.000677201249950961,0.00028514842491358814,200,38
B_only,1000,5000,-0.00591617802912979,-0.000677201249950961,-0.005238976779178829,200,38
A_only,1000,10000,-1.3205391927383097,-0.000677201249950961,-1.3198619914883587,200,38
hybrid,1000,10000,-0.6645721374317954,-0.000677201249950961,-0.6638949361818445,200,38
B_only,1000,10000,-0.002818214155354725,-0.000677201249950961,-0.002141012905403764,200,38
A_only,1000,2000,-1.6466876841002447,-0.02619584115917027,-1.6204918429410744,500,38
hybrid,1000,2000,-0.47938563831634773,-0.02619584115917027,-0.45318979715717744,500,38
B_only,1000,2000,-0.09448036606877117,-0.02619584115917027,-0.0682845249096009,500,38
A_only,1000,5000,-1.4537638256188696,-0.0014094271702523638,-1.4523543984486174,500,38
hybrid,1000,5000,-0.3012813031927859,-0.0014094271702523638,-0.2998718760225335,500,38
B_only,1000,5000,-0.012953306292440691,-0.0014094271702523638,-0.011543879122188327,500,38
A_only,1000,10000,-0.7332214440698374,-0.0014094271702523638,-0.731812016899585,500,38
hybrid,1000,10000,-0.20953730182459565,-0.0014094271702523638,-0.2081278746543433,500,38
B_only,1000,10000,-0.00041159686580464523,-0.0014094271702523638,0.0009978303044477187,500,38
A_only,1000,2000,-2.4991664078306424,-0.13629847621520946,-2.362867931615433,25,39
hybrid,1000,2000,-2.009483629929909,-0.13629847621520946,-1.8731851537146995,25,39
B_only,1000,2000,-0.13595549528802695,-0.13629847621520946,0.00034298092718251794,25,39
A_only,1000,5000,-2.269939447961649,-0.0014094271702523638,-2.2685300207913968,25,39
hybrid,1000,5000,-1.0437453084732646,-0.0014094271702523638,-1.0423358813030124,25,39
B_only,1000,5000,-0.06043773770271071,-0.0014094271702523638,-0.05902831053245834,25,39
A_only,1000,10000,-2.217178436594349,-0.000677201249950961,-2.2165012353443982,25,39
hybrid,1000,10000,-1.8438084067074803,-0.000677201249950961,-1.8431312054575293,25,39
B_only,1000,10000,-0.07307383572260304,-0.000677201249950961,-0.07239663447265207,25,39
A_only,1000,2000,-1.6740880390168955,-0.06997887129157059,-1.604109167725325,50,39
hybrid,1000,2000,-0.37948874052317577,-0.06997887129157059,-0.3095098692316052,50,39
B_only,1000,2000,-0.007969728944762037,-0.06997887129157059,0.06200914234680855,50,39
A_only,1000,5000,-0.1625100489271005,-0.01653092336097194,-0.14597912556612855,50,39
hybrid,1000,5000,-0.03280081279536019,-0.01653092336097194,-0.016269889434388254,50,39
B_only,1000,5000,-0.13021657174162918,-0.01653092336097194,-0.11368564838065724,50,39
A_only,1000,10000,-1.099133354739461,-0.0014094271702523638,-1.0977239275692088,50,39
hybrid,1000,10000,-0.4267695420503833,-0.0014094271702523638,-0.4253601148801309,50,39
B_only,1000,10000,-0.013626958764508139,-0.0014094271702523638,-0.012217531594255775,50,39
A_only,1000,2000,-1.6205431612855086,-0.0033189882361477573,-1.6172241730493608,100,39
hybrid,1000,2000,-0.5587825860069967,-0.0033189882361477573,-0.555463597770849,100,39
B_only,1000,2000,-0.014066031331751192,-0.0033189882361477573,-0.010747043095603434,100,39
A_only,1000,5000,-0.3108839122355107,-0.10941635111751186,-0.20146756111799885,100,39
hybrid,1000,5000,-0.09991247361689608,-0.10941635111751186,0.009503877500615779,100,39
B_only,1000,5000,-0.05586037245528187,-0.10941635111751186,0.05355597866222998,100,39
A_only,1000,10000,-0.3779910394960518,-0.000677201249950961,-0.3773138382461008,100,39
hybrid,1000,10000,-0.07756796008005808,-0.000677201249950961,-0.07689075883010711,100,39
B_only,1000,10000,-1.2833985840063179e-05,-0.000677201249950961,0.0006643672641108978,100,39
A_only,1000,2000,-0.18694133061967216,-0.0033189882361477573,-0.1836223423835244,200,39
hybrid,1000,2000,-0.02689026115178735,-0.0033189882361477573,-0.023571272915639593,200,39
B_only,1000,2000,-0.04179489622033849,-0.0033189882361477573,-0.03847590798419073,200,39
A_only,1000,5000,-0.3684589800680932,-0.016652718459798817,-0.35180626160829437,200,39
hybrid,1000,5000,-0.1566051442947407,-0.016652718459798817,-0.13995242583494188,200,39
B_only,1000,5000,-1.3289707663661572,-0.016652718459798817,-1.3123180479063583,200,39
A_only,1000,10000,-0.12720663705278312,-0.000677201249950961,-0.12652943580283216,200,39
hybrid,1000,10000,-0.025850986318323246,-0.000677201249950961,-0.025173785068372284,200,39
B_only,1000,10000,-0.008893935726812413,-0.000677201249950961,-0.008216734476861451,200,39
A_only,1000,2000,-0.22956175470929024,-0.02619584115917027,-0.20336591355011996,500,39
hybrid,1000,2000,-0.06197566351708703,-0.02619584115917027,-0.03577982235791676,500,39
B_only,1000,2000,-0.02903076541871581,-0.02619584115917027,-0.002834924259545537,500,39
A_only,1000,5000,-1.5302810002045644,-0.0017750075215489918,-1.5285059926830153,500,39
hybrid,1000,5000,-0.6670277703125106,-0.0017750075215489918,-0.6652527627909616,500,39
B_only,1000,5000,-0.17266779579804306,-0.0017750075215489918,-0.17089278827649407,500,39
A_only,1000,10000,-0.5122354261698178,-0.000677201249950961,-0.5115582249198668,500,39
hybrid,1000,10000,-0.07996313157467733,-0.000677201249950961,-0.07928593032472636,500,39
B_only,1000,10000,-0.012397106740393288,-0.000677201249950961,-0.011719905490442327,500,39
A_only,1000,2000,-1.1910538955911893,-0.0442296682476969,-1.1468242273434925,25,40
hybrid,1000,2000,-0.3682085085747528,-0.0442296682476969,-0.3239788403270559,25,40
B_only,1000,2000,-0.3600747251429313,-0.0442296682476969,-0.3158450568952344,25,40
A_only,1000,5000,-0.6749539148240431,-0.01653092336097194,-0.6584229914630711,25,40
hybrid,1000,5000,-0.20350274106474117,-0.01653092336097194,-0.18697181770376922,25,40
B_only,1000,5000,-0.004001956312298573,-0.01653092336097194,0.012528967048673366,25,40
A_only,1000,10000,-0.2621518462244688,-0.000677201249950961,-0.26147464497451783,25,40
hybrid,1000,10000,-0.05147483724683882,-0.000677201249950961,-0.050797635996887865,25,40
B_only,1000,10000,-0.6761480282823925,-0.000677201249950961,-0.6754708270324415,25,40
A_only,1000,2000,-1.8906081528984644,-0.000677201249950961,-1.8899309516485134,50,40
hybrid,1000,2000,-0.9966840754303132,-0.000677201249950961,-0.9960068741803623,50,40
B_only,1000,2000,-0.17053902827125234,-0.000677201249950961,-0.16986182702130137,50,40
A_only,1000,5000,-0.282691874237625,-0.0014094271702523638,-0.2812824470673726,50,40
hybrid,1000,5000,-0.09069923974666091,-0.0014094271702523638,-0.08928981257640856,50,40
B_only,1000,5000,-0.4654705223223103,-0.0014094271702523638,-0.4640610951520579,50,40
A_only,1000,10000,-0.7370157815466502,-0.000677201249950961,-0.7363385802966992,50,40
hybrid,1000,10000,-0.2362786235895438,-0.000677201249950961,-0.23560142233959283,50,40
B_only,1000,10000,-0.028241382090873575,-0.000677201249950961,-0.027564180840922613,50,40
A_only,1000,2000,-1.4892241561314812,-0.0033189882361477573,-1.4859051678953334,100,40
hybrid,1000,2000,-0.5302400176648793,-0.0033189882361477573,-0.5269210294287315,100,40
B_only,1000,2000,-0.020927431124294335,-0.0033189882361477573,-0.01760844288814658,100,40
A_only,1000,5000,-0.4069661630897,-0.01653092336097194,-0.39043523972872807,100,40
hybrid,1000,5000,-0.10424403317098108,-0.01653092336097194,-0.08771310981000914,100,40
B_only,1000,5000,-0.15427221560114285,-0.01653092336097194,-0.1377412922401709,100,40
A_only,1000,10000,-1.8612757169100869,-0.0014094271702523638,-1.8598662897398346,100,40
hybrid,1000,10000,-1.0557997996378212,-0.0014094271702523638,-1.054390372467569,100,40
B_only,1000,10000,-0.2272105850476683,-0.0014094271702523638,-0.22580115787741595,100,40
A_only,1000,2000,-2.3088621387166812,-0.0014094271702523638,-2.307452711546429,200,40
hybrid,1000,2000,-0.6986056253657172,-0.0014094271702523638,-0.6971961981954649,200,40
B_only,1000,2000,-0.01224875212213934,-0.0014094271702523638,-0.010839324951886976,200,40
A_only,1000,5000,-1.9242437412069604,-0.06997887129157059,-1.8542648699153899,200,40
hybrid,1000,5000,-1.086528114842932,-0.06997887129157059,-1.0165492435513614,200,40
B_only,1000,5000,-0.12815420695498048,-0.06997887129157059,-0.05817533566340989,200,40
A_only,1000,10000,-0.3294343286619676,-0.0014094271702523638,-0.3280249014917152,200,40
hybrid,1000,10000,-0.09633691642890901,-0.0014094271702523638,-0.09492748925865666,200,40
B_only,1000,10000,-0.0921074552178281,-0.0014094271702523638,-0.09069802804757574,200,40
A_only,1000,2000,-1.5743180219749162,-0.0017750075215489918,-1.5725430144533672,500,40
hybrid,1000,2000,-0.3862557628443084,-0.0017750075215489918,-0.38448075532275944,500,40
B_only,1000,2000,-6.37633639433522e-05,-0.0017750075215489918,0.0017112441576056397,500,40
A_only,1000,5000,-0.7484847807030637,-0.000677201249950961,-0.7478075794531127,500,40
hybrid,1000,5000,-0.20756675384756937,-0.000677201249950961,-0.2068895525976184,500,40
B_only,1000,5000,-0.025918085619545582,-0.000677201249950961,-0.02524088436959462,500,40
A_only,1000,10000,-0.9347949803364821,-0.000677201249950961,-0.9341177790865312,500,40
hybrid,1000,10000,-0.2128038126285065,-0.000677201249950961,-0.21212661137855554,500,40
B_only,1000,10000,-0.0018033661927012634,-0.000677201249950961,-0.0011261649427503025,500,40
A_only,1000,2000,-1.2092783909275442,-0.021107167799241426,-1.1881712231283028,25,41
hybrid,1000,2000,-0.46553530478196586,-0.021107167799241426,-0.44442813698272443,25,41
B_only,1000,2000,-0.012025451662223702,-0.021107167799241426,0.009081716137017724,25,41
A_only,1000,5000,-1.337774076697951,-0.0014094271702523638,-1.3363646495276986,25,41
hybrid,1000,5000,-0.2990758792269421,-0.0014094271702523638,-0.29766645205668973,25,41
B_only,1000,5000,-1.3942474975122e-06,-0.0014094271702523638,0.0014080329227548517,25,41
A_only,1000,10000,-0.7837887517129305,-0.0014094271702523638,-0.7823793245426781,25,41
hybrid,1000,10000,-0.26613126933675624,-0.0014094271702523638,-0.26472184216650385,25,41
B_only,1000,10000,-0.00011055362187529335,-0.0014094271702523638,0.0012988735483770704,25,41
A_only,1000,2000,-2.770243065361424,-0.01653092336097194,-2.753712142000452,50,41
hybrid,1000,2000,-1.3542168053875914,-0.01653092336097194,-1.3376858820266195,50,41
B_only,1000,2000,-0.09426318340728272,-0.01653092336097194,-0.07773226004631079,50,41
A_only,1000,5000,-1.8636146149385895,-0.04467924927401707,-1.8189353656645724,50,41
hybrid,1000,5000,-1.2476688769102753,-0.04467924927401707,-1.2029896276362582,50,41
B_only,1000,5000,-0.2582379055979042,-0.04467924927401707,-0.21355865632388715,50,41
A_only,1000,10000,-1.3493217553096448,-0.000677201249950961,-1.3486445540596939,50,41
hybrid,1000,10000,-0.607300756344315,-0.000677201249950961,-0.606623555094364,50,41
B_only,1000,10000,-0.012717957552855257,-0.000677201249950961,-0.012040756302904295,50,41
A_only,1000,2000,-2.5898033553743023,-0.000677201249950961,-2.5891261541243513,100,41
hybrid,1000,2000,-2.128786985505855,-0.000677201249950961,-2.128109784255904,100,41
B_only,1000,2000,-1.4429239465266934,-0.000677201249950961,-1.4422467452767425,100,41
A_only,1000,5000,-2.3958088363841417,-0.0033189882361477573,-2.392489848147994,100,41
hybrid,1000,5000,-1.10115402141279,-0.0033189882361477573,-1.0978350331766422,100,41
B_only,1000,5000,-0.01218384293772252,-0.0033189882361477573,-0.008864854701574762,100,41
A_only,1000,10000,-0.6997489509352639,-0.021107167799241426,-0.6786417831360225,100,41
hybrid,1000,10000,-0.302735579064465,-0.021107167799241426,-0.2816284112652236,100,41
B_only,1000,10000,-0.3433997615984185,-0.021107167799241426,-0.3222925937991771,100,41
A_only,1000,2000,-1.997892569121472,-0.136118387533595,-1.861774181587877,200,41
hybrid,1000,2000,-0.75334768689183,-0.136118387533595,-0.6172292993582349,200,41
B_only,1000,2000,-0.053135089899278024,-0.136118387533595,0.08298329763431699,200,41
A_only,1000,5000,-1.7621482018539425,-0.000677201249950961,-1.7614710006039915,200,41
hybrid,1000,5000,-0.8425376306047471,-0.000677201249950961,-0.8418604293547961,200,41
B_only,1000,5000,-0.12438738301357743,-0.000677201249950961,-0.12371018176362647,200,41
A_only,1000,10000,-0.9266899131253311,-0.000677201249950961,-0.9260127118753801,200,41
hybrid,1000,10000,-0.353066623045764,-0.000677201249950961,-0.35238942179581306,200,41
B_only,1000,10000,-0.016994739682961172,-0.000677201249950961,-0.01631753843301021,200,41
A_only,1000,2000,-1.1326197046552833,-0.0014094271702523638,-1.131210277485031,500,41
hybrid,1000,2000,-0.18126357265779727,-0.0014094271702523638,-0.17985414548754491,500,41
B_only,1000,2000,-0.01065178610459731,-0.0014094271702523638,-0.009242358934344946,500,41
A_only,1000,5000,-0.2888305256896923,-0.000677201249950961,-0.28815332443974134,500,41
hybrid,1000,5000,-0.10348505278315737,-0.000677201249950961,-0.1028078515332064,500,41
B_only,1000,5000,-0.009043782296148257,-0.000677201249950961,-0.008366581046197296,500,41
A_only,1000,10000,-0.713357096816645,-0.0014094271702523638,-0.7119476696463927,500,41
hybrid,1000,10000,-0.13203891452107028,-0.0014094271702523638,-0.13062948735081792,500,41
B_only,1000,10000,-0.0015734293936576847,-0.0014094271702523638,-0.00016400222340532083,500,41
A_only,1000,2000,-2.0952147886315915,-0.01653092336097194,-2.0786838652706194,25,42
hybrid,1000,2000,-0.7870032608423483,-0.01653092336097194,-0.7704723374813763,25,42
B_only,1000,2000,-0.1198799492743645,-0.01653092336097194,-0.10334902591339257,25,42
A_only,1000,5000,-1.4384273896384612,-0.000677201249950961,-1.4377501883885102,25,42
hybrid,1000,5000,-0.6143330529705389,-0.000677201249950961,-0.6136558517205879,25,42
B_only,1000,5000,-0.09310787167632939,-0.000677201249950961,-0.09243067042637843,25,42
A_only,1000,10000,-0.1394002354751612,-0.0014094271702523638,-0.13799080830490884,25,42
hybrid,1000,10000,-0.021310053753319753,-0.0014094271702523638,-0.01990062658306739,25,42
B_only,1000,10000,-0.12564081260262033,-0.0014094271702523638,-0.12423138543236797,25,42
A_only,1000,2000,-0.6480382205265985,-0.0014094271702523638,-0.6466287933563462,50,42
hybrid,1000,2000,-0.17719512670403093,-0.0014094271702523638,-0.17578569953377857,50,42
B_only,1000,2000,-0.056878186170258575,-0.0014094271702523638,-0.05546875900000621,50,42
A_only,1000,5000,-1.156965191198151,-0.021107167799241426,-1.1358580233989097,50,42
hybrid,1000,5000,-0.7737056244118696,-0.021107167799241426,-0.7525984566126283,50,42
B_only,1000,5000,-0.13602345198649837,-0.021107167799241426,-0.11491628418725694,50,42
A_only,1000,10000,-0.2852068649706862,-0.0033189882361477573,-0.28188787673453847,50,42
hybrid,1000,10000,-0.07572099301767254,-0.0033189882361477573,-0.07240200478152478,50,42
B_only,1000,10000,-0.03335098924438723,-0.0033189882361477573,-0.030032001008239474,50,42
A_only,1000,2000,-1.0508934715998601,-0.018494542316971195,-1.032398929282889,100,42
hybrid,1000,2000,-0.3252764487474397,-0.018494542316971195,-0.30678190643046854,100,42
B_only,1000,2000,-0.0018493594875863839,-0.018494542316971195,0.016645182829384812,100,42
A_only,1000,5000,-0.17331111424732032,-0.0017750075215489918,-0.17153610672577133,100,42
hybrid,1000,5000,-0.03995990800124505,-0.0017750075215489918,-0.038184900479696054,100,42
B_only,1000,5000,-1.474740060549678,-0.0017750075215489918,-1.472965053028129,100,42
A_only,1000,10000,-0.7281787566467982,-0.000677201249950961,-0.7275015553968472,100,42
hybrid,1000,10000,-0.2821045362815314,-0.000677201249950961,-0.28142733503158046,100,42
B_only,1000,10000,-0.03384273005604288,-0.000677201249950961,-0.03316552880609192,100,42
A_only,1000,2000,-1.1886553813458005,-0.0033189882361477573,-1.1853363931096528,200,42
hybrid,1000,2000,-0.36999063004299193,-0.0033189882361477573,-0.3666716418068442,200,42
B_only,1000,2000,-0.004483577683078518,-0.0033189882361477573,-0.0011645894469307608,200,42
A_only,1000,5000,-0.8150242990163492,-0.0014094271702523638,-0.8136148718460968,200,42
hybrid,1000,5000,-0.3254854059082955,-0.0014094271702523638,-0.3240759787380431,200,42
B_only,1000,5000,-0.06609278927033119,-0.0014094271702523638,-0.06468336210007883,200,42
A_only,1000,10000,-0.25618814546347135,-0.000677201249950961,-0.2555109442135204,200,42
hybrid,1000,10000,-0.0719954970333428,-0.000677201249950961,-0.07131829578339184,200,42
B_only,1000,10000,-0.04994183962289223,-0.000677201249950961,-0.049264638372941275,200,42
A_only,1000,2000,-1.6268978643469632,-0.000677201249950961,-1.6262206630970122,500,42
hybrid,1000,2000,-0.733368557601337,-0.000677201249950961,-0.732691356351386,500,42
B_only,1000,2000,-0.10276032495063259,-0.000677201249950961,-0.10208312370068162,500,42
A_only,1000,5000,-0.7950168305376748,-0.000677201249950961,-0.7943396292877238,500,42
hybrid,1000,5000,-0.33366073865261114,-0.000677201249950961,-0.3329835374026602,500,42
B_only,1000,5000,-0.03611443135092303,-0.000677201249950961,-0.03543723010097207,500,42
A_only,1000,10000,-1.1051236207080624,-0.016652718459798817,-1.0884709022482635,500,42
hybrid,1000,10000,-0.43085029789893325,-0.016652718459798817,-0.41419757943913443,500,42
B_only,1000,10000,-0.013006067493253934,-0.016652718459798817,0.0036466509665448836,500,42
A_only,1000,2000,-0.19246524724269953,-0.0033189882361477573,-0.18914625900655177,25,43
hybrid,1000,2000,-0.025992788470642965,-0.0033189882361477573,-0.02267380023449521,25,43
B_only,1000,2000,-0.30062886297307484,-0.0033189882361477573,-0.2973098747369271,25,43
A_only,1000,5000,-0.24549138327549663,-0.018494542316971195,-0.22699684095852543,25,43
hybrid,1000,5000,-0.04512202836929332,-0.018494542316971195,-0.026627486052322125,25,43
B_only,1000,5000,-0.0005903991438757165,-0.018494542316971195,0.01790414317309548,25,43
A_only,1000,10000,-0.5867079355081578,-0.000677201249950961,-0.5860307342582068,25,43
hybrid,1000,10000,-0.27279220593061876,-0.000677201249950961,-0.2721150046806678,25,43
B_only,1000,10000,-0.12790839286981542,-0.000677201249950961,-0.12723119161986446,25,43
A_only,1000,2000,-0.9822110200294303,-0.2944945142970317,-0.6877165057323986,50,43
hybrid,1000,2000,-0.3807697047494835,-0.2944945142970317,-0.0862751904524518,50,43
B_only,1000,2000,-0.20196252116360008,-0.2944945142970317,0.09253199313343163,50,43
A_only,1000,5000,-2.805781114512099,-0.034310857636452745,-2.7714702568756464,50,43
hybrid,1000,5000,-2.4743065064691927,-0.034310857636452745,-2.43999564883274,50,43
B_only,1000,5000,-0.21898116637873397,-0.034310857636452745,-0.18467030874228121,50,43
A_only,1000,10000,-0.2778914464468116,-0.000677201249950961,-0.2772142451968606,50,43
hybrid,1000,10000,-0.0492692704310823,-0.000677201249950961,-0.04859206918113134,50,43
B_only,1000,10000,-0.00044965649284347186,-0.000677201249950961,0.0002275447571074891,50,43
A_only,1000,2000,-1.6215818478238435,-0.0033189882361477573,-1.6182628595876958,100,43
hybrid,1000,2000,-0.47174861833379433,-0.0033189882361477573,-0.4684296300976466,100,43
B_only,1000,2000,-0.01802059570636539,-0.0033189882361477573,-0.014701607470217632,100,43
A_only,1000,5000,-1.4754105551347552,-0.000677201249950961,-1.4747333538848042,100,43
hybrid,1000,5000,-0.6464331399935663,-0.000677201249950961,-0.6457559387436154,100,43
B_only,1000,5000,-0.0010303992130565513,-0.000677201249950961,-0.00035319796310559037,100,43
A_only,1000,10000,-1.7110756692522495,-0.0033189882361477573,-1.7077566810161018,100,43
hybrid,1000,10000,-0.8694132976578486,-0.0033189882361477573,-0.8660943094217008,100,43
B_only,1000,10000,-0.252331415770407,-0.0033189882361477573,-0.24901242753425926,100,43
A_only,1000,2000,-1.4217475846993604,-0.1927365916224321,-1.2290109930769282,200,43
hybrid,1000,2000,-0.6445200730796367,-0.1927365916224321,-0.4517834814572046,200,43
B_only,1000,2000,-0.8636116494965417,-0.1927365916224321,-0.6708750578741096,200,43
A_only,1000,5000,-0.8083620088783257,-0.018494542316971195,-0.7898674665613544,200,43
hybrid,1000,5000,-0.31807696789062306,-0.018494542316971195,-0.2995824255736519,200,43
B_only,1000,5000,-0.10827307188434453,-0.018494542316971195,-0.08977852956737334,200,43
A_only,1000,10000,-0.8794201847486315,-0.0014094271702523638,-0.8780107575783791,200,43
hybrid,1000,10000,-0.2580306791387658,-0.0014094271702523638,-0.25662125196851343,200,43
B_only,1000,10000,-1.5424544995616132e-06,-0.0014094271702523638,0.0014078847157528022,200,43
A_only,1000,2000,-1.0818223144237764,-0.136118387533595,-0.9457039268901815,500,43
hybrid,1000,2000,-0.4583155144837665,-0.136118387533595,-0.3221971269501715,500,43
B_only,1000,2000,-0.23251246018794433,-0.136118387533595,-0.09639407265434932,500,43
A_only,1000,5000,-0.5170880750415822,-0.000677201249950961,-0.5164108737916312,500,43
hybrid,1000,5000,-0.06104283897931572,-0.000677201249950961,-0.06036563772936476,500,43
B_only,1000,5000,-0.0015523164313737282,-0.000677201249950961,-0.0008751151814227672,500,43
A_only,1000,10000,-0.1432293875554813,-0.0017750075215489918,-0.14145438003393232,500,43
hybrid,1000,10000,-0.06849679043726979,-0.0017750075215489918,-0.0667217829157208,500,43
B_only,1000,10000,-0.22696203211813262,-0.0017750075215489918,-0.22518702459658363,500,43
A_only,1000,2000,-2.2204571583722625,-0.0014094271702523638,-2.2190477312020103,25,44
hybrid,1000,2000,-1.2894050521652194,-0.0014094271702523638,-1.2879956249949671,25,44
B_only,1000,2000,-0.1519747416999258,-0.0014094271702523638,-0.15056531452967345,25,44
A_only,1000,5000,-0.06664330696689957,-0.000677201249950961,-0.06596610571694861,25,44
hybrid,1000,5000,-0.003177127058138567,-0.000677201249950961,-0.002499925808187606,25,44
B_only,1000,5000,-0.002835066585518348,-0.000677201249950961,-0.002157865335567387,25,44
A_only,1000,10000,-1.2871720222294314,-0.000677201249950961,-1.2864948209794804,25,44
hybrid,1000,10000,-0.8106691518512379,-0.000677201249950961,-0.8099919506012869,25,44
B_only,1000,10000,-0.7821379916460733,-0.000677201249950961,-0.7814607903961224,25,44
A_only,1000,2000,-0.17340233223952234,-0.3587910919673729,0.18538875972785057,50,44
hybrid,1000,2000,-0.010950762387198595,-0.3587910919673729,0.3478403295801743,50,44
B_only,1000,2000,-0.26514201158280026,-0.3587910919673729,0.09364908038457265,50,44
A_only,1000,5000,-0.05018213554392813,-0.016652718459798817,-0.03352941708412931,50,44
hybrid,1000,5000,-0.0027415931637856912,-0.016652718459798817,0.013911125296013127,50,44
B_only,1000,5000,-0.2860022390616029,-0.016652718459798817,-0.26934952060180406,50,44
A_only,1000,10000,-1.4814320287778466,-0.000677201249950961,-1.4807548275278957,50,44
hybrid,1000,10000,-0.6213370538947631,-0.000677201249950961,-0.6206598526448122,50,44
B_only,1000,10000,-0.07206976012795942,-0.000677201249950961,-0.07139255887800845,50,44
A_only,1000,2000,-1.663422369094472,-0.0017750075215489918,-1.661647361572923,100,44
hybrid,1000,2000,-0.6364151823064221,-0.0017750075215489918,-0.6346401747848731,100,44
B_only,1000,2000,-0.02329385307020047,-0.0017750075215489918,-0.02151884554865148,100,44
A_only,1000,5000,-1.7648269332989115,-0.018494542316971195,-1.7463323909819404,100,44
hybrid,1000,5000,-1.3760651205184056,-0.018494542316971195,-1.3575705782014345,100,44
B_only,1000,5000,-0.2617368427471551,-0.018494542316971195,-0.24324230043018388,100,44
A_only,1000,10000,-1.0539015898392012,-0.000677201249950961,-1.0532243885892503,100,44
hybrid,1000,10000,-0.47281341963125395,-0.000677201249950961,-0.472136218381303,100,44
B_only,1000,10000,-0.20049061152718586,-0.000677201249950961,-0.1998134102772349,100,44
A_only,1000,2000,-1.0209044430926542,-0.0014094271702523638,-1.0194950159224019,200,44
hybrid,1000,2000,-0.09909707383122374,-0.0014094271702523638,-0.09768764666097138,200,44
B_only,1000,2000,-3.716107530550953e-08,-0.0014094271702523638,0.0014093900091770584,200,44
A_only,1000,5000,-0.010862186771574859,-0.0017750075215489918,-0.009087179250025867,200,44
hybrid,1000,5000,-0.0007384439552850329,-0.0017750075215489918,0.0010365635662639588,200,44
B_only,1000,5000,-0.035871320134348905,-0.0017750075215489918,-0.03409631261279991,200,44
A_only,1000,10000,-0.7462454939798762,-0.000677201249950961,-0.7455682927299252,200,44
hybrid,1000,10000,-0.17819643717664943,-0.000677201249950961,-0.17751923592669847,200,44
B_only,1000,10000,-1.1091116007048852e-05,-0.000677201249950961,0.0006661101339439121,200,44
A_only,1000,2000,-1.1652111791178843,-0.016652718459798817,-1.1485584606580854,500,44
hybrid,1000,2000,-0.39715220206903334,-0.016652718459798817,-0.3804994836092345,500,44
B_only,1000,2000,-0.09614407443179004,-0.016652718459798817,-0.07949135597199122,500,44
A_only,1000,5000,-0.8604317597359994,-0.0017750075215489918,-0.8586567522144504,500,44
hybrid,1000,5000,-0.2253017987625863,-0.0017750075215489918,-0.2235267912410373,500,44
B_only,1000,5000,-0.011337067438078087,-0.0017750075215489918,-0.009562059916529095,500,44
A_only,1000,10000,-1.388931467586915,-0.000677201249950961,-1.3882542663369641,500,44
hybrid,1000,10000,-0.6981475133104541,-0.000677201249950961,-0.6974703120605031,500,44
B_only,1000,10000,-0.21611471682289632,-0.000677201249950961,-0.21543751557294535,500,44
A_only,1000,2000,-1.7850256432283162,-0.0033189882361477573,-1.7817066549921685,25,45
hybrid,1000,2000,-1.0504760835931775,-0.0033189882361477573,-1.0471570953570297,25,45
B_only,1000,2000,-0.022524584430334494,-0.0033189882361477573,-0.019205596194186738,25,45
A_only,1000,5000,-0.4071686137534784,-0.016652718459798817,-0.3905158952936796,25,45
hybrid,1000,5000,-0.07047300890129297,-0.016652718459798817,-0.053820290441494154,25,45
B_only,1000,5000,-0.00928470748772057,-0.016652718459798817,0.007368010972078247,25,45
A_only,1000,10000,-1.097123912221658,-0.000677201249950961,-1.096446710971707,25,45
hybrid,1000,10000,-0.9163375049166036,-0.000677201249950961,-0.9156603036666526,25,45
B_only,1000,10000,-2.18812466686018,-0.000677201249950961,-2.187447465610229,25,45
A_only,1000,2000,-1.1015055564215774,-0.000677201249950961,-1.1008283551716265,50,45
hybrid,1000,2000,-0.5095763804385919,-0.000677201249950961,-0.5088991791886409,50,45
B_only,1000,2000,-0.35531475002710877,-0.000677201249950961,-0.3546375487771578,50,45
A_only,1000,5000,-1.4111228816570345,-0.0017750075215489918,-1.4093478741354855,50,45
hybrid,1000,5000,-0.44191294834822314,-0.0017750075215489918,-0.4401379408266742,50,45
B_only,1000,5000,-0.05810539587001573,-0.0017750075215489918,-0.05633038834846674,50,45
A_only,1000,10000,-1.3425586177221276,-0.000677201249950961,-1.3418814164721766,50,45
hybrid,1000,10000,-0.5852392968234083,-0.000677201249950961,-0.5845620955734573,50,45
B_only,1000,10000,-0.16797332255786734,-0.000677201249950961,-0.16729612130791638,50,45
A_only,1000,2000,-2.26960840815401,-0.19627985002332982,-2.0733285581306804,100,45
hybrid,1000,2000,-1.0539650494067885,-0.19627985002332982,-0.8576851993834587,100,45
B_only,1000,2000,-0.005138946186326838,-0.19627985002332982,0.19114090383700297,100,45
A_only,1000,5000,-0.17457360686524936,-0.021107167799241426,-0.15346643906600793,100,45
hybrid,1000,5000,-0.020297579907781325,-0.021107167799241426,0.0008095878914601007,100,45
B_only,1000,5000,-0.0007691714568992544,-0.021107167799241426,0.020337996342342173,100,45
A_only,1000,10000,-1.1743237836044451,-0.000677201249950961,-1.1736465823544942,100,45
hybrid,1000,10000,-0.44190880214323996,-0.000677201249950961,-0.441231600893289,100,45
B_only,1000,10000,-0.33255534507977463,-0.000677201249950961,-0.33187814382982367,100,45
A_only,1000,2000,-1.5947848739596542,-0.07123766710210508,-1.523547206857549,200,45
hybrid,1000,2000,-0.39049316483603846,-0.07123766710210508,-0.31925549773393336,200,45
B_only,1000,2000,-3.9183594756358496e-05,-0.07123766710210508,0.07119848350734873,200,45
A_only,1000,5000,-0.9926407976921718,-0.13871280870864297,-0.8539279889835288,200,45
hybrid,1000,5000,-0.3525266355288449,-0.13871280870864297,-0.21381382682020192,200,45
B_only,1000,5000,-0.01760709481957324,-0.13871280870864297,0.12110571388906974,200,45
A_only,1000,10000,-0.6302106637985225,-0.0014094271702523638,-0.6288012366282701,200,45
hybrid,1000,10000,-0.15214596973564257,-0.0014094271702523638,-0.1507365425653902,200,45
B_only,1000,10000,-7.54678128140952e-05,-0.0014094271702523638,0.0013339593574382687,200,45
A_only,1000,2000,-0.6281171444235494,-0.12341214349600381,-0.5047050009275456,500,45
hybrid,1000,2000,-0.16625424907424344,-0.12341214349600381,-0.04284210557823963,500,45
B_only,1000,2000,-0.010963974211286857,-0.12341214349600381,0.11244816928471696,500,45
A_only,1000,5000,-0.9403131939136454,-0.000677201249950961,-0.9396359926636945,500,45
hybrid,1000,5000,-0.04312354981897243,-0.000677201249950961,-0.04244634856902147,500,45
B_only,1000,5000,-5.169157306044856e-06,-0.000677201249950961,0.0006720320926449161,500,45
A_only,1000,10000,-0.5718488802788252,-0.0017750075215489918,-0.5700738727572762,500,45
hybrid,1000,10000,-0.12156797941881935,-0.0017750075215489918,-0.11979297189727035,500,45
B_only,1000,10000,-0.009989944253999138,-0.0017750075215489918,-0.008214936732450146,500,45
A_only,1000,2000,-1.4230592989080493,-0.02619584115917027,-1.396863457748879,25,46
hybrid,1000,2000,-0.758111640999145,-0.02619584115917027,-0.7319157998399747,25,46
B_only,1000,2000,-0.6266201291408741,-0.02619584115917027,-0.6004242879817038,25,46
A_only,1000,5000,-1.1452543351898234,-0.000677201249950961,-1.1445771339398725,25,46
hybrid,1000,5000,-0.49391850033576706,-0.000677201249950961,-0.4932412990858161,25,46
B_only,1000,5000,-1.125377411095695,-0.000677201249950961,-1.124700209845744,25,46
A_only,1000,10000,-2.229467588814902,-0.0014094271702523638,-2.2280581616446495,25,46
hybrid,1000,10000,-1.877986178356285,-0.0014094271702523638,-1.8765767511860327,25,46
B_only,1000,10000,-0.7095790354208761,-0.0014094271702523638,-0.7081696082506237,25,46
A_only,1000,2000,-1.922461149579978,-0.0033189882361477573,-1.9191421613438302,50,46
hybrid,1000,2000,-0.7193191702784524,-0.0033189882361477573,-0.7160001820423046,50,46
B_only,1000,2000,-5.213358676836243e-06,-0.0033189882361477573,0.0033137748774709212,50,46
A_only,1000,5000,-0.5367193148103346,-0.0014094271702523638,-0.5353098876400822,50,46
hybrid,1000,5000,-0.2191661863511225,-0.0014094271702523638,-0.21775675918087015,50,46
B_only,1000,5000,-0.5103026264034439,-0.0014094271702523638,-0.5088931992331915,50,46
A_only,1000,10000,-0.737198593095565,-0.018494542316971195,-0.7187040507785938,50,46
hybrid,1000,10000,-0.4705967485537631,-0.018494542316971195,-0.4521022062367919,50,46
B_only,1000,10000,-0.012260686297512024,-0.018494542316971195,0.0062338560194591715,50,46
A_only,1000,2000,-2.9220181298310446,-0.000677201249950961,-2.9213409285810936,100,46
hybrid,1000,2000,-1.932670102890164,-0.000677201249950961,-1.931992901640213,100,46
B_only,1000,2000,-0.5350753223362569,-0.000677201249950961,-0.5343981210863059,100,46
A_only,1000,5000,-0.3731681873177199,-0.01653092336097194,-0.35663726395674794,100,46
hybrid,1000,5000,-0.04970905791662792,-0.01653092336097194,-0.03317813455565598,100,46
B_only,1000,5000,-0.003024627481733538,-0.01653092336097194,0.013506295879238402,100,46
A_only,1000,10000,-0.8982307557322589,-0.000677201249950961,-0.8975535544823079,100,46
hybrid,1000,10000,-0.2679967005295647,-0.000677201249950961,-0.26731949927961374,100,46
B_only,1000,10000,-9.779064031560399e-05,-0.000677201249950961,0.000579410609635357,100,46
A_only,1000,2000,-0.6519070603391267,-0.016652718459798817,-0.6352543418793279,200,46
hybrid,1000,2000,-0.26332316225272145,-0.016652718459798817,-0.24667044379292263,200,46
B_only,1000,2000,-0.6775635715649754,-0.016652718459798817,-0.6609108531051766,200,46
A_only,1000,5000,-1.311901734211242,-0.02619584115917027,-1.2857058930520717,200,46
hybrid,1000,5000,-0.39053890520542633,-0.02619584115917027,-0.36434306404625605,200,46
B_only,1000,5000,-4.361089827483747e-06,-0.02619584115917027,0.026191480069342788,200,46
A_only,1000,10000,-0.44277447612674653,-0.000677201249950961,-0.44209727487679557,200,46
hybrid,1000,10000,-0.09915153310528245,-0.000677201249950961,-0.09847433185533148,200,46
B_only,1000,10000,-0.0006285235379169313,-0.000677201249950961,4.867771203402962e-05,200,46
A_only,1000,2000,-0.8895889729934737,-0.048388414081634995,-0.8412005589118388,500,46
hybrid,1000,2000,-0.45124565332702193,-0.048388414081634995,-0.40285723924538697,500,46
B_only,1000,2000,-0.8097291331506243,-0.048388414081634995,-0.7613407190689894,500,46
A_only,1000,5000,-1.347843945512694,-0.016652718459798817,-1.3311912270528952,500,46
hybrid,1000,5000,-0.4687533279041776,-0.016652718459798817,-0.4521006094443788,500,46
B_only,1000,5000,-0.03826749991394165,-0.016652718459798817,-0.02161478145414283,500,46
A_only,1000,10000,-1.280146386173573,-0.0033189882361477573,-1.2768273979374252,500,46
hybrid,1000,10000,-0.16403933694067513,-0.0033189882361477573,-0.16072034870452737,500,46
B_only,1000,10000,-6.841594267968232e-06,-0.0033189882361477573,0.003312146641879789,500,46
A_only,1000,2000,-1.1066225672864671,-0.016652718459798817,-1.0899698488266683,25,47
hybrid,1000,2000,-0.40642755617550436,-0.016652718459798817,-0.38977483771570554,25,47
B_only,1000,2000,-0.4660964851619218,-0.016652718459798817,-0.449443766702123,25,47
A_only,1000,5000,-1.2088093986637498,-0.0033189882361477573,-1.205490410427602,25,47
hybrid,1000,5000,-0.3600566886900948,-0.0033189882361477573,-0.35673770045394704,25,47
B_only,1000,5000,-0.2629216858973674,-0.0033189882361477573,-0.2596026976612197,25,47
A_only,1000,10000,-1.6996067971553426,-0.000677201249950961,-1.6989295959053916,25,47
hybrid,1000,10000,-0.7836171178711195,-0.000677201249950961,-0.7829399166211686,25,47
B_only,1000,10000,-0.0027185876803428196,-0.000677201249950961,-0.0020413864303918585,25,47
A_only,1000,2000,-1.7374604907098454,-0.0033189882361477573,-1.7341415024736977,50,47
hybrid,1000,2000,-0.7368213625122086,-0.0033189882361477573,-0.7335023742760609,50,47
B_only,1000,2000,-0.11618424374350278,-0.0033189882361477573,-0.11286525550735502,50,47
A_only,1000,5000,-0.7207389097027351,-0.01653092336097194,-0.7042079863417632,50,47
hybrid,1000,5000,-0.19284911328117152,-0.01653092336097194,-0.17631818992019957,50,47
B_only,1000,5000,-0.14763004039437796,-0.01653092336097194,-0.13109911703340602,50,47
A_only,1000,10000,-0.3504077895826998,-0.000677201249950961,-0.34973058833274884,50,47
hybrid,1000,10000,-0.07446570211854857,-0.000677201249950961,-0.0737885008685976,50,47
B_only,1000,10000,-0.04484200658190997,-0.000677201249950961,-0.04416480533195901,50,47
A_only,1000,2000,-0.49779011702477416,-0.021107167799241426,-0.4766829492255327,100,47
hybrid,1000,2000,-0.10346943634277125,-0.021107167799241426,-0.08236226854352982,100,47
B_only,1000,2000,-0.18616864178111073,-0.021107167799241426,-0.1650614739818693,100,47
A_only,1000,5000,-1.1032408969691365,-0.018494542316971195,-1.0847463546521654,100,47
hybrid,1000,5000,-0.7546910657970113,-0.018494542316971195,-0.73619652348004,100,47
B_only,1000,5000,-0.6266014407694165,-0.018494542316971195,-0.6081068984524453,100,47
A_only,1000,10000,-1.0064478900230456,-0.0014094271702523638,-1.0050384628527933,100,47
hybrid,1000,10000,-0.5368606253214724,-0.0014094271702523638,-0.53545119815122,100,47
B_only,1000,10000,-0.37983240037577093,-0.0014094271702523638,-0.37842297320551854,100,47
A_only,1000,2000,-2.219503544281506,-0.034310857636452745,-2.1851926866450535,200,47
hybrid,1000,2000,-1.0530600322357446,-0.034310857636452745,-1.0187491745992918,200,47
B_only,1000,2000,-0.23494913087804187,-0.034310857636452745,-0.20063827324158912,200,47
A_only,1000,5000,-0.2934256692512204,-0.0014094271702523638,-0.292016242080968,200,47
hybrid,1000,5000,-0.10370497022262952,-0.0014094271702523638,-0.10229554305237716,200,47
B_only,1000,5000,-0.03250191368090549,-0.0014094271702523638,-0.031092486510653126,200,47
A_only,1000,10000,-0.6386968726623355,-0.000677201249950961,-0.6380196714123846,200,47
hybrid,1000,10000,-0.13490530999417943,-0.000677201249950961,-0.13422810874422847,200,47
B_only,1000,10000,-2.715391004797915e-06,-0.000677201249950961,0.0006744858589461631,200,47
A_only,1000,2000,-1.7291954491326431,-0.034310857636452745,-1.6948845914961903,500,47
hybrid,1000,2000,-0.28414263514964894,-0.034310857636452745,-0.24983177751319618,500,47
B_only,1000,2000,-0.0024265194144554507,-0.034310857636452745,0.031884338221997294,500,47
A_only,1000,5000,-1.5624449109298064,-0.02619584115917027,-1.5362490697706361,500,47
hybrid,1000,5000,-0.5477593371006364,-0.02619584115917027,-0.5215634959414661,500,47
B_only,1000,5000,-0.006489061587839452,-0.02619584115917027,0.01970677957133082,500,47
A_only,1000,10000,-0.28902944426515614,-0.000677201249950961,-0.2883522430152052,500,47
hybrid,1000,10000,-0.10173513887471389,-0.000677201249950961,-0.10105793762476292,500,47
B_only,1000,10000,-0.08011627683446056,-0.000677201249950961,-0.07943907558450959,500,47
A_only,1000,2000,-1.6713239494218346,-0.04467924927401707,-1.6266447001478175,25,48
hybrid,1000,2000,-0.7767077820335333,-0.04467924927401707,-0.7320285327595162,25,48
B_only,1000,2000,-0.11856446833174823,-0.04467924927401707,-0.07388521905773116,25,48
A_only,1000,5000,-0.8102289816895349,-0.0033189882361477573,-0.8069099934533872,25,48
hybrid,1000,5000,-0.3047411367034912,-0.0033189882361477573,-0.30142214846734344,25,48
B_only,1000,5000,-0.16236741983436373,-0.0033189882361477573,-0.15904843159821597,25,48
A_only,1000,10000,-0.18171754827191564,-0.01653092336097194,-0.16518662491094369,25,48
hybrid,1000,10000,-0.046553085072353347,-0.01653092336097194,-0.030022161711381407,25,48
B_only,1000,10000,-0.09110331431856904,-0.01653092336097194,-0.0745723909575971,25,48
A_only,1000,2000,-1.2153430668483312,-0.000677201249950961,-1.2146658655983802,50,48
hybrid,1000,2000,-0.40810955329676984,-0.000677201249950961,-0.4074323520468189,50,48
B_only,1000,2000,-0.03699365599661666,-0.000677201249950961,-0.0363164547466657,50,48
A_only,1000,5000,-2.1205217611988143,-0.000677201249950961,-2.1198445599488633,50,48
hybrid,1000,5000,-2.4474741201801034,-0.000677201249950961,-2.4467969189301524,50,48
B_only,1000,5000,-2.304732317325466,-0.000677201249950961,-2.304055116075515,50,48
A_only,1000,10000,-0.434999351700051,-0.0014094271702523638,-0.4335899245297986,50,48
hybrid,1000,10000,-0.010533643506826498,-0.0014094271702523638,-0.009124216336574134,50,48
B_only,1000,10000,-4.876653148277598e-16,-0.0014094271702523638,0.0014094271702518762,50,48
A_only,1000,2000,-1.201898201052552,-0.034310857636452745,-1.1675873434160993,100,48
hybrid,1000,2000,-0.42049281436070995,-0.034310857636452745,-0.3861819567242572,100,48
B_only,1000,2000,-1.6475093246822037,-0.034310857636452745,-1.6131984670457509,100,48
A_only,1000,5000,-0.6126995304564933,-0.000677201249950961,-0.6120223292065423,100,48
hybrid,1000,5000,-0.2740589369102857,-0.000677201249950961,-0.27338173566033475,100,48
B_only,1000,5000,-0.11827311699878776,-0.000677201249950961,-0.1175959157488368,100,48
A_only,1000,10000,-1.5555740024223919,-0.000677201249950961,-1.554896801172441,100,48
hybrid,1000,10000,-0.9795322191451813,-0.000677201249950961,-0.9788550178952303,100,48
B_only,1000,10000,-0.3969141196250864,-0.000677201249950961,-0.3962369183751354,100,48
A_only,1000,2000,-1.2838144059465466,-0.04467924927401707,-1.2391351566725295,200,48
hybrid,1000,2000,-0.3675925331777485,-0.04467924927401707,-0.3229132839037314,200,48
B_only,1000,2000,-0.020439336209710866,-0.04467924927401707,0.024239913064306205,200,48
A_only,1000,5000,-1.6513657048673775,-0.016652718459798817,-1.6347129864075787,200,48
hybrid,1000,5000,-0.5335015110639926,-0.016652718459798817,-0.5168487926041938,200,48
B_only,1000,5000,-0.04589954441513466,-0.016652718459798817,-0.029246825955335846,200,48
A_only,1000,10000,-0.04586865586250603,-0.0017750075215489918,-0.04409364834095704,200,48
hybrid,1000,10000,-0.008357462699927083,-0.0017750075215489918,-0.006582455178378091,200,48
B_only,1000,10000,-0.011059447369313498,-0.0017750075215489918,-0.009284439847764506,200,48
A_only,1000,2000,-2.4074729802794175,-0.000677201249950961,-2.4067957790294665,500,48
hybrid,1000,2000,-0.3780358670544944,-0.000677201249950961,-0.3773586658045434,500,48
B_only,1000,2000,-0.0014144567421906487,-0.000677201249950961,-0.0007372554922396877,500,48
A_only,1000,5000,-1.6591746497681685,-0.0033189882361477573,-1.6558556615320208,500,48
hybrid,1000,5000,-0.7167468238937258,-0.0033189882361477573,-0.7134278356575781,500,48
B_only,1000,5000,-0.14819492443143184,-0.0033189882361477573,-0.14487593619528408,500,48
A_only,1000,10000,-0.2776782053313839,-0.000677201249950961,-0.2770010040814329,500,48
hybrid,1000,10000,-0.10590576307908402,-0.000677201249950961,-0.10522856182913305,500,48
B_only,1000,10000,-0.1714608398582826,-0.000677201249950961,-0.17078363860833162,500,48
A_only,1000,2000,-0.6276635085543845,-0.0442296682476969,-0.5834338403066875,25,49
hybrid,1000,2000,-0.2073593814009587,-0.0442296682476969,-0.1631297131532618,25,49
B_only,1000,2000,-0.33624642517331116,-0.0442296682476969,-0.29201675692561424,25,49
A_only,1000,5000,-0.17736471998304784,-0.01653092336097194,-0.1608337966220759,25,49
hybrid,1000,5000,-0.01807179385660847,-0.01653092336097194,-0.0015408704956365316,25,49
B_only,1000,5000,-0.12823863821305898,-0.01653092336097194,-0.11170771485208704,25,49
A_only,1000,10000,-0.38538680752660676,-0.000677201249950961,-0.3847096062766558,25,49
hybrid,1000,10000,-0.1154845175469047,-0.000677201249950961,-0.11480731629695373,25,49
B_only,1000,10000,-0.13523884134625763,-0.000677201249950961,-0.13456164009630667,25,49
A_only,1000,2000,-0.47883068283478414,-0.034310857636452745,-0.4445198251983314,50,49
hybrid,1000,2000,-0.0952564871188941,-0.034310857636452745,-0.06094562948244136,50,49
B_only,1000,2000,-0.18276312612979279,-0.034310857636452745,-0.14845226849334003,50,49
A_only,1000,5000,-0.07703563654047832,-0.000677201249950961,-0.07635843529052735,50,49
hybrid,1000,5000,-0.005912702020763558,-0.000677201249950961,-0.0052355007708125975,50,49
B_only,1000,5000,-0.0006810109733097611,-0.000677201249950961,-3.8097233588001763e-06,50,49
A_only,1000,10000,-0.10441228071714913,-0.0014094271702523638,-0.10300285354689677,50,49
hybrid,1000,10000,-0.01880581466852282,-0.0014094271702523638,-0.01739638749827046,50,49
B_only,1000,10000,-0.2924289142554982,-0.0014094271702523638,-0.29101948708524583,50,49
A_only,1000,2000,-2.290803468015049,-0.0014094271702523638,-2.2893940408447966,100,49
hybrid,1000,2000,-1.3150890719042376,-0.0014094271702523638,-1.3136796447339854,100,49
B_only,1000,2000,-0.004538575482681288,-0.0014094271702523638,-0.003129148312428924,100,49
A_only,1000,5000,-0.05798769654716466,-0.018494542316971195,-0.039493154230193464,100,49
hybrid,1000,5000,-0.003720149998893714,-0.018494542316971195,0.014774392318077482,100,49
B_only,1000,5000,-0.018235818146758617,-0.018494542316971195,0.0002587241702125785,100,49
A_only,1000,10000,-1.3453830589047744,-0.000677201249950961,-1.3447058576548234,100,49
hybrid,1000,10000,-0.6234251504172832,-0.000677201249950961,-0.6227479491673322,100,49
B_only,1000,10000,-0.020650111145360674,-0.000677201249950961,-0.019972909895409712,100,49
A_only,1000,2000,-1.9508822343127625,-0.0017750075215489918,-1.9491072267912135,200,49
hybrid,1000,2000,-0.9744470237487282,-0.0017750075215489918,-0.9726720162271791,200,49
B_only,1000,2000,-0.8067692561614835,-0.0017750075215489918,-0.8049942486399345,200,49
A_only,1000,5000,-0.3419951303896701,-0.016652718459798817,-0.3253424119298713,200,49
hybrid,1000,5000,-0.11564655192929406,-0.016652718459798817,-0.09899383346949524,200,49
B_only,1000,5000,-0.03441552458433962,-0.016652718459798817,-0.017762806124540804,200,49
A_only,1000,10000,-0.08722938989412338,-0.0033189882361477573,-0.08391040165797561,200,49
hybrid,1000,10000,-0.019298549359960317,-0.0033189882361477573,-0.01597956112381256,200,49
B_only,1000,10000,-0.02698112461270938,-0.0033189882361477573,-0.023662136376561622,200,49
A_only,1000,2000,-1.1615288795772651,-0.034310857636452745,-1.1272180219408123,500,49
hybrid,1000,2000,-0.17516074058995748,-0.034310857636452745,-0.14084988295350473,500,49
B_only,1000,2000,-4.333541926716317e-05,-0.034310857636452745,0.034267522217185584,500,49
A_only,1000,5000,-0.6459585993555008,-0.0014094271702523638,-0.6445491721852484,500,49
hybrid,1000,5000,-0.12545216492878533,-0.0014094271702523638,-0.12404273775853297,500,49
B_only,1000,5000,-0.0002645991568200808,-0.0014094271702523638,0.0011448280134322831,500,49
A_only,1000,10000,-0.07276392816336685,-0.000677201249950961,-0.07208672691341589,500,49
hybrid,1000,10000,-0.010020860499892625,-0.000677201249950961,-0.009343659249941664,500,49
B_only,1000,10000,-0.000562457452951862,-0.000677201249950961,0.00011474379699909893,500,49
A_only,1000,2000,-2.2264699451054684,-0.000677201249950961,-2.2257927438555174,25,50
hybrid,1000,2000,-0.9651907376690565,-0.000677201249950961,-0.9645135364191055,25,50
B_only,1000,2000,-0.0018655072523963573,-0.000677201249950961,-0.0011883060024453964,25,50
A_only,1000,5000,-0.20080230855420972,-0.0014094271702523638,-0.19939288138395736,25,50
hybrid,1000,5000,-0.041136856518308,-0.0014094271702523638,-0.039727429348055635,25,50
B_only,1000,5000,-0.11521747903633897,-0.0014094271702523638,-0.11380805186608661,25,50
A_only,1000,10000,-0.515423016772703,-0.0033189882361477573,-0.5121040285365552,25,50
hybrid,1000,10000,-0.16977401388798993,-0.0033189882361477573,-0.16645502565184217,25,50
B_only,1000,10000,-0.10161208380238985,-0.0033189882361477573,-0.09829309556624209,25,50
A_only,1000,2000,-1.0397942571177323,-0.20603721632164326,-0.833757040796089,50,50
hybrid,1000,2000,-0.35721443740140796,-0.20603721632164326,-0.1511772210797647,50,50
B_only,1000,2000,-0.012004241873108666,-0.20603721632164326,0.1940329744485346,50,50
A_only,1000,5000,-1.6181116147892023,-0.000677201249950961,-1.6174344135392513,50,50
hybrid,1000,5000,-1.2166389097766657,-0.000677201249950961,-1.2159617085267147,50,50
B_only,1000,5000,-1.4294322803998196,-0.000677201249950961,-1.4287550791498687,50,50
A_only,1000,10000,-1.18560095129131,-0.0017750075215489918,-1.183825943769761,50,50
hybrid,1000,10000,-0.26690325532803066,-0.0017750075215489918,-0.2651282478064817,50,50
B_only,1000,10000,-4.0316333938328035e-07,-0.0017750075215489918,0.0017746043582096086,50,50
A_only,1000,2000,-1.5341251161517435,-0.01653092336097194,-1.5175941927907717,100,50
hybrid,1000,2000,-0.5753790753885041,-0.01653092336097194,-0.5588481520275321,100,50
B_only,1000,2000,-0.24974921570726005,-0.01653092336097194,-0.2332182923462881,100,50
A_only,1000,5000,-0.0849606874845151,-0.0017750075215489918,-0.08318567996296611,100,50
hybrid,1000,5000,-0.00659136994629864,-0.0017750075215489918,-0.004816362424749648,100,50
B_only,1000,5000,-0.019262721540744907,-0.0017750075215489918,-0.017487714019195917,100,50
A_only,1000,10000,-0.6933756602089003,-0.0017750075215489918,-0.6916006526873513,100,50
hybrid,1000,10000,-0.44229021448439976,-0.0017750075215489918,-0.4405152069628508,100,50
B_only,1000,10000,-0.4369670729374924,-0.0017750075215489918,-0.4351920654159434,100,50
A_only,1000,2000,-1.7418488622756492,-0.018494542316971195,-1.723354319958678,200,50
hybrid,1000,2000,-0.33415627704349155,-0.018494542316971195,-0.31566173472652037,200,50
B_only,1000,2000,-1.2772046837803081e-06,-0.018494542316971195,0.018493265112287414,200,50
A_only,1000,5000,-0.7839468554899728,-0.0014094271702523638,-0.7825374283197204,200,50
hybrid,1000,5000,-0.31714164483082413,-0.0014094271702523638,-0.31573221766057175,200,50
B_only,1000,5000,-0.13447655409950307,-0.0014094271702523638,-0.1330671269292507,200,50
A_only,1000,10000,-0.4378994702599372,-0.01653092336097194,-0.42136854689896525,200,50
hybrid,1000,10000,-0.17769372528235952,-0.01653092336097194,-0.16116280192138757,200,50
B_only,1000,10000,-0.1340997229021655,-0.01653092336097194,-0.11756879954119358,200,50
A_only,1000,2000,-2.0876305278706075,-0.07123766710210508,-2.0163928607685024,500,50
hybrid,1000,2000,-0.7130926567838053,-0.07123766710210508,-0.6418549896817002,500,50
B_only,1000,2000,-0.02664823967130849,-0.07123766710210508,0.044589427430796594,500,50
A_only,1000,5000,-0.11855426162406929,-0.0014094271702523638,-0.11714483445381693,500,50
hybrid,1000,5000,-0.0158182334421437,-0.0014094271702523638,-0.014408806271891337,500,50
B_only,1000,5000,-1.3692501423537202e-07,-0.0014094271702523638,0.0014092902452381285,500,50
A_only,1000,10000,-1.1905441018787,-0.000677201249950961,-1.189866900628749,500,50
hybrid,1000,10000,-0.358422342030095,-0.000677201249950961,-0.357745140780144,500,50
B_only,1000,10000,-0.04004591134565199,-0.000677201249950961,-0.03936871009570103,500,50
A_only,1000,2000,-1.1521955774002495,-0.0017750075215489918,-1.1504205698787004,25,51
hybrid,1000,2000,-0.20525150366896402,-0.0017750075215489918,-0.20347649614741503,25,51
B_only,1000,2000,-0.003564416920065861,-0.0017750075215489918,-0.0017894093985168693,25,51
A_only,1000,5000,-1.3862829582873473,-0.0017750075215489918,-1.3845079507657982,25,51
hybrid,1000,5000,-0.7373930101365361,-0.0017750075215489918,-0.7356180026149871,25,51
B_only,1000,5000,-0.22068004298937385,-0.0017750075215489918,-0.21890503546782486,25,51
A_only,1000,10000,-0.039831658345137154,-0.0017750075215489918,-0.03805665082358816,25,51
hybrid,1000,10000,-0.003017923409833877,-0.0017750075215489918,-0.0012429158882848851,25,51
B_only,1000,10000,-0.05526239293374092,-0.0017750075215489918,-0.053487385412191925,25,51
A_only,1000,2000,-2.058086833199305,-0.034310857636452745,-2.0237759755628524,50,51
hybrid,1000,2000,-1.7002204457366332,-0.034310857636452745,-1.6659095881001804,50,51
B_only,1000,2000,-1.4369297000723196,-0.034310857636452745,-1.4026188424358668,50,51
A_only,1000,5000,-0.3547840745651082,-0.000677201249950961,-0.3541068733151572,50,51
hybrid,1000,5000,-0.07210839275553971,-0.000677201249950961,-0.07143119150558874,50,51
B_only,1000,5000,-0.04818935989548186,-0.000677201249950961,-0.047512158645530905,50,51
A_only,1000,10000,-0.5530540856028513,-0.000677201249950961,-0.5523768843529003,50,51
hybrid,1000,10000,-0.1480408807020603,-0.000677201249950961,-0.14736367945210935,50,51
B_only,1000,10000,-0.012893314594898628,-0.000677201249950961,-0.012216113344947667,50,51
A_only,1000,2000,-1.4523153638272006,-0.01653092336097194,-1.4357844404662288,100,51
hybrid,1000,2000,-0.5026016241124276,-0.01653092336097194,-0.48607070075145564,100,51
B_only,1000,2000,-0.16276423269832968,-0.01653092336097194,-0.14623330933735773,100,51
A_only,1000,5000,-0.9075338674594311,-0.0014094271702523638,-0.9061244402891787,100,51
hybrid,1000,5000,-0.3365999893873392,-0.0014094271702523638,-0.3351905622170868,100,51
B_only,1000,5000,-0.17652275344706939,-0.0014094271702523638,-0.17511332627681703,100,51
A_only,1000,10000,-0.16853193544979087,-0.000677201249950961,-0.1678547341998399,100,51
hybrid,1000,10000,-0.02161706712513577,-0.000677201249950961,-0.02093986587518481,100,51
B_only,1000,10000,-5.0203809860095164e-05,-0.000677201249950961,0.0006269974400908658,100,51
A_only,1000,2000,-1.5205622980457123,-0.0014094271702523638,-1.51915287087546,200,51
hybrid,1000,2000,-0.7066004021876587,-0.0014094271702523638,-0.7051909750174064,200,51
B_only,1000,2000,-0.2698198223944158,-0.0014094271702523638,-0.26841039522416343,200,51
A_only,1000,5000,-0.42754523273075523,-0.016652718459798817,-0.4108925142709564,200,51
hybrid,1000,5000,-0.10198758786846016,-0.016652718459798817,-0.08533486940866133,200,51
B_only,1000,5000,-0.0006635432124858132,-0.016652718459798817,0.015989175247313005,200,51
A_only,1000,10000,-0.5920097533000784,-0.000677201249950961,-0.5913325520501275,200,51
hybrid,1000,10000,-0.19816550453294154,-0.000677201249950961,-0.19748830328299058,200,51
B_only,1000,10000,-0.004883968740283572,-0.000677201249950961,-0.0042067674903326115,200,51
A_only,1000,2000,-1.5314190128594625,-0.10943357822942999,-1.4219854346300325,500,51
hybrid,1000,2000,-0.7780128744086601,-0.10943357822942999,-0.6685792961792301,500,51
B_only,1000,2000,-0.6124436288372462,-0.10943357822942999,-0.5030100506078162,500,51
A_only,1000,5000,-0.6797050835875397,-0.0017750075215489918,-0.6779300760659906,500,51
hybrid,1000,5000,-0.1675960164344657,-0.0017750075215489918,-0.1658210089129167,500,51
B_only,1000,5000,-0.02786288114931998,-0.0017750075215489918,-0.026087873627770986,500,51
A_only,1000,10000,-0.6702376968397584,-0.000677201249950961,-0.6695604955898075,500,51
hybrid,1000,10000,-0.1124402158472775,-0.000677201249950961,-0.11176301459732653,500,51
B_only,1000,10000,-3.699525023985779e-05,-0.000677201249950961,0.0006402059997111032,500,51
A_only,1000,2000,-1.3837418863178272,-0.09677148271081154,-1.2869704036070158,25,52
hybrid,1000,2000,-0.31131650418931756,-0.09677148271081154,-0.21454502147850602,25,52
B_only,1000,2000,-0.007833533478018427,-0.09677148271081154,0.0889379492327931,25,52
A_only,1000,5000,-1.9675704450158795,-0.01653092336097194,-1.9510395216549077,25,52
hybrid,1000,5000,-0.9915997398740142,-0.01653092336097194,-0.9750688165130422,25,52
B_only,1000,5000,-0.0019298502403354166,-0.01653092336097194,0.014601073120636522,25,52
A_only,1000,10000,-1.2482528768675318,-0.000677201249950961,-1.2475756756175809,25,52
hybrid,1000,10000,-1.015263239204376,-0.000677201249950961,-1.014586037954425,25,52
B_only,1000,10000,-2.654905256675064,-0.000677201249950961,-2.654228055425113,25,52
A_only,1000,2000,-1.8393243493780678,-0.01653092336097194,-1.822793426017096,50,52
hybrid,1000,2000,-1.1350785394727776,-0.01653092336097194,-1.1185476161118058,50,52
B_only,1000,2000,-1.529448406891212,-0.01653092336097194,-1.5129174835302401,50,52
A_only,1000,5000,-0.09179153812811947,-0.034310857636452745,-0.05748068049166672,50,52
hybrid,1000,5000,-0.0132576202159093,-0.034310857636452745,0.021053237420543443,50,52
B_only,1000,5000,-1.1653351207509772,-0.034310857636452745,-1.1310242631145244,50,52
A_only,1000,10000,-1.498920414756921,-0.000677201249950961,-1.49824321350697,50,52
hybrid,1000,10000,-1.107697956605779,-0.000677201249950961,-1.107020755355828,50,52
B_only,1000,10000,-1.3790912779705966,-0.000677201249950961,-1.3784140767206456,50,52
A_only,1000,2000,-0.4688788879734773,-0.01653092336097194,-0.45234796461250537,100,52
hybrid,1000,2000,-0.06435052551337285,-0.01653092336097194,-0.047819602152400914,100,52
B_only,1000,2000,-0.037967479444517026,-0.01653092336097194,-0.021436556083545086,100,52
A_only,1000,5000,-0.483197081972779,-0.0014094271702523638,-0.4817876548025266,100,52
hybrid,1000,5000,-0.14503126048503595,-0.0014094271702523638,-0.1436218333147836,100,52
B_only,1000,5000,-0.06425223404377287,-0.0014094271702523638,-0.06284280687352051,100,52
A_only,1000,10000,-0.0029586239177198602,-0.0017750075215489918,-0.0011836163961708684,100,52
hybrid,1000,10000,-0.00017337346565228238,-0.0017750075215489918,0.0016016340558967094,100,52
B_only,1000,10000,-0.014830635892493964,-0.0017750075215489918,-0.013055628370944972,100,52
A_only,1000,2000,-1.12179706611461,-0.000677201249950961,-1.121119864864659,200,52
hybrid,1000,2000,-0.4198480901777246,-0.000677201249950961,-0.41917088892777365,200,52
B_only,1000,2000,-0.27500002616120367,-0.000677201249950961,-0.2743228249112527,200,52
A_only,1000,5000,-0.33563686571267437,-0.000677201249950961,-0.3349596644627234,200,52
hybrid,1000,5000,-0.04220665448945385,-0.000677201249950961,-0.04152945323950289,200,52
B_only,1000,5000,-6.50648062129587e-09,-0.000677201249950961,0.0006771947434703396,200,52
A_only,1000,10000,-1.6398502659716918,-0.000677201249950961,-1.6391730647217408,200,52
hybrid,1000,10000,-0.6431221383165205,-0.000677201249950961,-0.6424449370665696,200,52
B_only,1000,10000,-0.003938856854205197,-0.000677201249950961,-0.003261655604254236,200,52
A_only,1000,2000,-1.7590859147764422,-0.09677148271081154,-1.6623144320656307,500,52
hybrid,1000,2000,-0.4577043549420308,-0.09677148271081154,-0.3609328722312193,500,52
B_only,1000,2000,-0.0011593580969685004,-0.09677148271081154,0.09561212461384304,500,52
A_only,1000,5000,-0.06356570521092927,-0.000677201249950961,-0.06288850396097831,500,52
hybrid,1000,5000,-0.009523192778307779,-0.000677201249950961,-0.008845991528356818,500,52
B_only,1000,5000,-0.000328526425328158,-0.000677201249950961,0.000348674824622803,500,52
A_only,1000,10000,-0.7767007821289691,-0.0014094271702523638,-0.7752913549587167,500,52
hybrid,1000,10000,-0.2109525060835006,-0.0014094271702523638,-0.20954307891324825,500,52
B_only,1000,10000,-0.013955098455066643,-0.0014094271702523638,-0.01254567128481428,500,52
A_only,1000,2000,-1.3478117244237735,-0.018494542316971195,-1.3293171821068024,25,53
hybrid,1000,2000,-0.7108155234457011,-0.018494542316971195,-0.6923209811287299,25,53
B_only,1000,2000,-1.4406354069688896,-0.018494542316971195,-1.4221408646519185,25,53
A_only,1000,5000,-0.6320307979657339,-0.048388414081634995,-0.583642383884099,25,53
hybrid,1000,5000,-0.2851281087804256,-0.048388414081634995,-0.2367396946987906,25,53
B_only,1000,5000,-0.8923440936348784,-0.048388414081634995,-0.8439556795532435,25,53
A_only,1000,10000,-0.14517150843745416,-0.0014094271702523638,-0.1437620812672018,25,53
hybrid,1000,10000,-0.016316404031244815,-0.0014094271702523638,-0.014906976860992452,25,53
B_only,1000,10000,-0.0003876300137030663,-0.0014094271702523638,0.0010217971565492975,25,53
A_only,1000,2000,-1.125582032249671,-0.01653092336097194,-1.1090511088886992,50,53
hybrid,1000,2000,-0.44764410036407354,-0.01653092336097194,-0.4311131770031016,50,53
B_only,1000,2000,-0.5619155695624323,-0.01653092336097194,-0.5453846462014603,50,53
A_only,1000,5000,-1.5871548997627025,-0.0017750075215489918,-1.5853798922411535,50,53
hybrid,1000,5000,-0.8737127029838361,-0.0017750075215489918,-0.871937695462287,50,53
B_only,1000,5000,-0.09558929534979217,-0.0017750075215489918,-0.09381428782824318,50,53
A_only,1000,10000,-0.8952451521302405,-0.0033189882361477573,-0.8919261638940927,50,53
hybrid,1000,10000,-0.469326625634768,-0.0033189882361477573,-0.4660076373986203,50,53
B_only,1000,10000,-1.2717930922337481,-0.0033189882361477573,-1.2684741039976004,50,53
A_only,1000,2000,-0.9155186961133546,-0.0033189882361477573,-0.9121997078772068,100,53
hybrid,1000,2000,-0.42813204544372374,-0.0033189882361477573,-0.424813057207576,100,53
B_only,1000,2000,-0.3232982106082028,-0.0033189882361477573,-0.31997922237205506,100,53
A_only,1000,5000,-1.2166085285759123,-0.0014094271702523638,-1.21519910140566,100,53
hybrid,1000,5000,-0.3194390332761705,-0.0014094271702523638,-0.31802960610591813,100,53
B_only,1000,5000,-0.0009113906959917001,-0.0014094271702523638,0.0004980364742606637,100,53
A_only,1000,10000,-0.4360619653175772,-0.000677201249950961,-0.4353847640676262,100,53
hybrid,1000,10000,-0.14645958125536593,-0.000677201249950961,-0.14578238000541496,100,53
B_only,1000,10000,-0.021851887439510265,-0.000677201249950961,-0.021174686189559304,100,53
A_only,1000,2000,-1.561822890355937,-0.13629847621520946,-1.4255244141407275,200,53
hybrid,1000,2000,-0.7591121021026279,-0.13629847621520946,-0.6228136258874184,200,53
B_only,1000,2000,-0.03207985766567587,-0.13629847621520946,0.1042186185495336,200,53
A_only,1000,5000,-0.09044135701019274,-0.0014094271702523638,-0.08903192983994038,200,53
hybrid,1000,5000,-0.019279209150178084,-0.0014094271702523638,-0.017869781979925718,200,53
B_only,1000,5000,-0.04527351960935566,-0.0014094271702523638,-0.043864092439103296,200,53
A_only,1000,10000,-0.011643087518874898,-0.01653092336097194,0.0048878358420970415,200,53
hybrid,1000,10000,-0.0015366730030921564,-0.01653092336097194,0.014994250357879782,200,53
B_only,1000,10000,-0.5612255734640743,-0.01653092336097194,-0.5446946501031024,200,53
A_only,1000,2000,-0.18934446641068015,-0.02619584115917027,-0.16314862525150986,500,53
hybrid,1000,2000,-0.03797392472090915,-0.02619584115917027,-0.01177808356173888,500,53
B_only,1000,2000,-0.021373587299598023,-0.02619584115917027,0.004822253859572249,500,53
A_only,1000,5000,-1.0766636576720146,-0.000677201249950961,-1.0759864564220636,500,53
hybrid,1000,5000,-0.343475179541744,-0.000677201249950961,-0.34279797829179304,500,53
B_only,1000,5000,-0.0058496988826220375,-0.000677201249950961,-0.005172497632671077,500,53
A_only,1000,10000,-1.399136430169298,-0.0033189882361477573,-1.3958174419331502,500,53
hybrid,1000,10000,-0.3438036176958569,-0.0033189882361477573,-0.34048462945970914,500,53
B_only,1000,10000,-0.0009135338016720855,-0.0033189882361477573,0.002405454434475672,500,53
A_only,1000,2000,-1.212570656745386,-0.01653092336097194,-1.1960397333844142,25,54
hybrid,1000,2000,-0.5520309314151821,-0.01653092336097194,-0.5355000080542102,25,54
B_only,1000,2000,-1.513401591803334,-0.01653092336097194,-1.496870668442362,25,54
A_only,1000,5000,-0.15947842452144192,-0.0033189882361477573,-0.15615943628529416,25,54
hybrid,1000,5000,-0.024594502416614834,-0.0033189882361477573,-0.021275514180467078,25,54
B_only,1000,5000,-0.27051136176289575,-0.0033189882361477573,-0.267192373526748,25,54
A_only,1000,10000,-1.4717536480725324,-0.000677201249950961,-1.4710764468225814,25,54
hybrid,1000,10000,-0.743375745108424,-0.000677201249950961,-0.742698543858473,25,54
B_only,1000,10000,-0.61408277032963,-0.000677201249950961,-0.613405569079679,25,54
A_only,1000,2000,-1.6468746379403094,-0.021107167799241426,-1.625767470141068,50,54
hybrid,1000,2000,-0.920495741888413,-0.021107167799241426,-0.8993885740891716,50,54
B_only,1000,2000,-0.0047819739248072925,-0.021107167799241426,0.016325193874434134,50,54
A_only,1000,5000,-1.4870693608398184,-0.0017750075215489918,-1.4852943533182694,50,54
hybrid,1000,5000,-0.5921336711764448,-0.0017750075215489918,-0.5903586636548958,50,54
B_only,1000,5000,-2.0226367192280897e-05,-0.0017750075215489918,0.001754781154356711,50,54
A_only,1000,10000,-1.5951026451732546,-0.016652718459798817,-1.5784499267134557,50,54
hybrid,1000,10000,-0.28112320216872944,-0.016652718459798817,-0.2644704837089306,50,54
B_only,1000,10000,-3.0569077796077116e-09,-0.016652718459798817,0.01665271540289104,50,54
A_only,1000,2000,-1.6582581149921078,-0.0014094271702523638,-1.6568486878218556,100,54
hybrid,1000,2000,-0.3401011984828687,-0.0014094271702523638,-0.3386917713126163,100,54
B_only,1000,2000,-3.496242751987142e-05,-0.0014094271702523638,0.0013744647427324924,100,54
A_only,1000,5000,-0.24348442235840778,-0.0014094271702523638,-0.24207499518815542,100,54
hybrid,1000,5000,-0.050274985188024104,-0.0014094271702523638,-0.04886555801777174,100,54
B_only,1000,5000,-0.7411091342872528,-0.0014094271702523638,-0.7396997071170004,100,54
A_only,1000,10000,-0.11900638706713922,-0.000677201249950961,-0.11832918581718825,100,54
hybrid,1000,10000,-0.02016645047407641,-0.000677201249950961,-0.019489249224125448,100,54
B_only,1000,10000,-0.08905130062903295,-0.000677201249950961,-0.08837409937908199,100,54
A_only,1000,2000,-1.9457632529945974,-0.0033189882361477573,-1.9424442647584497,200,54
hybrid,1000,2000,-0.9598925235455454,-0.0033189882361477573,-0.9565735353093977,200,54
B_only,1000,2000,-0.39001956100524926,-0.0033189882361477573,-0.3867005727691015,200,54
A_only,1000,5000,-0.8989414799989495,-0.000677201249950961,-0.8982642787489985,200,54
hybrid,1000,5000,-0.3638874718370949,-0.000677201249950961,-0.36321027058714395,200,54
B_only,1000,5000,-0.0008474477272290589,-0.000677201249950961,-0.00017024647727809789,200,54
A_only,1000,10000,-1.749875052252169,-0.016652718459798817,-1.7332223337923702,200,54
hybrid,1000,10000,-0.6944176960313087,-0.016652718459798817,-0.6777649775715099,200,54
B_only,1000,10000,-0.0008513949871907802,-0.016652718459798817,0.01580132347260804,200,54
A_only,1000,2000,-2.044563535824882,-0.06997887129157059,-1.9745846645333114,500,54
hybrid,1000,2000,-0.38988249249916074,-0.06997887129157059,-0.31990362120759014,500,54
B_only,1000,2000,-0.03872196715410411,-0.06997887129157059,0.03125690413746648,500,54
A_only,1000,5000,-0.12519179341104958,-0.0017750075215489918,-0.12341678588950059,500,54
hybrid,1000,5000,-0.043024500460502546,-0.0017750075215489918,-0.04124949293895355,500,54
B_only,1000,5000,-0.26106826820113765,-0.0017750075215489918,-0.2592932606795887,500,54
A_only,1000,10000,-1.1792470418971168,-0.000677201249950961,-1.1785698406471659,500,54
hybrid,1000,10000,-0.3317440952155344,-0.000677201249950961,-0.3310668939655834,500,54
B_only,1000,10000,-5.0918991435000804e-05,-0.000677201249950961,0.0006262822585159602,500,54
A_only,1000,2000,-1.5379702579285106,-0.018494542316971195,-1.5194757156115395,25,55
hybrid,1000,2000,-0.6183923771816794,-0.018494542316971195,-0.5998978348647082,25,55
B_only,1000,2000,-0.010157342664624454,-0.018494542316971195,0.00833719965234674,25,55
A_only,1000,5000,-1.3331042411588583,-0.034310857636452745,-1.2987933835224055,25,55
hybrid,1000,5000,-0.7694722678753233,-0.034310857636452745,-0.7351614102388706,25,55
B_only,1000,5000,-0.03814796379541683,-0.034310857636452745,-0.003837106158964085,25,55
A_only,1000,10000,-0.31862753589993525,-0.0014094271702523638,-0.31721810872968287,25,55
hybrid,1000,10000,-0.03664996282862788,-0.0014094271702523638,-0.03524053565837552,25,55
B_only,1000,10000,-0.00016813457187044627,-0.0014094271702523638,0.0012412925983819175,25,55
A_only,1000,2000,-1.1832177792382648,-0.021107167799241426,-1.1621106114390234,50,55
hybrid,1000,2000,-0.3288649870152212,-0.021107167799241426,-0.3077578192159798,50,55
B_only,1000,2000,-0.24916256390366898,-0.021107167799241426,-0.22805539610442754,50,55
A_only,1000,5000,-1.7557049101357447,-0.000677201249950961,-1.7550277088857937,50,55
hybrid,1000,5000,-0.6184795604090411,-0.000677201249950961,-0.6178023591590901,50,55
B_only,1000,5000,-0.029367095747145064,-0.000677201249950961,-0.028689894497194102,50,55
A_only,1000,10000,-1.3026879066761565,-0.0014094271702523638,-1.3012784795059043,50,55
hybrid,1000,10000,-0.7563538139346582,-0.0014094271702523638,-0.7549443867644058,50,55
B_only,1000,10000,-0.6804362806493175,-0.0014094271702523638,-0.6790268534790651,50,55
A_only,1000,2000,-1.5678166800656783,-0.1111690382606413,-1.456647641805037,100,55
hybrid,1000,2000,-0.2309885500448958,-0.1111690382606413,-0.1198195117842545,100,55
B_only,1000,2000,-2.1385251930861713e-08,-0.1111690382606413,0.11116901687538937,100,55
A_only,1000,5000,-0.6267638281523746,-0.0014094271702523638,-0.6253544009821222,100,55
hybrid,1000,5000,-0.1677727195402019,-0.0014094271702523638,-0.16636329236994954,100,55
B_only,1000,5000,-0.011935344751346461,-0.0014094271702523638,-0.010525917581094097,100,55
A_only,1000,10000,-0.24816709615537064,-0.0014094271702523638,-0.24675766898511828,100,55
hybrid,1000,10000,-0.06639520145653417,-0.0014094271702523638,-0.06498577428628181,100,55
B_only,1000,10000,-0.00044908807760064357,-0.0014094271702523638,0.0009603390926517202,100,55
A_only,1000,2000,-0.8382291934640184,-0.034310857636452745,-0.8039183358275657,200,55
hybrid,1000,2000,-0.14331970764679694,-0.034310857636452745,-0.10900885001034419,200,55
B_only,1000,2000,-0.006940065332892017,-0.034310857636452745,0.027370792303560727,200,55
A_only,1000,5000,-0.3621884861758721,-0.01653092336097194,-0.3456575628149002,200,55
hybrid,1000,5000,-0.11376921493238071,-0.01653092336097194,-0.09723829157140877,200,55
B_only,1000,5000,-0.22038414161934614,-0.01653092336097194,-0.20385321825837419,200,55
A_only,1000,10000,-1.2211949346482307,-0.000677201249950961,-1.2205177333982797,200,55
hybrid,1000,10000,-0.45785221427456996,-0.000677201249950961,-0.457175013024619,200,55
B_only,1000,10000,-0.017267976357551455,-0.000677201249950961,-0.016590775107600493,200,55
A_only,1000,2000,-1.8882014834187357,-0.034310857636452745,-1.853890625782283,500,55
hybrid,1000,2000,-0.5922178572337419,-0.034310857636452745,-0.5579069995972892,500,55
B_only,1000,2000,-0.14854124781057151,-0.034310857636452745,-0.11423039017411876,500,55
A_only,1000,5000,-1.2893916659009688,-0.04467924927401707,-1.2447124166269516,500,55
hybrid,1000,5000,-0.12533973955880112,-0.04467924927401707,-0.08066049028478406,500,55
B_only,1000,5000,-8.737818161406894e-07,-0.04467924927401707,0.04467837549220093,500,55
A_only,1000,10000,-0.6501709435249087,-0.01653092336097194,-0.6336400201639367,500,55
hybrid,1000,10000,-0.13242920299618618,-0.01653092336097194,-0.11589827963521425,500,55
B_only,1000,10000,-5.317977491423543e-05,-0.01653092336097194,0.016477743586057705,500,55
A_only,1000,2000,-2.302671870708979,-0.04467924927401707,-2.257992621434962,25,56
hybrid,1000,2000,-0.7583926100186841,-0.04467924927401707,-0.713713360744667,25,56
B_only,1000,2000,-1.3040022546304013,-0.04467924927401707,-1.2593230053563842,25,56
A_only,1000,5000,-0.080151479763386,-0.0014094271702523638,-0.07874205259313365,25,56
hybrid,1000,5000,-0.004545540342010722,-0.0014094271702523638,-0.003136113171758358,25,56
B_only,1000,5000,-1.1334654528171284,-0.0014094271702523638,-1.1320560256468761,25,56
A_only,1000,10000,-1.7513451712356005,-0.000677201249950961,-1.7506679699856496,25,56
hybrid,1000,10000,-0.9041836249778358,-0.000677201249950961,-0.9035064237278848,25,56
B_only,1000,10000,-0.01710493855222037,-0.000677201249950961,-0.01642773730226941,25,56
A_only,1000,2000,-1.2586537177962014,-0.021107167799241426,-1.23754654999696,50,56
hybrid,1000,2000,-0.37996334642727714,-0.021107167799241426,-0.3588561786280357,50,56
B_only,1000,2000,-0.23234486474613408,-0.021107167799241426,-0.21123769694689265,50,56
A_only,1000,5000,-1.2705772434449698,-0.000677201249950961,-1.2699000421950188,50,56
hybrid,1000,5000,-0.979626177173618,-0.000677201249950961,-0.978948975923667,50,56
B_only,1000,5000,-0.25249636662540326,-0.000677201249950961,-0.2518191653754523,50,56
A_only,1000,10000,-0.5832089491800616,-0.000677201249950961,-0.5825317479301106,50,56
hybrid,1000,10000,-0.21009607090950613,-0.000677201249950961,-0.20941886965955517,50,56
B_only,1000,10000,-0.020722659411834696,-0.000677201249950961,-0.020045458161883734,50,56
A_only,1000,2000,-0.613265449185676,-0.10953837757218061,-0.5037270716134954,100,56
hybrid,1000,2000,-0.13899052005702803,-0.10953837757218061,-0.029452142484847413,100,56
B_only,1000,2000,-0.011437270306494305,-0.10953837757218061,0.09810110726568631,100,56
A_only,1000,5000,-0.13313531170198528,-0.021107167799241426,-0.11202814390274385,100,56
hybrid,1000,5000,-0.021803350847178677,-0.021107167799241426,-0.0006961830479372509,100,56
B_only,1000,5000,-0.17031955240666422,-0.021107167799241426,-0.14921238460742278,100,56
A_only,1000,10000,-0.7224809645587245,-0.0014094271702523638,-0.7210715373884721,100,56
hybrid,1000,10000,-0.4937461838450927,-0.0014094271702523638,-0.49233675667484034,100,56
B_only,1000,10000,-0.09350401919076928,-0.0014094271702523638,-0.09209459202051692,100,56
A_only,1000,2000,-0.7315616984496457,-0.018494542316971195,-0.7130671561326745,200,56
hybrid,1000,2000,-0.26202625008646513,-0.018494542316971195,-0.24353170776949393,200,56
B_only,1000,2000,-0.050855681453214535,-0.018494542316971195,-0.03236113913624334,200,56
A_only,1000,5000,-1.0518801290781465,-0.000677201249950961,-1.0512029278281956,200,56
hybrid,1000,5000,-0.21777328068422272,-0.000677201249950961,-0.21709607943427175,200,56
B_only,1000,5000,-0.008187984314295868,-0.000677201249950961,-0.007510783064344907,200,56
A_only,1000,10000,-0.061119236321865854,-0.0014094271702523638,-0.05970980915161349,200,56
hybrid,1000,10000,-0.012780932811114844,-0.0014094271702523638,-0.01137150564086248,200,56
B_only,1000,10000,-0.2062082393540087,-0.0014094271702523638,-0.20479881218375634,200,56
A_only,1000,2000,-2.7927155222273337,-0.016652718459798817,-2.776062803767535,500,56
hybrid,1000,2000,-0.5975653796551207,-0.016652718459798817,-0.5809126611953219,500,56
B_only,1000,2000,-0.02455705755510928,-0.016652718459798817,-0.007904339095310464,500,56
A_only,1000,5000,-0.5272207172548528,-0.000677201249950961,-0.5265435160049018,500,56
hybrid,1000,5000,-0.09848436950971454,-0.000677201249950961,-0.09780716825976357,500,56
B_only,1000,5000,-0.0006436194044162849,-0.000677201249950961,3.3581845534676105e-05,500,56
A_only,1000,10000,-1.1820043386841395,-0.000677201249950961,-1.1813271374341885,500,56
hybrid,1000,10000,-0.2188843370162629,-0.000677201249950961,-0.21820713576631193,500,56
B_only,1000,10000,-0.0035559377328661735,-0.000677201249950961,-0.0028787364829152124,500,56
A_only,1000,2000,-0.7873776161978827,-0.016652718459798817,-0.770724897738084,25,57
hybrid,1000,2000,-0.48232556353569805,-0.016652718459798817,-0.46567284507589923,25,57
B_only,1000,2000,-0.50734438577261,-0.016652718459798817,-0.49069166731281116,25,57
A_only,1000,5000,-0.6431946397186773,-0.0014094271702523638,-0.6417852125484249,25,57
hybrid,1000,5000,-0.2891936523931976,-0.0014094271702523638,-0.2877842252229452,25,57
B_only,1000,5000,-0.20230492964337085,-0.0014094271702523638,-0.2008955024731185,25,57
A_only,1000,10000,-0.3157699179563546,-0.0014094271702523638,-0.31436049078610223,25,57
hybrid,1000,10000,-0.08773540458269338,-0.0014094271702523638,-0.08632597741244102,25,57
B_only,1000,10000,-0.21612702691267527,-0.0014094271702523638,-0.2147175997424229,25,57
A_only,1000,2000,-1.8232292293127828,-0.136118387533595,-1.6871108417791878,50,57
hybrid,1000,2000,-0.8200631075167051,-0.136118387533595,-0.6839447199831101,50,57
B_only,1000,2000,-0.016144963799522797,-0.136118387533595,0.11997342373407222,50,57
A_only,1000,5000,-2.1117649751384397,-0.01653092336097194,-2.0952340517774677,50,57
hybrid,1000,5000,-0.830823257829188,-0.01653092336097194,-0.814292334468216,50,57
B_only,1000,5000,-0.014163227863012252,-0.01653092336097194,0.002367695497959687,50,57
A_only,1000,10000,-1.4062998478416107,-0.000677201249950961,-1.4056226465916597,50,57
hybrid,1000,10000,-0.6856542439513201,-0.000677201249950961,-0.6849770427013692,50,57
B_only,1000,10000,-0.025064791002898292,-0.000677201249950961,-0.02438758975294733,50,57
A_only,1000,2000,-1.5578749994503183,-0.0014094271702523638,-1.556465572280066,100,57
hybrid,1000,2000,-0.5992524608353854,-0.0014094271702523638,-0.597843033665133,100,57
B_only,1000,2000,-3.287400609365195e-06,-0.0014094271702523638,0.0014061397696429987,100,57
A_only,1000,5000,-1.2739139952377472,-0.0017750075215489918,-1.2721389877161982,100,57
hybrid,1000,5000,-0.8291923130131454,-0.0017750075215489918,-0.8274173054915964,100,57
B_only,1000,5000,-0.9487772698387001,-0.0017750075215489918,-0.9470022623171511,100,57
A_only,1000,10000,-0.003534621907499624,-0.0033189882361477573,-0.0002156336713518667,100,57
hybrid,1000,10000,-0.00012319707668816173,-0.0033189882361477573,0.0031957911594595956,100,57
B_only,1000,10000,-0.3442040122772038,-0.0033189882361477573,-0.3408850240410561,100,57
A_only,1000,2000,-0.2233677496615826,-0.2080189683984519,-0.01534878126313069,200,57
hybrid,1000,2000,-0.03373525014273045,-0.2080189683984519,0.17428371825572148,200,57
B_only,1000,2000,-0.3367746462198292,-0.2080189683984519,-0.1287556778213773,200,57
A_only,1000,5000,-0.969306250181935,-0.0014094271702523638,-0.9678968230116826,200,57
hybrid,1000,5000,-0.5052812804111467,-0.0014094271702523638,-0.5038718532408943,200,57
B_only,1000,5000,-0.024006959748654858,-0.0014094271702523638,-0.022597532578402496,200,57
A_only,1000,10000,-1.0814016450577713,-0.0033189882361477573,-1.0780826568216235,200,57
hybrid,1000,10000,-0.293029739249441,-0.0033189882361477573,-0.28971075101329324,200,57
B_only,1000,10000,-0.0007641017133579169,-0.0033189882361477573,0.00255488652278984,200,57
A_only,1000,2000,-1.0641799800301797,-0.0033189882361477573,-1.060860991794032,500,57
hybrid,1000,2000,-0.14751586199657343,-0.0033189882361477573,-0.14419687376042567,500,57
B_only,1000,2000,-2.3717144861048968e-05,-0.0033189882361477573,0.0032952710912867085,500,57
A_only,1000,5000,-1.3822975474142796,-0.0033189882361477573,-1.3789785591781318,500,57
hybrid,1000,5000,-0.3490895629846368,-0.0033189882361477573,-0.34577057474848905,500,57
B_only,1000,5000,-0.003674828321078265,-0.0033189882361477573,-0.00035584008493050757,500,57
A_only,1000,10000,-1.2150413107329576,-0.000677201249950961,-1.2143641094830067,500,57
hybrid,1000,10000,-0.6276707615969652,-0.000677201249950961,-0.6269935603470143,500,57
B_only,1000,10000,-0.15458120714974002,-0.000677201249950961,-0.15390400589978906,500,57
A_only,1000,2000,-2.1358801989500047,-0.018494542316971195,-2.1173856566330334,25,58
hybrid,1000,2000,-0.488591616497496,-0.018494542316971195,-0.4700970741805248,25,58
B_only,1000,2000,-1.102955294414863e-09,-0.018494542316971195,0.018494541214015902,25,58
A_only,1000,5000,-0.09280940616082915,-0.0442296682476969,-0.048579737913132255,25,58
hybrid,1000,5000,-0.01178164534089104,-0.0442296682476969,0.03244802290680586,25,58
B_only,1000,5000,-0.0684892090347568,-0.0442296682476969,-0.024259540787059906,25,58
A_only,1000,10000,-1.3275530785742606,-0.0014094271702523638,-1.3261436514040084,25,58
hybrid,1000,10000,-0.5277083648377673,-0.0014094271702523638,-0.5262989376675149,25,58
B_only,1000,10000,-1.4499897755601375e-06,-0.0014094271702523638,0.0014079771804768038,25,58
A_only,1000,2000,-0.9570821201271961,-0.1921843274312716,-0.7648977926959245,50,58
hybrid,1000,2000,-0.4338009697137838,-0.1921843274312716,-0.2416166422825122,50,58
B_only,1000,2000,-1.1124166760057363,-0.1921843274312716,-0.9202323485744648,50,58
A_only,1000,5000,-0.3235317602686592,-0.018494542316971195,-0.30503721795168803,50,58
hybrid,1000,5000,-0.07756879547080966,-0.018494542316971195,-0.05907425315383847,50,58
B_only,1000,5000,-0.308653228948122,-0.018494542316971195,-0.29015868663115085,50,58
A_only,1000,10000,-1.007001105886724,-0.0014094271702523638,-1.0055916787164718,50,58
hybrid,1000,10000,-0.49002813067457496,-0.0014094271702523638,-0.48861870350432257,50,58
B_only,1000,10000,-0.07370205625126065,-0.0014094271702523638,-0.0722926290810083,50,58
A_only,1000,2000,-2.5570256369842266,-0.018494542316971195,-2.5385310946672552,100,58
hybrid,1000,2000,-1.5273553537272444,-0.018494542316971195,-1.5088608114102733,100,58
B_only,1000,2000,-0.040571684158584864,-0.018494542316971195,-0.02207714184161367,100,58
A_only,1000,5000,-0.8148894159588962,-0.0017750075215489918,-0.8131144084373472,100,58
hybrid,1000,5000,-0.3225984942882642,-0.0017750075215489918,-0.32082348676671524,100,58
B_only,1000,5000,-0.15109383770936388,-0.0017750075215489918,-0.1493188301878149,100,58
A_only,1000,10000,-0.6833622678059741,-0.000677201249950961,-0.6826850665560231,100,58
hybrid,1000,10000,-0.22959250624586516,-0.000677201249950961,-0.2289153049959142,100,58
B_only,1000,10000,-0.0023963288610409695,-0.000677201249950961,-0.0017191276110900084,100,58
A_only,1000,2000,-2.1243869659719374,-0.018494542316971195,-2.105892423654966,200,58
hybrid,1000,2000,-1.1454888310283617,-0.018494542316971195,-1.1269942887113906,200,58
B_only,1000,2000,-0.1696238554647267,-0.018494542316971195,-0.1511293131477555,200,58
A_only,1000,5000,-0.8161240530540309,-0.06997887129157059,-0.7461451817624604,200,58
hybrid,1000,5000,-0.3543346217095625,-0.06997887129157059,-0.2843557504179919,200,58
B_only,1000,5000,-0.805607732593876,-0.06997887129157059,-0.7356288613023054,200,58
A_only,1000,10000,-0.12785938507785288,-0.0033189882361477573,-0.12454039684170512,200,58
hybrid,1000,10000,-0.035329760648440386,-0.0033189882361477573,-0.03201077241229263,200,58
B_only,1000,10000,-0.18687926380673478,-0.0033189882361477573,-0.18356027557058702,200,58
A_only,1000,2000,-1.4549069835738755,-0.01653092336097194,-1.4383760602129037,500,58
hybrid,1000,2000,-0.44716206941071934,-0.01653092336097194,-0.4306311460497474,500,58
B_only,1000,2000,-0.05674885354852994,-0.01653092336097194,-0.040217930187557996,500,58
A_only,1000,5000,-0.7409019395429077,-0.0017750075215489918,-0.7391269320213587,500,58
hybrid,1000,5000,-0.16228206597492376,-0.0017750075215489918,-0.16050705845337476,500,58
B_only,1000,5000,-0.0037585379795868215,-0.0017750075215489918,-0.0019835304580378297,500,58
A_only,1000,10000,-2.019083053244178,-0.000677201249950961,-2.018405851994227,500,58
hybrid,1000,10000,-0.7010182242381022,-0.000677201249950961,-0.7003410229881513,500,58
B_only,1000,10000,-0.04112125479209231,-0.000677201249950961,-0.04044405354214135,500,58
A_only,1000,2000,-0.4288285605671722,-0.000677201249950961,-0.42815135931722126,25,59
hybrid,1000,2000,-0.048786441260658474,-0.000677201249950961,-0.048109240010707516,25,59
B_only,1000,2000,-0.007304341407472136,-0.000677201249950961,-0.006627140157521175,25,59
A_only,1000,5000,-1.6810843409558616,-0.018494542316971195,-1.6625897986388904,25,59
hybrid,1000,5000,-0.761043023676412,-0.018494542316971195,-0.7425484813594407,25,59
B_only,1000,5000,-0.14554985671901988,-0.018494542316971195,-0.12705531440204867,25,59
A_only,1000,10000,-1.2307051259266817,-0.000677201249950961,-1.2300279246767307,25,59
hybrid,1000,10000,-0.43717260884420783,-0.000677201249950961,-0.43649540759425687,25,59
B_only,1000,10000,-0.00026218532044720584,-0.000677201249950961,0.00041501592950375513,25,59
A_only,1000,2000,-1.853391990419147,-0.0017750075215489918,-1.851616982897598,50,59
hybrid,1000,2000,-0.9255496136271459,-0.0017750075215489918,-0.9237746061055969,50,59
B_only,1000,2000,-0.21497854536716826,-0.0017750075215489918,-0.21320353784561927,50,59
A_only,1000,5000,-0.86078916187484,-0.01653092336097194,-0.844258238513868,50,59
hybrid,1000,5000,-0.3387890645498355,-0.01653092336097194,-0.32225814118886353,50,59
B_only,1000,5000,-0.037550417230150186,-0.01653092336097194,-0.021019493869178247,50,59
A_only,1000,10000,-0.8493027153916394,-0.0014094271702523638,-0.847893288221387,50,59
hybrid,1000,10000,-0.3684459486672605,-0.0014094271702523638,-0.3670365214970081,50,59
B_only,1000,10000,-0.2772405894347503,-0.0014094271702523638,-0.2758311622644979,50,59
A_only,1000,2000,-0.5291518700892959,-0.07123766710210508,-0.45791420298719077,100,59
hybrid,1000,2000,-0.12888097176282973,-0.07123766710210508,-0.05764330466072465,100,59
B_only,1000,2000,-0.7638252498503003,-0.07123766710210508,-0.6925875827481952,100,59
A_only,1000,5000,-0.2999096004901004,-0.0017750075215489918,-0.29813459296855144,100,59
hybrid,1000,5000,-0.038632707742090364,-0.0017750075215489918,-0.03685770022054137,100,59
B_only,1000,5000,-0.009289281056345841,-0.0017750075215489918,-0.007514273534796849,100,59
A_only,1000,10000,-0.8692907899959492,-0.0033189882361477573,-0.8659718017598015,100,59
hybrid,1000,10000,-0.14347514774165446,-0.0033189882361477573,-0.1401561595055067,100,59
B_only,1000,10000,-8.603774932280381e-05,-0.0033189882361477573,0.0032329504868249537,100,59
A_only,1000,2000,-1.8782387999843293,-0.2080189683984519,-1.6702198315858774,200,59
hybrid,1000,2000,-0.7519575428712694,-0.2080189683984519,-0.5439385744728175,200,59
B_only,1000,2000,-0.2671161260575403,-0.2080189683984519,-0.059097157659088406,200,59
A_only,1000,5000,-2.4006953653704906,-0.000677201249950961,-2.4000181641205396,200,59
hybrid,1000,5000,-0.9049088052501643,-0.000677201249950961,-0.9042316040002133,200,59
B_only,1000,5000,-0.0008477420806600535,-0.000677201249950961,-0.0001705408307090925,200,59
A_only,1000,10000,-1.9053885566477569,-0.0014094271702523638,-1.9039791294775046,200,59
hybrid,1000,10000,-0.49307430907721994,-0.0014094271702523638,-0.49166488190696755,200,59
B_only,1000,10000,-2.0270040202096114e-06,-0.0014094271702523638,0.0014074001662321542,200,59
A_only,1000,2000,-1.122391360654627,-0.09677148271081154,-1.0256198779438155,500,59
hybrid,1000,2000,-0.2920991708700794,-0.09677148271081154,-0.19532768815926788,500,59
B_only,1000,2000,-0.013503948715720176,-0.09677148271081154,0.08326753399509136,500,59
A_only,1000,5000,-1.5243854861125574,-0.0017750075215489918,-1.5226104785910084,500,59
hybrid,1000,5000,-0.5918683287504123,-0.0017750075215489918,-0.5900933212288633,500,59
B_only,1000,5000,-0.042490992045032365,-0.0017750075215489918,-0.04071598452348337,500,59
A_only,1000,10000,-1.3458463012824022,-0.000677201249950961,-1.3451691000324513,500,59
hybrid,1000,10000,-0.6501064923784532,-0.000677201249950961,-0.6494292911285022,500,59
B_only,1000,10000,-0.361337309134825,-0.000677201249950961,-0.360660107884874,500,59
A_only,1000,2000,-0.9456634909982418,-0.06997887129157059,-0.8756846197066712,25,60
hybrid,1000,2000,-0.30869338505023014,-0.06997887129157059,-0.23871451375865954,25,60
B_only,1000,2000,-0.0029841805313391605,-0.06997887129157059,0.06699469076023143,25,60
A_only,1000,5000,-0.6234173653057662,-0.01653092336097194,-0.6068864419447942,25,60
hybrid,1000,5000,-0.2283847122647389,-0.01653092336097194,-0.21185378890376694,25,60
B_only,1000,5000,-0.27229188001443694,-0.01653092336097194,-0.255760956653465,25,60
A_only,1000,10000,-1.5812795242209094,-0.0017750075215489918,-1.5795045166993604,25,60
hybrid,1000,10000,-1.076328746339412,-0.0017750075215489918,-1.074553738817863,25,60
B_only,1000,10000,-0.0008851738317288659,-0.0017750075215489918,0.000889833689820126,25,60
A_only,1000,2000,-0.7569240107739872,-0.06997887129157059,-0.6869451394824166,50,60
hybrid,1000,2000,-0.21652416730268656,-0.06997887129157059,-0.146545296011116,50,60
B_only,1000,2000,-0.10717208520894743,-0.06997887129157059,-0.037193213917376844,50,60
A_only,1000,5000,-0.3794078120952877,-0.02619584115917027,-0.3532119709361174,50,60
hybrid,1000,5000,-0.07068106612193437,-0.02619584115917027,-0.044485224962764094,50,60
B_only,1000,5000,-0.00029724555663676155,-0.02619584115917027,0.02589859560253351,50,60
A_only,1000,10000,-1.7175311143507264,-0.016652718459798817,-1.7008783958909275,50,60
hybrid,1000,10000,-0.47841037361498007,-0.016652718459798817,-0.46175765515518125,50,60
B_only,1000,10000,-0.0004779007488789335,-0.016652718459798817,0.016174817710919883,50,60
A_only,1000,2000,-0.9202796786377406,-0.0017750075215489918,-0.9185046711161916,100,60
hybrid,1000,2000,-0.29478906065369653,-0.0017750075215489918,-0.29301405313214757,100,60
B_only,1000,2000,-0.3245246871289769,-0.0017750075215489918,-0.32274967960742795,100,60
A_only,1000,5000,-1.8151140491534394,-0.016652718459798817,-1.7984613306936406,100,60
hybrid,1000,5000,-1.05751684807542,-0.016652718459798817,-1.0408641296156211,100,60
B_only,1000,5000,-0.848025213718253,-0.016652718459798817,-0.8313724952584542,100,60
A_only,1000,10000,-1.1382689250780929,-0.0014094271702523638,-1.1368594979078406,100,60
hybrid,1000,10000,-0.6031670454383236,-0.0014094271702523638,-0.6017576182680712,100,60
B_only,1000,10000,-0.1825045117328051,-0.0014094271702523638,-0.18109508456255274,100,60
A_only,1000,2000,-1.59715625790328,-0.000677201249950961,-1.5964790566533291,200,60
hybrid,1000,2000,-0.5212440905895773,-0.000677201249950961,-0.5205668893396264,200,60
B_only,1000,2000,-0.02180321557242015,-0.000677201249950961,-0.02112601432246919,200,60
A_only,1000,5000,-0.8757527898313864,-0.034310857636452745,-0.8414419321949337,200,60
hybrid,1000,5000,-0.45136129359149874,-0.034310857636452745,-0.417050435955046,200,60
B_only,1000,5000,-0.19653673252222872,-0.034310857636452745,-0.16222587488577597,200,60
A_only,1000,10000,-0.4896104004404645,-0.000677201249950961,-0.48893319919051353,200,60
hybrid,1000,10000,-0.07779773858038955,-0.000677201249950961,-0.07712053733043858,200,60
B_only,1000,10000,-0.005242896269795437,-0.000677201249950961,-0.004565695019844477,200,60
A_only,1000,2000,-1.5985214854832235,-0.0442296682476969,-1.5542918172355267,500,60
hybrid,1000,2000,-0.2648782692727465,-0.0442296682476969,-0.2206486010250496,500,60
B_only,1000,2000,-0.001296451346882848,-0.0442296682476969,0.04293321690081405,500,60
A_only,1000,5000,-0.894096566068008,-0.0033189882361477573,-0.8907775778318603,500,60
hybrid,1000,5000,-0.21575466858617426,-0.0033189882361477573,-0.2124356803500265,500,60
B_only,1000,5000,-0.05165599583641299,-0.0033189882361477573,-0.048337007600265235,500,60
A_only,1000,10000,-0.16710148164980146,-0.0014094271702523638,-0.1656920544795491,500,60
hybrid,1000,10000,-0.030794618315774194,-0.0014094271702523638,-0.02938519114552183,500,60
B_only,1000,10000,-0.0044182798329446635,-0.0014094271702523638,-0.0030088526626922997,500,60
A_only,1000,2000,-1.8041768108577934,-0.01653092336097194,-1.7876458874968215,25,61
hybrid,1000,2000,-0.46118649877342643,-0.01653092336097194,-0.4446555754124545,25,61
B_only,1000,2000,-0.002162158310860311,-0.01653092336097194,0.014368765050111629,25,61
A_only,1000,5000,-0.0690378603924365,-0.0017750075215489918,-0.06726285287088751,25,61
hybrid,1000,5000,-0.004479173220363847,-0.0017750075215489918,-0.0027041656988148555,25,61
B_only,1000,5000,-0.05399230005233166,-0.0017750075215489918,-0.052217292530782666,25,61
A_only,1000,10000,-1.4754124984984727,-0.01653092336097194,-1.4588815751375008,25,61
hybrid,1000,10000,-1.0694030582210658,-0.01653092336097194,-1.052872134860094,25,61
B_only,1000,10000,-0.9927915317285589,-0.01653092336097194,-0.976260608367587,25,61
A_only,1000,2000,-0.6423779371940501,-0.0014094271702523638,-0.6409685100237977,50,61
hybrid,1000,2000,-0.17152217840747896,-0.0014094271702523638,-0.1701127512372266,50,61
B_only,1000,2000,-0.24182447644438484,-0.0014094271702523638,-0.2404150492741325,50,61
A_only,1000,5000,-1.1610723967794414,-0.000677201249950961,-1.1603951955294904,50,61
hybrid,1000,5000,-0.20523341356030256,-0.000677201249950961,-0.2045562123103516,50,61
B_only,1000,5000,-3.1743117253575065e-10,-0.000677201249950961,0.0006772009325197885,50,61
A_only,1000,10000,-0.13323867738875597,-0.0017750075215489918,-0.13146366986720698,50,61
hybrid,1000,10000,-0.029805134685496316,-0.0017750075215489918,-0.028030127163947323,50,61
B_only,1000,10000,-0.10846923294537117,-0.0017750075215489918,-0.10669422542382218,50,61
A_only,1000,2000,-1.53474829325183,-0.0017750075215489918,-1.532973285730281,100,61
hybrid,1000,2000,-0.8731199000906441,-0.0017750075215489918,-0.8713448925690951,100,61
B_only,1000,2000,-0.7895383693970875,-0.0017750075215489918,-0.7877633618755385,100,61
A_only,1000,5000,-1.0274832236749964,-0.0014094271702523638,-1.0260737965047442,100,61
hybrid,1000,5000,-0.5598203623483696,-0.0014094271702523638,-0.5584109351781172,100,61
B_only,1000,5000,-0.25110841342286067,-0.0014094271702523638,-0.2496989862526083,100,61
A_only,1000,10000,-0.8062844154040362,-0.0014094271702523638,-0.8048749882337838,100,61
hybrid,1000,10000,-0.3365013565610416,-0.0014094271702523638,-0.3350919293907892,100,61
B_only,1000,10000,-0.04034089003244742,-0.0014094271702523638,-0.03893146286219505,100,61
A_only,1000,2000,-0.5106742140658959,-0.018494542316971195,-0.4921796717489247,200,61
hybrid,1000,2000,-0.15225254402092822,-0.018494542316971195,-0.13375800170395702,200,61
B_only,1000,2000,-0.6574747864963573,-0.018494542316971195,-0.638980244179386,200,61
A_only,1000,5000,-1.007141916451295,-0.016652718459798817,-0.9904891979914962,200,61
hybrid,1000,5000,-0.28916468354193975,-0.016652718459798817,-0.27251196508214093,200,61
B_only,1000,5000,-0.010330305105638078,-0.016652718459798817,0.00632241335416074,200,61
A_only,1000,10000,-2.164189686316,-0.0033189882361477573,-2.160870698079852,200,61
hybrid,1000,10000,-0.6751244552354637,-0.0033189882361477573,-0.671805466999316,200,61
B_only,1000,10000,-0.0002674132481347114,-0.0033189882361477573,0.003051574988013046,200,61
A_only,1000,2000,-0.8413757444297701,-0.000677201249950961,-0.8406985431798192,500,61
hybrid,1000,2000,-0.20171227010310666,-0.000677201249950961,-0.2010350688531557,500,61
B_only,1000,2000,-0.0009927493102776385,-0.000677201249950961,-0.0003155480603266775,500,61
A_only,1000,5000,-1.2271016110375925,-0.034310857636452745,-1.1927907534011397,500,61
hybrid,1000,5000,-0.4284931074762707,-0.034310857636452745,-0.3941822498398179,500,61
B_only,1000,5000,-0.010774810279357767,-0.034310857636452745,0.023536047357094976,500,61
A_only,1000,10000,-0.6498168036987808,-0.000677201249950961,-0.6491396024488298,500,61
hybrid,1000,10000,-0.1831849429370501,-0.000677201249950961,-0.18250774168709913,500,61
B_only,1000,10000,-0.011032932486617113,-0.000677201249950961,-0.010355731236666152,500,61
A_only,1000,2000,-0.6310591018425586,-0.04467924927401707,-0.5863798525685415,25,62
hybrid,1000,2000,-0.05679667372823938,-0.04467924927401707,-0.012117424454222307,25,62
B_only,1000,2000,-0.01370517761643844,-0.04467924927401707,0.03097407165757863,25,62
A_only,1000,5000,-0.15606744670840403,-0.000677201249950961,-0.15539024545845306,25,62
hybrid,1000,5000,-0.020011044403257978,-0.000677201249950961,-0.019333843153307016,25,62
B_only,1000,5000,-0.19957713861458606,-0.000677201249950961,-0.1988999373646351,25,62
A_only,1000,10000,-0.05925658915074071,-0.000677201249950961,-0.05857938790078975,25,62
hybrid,1000,10000,-0.007687120304449196,-0.000677201249950961,-0.007009919054498236,25,62
B_only,1000,10000,-1.24276781082528,-0.000677201249950961,-1.242090609575329,25,62
A_only,1000,2000,-1.8968715816005768,-0.10941635111751186,-1.7874552304830649,50,62
hybrid,1000,2000,-0.717923330778331,-0.10941635111751186,-0.6085069796608191,50,62
B_only,1000,2000,-0.08255105253825536,-0.10941635111751186,0.0268652985792565,50,62
A_only,1000,5000,-1.4271314575041072,-0.0017750075215489918,-1.4253564499825582,50,62
hybrid,1000,5000,-0.8234573864380541,-0.0017750075215489918,-0.8216823789165051,50,62
B_only,1000,5000,-0.1522604126504834,-0.0017750075215489918,-0.1504854051289344,50,62
A_only,1000,10000,-0.08742397116012958,-0.000677201249950961,-0.08674676991017861,50,62
hybrid,1000,10000,-0.012079447265758658,-0.000677201249950961,-0.011402246015807697,50,62
B_only,1000,10000,-0.06462528524525196,-0.000677201249950961,-0.063948083995301,50,62
A_only,1000,2000,-1.6298705324548255,-0.0014094271702523638,-1.6284611052845732,100,62
hybrid,1000,2000,-0.7635902724125351,-0.0014094271702523638,-0.7621808452422827,100,62
B_only,1000,2000,-0.09000083582715508,-0.0014094271702523638,-0.08859140865690272,100,62
A_only,1000,5000,-1.5752718190930783,-0.01653092336097194,-1.5587408957321065,100,62
hybrid,1000,5000,-0.7952446325500061,-0.01653092336097194,-0.7787137091890342,100,62
B_only,1000,5000,-0.5429020963387745,-0.01653092336097194,-0.5263711729778026,100,62
A_only,1000,10000,-0.12868135908462547,-0.0014094271702523638,-0.1272719319143731,100,62
hybrid,1000,10000,-0.009431801415839608,-0.0014094271702523638,-0.008022374245587244,100,62
B_only,1000,10000,-2.7254837126333924e-06,-0.0014094271702523638,0.0014067016865397304,100,62
A_only,1000,2000,-2.0902478302859366,-0.0033189882361477573,-2.086928842049789,200,62
hybrid,1000,2000,-0.4967591833214693,-0.0033189882361477573,-0.49344019508532155,200,62
B_only,1000,2000,-0.005365677322115922,-0.0033189882361477573,-0.0020466890859681644,200,62
A_only,1000,5000,-0.9858497184689072,-0.0014094271702523638,-0.9844402912986548,200,62
hybrid,1000,5000,-0.2202005032814368,-0.0014094271702523638,-0.21879107611118445,200,62
B_only,1000,5000,-8.610931140314654e-05,-0.0014094271702523638,0.0013233178588492173,200,62
A_only,1000,10000,-0.20309035483576746,-0.0014094271702523638,-0.2016809276655151,200,62
hybrid,1000,10000,-0.06704141079427745,-0.0014094271702523638,-0.06563198362402509,200,62
B_only,1000,10000,-0.002555500974147655,-0.0014094271702523638,-0.001146073803895291,200,62
A_only,1000,2000,-1.5787527153772902,-0.10953837757218061,-1.4692143378051097,500,62
hybrid,1000,2000,-0.30291403384679305,-0.10953837757218061,-0.19337565627461245,500,62
B_only,1000,2000,-0.1416685868581999,-0.10953837757218061,-0.0321302092860193,500,62
A_only,1000,5000,-0.8347557080642563,-0.000677201249950961,-0.8340785068143053,500,62
hybrid,1000,5000,-0.09056845645099104,-0.000677201249950961,-0.08989125520104008,500,62
B_only,1000,5000,-1.0962433592477384e-05,-0.000677201249950961,0.0006662388163584836,500,62
A_only,1000,10000,-1.5260751702716862,-0.0033189882361477573,-1.5227561820355384,500,62
hybrid,1000,10000,-0.3730895754796551,-0.0033189882361477573,-0.36977058724350736,500,62
B_only,1000,10000,-0.0016660324892210632,-0.0033189882361477573,0.0016529557469266941,500,62
A_only,1000,2000,-1.1394738784920007,-0.016652718459798817,-1.1228211600322018,25,63
hybrid,1000,2000,-0.18799837139498132,-0.016652718459798817,-0.1713456529351825,25,63
B_only,1000,2000,-0.0014485291068076264,-0.016652718459798817,0.015204189352991192,25,63
A_only,1000,5000,-1.5733583819733623,-0.0033189882361477573,-1.5700393937372146,25,63
hybrid,1000,5000,-0.7652071112445132,-0.0033189882361477573,-0.7618881230083655,25,63
B_only,1000,5000,-0.009025734878492182,-0.0033189882361477573,-0.005706746642344425,25,63
A_only,1000,10000,-1.8272544122255627,-0.000677201249950961,-1.8265772109756118,25,63
hybrid,1000,10000,-0.8889769673036892,-0.000677201249950961,-0.8882997660537383,25,63
B_only,1000,10000,-0.0010238983584738575,-0.000677201249950961,-0.0003466971085228965,25,63
A_only,1000,2000,-0.9486186892513984,-0.034310857636452745,-0.9143078316149457,50,63
hybrid,1000,2000,-0.18462345416512624,-0.034310857636452745,-0.1503125965286735,50,63
B_only,1000,2000,-0.004635801108922638,-0.034310857636452745,0.029675056527530108,50,63
A_only,1000,5000,-1.102262516015595,-0.0017750075215489918,-1.100487508494046,50,63
hybrid,1000,5000,-0.3497094108219491,-0.0017750075215489918,-0.34793440330040015,50,63
B_only,1000,5000,-0.026610085976074064,-0.0017750075215489918,-0.024835078454525074,50,63
A_only,1000,10000,-0.48259164326123827,-0.0014094271702523638,-0.4811822160909859,50,63
hybrid,1000,10000,-0.21955546754190777,-0.0014094271702523638,-0.21814604037165541,50,63
B_only,1000,10000,-0.49515421530254267,-0.0014094271702523638,-0.4937447881322903,50,63
A_only,1000,2000,-0.19219532796904787,-0.0017750075215489918,-0.19042032044749888,100,63
hybrid,1000,2000,-0.02621066823827211,-0.0017750075215489918,-0.024435660716723116,100,63
B_only,1000,2000,-0.4279089893741574,-0.0017750075215489918,-0.4261339818526084,100,63
A_only,1000,5000,-1.7139467701816675,-0.0442296682476969,-1.6697171019339707,100,63
hybrid,1000,5000,-0.7898261449724594,-0.0442296682476969,-0.7455964767247625,100,63
B_only,1000,5000,-5.3812499616954544e-05,-0.0442296682476969,0.044175855748079945,100,63
A_only,1000,10000,-1.5483118811328587,-0.000677201249950961,-1.5476346798829077,100,63
hybrid,1000,10000,-0.5130797380889864,-0.000677201249950961,-0.5124025368390355,100,63
B_only,1000,10000,-0.007102802690155609,-0.000677201249950961,-0.006425601440204648,100,63
A_only,1000,2000,-1.1739079013365827,-0.0033189882361477573,-1.170588913100435,200,63
hybrid,1000,2000,-0.46321700633785756,-0.0033189882361477573,-0.4598980181017098,200,63
B_only,1000,2000,-0.11490516025241244,-0.0033189882361477573,-0.11158617201626468,200,63
A_only,1000,5000,-0.673680930901535,-0.0014094271702523638,-0.6722715037312826,200,63
hybrid,1000,5000,-0.12916008803067164,-0.0014094271702523638,-0.12775066086041928,200,63
B_only,1000,5000,-0.001218904673588737,-0.0014094271702523638,0.00019052249666362694,200,63
A_only,1000,10000,-0.035133628720856215,-0.000677201249950961,-0.03445642747090526,200,63
hybrid,1000,10000,-0.005585472404914926,-0.000677201249950961,-0.004908271154963966,200,63
B_only,1000,10000,-0.13996430109398428,-0.000677201249950961,-0.1392870998440333,200,63
A_only,1000,2000,-1.14220221250838,-0.000677201249950961,-1.141525011258429,500,63
hybrid,1000,2000,-0.22767427333158585,-0.000677201249950961,-0.2269970720816349,500,63
B_only,1000,2000,-0.0023148561703168267,-0.000677201249950961,-0.0016376549203658657,500,63
A_only,1000,5000,-1.4644903565586624,-0.000677201249950961,-1.4638131553087115,500,63
hybrid,1000,5000,-0.4490480558030771,-0.000677201249950961,-0.44837085455312614,500,63
B_only,1000,5000,-0.09580391434012236,-0.000677201249950961,-0.0951267130901714,500,63
A_only,1000,10000,-0.02946592282296657,-0.000677201249950961,-0.028788721573015607,500,63
hybrid,1000,10000,-0.010999181029560516,-0.000677201249950961,-0.010321979779609554,500,63
B_only,1000,10000,-0.0014775881393195205,-0.000677201249950961,-0.0008003868893685595,500,63
A_only,1000,2000,-0.20090069987633397,-0.01653092336097194,-0.18436977651536202,25,64
hybrid,1000,2000,-0.018162686087679996,-0.01653092336097194,-0.0016317627267080567,25,64
B_only,1000,2000,-4.365016534064941,-0.01653092336097194,-4.348485610703969,25,64
A_only,1000,5000,-1.1242458490215956,-0.0014094271702523638,-1.1228364218513434,25,64
hybrid,1000,5000,-0.6937187761454197,-0.0014094271702523638,-0.6923093489751673,25,64
B_only,1000,5000,-0.10109896670858128,-0.0014094271702523638,-0.09968953953832892,25,64
A_only,1000,10000,-0.4465236714064849,-0.0017750075215489918,-0.44474866388493595,25,64
hybrid,1000,10000,-0.14965851286793172,-0.0017750075215489918,-0.14788350534638273,25,64
B_only,1000,10000,-0.18762872924280327,-0.0017750075215489918,-0.18585372172125428,25,64
A_only,1000,2000,-1.6307175449099844,-0.09677148271081154,-1.533946062199173,50,64
hybrid,1000,2000,-0.32624786210976975,-0.09677148271081154,-0.2294763793989582,50,64
B_only,1000,2000,-0.0009830868484566192,-0.09677148271081154,0.09578839586235492,50,64
A_only,1000,5000,-1.2730620570164128,-0.000677201249950961,-1.2723848557664619,50,64
hybrid,1000,5000,-0.753861347644682,-0.000677201249950961,-0.7531841463947311,50,64
B_only,1000,5000,-0.6816842072524356,-0.000677201249950961,-0.6810070060024846,50,64
A_only,1000,10000,-0.5621285841752642,-0.0017750075215489918,-0.5603535766537152,50,64
hybrid,1000,10000,-0.19196621981342274,-0.0017750075215489918,-0.19019121229187375,50,64
B_only,1000,10000,-4.246955846765373e-08,-0.0017750075215489918,0.0017749650519905242,50,64
A_only,1000,2000,-1.729460234830712,-0.01653092336097194,-1.7129293114697401,100,64
hybrid,1000,2000,-1.0274474810914787,-0.01653092336097194,-1.0109165577305068,100,64
B_only,1000,2000,-0.3687070712140202,-0.01653092336097194,-0.35217614785304824,100,64
A_only,1000,5000,-0.544943967675159,-0.000677201249950961,-0.544266766425208,100,64
hybrid,1000,5000,-0.14878013794960546,-0.000677201249950961,-0.1481029366996545,100,64
B_only,1000,5000,-0.05163864630488291,-0.000677201249950961,-0.05096144505493195,100,64
A_only,1000,10000,-0.35731851564871037,-0.000677201249950961,-0.3566413143987594,100,64
hybrid,1000,10000,-0.12559623850635057,-0.000677201249950961,-0.1249190372563996,100,64
B_only,1000,10000,-0.07403396286692618,-0.000677201249950961,-0.07335676161697521,100,64
A_only,1000,2000,-1.301402018295132,-0.000677201249950961,-1.300724817045181,200,64
hybrid,1000,2000,-0.4043159526750054,-0.000677201249950961,-0.40363875142505445,200,64
B_only,1000,2000,-0.23692962738125184,-0.000677201249950961,-0.23625242613130087,200,64
A_only,1000,5000,-0.16568873861653738,-0.0033189882361477573,-0.16236975038038962,200,64
hybrid,1000,5000,-0.0405072623928114,-0.0033189882361477573,-0.03718827415666364,200,64
B_only,1000,5000,-0.03213910907501843,-0.0033189882361477573,-0.028820120838870672,200,64
A_only,1000,10000,-1.5791900514403818,-0.0017750075215489918,-1.5774150439188328,200,64
hybrid,1000,10000,-0.41786842373575844,-0.0017750075215489918,-0.4160934162142095,200,64
B_only,1000,10000,-4.0657856262669995e-05,-0.0017750075215489918,0.0017343496652863217,200,64
A_only,1000,2000,-0.9507099437154158,-0.0442296682476969,-0.9064802754677189,500,64
hybrid,1000,2000,-0.2503131956392759,-0.0442296682476969,-0.206083527391579,500,64
B_only,1000,2000,-0.0008350014029023383,-0.0442296682476969,0.04339466684479456,500,64
A_only,1000,5000,-0.31153964704359094,-0.000677201249950961,-0.31086244579364,500,64
hybrid,1000,5000,-0.04930854919414637,-0.000677201249950961,-0.048631347944195415,500,64
B_only,1000,5000,-0.018875670278368988,-0.000677201249950961,-0.018198469028418027,500,64
A_only,1000,10000,-0.26215940394974485,-0.0014094271702523638,-0.26074997677949246,500,64
hybrid,1000,10000,-0.03399076540237308,-0.0014094271702523638,-0.03258133823212071,500,64
B_only,1000,10000,-0.00024003786160568696,-0.0014094271702523638,0.0011693893086466769,500,64
A_only,1000,2000,-1.3681654978341675,-0.2080189683984519,-1.1601465294357156,25,65
hybrid,1000,2000,-0.39880006367909604,-0.2080189683984519,-0.19078109528064413,25,65
B_only,1000,2000,-0.005362796319851058,-0.2080189683984519,0.20265617207860084,25,65
A_only,1000,5000,-0.9112465318606648,-0.000677201249950961,-0.9105693306107139,25,65
hybrid,1000,5000,-0.653727298222237,-0.000677201249950961,-0.653050096972286,25,65
B_only,1000,5000,-1.206651367016988,-0.000677201249950961,-1.205974165767037,25,65
A_only,1000,10000,-1.463175326409711,-0.000677201249950961,-1.46249812515976,25,65
hybrid,1000,10000,-0.9731557095773938,-0.000677201249950961,-0.9724785083274429,25,65
B_only,1000,10000,-4.490150712224847e-05,-0.000677201249950961,0.0006322997428287125,25,65
A_only,1000,2000,-1.3129252294551652,-0.0014094271702523638,-1.311515802284913,50,65
hybrid,1000,2000,-0.6836808338106698,-0.0014094271702523638,-0.6822714066404174,50,65
B_only,1000,2000,-0.31330831291082606,-0.0014094271702523638,-0.3118988857405737,50,65
A_only,1000,5000,-1.1861225429039677,-0.000677201249950961,-1.1854453416540167,50,65
hybrid,1000,5000,-0.835804164623505,-0.000677201249950961,-0.8351269633735541,50,65
B_only,1000,5000,-2.095239971348195,-0.000677201249950961,-2.094562770098244,50,65
A_only,1000,10000,-0.5633067600945773,-0.0014094271702523638,-0.5618973329243249,50,65
hybrid,1000,10000,-0.322366741456256,-0.0014094271702523638,-0.3209573142860036,50,65
B_only,1000,10000,-2.067656708869406,-0.0014094271702523638,-2.0662472816991535,50,65
A_only,1000,2000,-0.6310683290223776,-0.018494542316971195,-0.6125737867054064,100,65
hybrid,1000,2000,-0.15849868804453474,-0.018494542316971195,-0.14000414572756353,100,65
B_only,1000,2000,-0.3228322355902532,-0.018494542316971195,-0.30433769327328203,100,65
A_only,1000,5000,-0.34001695375977065,-0.01653092336097194,-0.3234860303987987,100,65
hybrid,1000,5000,-0.07032228895829738,-0.01653092336097194,-0.05379136559732545,100,65
B_only,1000,5000,-4.513685442334813e-06,-0.01653092336097194,0.016526409675529603,100,65
A_only,1000,10000,-0.3752927948252134,-0.000677201249950961,-0.3746155935752624,100,65
hybrid,1000,10000,-0.09899860982197108,-0.000677201249950961,-0.09832140857202011,100,65
B_only,1000,10000,-2.1244011561739707e-06,-0.000677201249950961,0.000675076848794787,100,65
A_only,1000,2000,-2.1006783121494785,-0.016652718459798817,-2.0840255936896797,200,65
hybrid,1000,2000,-0.6891287376469493,-0.016652718459798817,-0.6724760191871505,200,65
B_only,1000,2000,-0.06743514053221648,-0.016652718459798817,-0.05078242207241766,200,65
A_only,1000,5000,-1.2194766669841863,-0.0017750075215489918,-1.2177016594626373,200,65
hybrid,1000,5000,-0.4315806130887751,-0.0017750075215489918,-0.42980560556722613,200,65
B_only,1000,5000,-0.1871997183375557,-0.0017750075215489918,-0.1854247108160067,200,65
A_only,1000,10000,-0.052909564831513,-0.000677201249950961,-0.05223236358156204,200,65
hybrid,1000,10000,-0.007369589993735098,-0.000677201249950961,-0.006692388743784137,200,65
B_only,1000,10000,-0.0026041765999730575,-0.000677201249950961,-0.0019269753500220964,200,65
A_only,1000,2000,-0.4107831638698868,-0.0033189882361477573,-0.40746417563373905,500,65
hybrid,1000,2000,-0.13101457435446792,-0.0033189882361477573,-0.12769558611832016,500,65
B_only,1000,2000,-0.08798046590807239,-0.0033189882361477573,-0.08466147767192463,500,65
A_only,1000,5000,-1.2945198482062834,-0.0017750075215489918,-1.2927448406847344,500,65
hybrid,1000,5000,-0.29981259576316704,-0.0017750075215489918,-0.2980375882416181,500,65
B_only,1000,5000,-0.0002535614407700956,-0.0017750075215489918,0.0015214460807788962,500,65
A_only,1000,10000,-0.5977130618062731,-0.0014094271702523638,-0.5963036346360208,500,65
hybrid,1000,10000,-0.2463737734362443,-0.0014094271702523638,-0.24496434626599195,500,65
B_only,1000,10000,-0.1367129111648877,-0.0014094271702523638,-0.13530348399463535,500,65
A_only,1000,2000,-1.207775552062804,-0.048388414081634995,-1.1593871379811689,25,66
hybrid,1000,2000,-1.1473871221860108,-0.048388414081634995,-1.0989987081043757,25,66
B_only,1000,2000,-2.5482258415278594,-0.048388414081634995,-2.4998374274462245,25,66
A_only,1000,5000,-0.5832180594953086,-0.018494542316971195,-0.5647235171783374,25,66
hybrid,1000,5000,-0.3985086051196506,-0.018494542316971195,-0.3800140628026794,25,66
B_only,1000,5000,-0.736796128481693,-0.018494542316971195,-0.7183015861647217,25,66
A_only,1000,10000,-0.8438058443315526,-0.0017750075215489918,-0.8420308368100036,25,66
hybrid,1000,10000,-0.4237133798672883,-0.0017750075215489918,-0.42193837234573933,25,66
B_only,1000,10000,-0.00255102702574628,-0.0017750075215489918,-0.0007760195041972883,25,66
A_only,1000,2000,-0.8136735768140708,-0.02619584115917027,-0.7874777356549005,50,66
hybrid,1000,2000,-0.20894030535135738,-0.02619584115917027,-0.1827444641921871,50,66
B_only,1000,2000,-0.06868767878013383,-0.02619584115917027,-0.04249183762096356,50,66
A_only,1000,5000,-0.8116309790700984,-0.0033189882361477573,-0.8083119908339507,50,66
hybrid,1000,5000,-0.12237459612809458,-0.0033189882361477573,-0.11905560789194682,50,66
B_only,1000,5000,-4.8691993043499426e-05,-0.0033189882361477573,0.003270296243104258,50,66
A_only,1000,10000,-1.2075955951289705,-0.0014094271702523638,-1.2061861679587182,50,66
hybrid,1000,10000,-0.5418400479062253,-0.0014094271702523638,-0.5404306207359729,50,66
B_only,1000,10000,-0.020317338650636767,-0.0014094271702523638,-0.018907911480384405,50,66
A_only,1000,2000,-2.0558501391493755,-0.136118387533595,-1.9197317516157806,100,66
hybrid,1000,2000,-0.8480762900415614,-0.136118387533595,-0.7119579025079663,100,66
B_only,1000,2000,-0.0064454307510196296,-0.136118387533595,0.12967295678257537,100,66
A_only,1000,5000,-1.492083100134832,-0.0017750075215489918,-1.490308092613283,100,66
hybrid,1000,5000,-0.7699715403864285,-0.0017750075215489918,-0.7681965328648794,100,66
B_only,1000,5000,-0.34746204841771716,-0.0017750075215489918,-0.3456870408961682,100,66
A_only,1000,10000,-1.3480464332387703,-0.0014094271702523638,-1.346637006068518,100,66
hybrid,1000,10000,-0.4184133196248602,-0.0014094271702523638,-0.41700389245460784,100,66
B_only,1000,10000,-0.0003031872468637351,-0.0014094271702523638,0.0011062399233886288,100,66
A_only,1000,2000,-1.7211790945294825,-0.14881734467110364,-1.5723617498583788,200,66
hybrid,1000,2000,-0.8794263437765029,-0.14881734467110364,-0.7306089991053992,200,66
B_only,1000,2000,-0.5733416339434418,-0.14881734467110364,-0.4245242892723382,200,66
A_only,1000,5000,-1.7628733765195344,-0.000677201249950961,-1.7621961752695834,200,66
hybrid,1000,5000,-1.0241804725669004,-0.000677201249950961,-1.0235032713169494,200,66
B_only,1000,5000,-0.37296201835426274,-0.000677201249950961,-0.37228481710431177,200,66
A_only,1000,10000,-0.07906136434511134,-0.0033189882361477573,-0.07574237610896357,200,66
hybrid,1000,10000,-0.01834918584796524,-0.0033189882361477573,-0.015030197611817482,200,66
B_only,1000,10000,-0.1331193162796425,-0.0033189882361477573,-0.12980032804349473,200,66
A_only,1000,2000,-2.694696118606205,-0.13629847621520946,-2.5583976423909953,500,66
hybrid,1000,2000,-1.2252485171218268,-0.13629847621520946,-1.0889500409066173,500,66
B_only,1000,2000,-0.11777957969249835,-0.13629847621520946,0.018518896522711117,500,66
A_only,1000,5000,-1.2697309583022294,-0.000677201249950961,-1.2690537570522784,500,66
hybrid,1000,5000,-0.39726174988766316,-0.000677201249950961,-0.3965845486377122,500,66
B_only,1000,5000,-0.0889397395230835,-0.000677201249950961,-0.08826253827313253,500,66
A_only,1000,10000,-0.7524929931352292,-0.0014094271702523638,-0.7510835659649768,500,66
hybrid,1000,10000,-0.11999972345705147,-0.0014094271702523638,-0.11859029628679911,500,66
B_only,1000,10000,-0.00013521902472193146,-0.0014094271702523638,0.0012742081455304323,500,66
A_only,1000,2000,-0.16631906744623254,-0.20603721632164326,0.039718148875410725,25,67
hybrid,1000,2000,-0.005364028983911529,-0.20603721632164326,0.20067318733773173,25,67
B_only,1000,2000,-0.0013197359296873064,-0.20603721632164326,0.20471748039195595,25,67
A_only,1000,5000,-2.3623148632061763,-0.01653092336097194,-2.3457839398452043,25,67
hybrid,1000,5000,-0.47918394537108,-0.01653092336097194,-0.46265302201010805,25,67
B_only,1000,5000,-1.1902371741887228e-10,-0.01653092336097194,0.01653092324194822,25,67
A_only,1000,10000,-2.091099754822234,-0.000677201249950961,-2.090422553572283,25,67
hybrid,1000,10000,-1.1361300976394133,-0.000677201249950961,-1.1354528963894623,25,67
B_only,1000,10000,-0.5410938128395141,-0.000677201249950961,-0.5404166115895631,25,67
A_only,1000,2000,-1.1378666039482124,-0.0014094271702523638,-1.13645717677796,50,67
hybrid,1000,2000,-0.4096043160906919,-0.0014094271702523638,-0.40819488892043954,50,67
B_only,1000,2000,-0.8736795296637292,-0.0014094271702523638,-0.8722701024934768,50,67
A_only,1000,5000,-1.248900187721289,-0.0017750075215489918,-1.24712518019974,50,67
hybrid,1000,5000,-0.847972629298265,-0.0017750075215489918,-0.846197621776716,50,67
B_only,1000,5000,-1.5578774529656376,-0.0017750075215489918,-1.5561024454440886,50,67
A_only,1000,10000,-1.1160679607133872,-0.0014094271702523638,-1.114658533543135,50,67
hybrid,1000,10000,-0.6179944850939543,-0.0014094271702523638,-0.6165850579237019,50,67
B_only,1000,10000,-0.17842304544786605,-0.0014094271702523638,-0.1770136182776137,50,67
A_only,1000,2000,-1.7983412283887317,-0.021107167799241426,-1.7772340605894903,100,67
hybrid,1000,2000,-1.0046515444922561,-0.021107167799241426,-0.9835443766930148,100,67
B_only,1000,2000,-1.3445940585951954,-0.021107167799241426,-1.323486890795954,100,67
A_only,1000,5000,-0.5715493601635117,-0.000677201249950961,-0.5708721589135607,100,67
hybrid,1000,5000,-0.12338808392280115,-0.000677201249950961,-0.12271088267285019,100,67
B_only,1000,5000,-2.4017209019088877e-06,-0.000677201249950961,0.0006747995290490521,100,67
A_only,1000,10000,-0.416826656181915,-0.000677201249950961,-0.41614945493196404,100,67
hybrid,1000,10000,-0.15681766421912705,-0.000677201249950961,-0.15614046296917608,100,67
B_only,1000,10000,-0.341948004399687,-0.000677201249950961,-0.341270803149736,100,67
A_only,1000,2000,-2.0387314098179545,-0.20620828374329758,-1.832523126074657,200,67
hybrid,1000,2000,-0.9571749988056898,-0.20620828374329758,-0.7509667150623922,200,67
B_only,1000,2000,-0.11595668131212344,-0.20620828374329758,0.09025160243117414,200,67
A_only,1000,5000,-0.854105084888241,-0.000677201249950961,-0.85342788363829,200,67
hybrid,1000,5000,-0.19391725889003955,-0.000677201249950961,-0.19324005764008859,200,67
B_only,1000,5000,-0.00019503278442100172,-0.000677201249950961,0.00048216846552995925,200,67
A_only,1000,10000,-0.6659430353312912,-0.000677201249950961,-0.6652658340813402,200,67
hybrid,1000,10000,-0.17756476119282566,-0.000677201249950961,-0.1768875599428747,200,67
B_only,1000,10000,-3.9815381288793505e-05,-0.000677201249950961,0.0006373858686621674,200,67
A_only,1000,2000,-1.3458215820965005,-0.021107167799241426,-1.3247144142972591,500,67
hybrid,1000,2000,-0.31708141246552474,-0.021107167799241426,-0.2959742446662833,500,67
B_only,1000,2000,-0.021551598246479464,-0.021107167799241426,-0.0004444304472380374,500,67
A_only,1000,5000,-0.05383165610857965,-0.000677201249950961,-0.05315445485862869,500,67
hybrid,1000,5000,-0.014980618458946719,-0.000677201249950961,-0.014303417208995757,500,67
B_only,1000,5000,-0.5426985616811011,-0.000677201249950961,-0.5420213604311501,500,67
A_only,1000,10000,-0.49253166486010286,-0.021107167799241426,-0.4714244970608614,500,67
hybrid,1000,10000,-0.17353822042537415,-0.021107167799241426,-0.1524310526261327,500,67
B_only,1000,10000,-0.024212531345032526,-0.021107167799241426,-0.0031053635457910997,500,67
A_only,1000,2000,-1.4648060717688396,-0.021107167799241426,-1.4436989039695982,25,68
hybrid,1000,2000,-0.7354486057828385,-0.021107167799241426,-0.7143414379835972,25,68
B_only,1000,2000,-0.09367824743707584,-0.021107167799241426,-0.07257107963783441,25,68
A_only,1000,5000,-1.642424952246514,-0.0033189882361477573,-1.6391059640103662,25,68
hybrid,1000,5000,-0.5591293128396693,-0.0033189882361477573,-0.5558103246035215,25,68
B_only,1000,5000,-0.13588067708728188,-0.0033189882361477573,-0.13256168885113412,25,68
A_only,1000,10000,-1.1870398650087712,-0.0014094271702523638,-1.185630437838519,25,68
hybrid,1000,10000,-0.5356364046842493,-0.0014094271702523638,-0.534226977513997,25,68
B_only,1000,10000,-0.0008975966850913815,-0.0014094271702523638,0.0005118304851609824,25,68
A_only,1000,2000,-0.22840023371706522,-0.10941635111751186,-0.11898388259955336,50,68
hybrid,1000,2000,-0.020003809801762522,-0.10941635111751186,0.08941254131574933,50,68
B_only,1000,2000,-1.825647347216536e-05,-0.10941635111751186,0.1093980946440397,50,68
A_only,1000,5000,-1.2508394912462077,-0.000677201249950961,-1.2501622899962568,50,68
hybrid,1000,5000,-0.6687047366378172,-0.000677201249950961,-0.6680275353878662,50,68
B_only,1000,5000,-0.292317784551536,-0.000677201249950961,-0.29164058330158504,50,68
A_only,1000,10000,-1.137367159958634,-0.000677201249950961,-1.136689958708683,50,68
hybrid,1000,10000,-0.5944551858350251,-0.000677201249950961,-0.5937779845850741,50,68
B_only,1000,10000,-1.7224489169373813,-0.000677201249950961,-1.7217717156874304,50,68
A_only,1000,2000,-0.22088845008079253,-0.018494542316971195,-0.20239390776382132,100,68
hybrid,1000,2000,-0.022109131858638494,-0.018494542316971195,-0.003614589541667299,100,68
B_only,1000,2000,-0.08677221680153624,-0.018494542316971195,-0.06827767448456504,100,68
A_only,1000,5000,-0.5639566722600711,-0.02619584115917027,-0.5377608311009008,100,68
hybrid,1000,5000,-0.12566246858889074,-0.02619584115917027,-0.09946662742972047,100,68
B_only,1000,5000,-0.03362348657261041,-0.02619584115917027,-0.00742764541344014,100,68
A_only,1000,10000,-1.3793371254260622,-0.01653092336097194,-1.3628062020650904,100,68
hybrid,1000,10000,-0.7905352013655637,-0.01653092336097194,-0.7740042780045917,100,68
B_only,1000,10000,-0.14593959444690296,-0.01653092336097194,-0.12940867108593102,100,68
A_only,1000,2000,-0.37750014152250866,-0.01653092336097194,-0.3609692181615367,200,68
hybrid,1000,2000,-0.1319892101230479,-0.01653092336097194,-0.11545828676207597,200,68
B_only,1000,2000,-0.01941251590545105,-0.01653092336097194,-0.00288159254447911,200,68
A_only,1000,5000,-0.6543059034276568,-0.06997887129157059,-0.5843270321360863,200,68
hybrid,1000,5000,-0.18985522856075063,-0.06997887129157059,-0.11987635726918004,200,68
B_only,1000,5000,-0.0024901980037424745,-0.06997887129157059,0.06748867328782811,200,68
A_only,1000,10000,-0.16809335627748717,-0.000677201249950961,-0.1674161550275362,200,68
hybrid,1000,10000,-0.04306418143670482,-0.000677201249950961,-0.04238698018675386,200,68
B_only,1000,10000,-0.015861103026302524,-0.000677201249950961,-0.015183901776351563,200,68
A_only,1000,2000,-1.2188573416122108,-0.0017750075215489918,-1.2170823340906618,500,68
hybrid,1000,2000,-0.3975197517809273,-0.0017750075215489918,-0.39574474425937833,500,68
B_only,1000,2000,-0.019422684478752828,-0.0017750075215489918,-0.017647676957203838,500,68
A_only,1000,5000,-0.7512026570289732,-0.018494542316971195,-0.7327081147120019,500,68
hybrid,1000,5000,-0.2643027795083125,-0.018494542316971195,-0.2458082371913413,500,68
B_only,1000,5000,-0.09434397069520947,-0.018494542316971195,-0.07584942837823827,500,68
A_only,1000,10000,-0.8425258765055945,-0.000677201249950961,-0.8418486752556436,500,68
hybrid,1000,10000,-0.2689577098569748,-0.000677201249950961,-0.26828050860702385,500,68
B_only,1000,10000,-0.05986683022410819,-0.000677201249950961,-0.059189628974157235,500,68
A_only,1000,2000,-0.836293912845446,-0.000677201249950961,-0.835616711595495,25,69
hybrid,1000,2000,-0.14868199823127107,-0.000677201249950961,-0.1480047969813201,25,69
B_only,1000,2000,-0.3214515556282887,-0.000677201249950961,-0.32077435437833773,25,69
A_only,1000,5000,-0.8432852407442769,-0.000677201249950961,-0.8426080394943259,25,69
hybrid,1000,5000,-0.30549428046043847,-0.000677201249950961,-0.3048170792104875,25,69
B_only,1000,5000,-1.508410432834111,-0.000677201249950961,-1.50773323158416,25,69
A_only,1000,10000,-1.0029815824137627,-0.0014094271702523638,-1.0015721552435104,25,69
hybrid,1000,10000,-0.5816555889443387,-0.0014094271702523638,-0.5802461617740863,25,69
B_only,1000,10000,-1.5439762501797305,-0.0014094271702523638,-1.5425668230094782,25,69
A_only,1000,2000,-1.1342515053255664,-0.000677201249950961,-1.1335743040756154,50,69
hybrid,1000,2000,-0.5148339037410827,-0.000677201249950961,-0.5141567024911318,50,69
B_only,1000,2000,-0.05118934854967449,-0.000677201249950961,-0.05051214729972353,50,69
A_only,1000,5000,-1.2675139675276113,-0.000677201249950961,-1.2668367662776603,50,69
hybrid,1000,5000,-0.7195936646907946,-0.000677201249950961,-0.7189164634408436,50,69
B_only,1000,5000,-0.013541758404561306,-0.000677201249950961,-0.012864557154610344,50,69
A_only,1000,10000,-0.5646339996226939,-0.0014094271702523638,-0.5632245724524415,50,69
hybrid,1000,10000,-0.21091723774423354,-0.0014094271702523638,-0.20950781057398118,50,69
B_only,1000,10000,-0.010661934467522949,-0.0014094271702523638,-0.009252507297270585,50,69
A_only,1000,2000,-1.9472801520607113,-0.10953837757218061,-1.8377417744885307,100,69
hybrid,1000,2000,-1.130681237196111,-0.10953837757218061,-1.0211428596239305,100,69
B_only,1000,2000,-0.3955429547091545,-0.10953837757218061,-0.2860045771369739,100,69
A_only,1000,5000,-0.9038408321931576,-0.000677201249950961,-0.9031636309432066,100,69
hybrid,1000,5000,-0.3210732516150012,-0.000677201249950961,-0.32039605036505026,100,69
B_only,1000,5000,-2.6935787082873717e-07,-0.000677201249950961,0.0006769318920801322,100,69
A_only,1000,10000,-0.5099131027813607,-0.0014094271702523638,-0.5085036756111083,100,69
hybrid,1000,10000,-0.20846284306515137,-0.0014094271702523638,-0.207053415894899,100,69
B_only,1000,10000,-0.013174527897940281,-0.0014094271702523638,-0.011765100727687917,100,69
A_only,1000,2000,-1.105706995849057,-0.0033189882361477573,-1.1023880076129093,200,69
hybrid,1000,2000,-0.45488803174163234,-0.0033189882361477573,-0.4515690435054846,200,69
B_only,1000,2000,-0.13152389006522888,-0.0033189882361477573,-0.12820490182908112,200,69
A_only,1000,5000,-0.9928616631890599,-0.018494542316971195,-0.9743671208720887,200,69
hybrid,1000,5000,-0.15836974527363915,-0.018494542316971195,-0.13987520295666794,200,69
B_only,1000,5000,-3.927252258997095e-08,-0.018494542316971195,0.018494503044448603,200,69
A_only,1000,10000,-1.5674872278013459,-0.018494542316971195,-1.5489926854843747,200,69
hybrid,1000,10000,-0.5941219132851401,-0.018494542316971195,-0.5756273709681688,200,69
B_only,1000,10000,-0.027732429241034157,-0.018494542316971195,-0.009237886924062962,200,69
A_only,1000,2000,-1.4608346030381538,-0.0033189882361477573,-1.457515614802006,500,69
hybrid,1000,2000,-0.42879453703037484,-0.0033189882361477573,-0.4254755487942271,500,69
B_only,1000,2000,-0.0421564914200094,-0.0033189882361477573,-0.038837503183861644,500,69
A_only,1000,5000,-0.3538310273648159,-0.000677201249950961,-0.35315382611486495,500,69
hybrid,1000,5000,-0.09156028319115568,-0.000677201249950961,-0.09088308194120472,500,69
B_only,1000,5000,-0.07862308714846152,-0.000677201249950961,-0.07794588589851055,500,69
A_only,1000,10000,-1.2535100733965723,-0.000677201249950961,-1.2528328721466213,500,69
hybrid,1000,10000,-0.08186740099921512,-0.000677201249950961,-0.08119019974926416,500,69
B_only,1000,10000,-3.9215828325994945e-09,-0.000677201249950961,0.0006771973283681284,500,69
A_only,1000,2000,-1.3520015501350457,-0.000677201249950961,-1.3513243488850948,25,70
hybrid,1000,2000,-0.8569004137674148,-0.000677201249950961,-0.8562232125174638,25,70
B_only,1000,2000,-1.42146202734115,-0.000677201249950961,-1.420784826091199,25,70
A_only,1000,5000,-0.9956296158687968,-0.0014094271702523638,-0.9942201886985444,25,70
hybrid,1000,5000,-0.2138987714926082,-0.0014094271702523638,-0.21248934432235583,25,70
B_only,1000,5000,-4.494909182731595e-05,-0.0014094271702523638,0.0013644780784250478,25,70
A_only,1000,10000,-0.45007491393461607,-0.000677201249950961,-0.4493977126846651,25,70
hybrid,1000,10000,-0.17193040353480787,-0.000677201249950961,-0.1712532022848569,25,70
B_only,1000,10000,-0.18000800231352004,-0.000677201249950961,-0.17933080106356908,25,70
A_only,1000,2000,-0.7672867365828214,-0.01653092336097194,-0.7507558132218495,50,70
hybrid,1000,2000,-0.16200968161577364,-0.01653092336097194,-0.1454787582548017,50,70
B_only,1000,2000,-0.2638303023466378,-0.01653092336097194,-0.24729937898566584,50,70
A_only,1000,5000,-0.9173908215631136,-0.0442296682476969,-0.8731611533154167,50,70
hybrid,1000,5000,-0.26533633621572017,-0.0442296682476969,-0.22110666796802328,50,70
B_only,1000,5000,-0.018306035110445568,-0.0442296682476969,0.02592363313725133,50,70
A_only,1000,10000,-0.008453978311508261,-0.0014094271702523638,-0.007044551141255897,50,70
hybrid,1000,10000,-0.0002133974096253214,-0.0014094271702523638,0.0011960297606270424,50,70
B_only,1000,10000,-0.015303058873604204,-0.0014094271702523638,-0.01389363170335184,50,70
A_only,1000,2000,-0.1826057177504877,-0.06997887129157059,-0.11262684645891712,100,70
hybrid,1000,2000,-0.021225274398430135,-0.06997887129157059,0.04875359689314045,100,70
B_only,1000,2000,-0.3376754511660784,-0.06997887129157059,-0.2676965798745078,100,70
A_only,1000,5000,-0.2766873724228733,-0.0033189882361477573,-0.27336838418672554,100,70
hybrid,1000,5000,-0.06048297464531883,-0.0033189882361477573,-0.05716398640917107,100,70
B_only,1000,5000,-0.23679814253962259,-0.0033189882361477573,-0.23347915430347482,100,70
A_only,1000,10000,-1.4949670286997419,-0.0014094271702523638,-1.4935576015294896,100,70
hybrid,1000,10000,-1.1467395618498262,-0.0014094271702523638,-1.145330134679574,100,70
B_only,1000,10000,-0.4897606783507705,-0.0014094271702523638,-0.4883512511805181,100,70
A_only,1000,2000,-1.5288867452410357,-0.021107167799241426,-1.5077795774417944,200,70
hybrid,1000,2000,-0.47728567405814654,-0.021107167799241426,-0.4561785062589051,200,70
B_only,1000,2000,-0.03483704180786387,-0.021107167799241426,-0.013729874008622446,200,70
A_only,1000,5000,-1.0504101016034175,-0.0442296682476969,-1.0061804333557207,200,70
hybrid,1000,5000,-0.17753731061484002,-0.0442296682476969,-0.13330764236714313,200,70
B_only,1000,5000,-0.0006675914250219416,-0.0442296682476969,0.043562076822674954,200,70
A_only,1000,10000,-1.6252430696267046,-0.000677201249950961,-1.6245658683767537,200,70
hybrid,1000,10000,-0.6806078085640898,-0.000677201249950961,-0.6799306073141388,200,70
B_only,1000,10000,-0.01913484842197064,-0.000677201249950961,-0.018457647172019677,200,70
A_only,1000,2000,-1.922061645216065,-0.048388414081634995,-1.87367323113443,500,70
hybrid,1000,2000,-0.6423715430281367,-0.048388414081634995,-0.5939831289465017,500,70
B_only,1000,2000,-0.010920733270062552,-0.048388414081634995,0.037467680811572444,500,70
A_only,1000,5000,-0.3548390524684475,-0.0014094271702523638,-0.3534296252981951,500,70
hybrid,1000,5000,-0.09546179250356404,-0.0014094271702523638,-0.09405236533331168,500,70
B_only,1000,5000,-0.03530034012619617,-0.0014094271702523638,-0.033890912955943805,500,70
A_only,1000,10000,-0.9452294914274525,-0.000677201249950961,-0.9445522901775015,500,70
hybrid,1000,10000,-0.21868179157985188,-0.000677201249950961,-0.2180045903299009,500,70
B_only,1000,10000,-0.00010409812158027516,-0.000677201249950961,0.0005731031283706858,500,70
A_only,1000,2000,-0.5543764018273958,-0.01653092336097194,-0.5378454784664238,25,71
hybrid,1000,2000,-0.15927128627154655,-0.01653092336097194,-0.1427403629105746,25,71
B_only,1000,2000,-0.17226438349036852,-0.01653092336097194,-0.15573346012939657,25,71
A_only,1000,5000,-0.2997004947704067,-0.01653092336097194,-0.2831695714094348,25,71
hybrid,1000,5000,-0.08150035729153704,-0.01653092336097194,-0.0649694339305651,25,71
B_only,1000,5000,-1.6233673914687434,-0.01653092336097194,-1.6068364681077716,25,71
A_only,1000,10000,-0.4655551949823527,-0.000677201249950961,-0.46487799373240174,25,71
hybrid,1000,10000,-0.09243345978740732,-0.000677201249950961,-0.09175625853745635,25,71
B_only,1000,10000,-0.0005042201990703714,-0.000677201249950961,0.00017298105088058957,25,71
A_only,1000,2000,-0.8655058509734685,-0.0014094271702523638,-0.8640964238032162,50,71
hybrid,1000,2000,-0.21718637391334827,-0.0014094271702523638,-0.21577694674309592,50,71
B_only,1000,2000,-0.00041947781396377455,-0.0014094271702523638,0.0009899493562885893,50,71
A_only,1000,5000,-2.1232574262498862,-0.016652718459798817,-2.1066047077900873,50,71
hybrid,1000,5000,-1.3449105084734585,-0.016652718459798817,-1.3282577900136596,50,71
B_only,1000,5000,-1.0738226283880388,-0.016652718459798817,-1.05716990992824,50,71
A_only,1000,10000,-1.6066094801487236,-0.0033189882361477573,-1.6032904919125759,50,71
hybrid,1000,10000,-1.204051918982156,-0.0033189882361477573,-1.2007329307460082,50,71
B_only,1000,10000,-0.060024273050761884,-0.0033189882361477573,-0.05670528481461413,50,71
A_only,1000,2000,-1.380650953914854,-0.07123766710210508,-1.3094132868127488,100,71
hybrid,1000,2000,-0.7444234821934387,-0.07123766710210508,-0.6731858150913336,100,71
B_only,1000,2000,-0.5847963245269256,-0.07123766710210508,-0.5135586574248205,100,71
A_only,1000,5000,-1.7076989352307486,-0.000677201249950961,-1.7070217339807976,100,71
hybrid,1000,5000,-1.157539778278934,-0.000677201249950961,-1.156862577028983,100,71
B_only,1000,5000,-0.3968276960008646,-0.000677201249950961,-0.39615049475091363,100,71
A_only,1000,10000,-1.153542827869237,-0.000677201249950961,-1.152865626619286,100,71
hybrid,1000,10000,-0.6729937037676473,-0.000677201249950961,-0.6723165025176964,100,71
B_only,1000,10000,-0.5201618540693784,-0.000677201249950961,-0.5194846528194275,100,71
A_only,1000,2000,-1.4224618733566055,-0.018494542316971195,-1.4039673310396343,200,71
hybrid,1000,2000,-0.5309871427993161,-0.018494542316971195,-0.5124926004823449,200,71
B_only,1000,2000,-0.04073422290397597,-0.018494542316971195,-0.022239680587004776,200,71
A_only,1000,5000,-0.6212155102125967,-0.0014094271702523638,-0.6198060830423443,200,71
hybrid,1000,5000,-0.1594899680588567,-0.0014094271702523638,-0.15808054088860435,200,71
B_only,1000,5000,-0.009920808998781014,-0.0014094271702523638,-0.00851138182852865,200,71
A_only,1000,10000,-1.2917387804194134,-0.0014094271702523638,-1.290329353249161,200,71
hybrid,1000,10000,-0.35293377560610867,-0.0014094271702523638,-0.3515243484358563,200,71
B_only,1000,10000,-0.00048250519961655293,-0.0014094271702523638,0.0009269219706358109,200,71
A_only,1000,2000,-2.0575089420737926,-0.018494542316971195,-2.0390143997568213,500,71
hybrid,1000,2000,-0.6780297700602871,-0.018494542316971195,-0.6595352277433159,500,71
B_only,1000,2000,-0.023637003617391173,-0.018494542316971195,-0.005142461300419978,500,71
A_only,1000,5000,-0.1343326806901188,-0.0017750075215489918,-0.1325576731685698,500,71
hybrid,1000,5000,-0.04837670452361616,-0.0017750075215489918,-0.04660169700206716,500,71
B_only,1000,5000,-0.17650461907610757,-0.0017750075215489918,-0.17472961155455857,500,71
A_only,1000,10000,-0.49377140176544076,-0.000677201249950961,-0.4930942005154898,500,71
hybrid,1000,10000,-0.10634690785532931,-0.000677201249950961,-0.10566970660537835,500,71
B_only,1000,10000,-0.01146307179701451,-0.000677201249950961,-0.010785870547063548,500,71
A_only,1000,2000,-1.9687695466607185,-0.0017750075215489918,-1.9669945391391694,25,72
hybrid,1000,2000,-1.1969146976042662,-0.0017750075215489918,-1.1951396900827171,25,72
B_only,1000,2000,-0.5531629000913907,-0.0017750075215489918,-0.5513878925698417,25,72
A_only,1000,5000,-0.48224139214164075,-0.01653092336097194,-0.4657104687806688,25,72
hybrid,1000,5000,-0.18295730260928442,-0.01653092336097194,-0.16642637924831247,25,72
B_only,1000,5000,-0.5005616622659164,-0.01653092336097194,-0.4840307389049444,25,72
A_only,1000,10000,-0.41920469561780316,-0.000677201249950961,-0.4185274943678522,25,72
hybrid,1000,10000,-0.12281328891815263,-0.000677201249950961,-0.12213608766820166,25,72
B_only,1000,10000,-0.026018458036533017,-0.000677201249950961,-0.025341256786582056,25,72
A_only,1000,2000,-0.6207305661901765,-0.016652718459798817,-0.6040778477303778,50,72
hybrid,1000,2000,-0.12296138055809497,-0.016652718459798817,-0.10630866209829615,50,72
B_only,1000,2000,-0.31847908797786406,-0.016652718459798817,-0.30182636951806524,50,72
A_only,1000,5000,-0.3472182887068359,-0.018494542316971195,-0.32872374638986473,50,72
hybrid,1000,5000,-0.15960145545028998,-0.018494542316971195,-0.14110691313331877,50,72
B_only,1000,5000,-2.9738761564557445,-0.018494542316971195,-2.955381614138773,50,72
A_only,1000,10000,-0.25357850532759985,-0.0014094271702523638,-0.25216907815734746,50,72
hybrid,1000,10000,-0.05788502436783102,-0.0014094271702523638,-0.05647559719757866,50,72
B_only,1000,10000,-0.004638606693987029,-0.0014094271702523638,-0.0032291795237346654,50,72
A_only,1000,2000,-1.260362209033613,-0.01653092336097194,-1.2438312856726412,100,72
hybrid,1000,2000,-0.19705047837493145,-0.01653092336097194,-0.1805195550139595,100,72
B_only,1000,2000,-0.0006644372200851636,-0.01653092336097194,0.015866486140886777,100,72
A_only,1000,5000,-0.07227688374269244,-0.000677201249950961,-0.07159968249274147,100,72
hybrid,1000,5000,-0.004797589916735277,-0.000677201249950961,-0.004120388666784316,100,72
B_only,1000,5000,-0.0025888864855970195,-0.000677201249950961,-0.0019116852356460584,100,72
A_only,1000,10000,-0.09400253188600877,-0.0014094271702523638,-0.09259310471575641,100,72
hybrid,1000,10000,-0.021271907546386203,-0.0014094271702523638,-0.01986248037613384,100,72
B_only,1000,10000,-0.34187528159289726,-0.0014094271702523638,-0.3404658544226449,100,72
A_only,1000,2000,-1.8184957887821216,-0.1921843274312716,-1.62631146135085,200,72
hybrid,1000,2000,-0.8875256844475342,-0.1921843274312716,-0.6953413570162627,200,72
B_only,1000,2000,-0.46499835797963435,-0.1921843274312716,-0.27281403054836273,200,72
A_only,1000,5000,-1.2714074744084405,-0.01653092336097194,-1.2548765510474686,200,72
hybrid,1000,5000,-0.40411081104127056,-0.01653092336097194,-0.3875798876802986,200,72
B_only,1000,5000,-0.036578201992825396,-0.01653092336097194,-0.020047278631853457,200,72
A_only,1000,10000,-0.7975875082293339,-0.000677201249950961,-0.7969103069793829,200,72
hybrid,1000,10000,-0.42171793673503194,-0.000677201249950961,-0.421040735485081,200,72
B_only,1000,10000,-0.09352936029119945,-0.000677201249950961,-0.09285215904124848,200,72
A_only,1000,2000,-1.8673571856152715,-0.10943357822942999,-1.7579236073858415,500,72
hybrid,1000,2000,-0.49469826796162375,-0.10943357822942999,-0.38526468973219374,500,72
B_only,1000,2000,-0.06873091922930638,-0.10943357822942999,0.04070265900012361,500,72
A_only,1000,5000,-0.06400471271095508,-0.048388414081634995,-0.015616298629320083,500,72
hybrid,1000,5000,-0.023359566208593446,-0.048388414081634995,0.02502884787304155,500,72
B_only,1000,5000,-0.2973547372812251,-0.048388414081634995,-0.24896632319959008,500,72
A_only,1000,10000,-1.4930213917156765,-0.000677201249950961,-1.4923441904657255,500,72
hybrid,1000,10000,-0.34090736611670236,-0.000677201249950961,-0.3402301648667514,500,72
B_only,1000,10000,-0.03321253232847642,-0.000677201249950961,-0.032535331078525465,500,72
A_only,1000,2000,-2.18880525025026,-0.0014094271702523638,-2.1873958230800077,25,73
hybrid,1000,2000,-1.7145734400393289,-0.0014094271702523638,-1.7131640128690766,25,73
B_only,1000,2000,-2.4710323831055536,-0.0014094271702523638,-2.4696229559353013,25,73
A_only,1000,5000,-1.1206477141164553,-0.0017750075215489918,-1.1188727065949062,25,73
hybrid,1000,5000,-0.31468047266121535,-0.0017750075215489918,-0.3129054651396664,25,73
B_only,1000,5000,-0.004627203441058983,-0.0017750075215489918,-0.002852195919509991,25,73
A_only,1000,10000,-0.18584284045521476,-0.0014094271702523638,-0.1844334132849624,25,73
hybrid,1000,10000,-0.046008707742643845,-0.0014094271702523638,-0.04459928057239148,25,73
B_only,1000,10000,-0.13730324922410903,-0.0014094271702523638,-0.13589382205385667,25,73
A_only,1000,2000,-0.15731060255304052,-0.034310857636452745,-0.12299974491658777,50,73
hybrid,1000,2000,-0.013105496662102409,-0.034310857636452745,0.021205360974350336,50,73
B_only,1000,2000,-0.011758147972496297,-0.034310857636452745,0.02255270966395645,50,73
A_only,1000,5000,-1.3741990035734544,-0.034310857636452745,-1.3398881459370016,50,73
hybrid,1000,5000,-0.7181579603138833,-0.034310857636452745,-0.6838471026774307,50,73
B_only,1000,5000,-0.532208046924385,-0.034310857636452745,-0.4978971892879322,50,73
A_only,1000,10000,-0.08695133346808456,-0.000677201249950961,-0.0862741322181336,50,73
hybrid,1000,10000,-0.016413846139373047,-0.000677201249950961,-0.015736644889422086,50,73
B_only,1000,10000,-0.49007292890299176,-0.000677201249950961,-0.4893957276530408,50,73
A_only,1000,2000,-0.7061084842609033,-0.016652718459798817,-0.6894557658011046,100,73
hybrid,1000,2000,-0.28520594277905864,-0.016652718459798817,-0.2685532243192598,100,73
B_only,1000,2000,-1.8124038880578857,-0.016652718459798817,-1.7957511695980868,100,73
A_only,1000,5000,-1.0479943420865945,-0.000677201249950961,-1.0473171408366435,100,73
hybrid,1000,5000,-0.6026564249260195,-0.000677201249950961,-0.6019792236760685,100,73
B_only,1000,5000,-0.2615280262031055,-0.000677201249950961,-0.26085082495315454,100,73
A_only,1000,10000,-0.28003375678093106,-0.000677201249950961,-0.2793565555309801,100,73
hybrid,1000,10000,-0.07132901892964894,-0.000677201249950961,-0.07065181767969797,100,73
B_only,1000,10000,-0.026514323756272468,-0.000677201249950961,-0.025837122506321506,100,73
A_only,1000,2000,-1.0214273217087453,-0.10953837757218061,-0.9118889441365646,200,73
hybrid,1000,2000,-0.24222056517263343,-0.10953837757218061,-0.1326821876004528,200,73
B_only,1000,2000,-0.0016097263631583913,-0.10953837757218061,0.10792865120902222,200,73
A_only,1000,5000,-0.7252483911580333,-0.0033189882361477573,-0.7219294029218856,200,73
hybrid,1000,5000,-0.19430920629394335,-0.0033189882361477573,-0.1909902180577956,200,73
B_only,1000,5000,-0.036699239689635274,-0.0033189882361477573,-0.03338025145348752,200,73
A_only,1000,10000,-0.6724147141352769,-0.0033189882361477573,-0.6690957258991291,200,73
hybrid,1000,10000,-0.1671059587679245,-0.0033189882361477573,-0.16378697053177674,200,73
B_only,1000,10000,-0.0004419552450927646,-0.0033189882361477573,0.0028770329910549927,200,73
A_only,1000,2000,-1.6057548986557681,-0.28380322109062184,-1.3219516775651463,500,73
hybrid,1000,2000,-0.40874336202620165,-0.28380322109062184,-0.12494014093557981,500,73
B_only,1000,2000,-0.126529236192806,-0.28380322109062184,0.15727398489781583,500,73
A_only,1000,5000,-0.1325704674589617,-0.0017750075215489918,-0.1307954599374127,500,73
hybrid,1000,5000,-0.013737018038293733,-0.0017750075215489918,-0.011962010516744741,500,73
B_only,1000,5000,-0.0007088124427417883,-0.0017750075215489918,0.0010661950788072036,500,73
A_only,1000,10000,-1.148504997279693,-0.0014094271702523638,-1.1470955701094407,500,73
hybrid,1000,10000,-0.23068010120444793,-0.0014094271702523638,-0.22927067403419557,500,73
B_only,1000,10000,-0.00013033340804010585,-0.0014094271702523638,0.001279093762212258,500,73
A_only,1000,2000,-2.524203189888255,-0.0014094271702523638,-2.5227937627180026,25,74
hybrid,1000,2000,-2.1757506978720933,-0.0014094271702523638,-2.174341270701841,25,74
B_only,1000,2000,-0.6525837815494637,-0.0014094271702523638,-0.6511743543792113,25,74
A_only,1000,5000,-0.6430897973530174,-0.01653092336097194,-0.6265588739920455,25,74
hybrid,1000,5000,-0.27687192074549966,-0.01653092336097194,-0.2603409973845277,25,74
B_only,1000,5000,-0.38860930588133447,-0.01653092336097194,-0.3720783825203625,25,74
A_only,1000,10000,-1.0616985125529197,-0.01653092336097194,-1.0451675891919479,25,74
hybrid,1000,10000,-0.36626852043274494,-0.01653092336097194,-0.349737597071773,25,74
B_only,1000,10000,-0.0005688464276636457,-0.01653092336097194,0.015962076933308294,25,74
A_only,1000,2000,-0.860094795456251,-0.000677201249950961,-0.8594175942063,50,74
hybrid,1000,2000,-0.27136617346962916,-0.000677201249950961,-0.2706889722196782,50,74
B_only,1000,2000,-0.7598227954112846,-0.000677201249950961,-0.7591455941613336,50,74
A_only,1000,5000,-0.9632166918036849,-0.018494542316971195,-0.9447221494867136,50,74
hybrid,1000,5000,-0.2929330951589484,-0.018494542316971195,-0.2744385528419772,50,74
B_only,1000,5000,-0.00010558659564224652,-0.018494542316971195,0.01838895572132895,50,74
A_only,1000,10000,-0.6311693268585238,-0.0017750075215489918,-0.6293943193369748,50,74
hybrid,1000,10000,-0.33840115651535624,-0.0017750075215489918,-0.3366261489938073,50,74
B_only,1000,10000,-0.32628371994640615,-0.0017750075215489918,-0.3245087124248572,50,74
A_only,1000,2000,-1.2392319609396496,-0.0014094271702523638,-1.2378225337693973,100,74
hybrid,1000,2000,-0.2724029738702512,-0.0014094271702523638,-0.2709935466999988,100,74
B_only,1000,2000,-0.006248261124590576,-0.0014094271702523638,-0.0048388339543382125,100,74
A_only,1000,5000,-0.8714067149153185,-0.0014094271702523638,-0.8699972877450661,100,74
hybrid,1000,5000,-0.5030368129301048,-0.0014094271702523638,-0.5016273857598524,100,74
B_only,1000,5000,-1.244309852193902,-0.0014094271702523638,-1.2429004250236497,100,74
A_only,1000,10000,-0.17821975773242352,-0.000677201249950961,-0.17754255648247255,100,74
hybrid,1000,10000,-0.03823124821023506,-0.000677201249950961,-0.0375540469602841,100,74
B_only,1000,10000,-0.00026928363357101584,-0.000677201249950961,0.0004079176163799451,100,74
A_only,1000,2000,-2.406703512456656,-0.09677148271081154,-2.3099320297458443,200,74
hybrid,1000,2000,-1.0115233927134568,-0.09677148271081154,-0.9147519100026453,200,74
B_only,1000,2000,-0.022493758999934547,-0.09677148271081154,0.07427772371087699,200,74
A_only,1000,5000,-0.01062719262720554,-0.01653092336097194,0.0059037307337663995,200,74
hybrid,1000,5000,-0.0011127277041570406,-0.01653092336097194,0.015418195656814898,200,74
B_only,1000,5000,-0.01623919824812861,-0.01653092336097194,0.00029172511284332805,200,74
A_only,1000,10000,-0.6696691704891358,-0.000677201249950961,-0.6689919692391848,200,74
hybrid,1000,10000,-0.3431350292839031,-0.000677201249950961,-0.34245782803395214,200,74
B_only,1000,10000,-0.09051272133231271,-0.000677201249950961,-0.08983552008236174,200,74
A_only,1000,2000,-2.4953618918905627,-0.0017750075215489918,-2.4935868843690137,500,74
hybrid,1000,2000,-0.5155908331707512,-0.0017750075215489918,-0.5138158256492021,500,74
B_only,1000,2000,-0.003119630280068092,-0.0017750075215489918,-0.0013446227585191001,500,74
A_only,1000,5000,-0.3070124117114251,-0.09677148271081154,-0.21024092900061359,500,74
hybrid,1000,5000,-0.046310482028980846,-0.09677148271081154,0.050461000681830695,500,74
B_only,1000,5000,-0.01808665984005659,-0.09677148271081154,0.07868482287075496,500,74
A_only,1000,10000,-0.7254600506754779,-0.01653092336097194,-0.708929127314506,500,74
hybrid,1000,10000,-0.23273082610632892,-0.01653092336097194,-0.21619990274535697,500,74
B_only,1000,10000,-8.581615548805415e-05,-0.01653092336097194,0.016445107205483884,500,74
A_only,1000,2000,-0.99241093791955,-0.0014094271702523638,-0.9910015107492977,25,75
hybrid,1000,2000,-0.20883638323841175,-0.0014094271702523638,-0.2074269560681594,25,75
B_only,1000,2000,-0.0005293935877948452,-0.0014094271702523638,0.0008800335824575186,25,75
A_only,1000,5000,-1.154020161864024,-0.0014094271702523638,-1.1526107346937717,25,75
hybrid,1000,5000,-0.5091141714807762,-0.0014094271702523638,-0.5077047443105238,25,75
B_only,1000,5000,-0.5348449104437708,-0.0014094271702523638,-0.5334354832735184,25,75
A_only,1000,10000,-0.9319382869291721,-0.000677201249950961,-0.9312610856792212,25,75
hybrid,1000,10000,-0.08746854195477861,-0.000677201249950961,-0.08679134070482765,25,75
B_only,1000,10000,-2.6227705643734914e-14,-0.000677201249950961,0.0006772012499247332,25,75
A_only,1000,2000,-0.12916500189925081,-0.136118387533595,0.006953385634344195,50,75
hybrid,1000,2000,-0.007930727663814788,-0.136118387533595,0.12818765986978023,50,75
B_only,1000,2000,-0.11604161010330875,-0.136118387533595,0.020076777430286255,50,75
A_only,1000,5000,-1.5981908214216032,-0.0017750075215489918,-1.5964158139000542,50,75
hybrid,1000,5000,-0.6185719631886196,-0.0017750075215489918,-0.6167969556670706,50,75
B_only,1000,5000,-1.6119779278688509e-06,-0.0017750075215489918,0.001773395543621123,50,75
A_only,1000,10000,-0.11964309015790864,-0.000677201249950961,-0.11896588890795767,50,75
hybrid,1000,10000,-0.015325419594123634,-0.000677201249950961,-0.014648218344172672,50,75
B_only,1000,10000,-0.29516292408214007,-0.000677201249950961,-0.2944857228321891,50,75
A_only,1000,2000,-0.8815554171443414,-0.0033189882361477573,-0.8782364289081936,100,75
hybrid,1000,2000,-0.1956243218259903,-0.0033189882361477573,-0.19230533358984253,100,75
B_only,1000,2000,-0.13679263630272528,-0.0033189882361477573,-0.13347364806657752,100,75
A_only,1000,5000,-1.887170785390402,-0.000677201249950961,-1.886493584140451,100,75
hybrid,1000,5000,-0.7224853751121898,-0.000677201249950961,-0.7218081738622388,100,75
B_only,1000,5000,-0.0034349383856659664,-0.000677201249950961,-0.0027577371357150053,100,75
A_only,1000,10000,-0.02309070767459624,-0.0017750075215489918,-0.02131570015304725,100,75
hybrid,1000,10000,-0.0018385249737511412,-0.0017750075215489918,-6.351745220214934e-05,100,75
B_only,1000,10000,-0.6427232370359895,-0.0017750075215489918,-0.6409482295144405,100,75
A_only,1000,2000,-1.1317181190861756,-0.1680484964847657,-0.9636696226014099,200,75
hybrid,1000,2000,-0.28388054213940905,-0.1680484964847657,-0.11583204565464336,200,75
B_only,1000,2000,-0.00010802256267082477,-0.1680484964847657,0.16794047392209488,200,75
A_only,1000,5000,-1.1615538962650471,-0.000677201249950961,-1.1608766950150962,200,75
hybrid,1000,5000,-0.6835716414993286,-0.000677201249950961,-0.6828944402493776,200,75
B_only,1000,5000,-0.2268085276354835,-0.000677201249950961,-0.22613132638553254,200,75
A_only,1000,10000,-0.2589906272073241,-0.000677201249950961,-0.2583134259573731,200,75
hybrid,1000,10000,-0.09946042643980667,-0.000677201249950961,-0.0987832251898557,200,75
B_only,1000,10000,-0.32922863040410133,-0.000677201249950961,-0.32855142915415037,200,75
A_only,1000,2000,-1.6868134093683558,-0.034310857636452745,-1.652502551731903,500,75
hybrid,1000,2000,-0.2626182441243206,-0.034310857636452745,-0.22830738648786786,500,75
B_only,1000,2000,-0.0019381752066397755,-0.034310857636452745,0.03237268242981297,500,75
A_only,1000,5000,-1.2936869146744383,-0.016652718459798817,-1.2770341962146394,500,75
hybrid,1000,5000,-0.27059522445547834,-0.016652718459798817,-0.2539425059956795,500,75
B_only,1000,5000,-0.001875896181672081,-0.016652718459798817,0.014776822278126737,500,75
A_only,1000,10000,-0.8476441917259652,-0.0014094271702523638,-0.8462347645557128,500,75
hybrid,1000,10000,-0.1632888468786453,-0.0014094271702523638,-0.16187941970839295,500,75
B_only,1000,10000,-4.872487875171249e-06,-0.0014094271702523638,0.0014045546823771926,500,75
A_only,1000,2000,-1.502382970210526,-0.04467924927401707,-1.457703720936509,25,76
hybrid,1000,2000,-1.081118565865193,-0.04467924927401707,-1.0364393165911758,25,76
B_only,1000,2000,-3.717172360084637,-0.04467924927401707,-3.67249311081062,25,76
A_only,1000,5000,-1.6169208506328785,-0.034310857636452745,-1.5826099929964257,25,76
hybrid,1000,5000,-0.777802201415726,-0.034310857636452745,-0.7434913437792733,25,76
B_only,1000,5000,-0.3589295351720773,-0.034310857636452745,-0.32461867753562457,25,76
A_only,1000,10000,-0.33785572011874304,-0.018494542316971195,-0.31936117780177187,25,76
hybrid,1000,10000,-0.10005799934066438,-0.018494542316971195,-0.08156345702369319,25,76
B_only,1000,10000,-0.10821577824376379,-0.018494542316971195,-0.0897212359267926,25,76
A_only,1000,2000,-1.2955504395516522,-0.0442296682476969,-1.2513207713039554,50,76
hybrid,1000,2000,-0.6094667725657721,-0.0442296682476969,-0.5652371043180752,50,76
B_only,1000,2000,-0.5986127389745501,-0.0442296682476969,-0.5543830707268532,50,76
A_only,1000,5000,-0.8880148477105446,-0.000677201249950961,-0.8873376464605937,50,76
hybrid,1000,5000,-0.34766229651219027,-0.000677201249950961,-0.3469850952622393,50,76
B_only,1000,5000,-0.16587346380763457,-0.000677201249950961,-0.1651962625576836,50,76
A_only,1000,10000,-0.41731106280847424,-0.0033189882361477573,-0.4139920745723265,50,76
hybrid,1000,10000,-0.08180323837046478,-0.0033189882361477573,-0.07848425013431702,50,76
B_only,1000,10000,-0.0004370322523553036,-0.0033189882361477573,0.0028819559837924536,50,76
A_only,1000,2000,-0.48465415528941863,-0.0017750075215489918,-0.48287914776786967,100,76
hybrid,1000,2000,-0.11708163644159252,-0.0017750075215489918,-0.11530662892004352,100,76
B_only,1000,2000,-0.20601514031099602,-0.0017750075215489918,-0.20424013278944703,100,76
A_only,1000,5000,-1.2477940617846117,-0.016652718459798817,-1.2311413433248128,100,76
hybrid,1000,5000,-0.3703849049762593,-0.016652718459798817,-0.3537321865164605,100,76
B_only,1000,5000,-0.00229946802630208,-0.016652718459798817,0.014353250433496736,100,76
A_only,1000,10000,-0.11550868191643789,-0.01653092336097194,-0.09897775855546595,100,76
hybrid,1000,10000,-0.023376541684852224,-0.01653092336097194,-0.006845618323880285,100,76
B_only,1000,10000,-0.4603341241444235,-0.01653092336097194,-0.44380320078345153,100,76
A_only,1000,2000,-1.762824109298508,-0.07123766710210508,-1.6915864421964029,200,76
hybrid,1000,2000,-1.184331585415753,-0.07123766710210508,-1.113093918313648,200,76
B_only,1000,2000,-1.1356079472032898,-0.07123766710210508,-1.0643702801011847,200,76
A_only,1000,5000,-1.8170082814317785,-0.0017750075215489918,-1.8152332739102295,200,76
hybrid,1000,5000,-0.6364377240417863,-0.0017750075215489918,-0.6346627165202373,200,76
B_only,1000,5000,-0.13365233390925751,-0.0017750075215489918,-0.13187732638770852,200,76
A_only,1000,10000,-1.0214758984509966,-0.0017750075215489918,-1.0197008909294476,200,76
hybrid,1000,10000,-0.5361243980918206,-0.0017750075215489918,-0.5343493905702715,200,76
B_only,1000,10000,-0.43490930882464957,-0.0017750075215489918,-0.4331343013031006,200,76
A_only,1000,2000,-0.2889949361309353,-0.034310857636452745,-0.25468407849448255,500,76
hybrid,1000,2000,-0.05086149063146502,-0.034310857636452745,-0.016550632995012277,500,76
B_only,1000,2000,-0.008370304553768918,-0.034310857636452745,0.025940553082683827,500,76
A_only,1000,5000,-1.6895869782321578,-0.016652718459798817,-1.6729342597723589,500,76
hybrid,1000,5000,-0.7053850056317605,-0.016652718459798817,-0.6887322871719618,500,76
B_only,1000,5000,-0.23528506552991094,-0.016652718459798817,-0.21863234707011212,500,76
A_only,1000,10000,-0.28986261712242134,-0.000677201249950961,-0.2891854158724704,500,76
hybrid,1000,10000,-0.08224295715649638,-0.000677201249950961,-0.08156575590654541,500,76
B_only,1000,10000,-0.01165193771400076,-0.000677201249950961,-0.0109747364640498,500,76
A_only,1000,2000,-1.8151448134017258,-0.018494542316971195,-1.7966502710847547,25,77
hybrid,1000,2000,-1.3394671039256836,-0.018494542316971195,-1.3209725616087125,25,77
B_only,1000,2000,-0.23945102944325006,-0.018494542316971195,-0.22095648712627886,25,77
A_only,1000,5000,-0.7215302389963872,-0.0014094271702523638,-0.7201208118261349,25,77
hybrid,1000,5000,-0.14640051769627707,-0.0014094271702523638,-0.1449910905260247,25,77
B_only,1000,5000,-0.004680318523378087,-0.0014094271702523638,-0.003270891353125723,25,77
A_only,1000,10000,-1.0170830408030322,-0.000677201249950961,-1.0164058395530813,25,77
hybrid,1000,10000,-0.5812850366821596,-0.000677201249950961,-0.5806078354322086,25,77
B_only,1000,10000,-3.9706631027789974,-0.000677201249950961,-3.9699859015290464,25,77
A_only,1000,2000,-1.4675185272668345,-0.10941635111751186,-1.3581021761493226,50,77
hybrid,1000,2000,-0.28067366548420775,-0.10941635111751186,-0.1712573143666959,50,77
B_only,1000,2000,-0.002717631269675653,-0.10941635111751186,0.1066987198478362,50,77
A_only,1000,5000,-0.6036070017893231,-0.000677201249950961,-0.6029298005393722,50,77
hybrid,1000,5000,-0.22128907514504867,-0.000677201249950961,-0.2206118738950977,50,77
B_only,1000,5000,-0.06826284071565618,-0.000677201249950961,-0.06758563946570521,50,77
A_only,1000,10000,-2.2253017714934162,-0.000677201249950961,-2.2246245702434653,50,77
hybrid,1000,10000,-1.1272082650419182,-0.000677201249950961,-1.1265310637919672,50,77
B_only,1000,10000,-0.08034143144961614,-0.000677201249950961,-0.07966423019966518,50,77
A_only,1000,2000,-2.0863891791432603,-0.10943357822942999,-1.9769556009138303,100,77
hybrid,1000,2000,-1.129980697081146,-0.10943357822942999,-1.020547118851716,100,77
B_only,1000,2000,-0.36846673069231395,-0.10943357822942999,-0.25903315246288394,100,77
A_only,1000,5000,-1.3719657678529207,-0.02619584115917027,-1.3457699266937504,100,77
hybrid,1000,5000,-1.0253389078327042,-0.02619584115917027,-0.9991430666735339,100,77
B_only,1000,5000,-0.35201314075945966,-0.02619584115917027,-0.3258172996002894,100,77
A_only,1000,10000,-1.7529101178363395,-0.000677201249950961,-1.7522329165863886,100,77
hybrid,1000,10000,-1.337710085277758,-0.000677201249950961,-1.337032884027807,100,77
B_only,1000,10000,-0.7282086859333059,-0.000677201249950961,-0.7275314846833549,100,77
A_only,1000,2000,-1.2769174044268254,-0.07123766710210508,-1.2056797373247203,200,77
hybrid,1000,2000,-0.6269923723995371,-0.07123766710210508,-0.555754705297432,200,77
B_only,1000,2000,-0.8457144753047491,-0.07123766710210508,-0.774476808202644,200,77
A_only,1000,5000,-0.9495111772493338,-0.018494542316971195,-0.9310166349323625,200,77
hybrid,1000,5000,-0.4178472819516614,-0.018494542316971195,-0.3993527396346902,200,77
B_only,1000,5000,-0.003150864929028181,-0.018494542316971195,0.015343677387943015,200,77
A_only,1000,10000,-0.03961035331296051,-0.0033189882361477573,-0.03629136507681276,200,77
hybrid,1000,10000,-0.004651890712167854,-0.0033189882361477573,-0.0013329024760200966,200,77
B_only,1000,10000,-0.00605030015467455,-0.0033189882361477573,-0.0027313119185267925,200,77
A_only,1000,2000,-0.6041432548101534,-0.09677148271081154,-0.5073717720993418,500,77
hybrid,1000,2000,-0.21779902617013003,-0.09677148271081154,-0.12102754345931849,500,77
B_only,1000,2000,-0.1757484780480398,-0.09677148271081154,-0.07897699533722827,500,77
A_only,1000,5000,-1.487067205979994,-0.000677201249950961,-1.4863900047300431,500,77
hybrid,1000,5000,-0.38216130129522713,-0.000677201249950961,-0.38148410004527616,500,77
B_only,1000,5000,-0.018442230281561434,-0.000677201249950961,-0.017765029031610473,500,77
A_only,1000,10000,-1.1286567099264895,-0.0014094271702523638,-1.1272472827562372,500,77
hybrid,1000,10000,-0.3644885841228132,-0.0014094271702523638,-0.3630791569525608,500,77
B_only,1000,10000,-0.05635038582558523,-0.0014094271702523638,-0.05494095865533286,500,77
A_only,1000,2000,-0.12027271758584204,-0.0014094271702523638,-0.11886329041558968,25,78
hybrid,1000,2000,-0.0033330687468120586,-0.0014094271702523638,-0.0019236415765596948,25,78
B_only,1000,2000,-0.019222338796119055,-0.0014094271702523638,-0.017812911625866693,25,78
A_only,1000,5000,-1.1149494731136622,-0.000677201249950961,-1.1142722718637113,25,78
hybrid,1000,5000,-0.6020523477610868,-0.000677201249950961,-0.6013751465111359,25,78
B_only,1000,5000,-0.4046186191047889,-0.000677201249950961,-0.40394141785483795,25,78
A_only,1000,10000,-0.7474629261989901,-0.0017750075215489918,-0.7456879186774411,25,78
hybrid,1000,10000,-0.42469629215009874,-0.0017750075215489918,-0.4229212846285498,25,78
B_only,1000,10000,-0.7598311312794145,-0.0017750075215489918,-0.7580561237578655,25,78
A_only,1000,2000,-1.014553608398016,-0.016652718459798817,-0.9979008899382172,50,78
hybrid,1000,2000,-0.3254444140623974,-0.016652718459798817,-0.30879169560259856,50,78
B_only,1000,2000,-0.02783264287955741,-0.016652718459798817,-0.011179924419758593,50,78
A_only,1000,5000,-1.6279289119267493,-0.000677201249950961,-1.6272517106767983,50,78
hybrid,1000,5000,-0.5898459270795381,-0.000677201249950961,-0.5891687258295871,50,78
B_only,1000,5000,-0.03643066157490502,-0.000677201249950961,-0.035753460324954064,50,78
A_only,1000,10000,-0.3897217484929301,-0.000677201249950961,-0.38904454724297916,50,78
hybrid,1000,10000,-0.13653671117382532,-0.000677201249950961,-0.13585950992387436,50,78
B_only,1000,10000,-0.00495549683152567,-0.000677201249950961,-0.004278295581574709,50,78
A_only,1000,2000,-0.6739577967833956,-0.10941635111751186,-0.5645414456658837,100,78
hybrid,1000,2000,-0.16402624621081474,-0.10941635111751186,-0.054609895093302885,100,78
B_only,1000,2000,-0.11223633247410192,-0.10941635111751186,-0.002819981356590062,100,78
A_only,1000,5000,-0.6636328546086073,-0.000677201249950961,-0.6629556533586564,100,78
hybrid,1000,5000,-0.25438707093866647,-0.000677201249950961,-0.2537098696887155,100,78
B_only,1000,5000,-9.593449462046952e-05,-0.000677201249950961,0.0005812667553304915,100,78
A_only,1000,10000,-0.4189358872557123,-0.000677201249950961,-0.4182586860057613,100,78
hybrid,1000,10000,-0.08562089749862614,-0.000677201249950961,-0.08494369624867518,100,78
B_only,1000,10000,-5.393905560123963e-08,-0.000677201249950961,0.0006771473108953597,100,78
A_only,1000,2000,-2.1292474957376797,-0.0442296682476969,-2.085017827489983,200,78
hybrid,1000,2000,-1.0860327123104485,-0.0442296682476969,-1.0418030440627517,200,78
B_only,1000,2000,-0.04736261607729107,-0.0442296682476969,-0.003132947829594175,200,78
A_only,1000,5000,-0.6980668903698621,-0.06997887129157059,-0.6280880190782916,200,78
hybrid,1000,5000,-0.18807604108209033,-0.06997887129157059,-0.11809716979051975,200,78
B_only,1000,5000,-0.01671096412728533,-0.06997887129157059,0.053267907164285255,200,78
A_only,1000,10000,-1.1862473954769455,-0.0014094271702523638,-1.1848379683066932,200,78
hybrid,1000,10000,-0.2827067004846658,-0.0014094271702523638,-0.2812972733144134,200,78
B_only,1000,10000,-0.0006475177671730653,-0.0014094271702523638,0.0007619094030792985,200,78
A_only,1000,2000,-0.4004090337097333,-0.10943357822942999,-0.2909754554803033,500,78
hybrid,1000,2000,-0.0339733467765806,-0.10943357822942999,0.07546023145284939,500,78
B_only,1000,2000,-4.191056588153819e-06,-0.10943357822942999,0.10942938717284184,500,78
A_only,1000,5000,-1.110886432647259,-0.016652718459798817,-1.09423371418746,500,78
hybrid,1000,5000,-0.6072281035296786,-0.016652718459798817,-0.5905753850698798,500,78
B_only,1000,5000,-0.7516755555435618,-0.016652718459798817,-0.735022837083763,500,78
A_only,1000,10000,-0.2214544870638168,-0.000677201249950961,-0.22077728581386583,500,78
hybrid,1000,10000,-0.037785712461884134,-0.000677201249950961,-0.037108511211933176,500,78
B_only,1000,10000,-4.499076946083066e-05,-0.000677201249950961,0.0006322104804901303,500,78
A_only,1000,2000,-1.6587148086433647,-0.06997887129157059,-1.5887359373517942,25,79
hybrid,1000,2000,-1.2087687289894329,-0.06997887129157059,-1.1387898576978623,25,79
B_only,1000,2000,-1.9247282556876375,-0.06997887129157059,-1.854749384396067,25,79
A_only,1000,5000,-1.3877852695207347,-0.0014094271702523638,-1.3863758423504824,25,79
hybrid,1000,5000,-0.598444209394086,-0.0014094271702523638,-0.5970347822238337,25,79
B_only,1000,5000,-0.3525959397341163,-0.0014094271702523638,-0.3511865125638639,25,79
A_only,1000,10000,-0.9465693913010854,-0.000677201249950961,-0.9458921900511345,25,79
hybrid,1000,10000,-0.3743524572318147,-0.000677201249950961,-0.37367525598186374,25,79
B_only,1000,10000,-1.1998797209925698,-0.000677201249950961,-1.1992025197426188,25,79
A_only,1000,2000,-0.46925012608433275,-0.01653092336097194,-0.4527192027233608,50,79
hybrid,1000,2000,-0.07337567491763816,-0.01653092336097194,-0.056844751556666226,50,79
B_only,1000,2000,-0.012178961263537815,-0.01653092336097194,0.004351962097434124,50,79
A_only,1000,5000,-1.570646592595727,-0.01653092336097194,-1.554115669234755,50,79
hybrid,1000,5000,-0.6445354879945183,-0.01653092336097194,-0.6280045646335464,50,79
B_only,1000,5000,-0.03890875204724935,-0.01653092336097194,-0.02237782868627741,50,79
A_only,1000,10000,-1.129158215764434,-0.0017750075215489918,-1.127383208242885,50,79
hybrid,1000,10000,-0.6118551788885711,-0.0017750075215489918,-0.6100801713670221,50,79
B_only,1000,10000,-0.05119843961562659,-0.0017750075215489918,-0.049423432094077596,50,79
A_only,1000,2000,-1.8284478603624204,-0.0442296682476969,-1.7842181921147235,100,79
hybrid,1000,2000,-0.9548807883658547,-0.0442296682476969,-0.9106511201181577,100,79
B_only,1000,2000,-0.5193499367391896,-0.0442296682476969,-0.4751202684914927,100,79
A_only,1000,5000,-0.3926454318411079,-0.0014094271702523638,-0.3912360046708555,100,79
hybrid,1000,5000,-0.08020248579267135,-0.0014094271702523638,-0.07879305862241899,100,79
B_only,1000,5000,-0.004595934958420429,-0.0014094271702523638,-0.0031865077881680654,100,79
A_only,1000,10000,-0.911692069496468,-0.000677201249950961,-0.911014868246517,100,79
hybrid,1000,10000,-0.3357349820274809,-0.000677201249950961,-0.33505778077752996,100,79
B_only,1000,10000,-0.0017147265495000231,-0.000677201249950961,-0.0010375252995490623,100,79
A_only,1000,2000,-0.47303167708707855,-0.07123766710210508,-0.4017940099849735,200,79
hybrid,1000,2000,-0.12897224513140243,-0.07123766710210508,-0.05773457802929735,200,79
B_only,1000,2000,-0.2619265864385266,-0.07123766710210508,-0.19068891933642154,200,79
A_only,1000,5000,-0.702344658034226,-0.000677201249950961,-0.701667456784275,200,79
hybrid,1000,5000,-0.22811004860096834,-0.000677201249950961,-0.22743284735101738,200,79
B_only,1000,5000,-0.013418700556672021,-0.000677201249950961,-0.01274149930672106,200,79
A_only,1000,10000,-0.9476083716267991,-0.01653092336097194,-0.9310774482658272,200,79
hybrid,1000,10000,-0.35447887847109144,-0.01653092336097194,-0.3379479551101195,200,79
B_only,1000,10000,-0.004869424384367046,-0.01653092336097194,0.011661498976604893,200,79
A_only,1000,2000,-1.2056302969538328,-0.04467924927401707,-1.1609510476798157,500,79
hybrid,1000,2000,-0.14614662110038915,-0.04467924927401707,-0.10146737182637208,500,79
B_only,1000,2000,-1.07735962710125e-05,-0.04467924927401707,0.04466847567774606,500,79
A_only,1000,5000,-0.6752054399490941,-0.01653092336097194,-0.6586745165881221,500,79
hybrid,1000,5000,-0.16136012189429222,-0.01653092336097194,-0.14482919853332027,500,79
B_only,1000,5000,-0.007074464462925182,-0.01653092336097194,0.009456458898046758,500,79
A_only,1000,10000,-1.6625420060623595,-0.01653092336097194,-1.6460110827013876,500,79
hybrid,1000,10000,-0.16833776648313514,-0.01653092336097194,-0.1518068431221632,500,79
B_only,1000,10000,-1.96845064969103e-06,-0.01653092336097194,0.016528954910322247,500,79
A_only,1000,2000,-0.49075066511925886,-0.018494542316971195,-0.4722561228022877,25,80
hybrid,1000,2000,-0.18069268737183172,-0.018494542316971195,-0.16219814505486052,25,80
B_only,1000,2000,-0.17390213735396837,-0.018494542316971195,-0.15540759503699716,25,80
A_only,1000,5000,-1.772324476799222,-0.000677201249950961,-1.771647275549271,25,80
hybrid,1000,5000,-1.8790196947469484,-0.000677201249950961,-1.8783424934969974,25,80
B_only,1000,5000,-1.1749380258313313,-0.000677201249950961,-1.1742608245813804,25,80
A_only,1000,10000,-0.040523499787005327,-0.0017750075215489918,-0.03874849226545633,25,80
hybrid,1000,10000,-0.004078996695413114,-0.0017750075215489918,-0.002303989173864122,25,80
B_only,1000,10000,-0.8850180894734476,-0.0017750075215489918,-0.8832430819518986,25,80
A_only,1000,2000,-1.7276089124655933,-0.1680484964847657,-1.5595604159808276,50,80
hybrid,1000,2000,-0.5918525381621011,-0.1680484964847657,-0.42380404167733543,50,80
B_only,1000,2000,-0.0037490893486931947,-0.1680484964847657,0.1642994071360725,50,80
A_only,1000,5000,-1.9952834452437729,-0.016652718459798817,-1.978630726783974,50,80
hybrid,1000,5000,-1.1875332370172769,-0.016652718459798817,-1.170880518557478,50,80
B_only,1000,5000,-1.9650123649865623,-0.016652718459798817,-1.9483596465267634,50,80
A_only,1000,10000,-1.2935585852879616,-0.000677201249950961,-1.2928813840380107,50,80
hybrid,1000,10000,-0.7104996667926571,-0.000677201249950961,-0.7098224655427061,50,80
B_only,1000,10000,-0.04123506884479097,-0.000677201249950961,-0.040557867594840015,50,80
A_only,1000,2000,-0.30393765518711324,-0.01653092336097194,-0.2874067318261413,100,80
hybrid,1000,2000,-0.041561034347024885,-0.01653092336097194,-0.025030110986052945,100,80
B_only,1000,2000,-0.3887803492150581,-0.01653092336097194,-0.37224942585408616,100,80
A_only,1000,5000,-0.7639725860090273,-0.01653092336097194,-0.7474416626480553,100,80
hybrid,1000,5000,-0.27789769940426057,-0.01653092336097194,-0.2613667760432886,100,80
B_only,1000,5000,-0.03244093094181765,-0.01653092336097194,-0.015910007580845712,100,80
A_only,1000,10000,-0.5952680214597176,-0.016652718459798817,-0.5786153029999188,100,80
hybrid,1000,10000,-0.19203063652761238,-0.016652718459798817,-0.17537791806781355,100,80
B_only,1000,10000,-0.0013589442986048103,-0.016652718459798817,0.015293774161194007,100,80
A_only,1000,2000,-2.4580584727844283,-0.02619584115917027,-2.431862631625258,200,80
hybrid,1000,2000,-0.8646572508782071,-0.02619584115917027,-0.8384614097190368,200,80
B_only,1000,2000,-0.013063566213843447,-0.02619584115917027,0.013132274945326825,200,80
A_only,1000,5000,-0.512453515892436,-0.0014094271702523638,-0.5110440887221837,200,80
hybrid,1000,5000,-0.10596242700490842,-0.0014094271702523638,-0.10455299983465606,200,80
B_only,1000,5000,-0.026638481142992495,-0.0014094271702523638,-0.025229053972740133,200,80
A_only,1000,10000,-0.9290218880142725,-0.000677201249950961,-0.9283446867643216,200,80
hybrid,1000,10000,-0.26551612547487435,-0.000677201249950961,-0.2648389242249234,200,80
B_only,1000,10000,-1.4690692831006394e-05,-0.000677201249950961,0.0006625105571199546,200,80
A_only,1000,2000,-1.2865475803763626,-0.13629847621520946,-1.1502491041611531,500,80
hybrid,1000,2000,-0.29356819802957757,-0.13629847621520946,-0.1572697218143681,500,80
B_only,1000,2000,-0.04646767196199054,-0.13629847621520946,0.08983080425321893,500,80
A_only,1000,5000,-0.888829804354681,-0.0033189882361477573,-0.8855108161185332,500,80
hybrid,1000,5000,-0.23459519402688025,-0.0033189882361477573,-0.2312762057907325,500,80
B_only,1000,5000,-0.09616843636243043,-0.0033189882361477573,-0.09284944812628267,500,80
A_only,1000,10000,-1.6531467956206987,-0.000677201249950961,-1.6524695943707477,500,80
hybrid,1000,10000,-0.43959450556333957,-0.000677201249950961,-0.4389173043133886,500,80
B_only,1000,10000,-1.799275643953434e-05,-0.000677201249950961,0.0006592084935114266,500,80
A_only,1000,2000,-0.7685550555681738,-0.034310857636452745,-0.7342441979317211,25,81
hybrid,1000,2000,-0.12378732868638573,-0.034310857636452745,-0.08947647104993298,25,81
B_only,1000,2000,-0.026371499658047155,-0.034310857636452745,0.00793935797840559,25,81
A_only,1000,5000,-0.5908587256315002,-0.018494542316971195,-0.572364183314529,25,81
hybrid,1000,5000,-0.25444188751196006,-0.018494542316971195,-0.23594734519498886,25,81
B_only,1000,5000,-1.7186073999755185,-0.018494542316971195,-1.7001128576585474,25,81
A_only,1000,10000,-0.47659977152317184,-0.0017750075215489918,-0.4748247640016229,25,81
hybrid,1000,10000,-0.22426183050854817,-0.0017750075215489918,-0.22248682298699918,25,81
B_only,1000,10000,-0.7189947811650085,-0.0017750075215489918,-0.7172197736434595,25,81
A_only,1000,2000,-1.5450248025495974,-0.018494542316971195,-1.5265302602326263,50,81
hybrid,1000,2000,-0.43256017741012104,-0.018494542316971195,-0.41406563509314986,50,81
B_only,1000,2000,-6.408062109921158e-07,-0.018494542316971195,0.0184939015107602,50,81
A_only,1000,5000,-1.0691116194440697,-0.016652718459798817,-1.0524589009842709,50,81
hybrid,1000,5000,-0.3925217098174926,-0.016652718459798817,-0.3758689913576938,50,81
B_only,1000,5000,-0.04372762973202536,-0.016652718459798817,-0.027074911272226544,50,81
A_only,1000,10000,-0.9474171322855842,-0.000677201249950961,-0.9467399310356333,50,81
hybrid,1000,10000,-0.369852076924298,-0.000677201249950961,-0.36917487567434704,50,81
B_only,1000,10000,-0.08488127970037576,-0.000677201249950961,-0.0842040784504248,50,81
A_only,1000,2000,-1.5941847758013206,-0.1680484964847657,-1.4261362793165548,100,81
hybrid,1000,2000,-0.5007989705567029,-0.1680484964847657,-0.33275047407193714,100,81
B_only,1000,2000,-0.008149489240986367,-0.1680484964847657,0.1598990072437793,100,81
A_only,1000,5000,-0.6410075405960335,-0.016652718459798817,-0.6243548221362347,100,81
hybrid,1000,5000,-0.31392901638435994,-0.016652718459798817,-0.2972762979245611,100,81
B_only,1000,5000,-0.9744310881214631,-0.016652718459798817,-0.9577783696616643,100,81
A_only,1000,10000,-0.526568059332271,-0.000677201249950961,-0.5258908580823201,100,81
hybrid,1000,10000,-0.21786020291076977,-0.000677201249950961,-0.2171830016608188,100,81
B_only,1000,10000,-0.1920162854946625,-0.000677201249950961,-0.19133908424471152,100,81
A_only,1000,2000,-0.6224516091426081,-0.016652718459798817,-0.6057988906828093,200,81
hybrid,1000,2000,-0.1504351908079553,-0.016652718459798817,-0.1337824723481565,200,81
B_only,1000,2000,-0.12668399700755412,-0.016652718459798817,-0.1100312785477553,200,81
A_only,1000,5000,-1.0233961531668032,-0.04467924927401707,-0.9787169038927861,200,81
hybrid,1000,5000,-0.24331290598404232,-0.04467924927401707,-0.19863365671002525,200,81
B_only,1000,5000,-0.017194419750856196,-0.04467924927401707,0.027484829523160875,200,81
A_only,1000,10000,-0.5103539571806825,-0.0017750075215489918,-0.5085789496591335,200,81
hybrid,1000,10000,-0.17962239447585315,-0.0017750075215489918,-0.17784738695430416,200,81
B_only,1000,10000,-0.1976823400977791,-0.0017750075215489918,-0.1959073325762301,200,81
A_only,1000,2000,-1.4257404471996904,-0.12341214349600381,-1.3023283037036866,500,81
hybrid,1000,2000,-0.33851002539616315,-0.12341214349600381,-0.21509788190015933,500,81
B_only,1000,2000,-0.003916925800719074,-0.12341214349600381,0.11949521769528473,500,81
A_only,1000,5000,-1.5092938107919018,-0.01653092336097194,-1.49276288743093,500,81
hybrid,1000,5000,-0.5293770418867312,-0.01653092336097194,-0.5128461185257592,500,81
B_only,1000,5000,-0.017618533185444003,-0.01653092336097194,-0.0010876098244720633,500,81
A_only,1000,10000,-0.6840104850461626,-0.0017750075215489918,-0.6822354775246136,500,81
hybrid,1000,10000,-0.18453811040206625,-0.0017750075215489918,-0.18276310288051725,500,81
B_only,1000,10000,-0.00378838311193789,-0.0017750075215489918,-0.0020133755903888983,500,81
A_only,1000,2000,-1.9776385556782656,-0.0014094271702523638,-1.9762291285080134,25,82
hybrid,1000,2000,-0.6709209816002378,-0.0014094271702523638,-0.6695115544299854,25,82
B_only,1000,2000,-0.00041347480527400876,-0.0014094271702523638,0.000995952364978355,25,82
A_only,1000,5000,-0.661031533508393,-0.000677201249950961,-0.6603543322584421,25,82
hybrid,1000,5000,-0.26137509157708083,-0.000677201249950961,-0.26069789032712987,25,82
B_only,1000,5000,-0.592946590879578,-0.000677201249950961,-0.592269389629627,25,82
A_only,1000,10000,-0.7491072972656764,-0.000677201249950961,-0.7484300960157254,25,82
hybrid,1000,10000,-0.2066250321627378,-0.000677201249950961,-0.20594783091278684,25,82
B_only,1000,10000,-0.0009105710242869277,-0.000677201249950961,-0.00023336977433596675,25,82
A_only,1000,2000,-0.3434934535661995,-0.021107167799241426,-0.32238628576695805,50,82
hybrid,1000,2000,-0.05413711361108936,-0.021107167799241426,-0.033029945811847934,50,82
B_only,1000,2000,-0.41641561970469354,-0.021107167799241426,-0.3953084519054521,50,82
A_only,1000,5000,-1.9074514524002224,-0.01653092336097194,-1.8909205290392506,50,82
hybrid,1000,5000,-1.5497631114991453,-0.01653092336097194,-1.5332321881381734,50,82
B_only,1000,5000,-0.1373957494225017,-0.01653092336097194,-0.12086482606152978,50,82
A_only,1000,10000,-0.8605059624126836,-0.000677201249950961,-0.8598287611627327,50,82
hybrid,1000,10000,-0.41086999960194587,-0.000677201249950961,-0.4101927983519949,50,82
B_only,1000,10000,-0.05777504664370957,-0.000677201249950961,-0.05709784539375861,50,82
A_only,1000,2000,-0.7221098742223536,-0.136118387533595,-0.5859914866887586,100,82
hybrid,1000,2000,-0.15665061213707765,-0.136118387533595,-0.02053222460348264,100,82
B_only,1000,2000,-5.8651547005270105e-05,-0.136118387533595,0.13605973598658974,100,82
A_only,1000,5000,-1.4802634521204256,-0.016652718459798817,-1.4636107336606268,100,82
hybrid,1000,5000,-0.5821533386506087,-0.016652718459798817,-0.5655006201908099,100,82
B_only,1000,5000,-0.004850716039327647,-0.016652718459798817,0.01180200242047117,100,82
A_only,1000,10000,-1.613475142893429,-0.000677201249950961,-1.6127979416434781,100,82
hybrid,1000,10000,-0.8605021740535395,-0.000677201249950961,-0.8598249728035885,100,82
B_only,1000,10000,-0.04019349886006921,-0.000677201249950961,-0.03951629761011825,100,82
A_only,1000,2000,-1.9993511819446517,-0.000677201249950961,-1.9986739806947007,200,82
hybrid,1000,2000,-0.228642545776371,-0.000677201249950961,-0.22796534452642003,200,82
B_only,1000,2000,-6.93951011608174e-05,-0.000677201249950961,0.0006078061487901435,200,82
A_only,1000,5000,-0.4138082262738034,-0.0017750075215489918,-0.41203321875225446,200,82
hybrid,1000,5000,-0.09751895648096505,-0.0017750075215489918,-0.09574394895941606,200,82
B_only,1000,5000,-0.0033640191108102752,-0.0017750075215489918,-0.0015890115892612834,200,82
A_only,1000,10000,-0.5411662238544422,-0.000677201249950961,-0.5404890226044913,200,82
hybrid,1000,10000,-0.24101110285427138,-0.000677201249950961,-0.24033390160432042,200,82
B_only,1000,10000,-0.2048538805340796,-0.000677201249950961,-0.20417667928412864,200,82
A_only,1000,2000,-0.7621667867799155,-0.02619584115917027,-0.7359709456207452,500,82
hybrid,1000,2000,-0.32217984003527594,-0.02619584115917027,-0.29598399887610566,500,82
B_only,1000,2000,-0.5754198631129258,-0.02619584115917027,-0.5492240219537555,500,82
A_only,1000,5000,-0.797003734615798,-0.0017750075215489918,-0.795228727094249,500,82
hybrid,1000,5000,-0.47536461900914906,-0.0017750075215489918,-0.4735896114876001,500,82
B_only,1000,5000,-0.42261674195772175,-0.0017750075215489918,-0.4208417344361728,500,82
A_only,1000,10000,-0.7426807504913332,-0.000677201249950961,-0.7420035492413822,500,82
hybrid,1000,10000,-0.2031405685082341,-0.000677201249950961,-0.20246336725828312,500,82
B_only,1000,10000,-0.0178125816016869,-0.000677201249950961,-0.017135380351735938,500,82
A_only,1000,2000,-2.0902925689327656,-0.06997887129157059,-2.020313697641195,25,83
hybrid,1000,2000,-1.5440877001322617,-0.06997887129157059,-1.4741088288406912,25,83
B_only,1000,2000,-2.176152142883609,-0.06997887129157059,-2.1061732715920383,25,83
A_only,1000,5000,-2.5356209937836063,-0.0017750075215489918,-2.5338459862620573,25,83
hybrid,1000,5000,-1.0887348204306146,-0.0017750075215489918,-1.0869598129090656,25,83
B_only,1000,5000,-0.00025091853289949096,-0.0017750075215489918,0.0015240889886495009,25,83
A_only,1000,10000,-0.7159183537869829,-0.000677201249950961,-0.7152411525370319,25,83
hybrid,1000,10000,-0.2380980858494736,-0.000677201249950961,-0.23742088459952262,25,83
B_only,1000,10000,-0.10376599413045025,-0.000677201249950961,-0.10308879288049928,25,83
A_only,1000,2000,-1.2913791282560672,-0.02619584115917027,-1.2651832870968969,50,83
hybrid,1000,2000,-0.7505432803756316,-0.02619584115917027,-0.7243474392164613,50,83
B_only,1000,2000,-0.018870360755563118,-0.02619584115917027,0.0073254804036071534,50,83
A_only,1000,5000,-0.852067903959197,-0.0033189882361477573,-0.8487489157230492,50,83
hybrid,1000,5000,-0.3591140782003135,-0.0033189882361477573,-0.35579508996416576,50,83
B_only,1000,5000,-1.4457051359494648,-0.0033189882361477573,-1.442386147713317,50,83
A_only,1000,10000,-0.03063776567555843,-0.0033189882361477573,-0.027318777439410673,50,83
hybrid,1000,10000,-0.0037486955011755566,-0.0033189882361477573,-0.0004297072650277993,50,83
B_only,1000,10000,-0.11748906176892639,-0.0033189882361477573,-0.11417007353277862,50,83
A_only,1000,2000,-1.756240467182067,-0.000677201249950961,-1.755563265932116,100,83
hybrid,1000,2000,-1.0024120793019597,-0.000677201249950961,-1.0017348780520088,100,83
B_only,1000,2000,-1.0603149293097491,-0.000677201249950961,-1.0596377280597982,100,83
A_only,1000,5000,-0.19139383554619085,-0.0014094271702523638,-0.1899844083759385,100,83
hybrid,1000,5000,-0.035222540568504074,-0.0014094271702523638,-0.03381311339825171,100,83
B_only,1000,5000,-0.036356245667022745,-0.0014094271702523638,-0.03494681849677038,100,83
A_only,1000,10000,-1.3213497067591262,-0.0014094271702523638,-1.319940279588874,100,83
hybrid,1000,10000,-0.28468603294543343,-0.0014094271702523638,-0.28327660577518105,100,83
B_only,1000,10000,-0.0001548555071549672,-0.0014094271702523638,0.0012545716630973966,100,83
A_only,1000,2000,-0.3819467860419059,-0.0017750075215489918,-0.38017177852035694,200,83
hybrid,1000,2000,-0.11854883571745749,-0.0017750075215489918,-0.1167738281959085,200,83
B_only,1000,2000,-1.0336074446635874,-0.0017750075215489918,-1.0318324371420384,200,83
A_only,1000,5000,-1.340118761979294,-0.016652718459798817,-1.3234660435194951,200,83
hybrid,1000,5000,-0.5186343855513084,-0.016652718459798817,-0.5019816670915096,200,83
B_only,1000,5000,-0.15705151761816735,-0.016652718459798817,-0.14039879915836853,200,83
A_only,1000,10000,-0.47349812233436755,-0.000677201249950961,-0.4728209210844166,200,83
hybrid,1000,10000,-0.14369863183025647,-0.000677201249950961,-0.1430214305803055,200,83
B_only,1000,10000,-0.0016519262975944415,-0.000677201249950961,-0.0009747250476434805,200,83
A_only,1000,2000,-1.8449367031131203,-0.016652718459798817,-1.8282839846533214,500,83
hybrid,1000,2000,-0.11403045035443146,-0.016652718459798817,-0.09737773189463264,500,83
B_only,1000,2000,-1.5806361550821854e-06,-0.016652718459798817,0.016651137823643736,500,83
A_only,1000,5000,-0.833529614540849,-0.000677201249950961,-0.832852413290898,500,83
hybrid,1000,5000,-0.4130319659625575,-0.000677201249950961,-0.4123547647126065,500,83
B_only,1000,5000,-0.16533743717217153,-0.000677201249950961,-0.16466023592222057,500,83
A_only,1000,10000,-1.182605439099666,-0.000677201249950961,-1.1819282378497151,500,83
hybrid,1000,10000,-0.0802425596592246,-0.000677201249950961,-0.07956535840927363,500,83
B_only,1000,10000,-1.3183385540134562e-07,-0.000677201249950961,0.0006770694160955596,500,83
A_only,1000,2000,-1.8027646689328476,-0.034310857636452745,-1.7684538112963948,25,84
hybrid,1000,2000,-1.3576792774091682,-0.034310857636452745,-1.3233684197727154,25,84
B_only,1000,2000,-0.8587367036437995,-0.034310857636452745,-0.8244258460073468,25,84
A_only,1000,5000,-1.0751255927764292,-0.000677201249950961,-1.0744483915264782,25,84
hybrid,1000,5000,-0.6017158345267898,-0.000677201249950961,-0.6010386332768388,25,84
B_only,1000,5000,-0.01541813670928192,-0.000677201249950961,-0.014740935459330959,25,84
A_only,1000,10000,-0.6597187411366119,-0.000677201249950961,-0.6590415398866609,25,84
hybrid,1000,10000,-0.3311194620770241,-0.000677201249950961,-0.3304422608270731,25,84
B_only,1000,10000,-0.08973577135503297,-0.000677201249950961,-0.089058570105082,25,84
A_only,1000,2000,-0.184535469331026,-0.10941635111751186,-0.07511911821351414,50,84
hybrid,1000,2000,-0.0340606497333161,-0.10941635111751186,0.07535570138419576,50,84
B_only,1000,2000,-2.598882146728422,-0.10941635111751186,-2.48946579561091,50,84
A_only,1000,5000,-0.7338043875577183,-0.000677201249950961,-0.7331271863077673,50,84
hybrid,1000,5000,-0.20668763339726887,-0.000677201249950961,-0.2060104321473179,50,84
B_only,1000,5000,-4.145570263691141e-06,-0.000677201249950961,0.0006730556796872698,50,84
A_only,1000,10000,-1.2770954736154336,-0.0017750075215489918,-1.2753204660938846,50,84
hybrid,1000,10000,-0.5713398519711728,-0.0017750075215489918,-0.5695648444496237,50,84
B_only,1000,10000,-2.74352659340238e-06,-0.0017750075215489918,0.0017722639949555895,50,84
A_only,1000,2000,-1.5196036936901889,-0.30108699739340655,-1.2185166962967824,100,84
hybrid,1000,2000,-0.6518593729169263,-0.30108699739340655,-0.35077237552351975,100,84
B_only,1000,2000,-0.2563105792969174,-0.30108699739340655,0.044776418096489135,100,84
A_only,1000,5000,-0.8644531135675343,-0.034310857636452745,-0.8301422559310816,100,84
hybrid,1000,5000,-0.4609564796643683,-0.034310857636452745,-0.42664562202791556,100,84
B_only,1000,5000,-0.9321812099017222,-0.034310857636452745,-0.8978703522652695,100,84
A_only,1000,10000,-0.6490510202570946,-0.0017750075215489918,-0.6472760127355456,100,84
hybrid,1000,10000,-0.2089393202038663,-0.0017750075215489918,-0.2071643126823173,100,84
B_only,1000,10000,-0.004174097397215503,-0.0017750075215489918,-0.0023990898756665116,100,84
A_only,1000,2000,-1.6950786585858646,-0.016652718459798817,-1.6784259401260657,200,84
hybrid,1000,2000,-0.48063262060990497,-0.016652718459798817,-0.46397990215010615,200,84
B_only,1000,2000,-0.15669013898154785,-0.016652718459798817,-0.14003742052174903,200,84
A_only,1000,5000,-1.6323755264820279,-0.01653092336097194,-1.615844603121056,200,84
hybrid,1000,5000,-0.9483933533567458,-0.01653092336097194,-0.9318624299957738,200,84
B_only,1000,5000,-0.27320506095841,-0.01653092336097194,-0.25667413759743807,200,84
A_only,1000,10000,-1.2331517647117618,-0.0014094271702523638,-1.2317423375415095,200,84
hybrid,1000,10000,-0.6196744492797711,-0.0014094271702523638,-0.6182650221095187,200,84
B_only,1000,10000,-0.08430688736157965,-0.0014094271702523638,-0.0828974601913273,200,84
A_only,1000,2000,-2.5310202046098764,-0.0033189882361477573,-2.5277012163737287,500,84
hybrid,1000,2000,-0.9420257242463059,-0.0033189882361477573,-0.9387067360101582,500,84
B_only,1000,2000,-0.33208207215251684,-0.0033189882361477573,-0.3287630839163691,500,84
A_only,1000,5000,-0.30175350464590894,-0.034310857636452745,-0.2674426470094562,500,84
hybrid,1000,5000,-0.02629169532980061,-0.034310857636452745,0.008019162306652134,500,84
B_only,1000,5000,-5.210025804754624e-07,-0.034310857636452745,0.03431033663387227,500,84
A_only,1000,10000,-1.3111355339325197,-0.0014094271702523638,-1.3097261067622674,500,84
hybrid,1000,10000,-0.7029402054597794,-0.0014094271702523638,-0.701530778289527,500,84
B_only,1000,10000,-0.6034957975595401,-0.0014094271702523638,-0.6020863703892877,500,84
A_only,1000,2000,-0.7954453183325604,-0.0014094271702523638,-0.794035891162308,25,85
hybrid,1000,2000,-0.29029199114518395,-0.0014094271702523638,-0.28888256397493156,25,85
B_only,1000,2000,-2.019490604146305,-0.0014094271702523638,-2.018081176976053,25,85
A_only,1000,5000,-1.66431574798011,-0.10953837757218061,-1.5547773704079295,25,85
hybrid,1000,5000,-1.6062630400343831,-0.10953837757218061,-1.4967246624622026,25,85
B_only,1000,5000,-0.5822109630594426,-0.10953837757218061,-0.47267258548726204,25,85
A_only,1000,10000,-0.8703668279920351,-0.000677201249950961,-0.8696896267420842,25,85
hybrid,1000,10000,-0.5381249428916284,-0.000677201249950961,-0.5374477416416774,25,85
B_only,1000,10000,-0.2701054555034826,-0.000677201249950961,-0.2694282542535316,25,85
A_only,1000,2000,-0.9699477513428606,-0.0033189882361477573,-0.9666287631067129,50,85
hybrid,1000,2000,-0.42815467008601293,-0.0033189882361477573,-0.4248356818498652,50,85
B_only,1000,2000,-0.6089039626834784,-0.0033189882361477573,-0.6055849744473306,50,85
A_only,1000,5000,-1.6854676355847877,-0.0033189882361477573,-1.68214864734864,50,85
hybrid,1000,5000,-1.006861678840944,-0.0033189882361477573,-1.0035426906047962,50,85
B_only,1000,5000,-0.015100305168717429,-0.0033189882361477573,-0.01178131693256967,50,85
A_only,1000,10000,-1.5918224881634275,-0.000677201249950961,-1.5911452869134766,50,85
hybrid,1000,10000,-1.1211152890059466,-0.000677201249950961,-1.1204380877559956,50,85
B_only,1000,10000,-0.6571862747873836,-0.000677201249950961,-0.6565090735374326,50,85
A_only,1000,2000,-0.622400719547168,-0.1111690382606413,-0.5112316812865267,100,85
hybrid,1000,2000,-0.22958059183792595,-0.1111690382606413,-0.11841155357728465,100,85
B_only,1000,2000,-0.5125534239485787,-0.1111690382606413,-0.40138438568793744,100,85
A_only,1000,5000,-0.6212583019763207,-0.0017750075215489918,-0.6194832944547717,100,85
hybrid,1000,5000,-0.16766361531447715,-0.0017750075215489918,-0.16588860779292816,100,85
B_only,1000,5000,-0.0710483326025165,-0.0017750075215489918,-0.06927332508096751,100,85
A_only,1000,10000,-0.23633873755416088,-0.000677201249950961,-0.2356615363042099,100,85
hybrid,1000,10000,-0.07020275749744295,-0.000677201249950961,-0.06952555624749199,100,85
B_only,1000,10000,-0.03935426084646989,-0.000677201249950961,-0.03867705959651893,100,85
A_only,1000,2000,-0.8911005361110413,-0.0014094271702523638,-0.889691108940789,200,85
hybrid,1000,2000,-0.18472425975565826,-0.0014094271702523638,-0.1833148325854059,200,85
B_only,1000,2000,-0.0003407128373400945,-0.0014094271702523638,0.0010687143329122693,200,85
A_only,1000,5000,-0.788571826249052,-0.0033189882361477573,-0.7852528380129042,200,85
hybrid,1000,5000,-0.26871801669806017,-0.0033189882361477573,-0.26539902846191243,200,85
B_only,1000,5000,-0.10036576884672302,-0.0033189882361477573,-0.09704678061057526,200,85
A_only,1000,10000,-0.3972443409744067,-0.0014094271702523638,-0.3958349138041543,200,85
hybrid,1000,10000,-0.06120748110598431,-0.0014094271702523638,-0.05979805393573195,200,85
B_only,1000,10000,-0.0012785407198994845,-0.0014094271702523638,0.00013088645035287932,200,85
A_only,1000,2000,-1.7189102602509037,-0.04467924927401707,-1.6742310109768865,500,85
hybrid,1000,2000,-0.50767008843793,-0.04467924927401707,-0.462990839163913,500,85
B_only,1000,2000,-0.05187415160302988,-0.04467924927401707,-0.007194902329012813,500,85
A_only,1000,5000,-1.2295496244187711,-0.0033189882361477573,-1.2262306361826234,500,85
hybrid,1000,5000,-0.44555979399766266,-0.0033189882361477573,-0.4422408057615149,500,85
B_only,1000,5000,-0.17960980276658603,-0.0033189882361477573,-0.17629081453043827,500,85
A_only,1000,10000,-0.8667869493779243,-0.000677201249950961,-0.8661097481279734,500,85
hybrid,1000,10000,-0.2757013742378392,-0.000677201249950961,-0.2750241729878882,500,85
B_only,1000,10000,-0.04877801476782069,-0.000677201249950961,-0.04810081351786973,500,85
A_only,1000,2000,-0.9105638414098234,-0.016652718459798817,-0.8939111229500246,25,86
hybrid,1000,2000,-0.3056841125475156,-0.016652718459798817,-0.2890313940877168,25,86
B_only,1000,2000,-0.0032358317286783297,-0.016652718459798817,0.013416886731120488,25,86
A_only,1000,5000,-1.7379035116997663,-0.0014094271702523638,-1.736494084529514,25,86
hybrid,1000,5000,-0.992824260337068,-0.0014094271702523638,-0.9914148331668157,25,86
B_only,1000,5000,-0.0006737095808441011,-0.0014094271702523638,0.0007357175894082627,25,86
A_only,1000,10000,-1.092059326737207,-0.0014094271702523638,-1.0906498995669547,25,86
hybrid,1000,10000,-0.7009292038987175,-0.0014094271702523638,-0.6995197767284651,25,86
B_only,1000,10000,-0.009705725609350317,-0.0014094271702523638,-0.008296298439097953,25,86
A_only,1000,2000,-0.17757339796126775,-0.0014094271702523638,-0.1761639707910154,50,86
hybrid,1000,2000,-0.009655607703578201,-0.0014094271702523638,-0.008246180533325837,50,86
B_only,1000,2000,-0.014805348122157534,-0.0014094271702523638,-0.01339592095190517,50,86
A_only,1000,5000,-0.569929714856073,-0.02619584115917027,-0.5437338736969027,50,86
hybrid,1000,5000,-0.05105301839029308,-0.02619584115917027,-0.02485717723112281,50,86
B_only,1000,5000,-7.028015222626912e-08,-0.02619584115917027,0.026195770879018046,50,86
A_only,1000,10000,-0.4643170176306683,-0.000677201249950961,-0.46363981638071733,50,86
hybrid,1000,10000,-0.10211180797644333,-0.000677201249950961,-0.10143460672649236,50,86
B_only,1000,10000,-0.14520426148025806,-0.000677201249950961,-0.1445270602303071,50,86
A_only,1000,2000,-1.726353677708291,-0.0033189882361477573,-1.7230346894721433,100,86
hybrid,1000,2000,-0.8229001187200864,-0.0033189882361477573,-0.8195811304839387,100,86
B_only,1000,2000,-0.27747283092960323,-0.0033189882361477573,-0.2741538426934555,100,86
A_only,1000,5000,-2.077964425788793,-0.0033189882361477573,-2.074645437552645,100,86
hybrid,1000,5000,-1.3107287066247437,-0.0033189882361477573,-1.307409718388596,100,86
B_only,1000,5000,-0.012129248063571336,-0.0033189882361477573,-0.008810259827423578,100,86
A_only,1000,10000,-0.8833999785000217,-0.000677201249950961,-0.8827227772500708,100,86
hybrid,1000,10000,-0.5337996678505396,-0.000677201249950961,-0.5331224666005886,100,86
B_only,1000,10000,-0.19898924868819667,-0.000677201249950961,-0.1983120474382457,100,86
A_only,1000,2000,-1.2546888187074767,-0.000677201249950961,-1.2540116174575258,200,86
hybrid,1000,2000,-0.45282360614965655,-0.000677201249950961,-0.4521464048997056,200,86
B_only,1000,2000,-0.011336313915418002,-0.000677201249950961,-0.010659112665467041,200,86
A_only,1000,5000,-0.5444032076957427,-0.0017750075215489918,-0.5426282001741937,200,86
hybrid,1000,5000,-0.16439086025082966,-0.0017750075215489918,-0.16261585272928067,200,86
B_only,1000,5000,-0.1436098899497951,-0.0017750075215489918,-0.1418348824282461,200,86
A_only,1000,10000,-1.0822683444607852,-0.0014094271702523638,-1.080858917290533,200,86
hybrid,1000,10000,-0.804219883823232,-0.0014094271702523638,-0.8028104566529796,200,86
B_only,1000,10000,-0.8482485822290151,-0.0014094271702523638,-0.8468391550587627,200,86
A_only,1000,2000,-1.224677217102944,-0.016652718459798817,-1.2080244986431452,500,86
hybrid,1000,2000,-0.22713359774688724,-0.016652718459798817,-0.21048087928708842,500,86
B_only,1000,2000,-6.100086521880628e-06,-0.016652718459798817,0.016646618373276936,500,86
A_only,1000,5000,-1.073644532658775,-0.01653092336097194,-1.057113609297803,500,86
hybrid,1000,5000,-0.15940618005083224,-0.01653092336097194,-0.14287525668986029,500,86
B_only,1000,5000,-0.010409152165084187,-0.01653092336097194,0.006121771195887752,500,86
A_only,1000,10000,-0.4864177875635842,-0.021107167799241426,-0.4653106197643428,500,86
hybrid,1000,10000,-0.12852095395763674,-0.021107167799241426,-0.10741378615839531,500,86
B_only,1000,10000,-2.8704217858879552e-05,-0.021107167799241426,0.021078463581382545,500,86
A_only,1000,2000,-0.9110793776066899,-0.048388414081634995,-0.8626909635250549,25,87
hybrid,1000,2000,-0.29416748091042283,-0.048388414081634995,-0.24577906682878783,25,87
B_only,1000,2000,-0.20119991590769598,-0.048388414081634995,-0.15281150182606099,25,87
A_only,1000,5000,-0.8835453355481533,-0.000677201249950961,-0.8828681342982023,25,87
hybrid,1000,5000,-0.3597583064659092,-0.000677201249950961,-0.3590811052159582,25,87
B_only,1000,5000,-0.15130663708951125,-0.000677201249950961,-0.1506294358395603,25,87
A_only,1000,10000,-0.9421937408474547,-0.000677201249950961,-0.9415165395975037,25,87
hybrid,1000,10000,-0.32624484757275707,-0.000677201249950961,-0.3255676463228061,25,87
B_only,1000,10000,-0.04152555605846802,-0.000677201249950961,-0.04084835480851706,25,87
A_only,1000,2000,-1.7718979349630148,-0.13629847621520946,-1.6355994587478053,50,87
hybrid,1000,2000,-0.2377899574005636,-0.13629847621520946,-0.10149148118535414,50,87
B_only,1000,2000,-6.28178511566005e-06,-0.13629847621520946,0.1362921944300938,50,87
A_only,1000,5000,-0.2826000093696386,-0.0017750075215489918,-0.2808250018480896,50,87
hybrid,1000,5000,-0.0679741683102752,-0.0017750075215489918,-0.0661991607887262,50,87
B_only,1000,5000,-0.04282580081713255,-0.0017750075215489918,-0.04105079329558356,50,87
A_only,1000,10000,-0.6651391661260023,-0.000677201249950961,-0.6644619648760514,50,87
hybrid,1000,10000,-0.19714026098189485,-0.000677201249950961,-0.1964630597319439,50,87
B_only,1000,10000,-0.01186226907364558,-0.000677201249950961,-0.011185067823694618,50,87
A_only,1000,2000,-0.5987435114518964,-0.04467924927401707,-0.5540642621778793,100,87
hybrid,1000,2000,-0.15936901277670218,-0.04467924927401707,-0.11468976350268512,100,87
B_only,1000,2000,-0.0183769442135824,-0.04467924927401707,0.02630230506043467,100,87
A_only,1000,5000,-0.6354846130583629,-0.04467924927401707,-0.5908053637843458,100,87
hybrid,1000,5000,-0.26662916699673994,-0.04467924927401707,-0.22194991772272288,100,87
B_only,1000,5000,-0.3554116306889721,-0.04467924927401707,-0.310732381414955,100,87
A_only,1000,10000,-1.1274933113243817,-0.0014094271702523638,-1.1260838841541294,100,87
hybrid,1000,10000,-0.7106235002091302,-0.0014094271702523638,-0.7092140730388778,100,87
B_only,1000,10000,-0.4880319340129182,-0.0014094271702523638,-0.48662250684266584,100,87
A_only,1000,2000,-0.1553592152016445,-0.10941635111751186,-0.045942864084132645,200,87
hybrid,1000,2000,-0.02673744672647365,-0.10941635111751186,0.0826789043910382,200,87
B_only,1000,2000,-0.39673908827649673,-0.10941635111751186,-0.2873227371589849,200,87
A_only,1000,5000,-1.1712180805229961,-0.018494542316971195,-1.152723538206025,200,87
hybrid,1000,5000,-0.7058307378786525,-0.018494542316971195,-0.6873361955616812,200,87
B_only,1000,5000,-0.9544158400032204,-0.018494542316971195,-0.9359212976862492,200,87
A_only,1000,10000,-0.5715325544871139,-0.000677201249950961,-0.570855353237163,200,87
hybrid,1000,10000,-0.21409353697732714,-0.000677201249950961,-0.21341633572737617,200,87
B_only,1000,10000,-0.0370059957242592,-0.000677201249950961,-0.03632879447430824,200,87
A_only,1000,2000,-1.8619253402605267,-0.10943357822942999,-1.7524917620310967,500,87
hybrid,1000,2000,-0.5713460450948253,-0.10943357822942999,-0.46191246686539533,500,87
B_only,1000,2000,-0.021238780033711796,-0.10943357822942999,0.0881947981957182,500,87
A_only,1000,5000,-0.4405538725423967,-0.018494542316971195,-0.4220593302254255,500,87
hybrid,1000,5000,-0.1576818150932018,-0.018494542316971195,-0.1391872727762306,500,87
B_only,1000,5000,-0.0004896047377336175,-0.018494542316971195,0.018004937579237577,500,87
A_only,1000,10000,-0.35196434564488716,-0.0017750075215489918,-0.3501893381233382,500,87
hybrid,1000,10000,-0.1195254113448144,-0.0017750075215489918,-0.1177504038232654,500,87
B_only,1000,10000,-0.023394027286442604,-0.0017750075215489918,-0.02161901976489361,500,87
A_only,1000,2000,-1.5132446528593964,-0.016652718459798817,-1.4965919343995975,25,88
hybrid,1000,2000,-0.8595524881287053,-0.016652718459798817,-0.8428997696689066,25,88
B_only,1000,2000,-0.10985423779636663,-0.016652718459798817,-0.09320151933656781,25,88
A_only,1000,5000,-1.429018048527537,-0.000677201249950961,-1.428340847277586,25,88
hybrid,1000,5000,-0.5582974299007273,-0.000677201249950961,-0.5576202286507763,25,88
B_only,1000,5000,-0.012241210486204959,-0.000677201249950961,-0.011564009236253997,25,88
A_only,1000,10000,-0.3708987886496474,-0.000677201249950961,-0.37022158739969646,25,88
hybrid,1000,10000,-0.13524829509296227,-0.000677201249950961,-0.1345710938430113,25,88
B_only,1000,10000,-0.0011443785794418202,-0.000677201249950961,-0.00046717732949085923,25,88
A_only,1000,2000,-2.077590514155068,-0.09677148271081154,-1.9808190314442566,50,88
hybrid,1000,2000,-1.2133536700585859,-0.09677148271081154,-1.1165821873477744,50,88
B_only,1000,2000,-1.363559885345718,-0.09677148271081154,-1.2667884026349066,50,88
A_only,1000,5000,-1.6661581016006408,-0.000677201249950961,-1.6654809003506899,50,88
hybrid,1000,5000,-0.4989896805451357,-0.000677201249950961,-0.49831247929518474,50,88
B_only,1000,5000,-1.2350646742960825e-06,-0.000677201249950961,0.0006759661852766648,50,88
A_only,1000,10000,-0.9441669700267701,-0.000677201249950961,-0.9434897687768191,50,88
hybrid,1000,10000,-0.547273253152993,-0.000677201249950961,-0.5465960519030421,50,88
B_only,1000,10000,-0.13832700155695227,-0.000677201249950961,-0.1376498003070013,50,88
A_only,1000,2000,-1.766524516766515,-0.136118387533595,-1.63040612923292,100,88
hybrid,1000,2000,-1.0136581315737925,-0.136118387533595,-0.8775397440401975,100,88
B_only,1000,2000,-0.1580828399220208,-0.136118387533595,-0.021964452388425787,100,88
A_only,1000,5000,-1.1168559839380061,-0.0017750075215489918,-1.115080976416457,100,88
hybrid,1000,5000,-0.39752101358117414,-0.0017750075215489918,-0.3957460060596252,100,88
B_only,1000,5000,-0.0165118535290293,-0.0017750075215489918,-0.014736846007480308,100,88
A_only,1000,10000,-0.6959521124546383,-0.000677201249950961,-0.6952749112046873,100,88
hybrid,1000,10000,-0.32779429571909247,-0.000677201249950961,-0.3271170944691415,100,88
B_only,1000,10000,-0.02890947405238977,-0.000677201249950961,-0.02823227280243881,100,88
A_only,1000,2000,-1.4871646542866062,-0.0033189882361477573,-1.4838456660504584,200,88
hybrid,1000,2000,-0.3924600604919473,-0.0033189882361477573,-0.3891410722557996,200,88
B_only,1000,2000,-0.004875932196648152,-0.0033189882361477573,-0.0015569439605003948,200,88
A_only,1000,5000,-0.4961151686551689,-0.000677201249950961,-0.49543796740521795,200,88
hybrid,1000,5000,-0.12044260667058787,-0.000677201249950961,-0.1197654054206369,200,88
B_only,1000,5000,-2.250612963442547e-05,-0.000677201249950961,0.0006546951203165355,200,88
A_only,1000,10000,-0.5189488052021407,-0.000677201249950961,-0.5182716039521897,200,88
hybrid,1000,10000,-0.12324057409741176,-0.000677201249950961,-0.1225633728474608,200,88
B_only,1000,10000,-0.027795557951433514,-0.000677201249950961,-0.027118356701482552,200,88
A_only,1000,2000,-1.8652225101083841,-0.29520425577647763,-1.5700182543319066,500,88
hybrid,1000,2000,-0.28733236008144747,-0.29520425577647763,0.007871895695030162,500,88
B_only,1000,2000,-0.0031960612889859056,-0.29520425577647763,0.2920081944874917,500,88
A_only,1000,5000,-1.3696296146014064,-0.01653092336097194,-1.3530986912404346,500,88
hybrid,1000,5000,-0.31026755591821065,-0.01653092336097194,-0.2937366325572387,500,88
B_only,1000,5000,-0.008750581486020146,-0.01653092336097194,0.007780341874951793,500,88
A_only,1000,10000,-0.5378257245496332,-0.0014094271702523638,-0.5364162973793808,500,88
hybrid,1000,10000,-0.1362688269442525,-0.0014094271702523638,-0.13485939977400013,500,88
B_only,1000,10000,-0.004674859063741295,-0.0014094271702523638,-0.0032654318934889313,500,88
A_only,1000,2000,-0.5484731052714495,-0.0014094271702523638,-0.5470636781011972,25,89
hybrid,1000,2000,-0.14780373464288504,-0.0014094271702523638,-0.14639430747263268,25,89
B_only,1000,2000,-1.4758901036955512,-0.0014094271702523638,-1.474480676525299,25,89
A_only,1000,5000,-0.011322446624399303,-0.000677201249950961,-0.010645245374448341,25,89
hybrid,1000,5000,-0.00014252311249864338,-0.000677201249950961,0.0005346781374523176,25,89
B_only,1000,5000,-0.004220920941753468,-0.000677201249950961,-0.003543719691802507,25,89
A_only,1000,10000,-0.026716792546465595,-0.000677201249950961,-0.026039591296514633,25,89
hybrid,1000,10000,-0.0016768074414503951,-0.000677201249950961,-0.000999606191499434,25,89
B_only,1000,10000,-0.045683675420763126,-0.000677201249950961,-0.04500647417081217,25,89
A_only,1000,2000,-1.6559460787303928,-0.13629847621520946,-1.5196476025151833,50,89
hybrid,1000,2000,-0.955001548887795,-0.13629847621520946,-0.8187030726725855,50,89
B_only,1000,2000,-0.2918721514402383,-0.13629847621520946,-0.15557367522502885,50,89
A_only,1000,5000,-0.7163715763170422,-0.048388414081634995,-0.6679831622354072,50,89
hybrid,1000,5000,-0.18175438657453802,-0.048388414081634995,-0.13336597249290302,50,89
B_only,1000,5000,-0.00041298863498363564,-0.048388414081634995,0.04797542544665136,50,89
A_only,1000,10000,-0.12531581175174303,-0.000677201249950961,-0.12463861050179206,50,89
hybrid,1000,10000,-0.03658255070112487,-0.000677201249950961,-0.035905349451173914,50,89
B_only,1000,10000,-0.19039057992127725,-0.000677201249950961,-0.1897133786713263,50,89
A_only,1000,2000,-1.3087033600473426,-0.034310857636452745,-1.2743925024108897,100,89
hybrid,1000,2000,-0.5570880553142555,-0.034310857636452745,-0.5227771976778028,100,89
B_only,1000,2000,-0.04323857228576988,-0.034310857636452745,-0.008927714649317138,100,89
A_only,1000,5000,-0.7963595537847196,-0.01653092336097194,-0.7798286304237476,100,89
hybrid,1000,5000,-0.2841116068794465,-0.01653092336097194,-0.2675806835184745,100,89
B_only,1000,5000,-0.1073652227264528,-0.01653092336097194,-0.09083429936548086,100,89
A_only,1000,10000,-1.3572404894584666,-0.000677201249950961,-1.3565632882085157,100,89
hybrid,1000,10000,-0.7317425526900344,-0.000677201249950961,-0.7310653514400834,100,89
B_only,1000,10000,-0.10709543188630831,-0.000677201249950961,-0.10641823063635734,100,89
A_only,1000,2000,-2.7426027896577616,-0.12341214349600381,-2.619190646161758,200,89
hybrid,1000,2000,-0.5924786801281842,-0.12341214349600381,-0.46906653663218034,200,89
B_only,1000,2000,-0.00127307963139288,-0.12341214349600381,0.12213906386461093,200,89
A_only,1000,5000,-1.562488112244249,-0.0017750075215489918,-1.5607131047227,200,89
hybrid,1000,5000,-0.22996515524686545,-0.0017750075215489918,-0.22819014772531646,200,89
B_only,1000,5000,-7.167460942974778e-06,-0.0017750075215489918,0.001767840060606017,200,89
A_only,1000,10000,-1.1905096205839512,-0.0014094271702523638,-1.1891001934136989,200,89
hybrid,1000,10000,-0.2055579919878819,-0.0014094271702523638,-0.20414856481762955,200,89
B_only,1000,10000,-0.0001031758316249579,-0.0014094271702523638,0.0013062513386274059,200,89
A_only,1000,2000,-1.621445379109198,-0.0014094271702523638,-1.6200359519389458,500,89
hybrid,1000,2000,-0.3970296208530859,-0.0014094271702523638,-0.3956201936828335,500,89
B_only,1000,2000,-0.07056677740599594,-0.0014094271702523638,-0.06915735023574358,500,89
A_only,1000,5000,-1.2423455295907473,-0.016652718459798817,-1.2256928111309484,500,89
hybrid,1000,5000,-0.21198987509038122,-0.016652718459798817,-0.1953371566305824,500,89
B_only,1000,5000,-0.005612579575882206,-0.016652718459798817,0.011040138883916611,500,89
A_only,1000,10000,-0.4998727423901208,-0.0014094271702523638,-0.4984633152198684,500,89
hybrid,1000,10000,-0.09990859922144198,-0.0014094271702523638,-0.09849917205118962,500,89
B_only,1000,10000,-0.024672283744356618,-0.0014094271702523638,-0.023262856574104256,500,89
A_only,1000,2000,-2.439852173264582,-0.000677201249950961,-2.439174972014631,25,90
hybrid,1000,2000,-0.8355230676307075,-0.000677201249950961,-0.8348458663807565,25,90
B_only,1000,2000,-0.13719472257774912,-0.000677201249950961,-0.13651752132779815,25,90
A_only,1000,5000,-0.353324753628247,-0.04467924927401707,-0.30864550435422994,25,90
hybrid,1000,5000,-0.08908317530824418,-0.04467924927401707,-0.04440392603422711,25,90
B_only,1000,5000,-0.5745987805919953,-0.04467924927401707,-0.5299195313179782,25,90
A_only,1000,10000,-0.9822295952442911,-0.000677201249950961,-0.9815523939943401,25,90
hybrid,1000,10000,-0.2949247351129412,-0.000677201249950961,-0.29424753386299024,25,90
B_only,1000,10000,-1.2655463029123692,-0.000677201249950961,-1.2648691016624183,25,90
A_only,1000,2000,-2.221272562511387,-0.01653092336097194,-2.204741639150415,50,90
hybrid,1000,2000,-0.9900413430164264,-0.01653092336097194,-0.9735104196554545,50,90
B_only,1000,2000,-0.06917167672876476,-0.01653092336097194,-0.05264075336779282,50,90
A_only,1000,5000,-0.7768982641086754,-0.0033189882361477573,-0.7735792758725276,50,90
hybrid,1000,5000,-0.23509025630221247,-0.0033189882361477573,-0.2317712680660647,50,90
B_only,1000,5000,-0.032321397877432476,-0.0033189882361477573,-0.02900240964128472,50,90
A_only,1000,10000,-1.2352839160040918,-0.000677201249950961,-1.2346067147541409,50,90
hybrid,1000,10000,-0.6378648040658067,-0.000677201249950961,-0.6371876028158557,50,90
B_only,1000,10000,-3.1975540684667385e-05,-0.000677201249950961,0.0006452257092662936,50,90
A_only,1000,2000,-0.9765946895937642,-0.000677201249950961,-0.9759174883438132,100,90
hybrid,1000,2000,-0.22245809390485904,-0.000677201249950961,-0.22178089265490808,100,90
B_only,1000,2000,-0.01669513364103995,-0.000677201249950961,-0.01601793239108899,100,90
A_only,1000,5000,-0.8653860430118825,-0.0014094271702523638,-0.8639766158416301,100,90
hybrid,1000,5000,-0.2647862452121309,-0.0014094271702523638,-0.2633768180418785,100,90
B_only,1000,5000,-0.07039058142433113,-0.0014094271702523638,-0.06898115425407877,100,90
A_only,1000,10000,-0.8630905250873147,-0.0014094271702523638,-0.8616810979170623,100,90
hybrid,1000,10000,-0.3675901561456042,-0.0014094271702523638,-0.3661807289753518,100,90
B_only,1000,10000,-0.24625412138803973,-0.0014094271702523638,-0.24484469421778737,100,90
A_only,1000,2000,-0.6985647737693806,-0.0017750075215489918,-0.6967897662478316,200,90
hybrid,1000,2000,-0.21509107051902443,-0.0017750075215489918,-0.21331606299747544,200,90
B_only,1000,2000,-0.060367822398653945,-0.0017750075215489918,-0.05859281487710495,200,90
A_only,1000,5000,-1.81260688696182,-0.0017750075215489918,-1.810831879440271,200,90
hybrid,1000,5000,-0.8387716682172184,-0.0017750075215489918,-0.8369966606956694,200,90
B_only,1000,5000,-0.12261435022902986,-0.0017750075215489918,-0.12083934270748087,200,90
A_only,1000,10000,-1.2487240097420091,-0.0014094271702523638,-1.2473145825717569,200,90
hybrid,1000,10000,-0.28840518325765857,-0.0014094271702523638,-0.2869957560874062,200,90
B_only,1000,10000,-1.148454373411184e-05,-0.0014094271702523638,0.001397942626518252,200,90
A_only,1000,2000,-0.5686739389682234,-0.0014094271702523638,-0.567264511797971,500,90
hybrid,1000,2000,-0.08063701162465173,-0.0014094271702523638,-0.07922758445439937,500,90
B_only,1000,2000,-0.0015067608598835222,-0.0014094271702523638,-9.73336896311584e-05,500,90
A_only,1000,5000,-1.8519631522856284,-0.0033189882361477573,-1.8486441640494806,500,90
hybrid,1000,5000,-0.4627176160060534,-0.0033189882361477573,-0.45939862776990564,500,90
B_only,1000,5000,-0.04975796291039256,-0.0033189882361477573,-0.04643897467424481,500,90
A_only,1000,10000,-0.5911640469734258,-0.0014094271702523638,-0.5897546198031735,500,90
hybrid,1000,10000,-0.10495330477680807,-0.0014094271702523638,-0.10354387760655571,500,90
B_only,1000,10000,-0.0029201956755500573,-0.0014094271702523638,-0.0015107685052976935,500,90
A_only,1000,2000,-1.9861711882059454,-0.000677201249950961,-1.9854939869559944,25,91
hybrid,1000,2000,-1.2703496422687353,-0.000677201249950961,-1.2696724410187843,25,91
B_only,1000,2000,-0.27178341026860836,-0.000677201249950961,-0.2711062090186574,25,91
A_only,1000,5000,-2.0564327365071704,-0.021107167799241426,-2.035325568707929,25,91
hybrid,1000,5000,-1.275913348233875,-0.021107167799241426,-1.2548061804346335,25,91
B_only,1000,5000,-0.2780470413771082,-0.021107167799241426,-0.25693987357786674,25,91
A_only,1000,10000,-0.023997263863873877,-0.0014094271702523638,-0.022587836693621514,25,91
hybrid,1000,10000,-0.0004837818328379752,-0.0014094271702523638,0.0009256453374143886,25,91
B_only,1000,10000,-1.5485824695552483e-12,-0.0014094271702523638,0.0014094271687037814,25,91
A_only,1000,2000,-3.0759904329380614,-0.048388414081634995,-3.0276020188564265,50,91
hybrid,1000,2000,-2.003302346566409,-0.048388414081634995,-1.954913932484774,50,91
B_only,1000,2000,-0.046584899936035755,-0.048388414081634995,0.0018035141455992401,50,91
A_only,1000,5000,-1.9228184508641974,-0.01653092336097194,-1.9062875275032256,50,91
hybrid,1000,5000,-0.8504840424082084,-0.01653092336097194,-0.8339531190472365,50,91
B_only,1000,5000,-0.0030331281347224562,-0.01653092336097194,0.013497795226249483,50,91
A_only,1000,10000,-2.4541849010804713,-0.000677201249950961,-2.4535076998305203,50,91
hybrid,1000,10000,-1.3076659927803977,-0.000677201249950961,-1.3069887915304468,50,91
B_only,1000,10000,-0.0013674598990540642,-0.000677201249950961,-0.0006902586491031032,50,91
A_only,1000,2000,-2.0254042145819815,-0.1111690382606413,-1.91423517632134,100,91
hybrid,1000,2000,-0.7937379150828064,-0.1111690382606413,-0.6825688768221652,100,91
B_only,1000,2000,-4.691927572807334e-06,-0.1111690382606413,0.11116434633306849,100,91
A_only,1000,5000,-0.290105487781929,-0.01653092336097194,-0.27357456442095707,100,91
hybrid,1000,5000,-0.06792644123508894,-0.01653092336097194,-0.051395517874117,100,91
B_only,1000,5000,-0.23298218198971896,-0.01653092336097194,-0.216451258628747,100,91
A_only,1000,10000,-0.9018498665698793,-0.000677201249950961,-0.9011726653199283,100,91
hybrid,1000,10000,-0.5535894688651405,-0.000677201249950961,-0.5529122676151895,100,91
B_only,1000,10000,-0.7243791955788463,-0.000677201249950961,-0.7237019943288954,100,91
A_only,1000,2000,-0.3417391057278595,-0.23890628700174898,-0.1028328187261105,200,91
hybrid,1000,2000,-0.059222910196459484,-0.23890628700174898,0.1796833768052895,200,91
B_only,1000,2000,-0.007924549380226013,-0.23890628700174898,0.23098173762152296,200,91
A_only,1000,5000,-0.21641971501465296,-0.0014094271702523638,-0.2150102878444006,200,91
hybrid,1000,5000,-0.039823504375036685,-0.0014094271702523638,-0.03841407720478432,200,91
B_only,1000,5000,-0.016392441633709832,-0.0014094271702523638,-0.014983014463457468,200,91
A_only,1000,10000,-0.8713853659133802,-0.000677201249950961,-0.8707081646634293,200,91
hybrid,1000,10000,-0.2419102169910759,-0.000677201249950961,-0.24123301574112493,200,91
B_only,1000,10000,-0.003103970474346616,-0.000677201249950961,-0.002426769224395655,200,91
A_only,1000,2000,-1.7186508693279872,-0.018494542316971195,-1.700156327011016,500,91
hybrid,1000,2000,-0.5896581206749584,-0.018494542316971195,-0.5711635783579871,500,91
B_only,1000,2000,-0.09848063182548997,-0.018494542316971195,-0.07998608950851877,500,91
A_only,1000,5000,-1.1292238446802738,-0.0014094271702523638,-1.1278144175100215,500,91
hybrid,1000,5000,-0.28997013985478226,-0.0014094271702523638,-0.2885607126845299,500,91
B_only,1000,5000,-0.0029308900815146364,-0.0014094271702523638,-0.0015214629112622726,500,91
A_only,1000,10000,-0.027539786274926793,-0.000677201249950961,-0.026862585024975832,500,91
hybrid,1000,10000,-0.005098367502478365,-0.000677201249950961,-0.004421166252527404,500,91
B_only,1000,10000,-0.06032767464481013,-0.000677201249950961,-0.05965047339485917,500,91
A_only,1000,2000,-1.4478945378353334,-0.016652718459798817,-1.4312418193755345,25,92
hybrid,1000,2000,-0.7555607438351047,-0.016652718459798817,-0.738908025375306,25,92
B_only,1000,2000,-0.540684073164307,-0.016652718459798817,-0.5240313547045082,25,92
A_only,1000,5000,-0.17817386021033357,-0.01653092336097194,-0.16164293684936162,25,92
hybrid,1000,5000,-0.022345280511788693,-0.01653092336097194,-0.005814357150816754,25,92
B_only,1000,5000,-0.027830627282740647,-0.01653092336097194,-0.011299703921768708,25,92
A_only,1000,10000,-1.277417362683138,-0.000677201249950961,-1.276740161433187,25,92
hybrid,1000,10000,-0.9567782334516174,-0.000677201249950961,-0.9561010322016664,25,92
B_only,1000,10000,-0.11336788881953516,-0.000677201249950961,-0.1126906875695842,25,92
A_only,1000,2000,-2.4014894963739826,-0.01653092336097194,-2.3849585730130105,50,92
hybrid,1000,2000,-1.3040620697505447,-0.01653092336097194,-1.287531146389573,50,92
B_only,1000,2000,-0.0701000093724513,-0.01653092336097194,-0.05356908601147936,50,92
A_only,1000,5000,-1.177880972714346,-0.000677201249950961,-1.177203771464395,50,92
hybrid,1000,5000,-0.5197065766263527,-0.000677201249950961,-0.5190293753764017,50,92
B_only,1000,5000,-0.007464109074675158,-0.000677201249950961,-0.006786907824724197,50,92
A_only,1000,10000,-1.3024397645597523,-0.000677201249950961,-1.3017625633098013,50,92
hybrid,1000,10000,-0.99232135735737,-0.000677201249950961,-0.9916441561074191,50,92
B_only,1000,10000,-0.5714184163780239,-0.000677201249950961,-0.570741215128073,50,92
A_only,1000,2000,-1.3190613517876137,-0.0033189882361477573,-1.315742363551466,100,92
hybrid,1000,2000,-0.45926865507209125,-0.0033189882361477573,-0.4559496668359435,100,92
B_only,1000,2000,-0.5624890152463332,-0.0033189882361477573,-0.5591700270101855,100,92
A_only,1000,5000,-0.37060088206509884,-0.0033189882361477573,-0.3672818938289511,100,92
hybrid,1000,5000,-0.08911217999000559,-0.0033189882361477573,-0.08579319175385783,100,92
B_only,1000,5000,-0.026951784421379806,-0.0033189882361477573,-0.02363279618523205,100,92
A_only,1000,10000,-0.40535695726058435,-0.000677201249950961,-0.4046797560106334,100,92
hybrid,1000,10000,-0.14440584411558993,-0.000677201249950961,-0.14372864286563897,100,92
B_only,1000,10000,-0.12476829001750797,-0.000677201249950961,-0.124091088767557,100,92
A_only,1000,2000,-1.7155035317334113,-0.000677201249950961,-1.7148263304834603,200,92
hybrid,1000,2000,-1.061173750204102,-0.000677201249950961,-1.0604965489541511,200,92
B_only,1000,2000,-0.6121399759922789,-0.000677201249950961,-0.6114627747423279,200,92
A_only,1000,5000,-2.3664390637183588,-0.0017750075215489918,-2.3646640561968097,200,92
hybrid,1000,5000,-1.0560411417503215,-0.0017750075215489918,-1.0542661342287725,200,92
B_only,1000,5000,-0.11931406017021888,-0.0017750075215489918,-0.11753905264866989,200,92
A_only,1000,10000,-1.5931211076867653,-0.0014094271702523638,-1.591711680516513,200,92
hybrid,1000,10000,-0.31443058823496584,-0.0014094271702523638,-0.31302116106471345,200,92
B_only,1000,10000,-2.772736032267695e-10,-0.0014094271702523638,0.0014094268929787607,200,92
A_only,1000,2000,-0.618587455970286,-0.09677148271081154,-0.5218159732594745,500,92
hybrid,1000,2000,-0.09822319964751146,-0.09677148271081154,-0.0014517169366999177,500,92
B_only,1000,2000,-0.05115152582459298,-0.09677148271081154,0.04561995688621856,500,92
A_only,1000,5000,-0.5013061873072021,-0.0014094271702523638,-0.4998967601369497,500,92
hybrid,1000,5000,-0.11002259887741268,-0.0014094271702523638,-0.10861317170716032,500,92
B_only,1000,5000,-3.522965978137305e-06,-0.0014094271702523638,0.0014059042042742266,500,92
A_only,1000,10000,-0.44244311709678114,-0.0014094271702523638,-0.44103368992652875,500,92
hybrid,1000,10000,-0.15100515190612016,-0.0014094271702523638,-0.1495957247358678,500,92
B_only,1000,10000,-0.18294992205618427,-0.0014094271702523638,-0.1815404948859319,500,92
A_only,1000,2000,-1.975462625486421,-0.26409954681121445,-1.7113630786752065,25,93
hybrid,1000,2000,-2.2533826090507687,-0.26409954681121445,-1.9892830622395543,25,93
B_only,1000,2000,-2.0264139525153344,-0.26409954681121445,-1.76231440570412,25,93
A_only,1000,5000,-0.2625193070294188,-0.000677201249950961,-0.2618421057794678,25,93
hybrid,1000,5000,-0.04855194001598313,-0.000677201249950961,-0.047874738766032175,25,93
B_only,1000,5000,-0.08304380517036086,-0.000677201249950961,-0.0823666039204099,25,93
A_only,1000,10000,-0.8574816561898257,-0.0014094271702523638,-0.8560722290195734,25,93
hybrid,1000,10000,-0.36830295637410315,-0.0014094271702523638,-0.36689352920385077,25,93
B_only,1000,10000,-0.04043511639271901,-0.0014094271702523638,-0.039025689222466645,25,93
A_only,1000,2000,-2.5031088527150644,-0.000677201249950961,-2.5024316514651135,50,93
hybrid,1000,2000,-1.1584175378325405,-0.000677201249950961,-1.1577403365825896,50,93
B_only,1000,2000,-0.04984078529661697,-0.000677201249950961,-0.049163584046666015,50,93
A_only,1000,5000,-0.02328423050948892,-0.000677201249950961,-0.022607029259537958,50,93
hybrid,1000,5000,-0.0008538364782358272,-0.000677201249950961,-0.00017663522828486624,50,93
B_only,1000,5000,-0.5142595229829289,-0.000677201249950961,-0.5135823217329779,50,93
A_only,1000,10000,-1.2417649552198622,-0.0017750075215489918,-1.2399899476983132,50,93
hybrid,1000,10000,-0.4532091581430607,-0.0017750075215489918,-0.4514341506215117,50,93
B_only,1000,10000,-0.002233349932035734,-0.0017750075215489918,-0.0004583424104867423,50,93
A_only,1000,2000,-0.5115141036526116,-0.021107167799241426,-0.4904069358533702,100,93
hybrid,1000,2000,-0.13589393769332056,-0.021107167799241426,-0.11478676989407913,100,93
B_only,1000,2000,-0.015851984035589614,-0.021107167799241426,0.005255183763651812,100,93
A_only,1000,5000,-1.2480499968157055,-0.000677201249950961,-1.2473727955657545,100,93
hybrid,1000,5000,-0.7271050729937676,-0.000677201249950961,-0.7264278717438166,100,93
B_only,1000,5000,-1.3285496653507436,-0.000677201249950961,-1.3278724641007926,100,93
A_only,1000,10000,-1.4942562830920274,-0.0014094271702523638,-1.4928468559217751,100,93
hybrid,1000,10000,-1.0861439843250054,-0.0014094271702523638,-1.084734557154753,100,93
B_only,1000,10000,-0.8183117274909394,-0.0014094271702523638,-0.816902300320687,100,93
A_only,1000,2000,-0.46314467949028937,-0.000677201249950961,-0.4624674782403384,200,93
hybrid,1000,2000,-0.13082460325319573,-0.000677201249950961,-0.13014740200324476,200,93
B_only,1000,2000,-0.21503055637287968,-0.000677201249950961,-0.21435335512292872,200,93
A_only,1000,5000,-0.8039051241071101,-0.0014094271702523638,-0.8024956969368577,200,93
hybrid,1000,5000,-0.4901602343771427,-0.0014094271702523638,-0.4887508072068903,200,93
B_only,1000,5000,-0.4151618267151947,-0.0014094271702523638,-0.4137523995449423,200,93
A_only,1000,10000,-0.31755225825373984,-0.000677201249950961,-0.3168750570037889,200,93
hybrid,1000,10000,-0.07634467560151169,-0.000677201249950961,-0.07566747435156072,200,93
B_only,1000,10000,-4.1753212795887294e-05,-0.000677201249950961,0.0006354480371550737,200,93
A_only,1000,2000,-1.5856071751197987,-0.06997887129157059,-1.515628303828228,500,93
hybrid,1000,2000,-0.2942898142170228,-0.06997887129157059,-0.22431094292545223,500,93
B_only,1000,2000,-0.005544806550412251,-0.06997887129157059,0.06443406474115833,500,93
A_only,1000,5000,-2.22584891892761,-0.0014094271702523638,-2.224439491757358,500,93
hybrid,1000,5000,-0.6751273972138939,-0.0014094271702523638,-0.6737179700436415,500,93
B_only,1000,5000,-0.007027835902922064,-0.0014094271702523638,-0.0056184087326697,500,93
A_only,1000,10000,-0.08220147271126312,-0.0033189882361477573,-0.07888248447511535,500,93
hybrid,1000,10000,-0.016639330225328458,-0.0033189882361477573,-0.0133203419891807,500,93
B_only,1000,10000,-0.0019026492310523987,-0.0033189882361477573,0.0014163390050953586,500,93
A_only,1000,2000,-2.2568141649940663,-0.1111690382606413,-2.145645126733425,25,94
hybrid,1000,2000,-1.0995134749761843,-0.1111690382606413,-0.9883444367155431,25,94
B_only,1000,2000,-0.019498562238409865,-0.1111690382606413,0.09167047602223144,25,94
A_only,1000,5000,-1.5568371327905466,-0.0033189882361477573,-1.5535181445543988,25,94
hybrid,1000,5000,-1.0692322543786243,-0.0033189882361477573,-1.0659132661424766,25,94
B_only,1000,5000,-0.05981103389145531,-0.0033189882361477573,-0.056492045655307556,25,94
A_only,1000,10000,-1.0039043062649784,-0.000677201249950961,-1.0032271050150274,25,94
hybrid,1000,10000,-0.7594288671347972,-0.000677201249950961,-0.7587516658848462,25,94
B_only,1000,10000,-0.0009116068473743228,-0.000677201249950961,-0.0002344055974233618,25,94
A_only,1000,2000,-0.6701587464819451,-0.048388414081634995,-0.6217703324003101,50,94
hybrid,1000,2000,-0.10660799024412122,-0.048388414081634995,-0.05821957616248623,50,94
B_only,1000,2000,-0.2649418613961174,-0.048388414081634995,-0.21655344731448242,50,94
A_only,1000,5000,-0.4596475129637493,-0.01653092336097194,-0.44311658960277733,50,94
hybrid,1000,5000,-0.09422556966847963,-0.01653092336097194,-0.07769464630750769,50,94
B_only,1000,5000,-0.0488590782797204,-0.01653092336097194,-0.032328154918748464,50,94
A_only,1000,10000,-0.4875687394612355,-0.01653092336097194,-0.4710378161002636,50,94
hybrid,1000,10000,-0.10290170457530114,-0.01653092336097194,-0.0863707812143292,50,94
B_only,1000,10000,-0.0029257246120539277,-0.01653092336097194,0.013605198748918012,50,94
A_only,1000,2000,-1.468014382417321,-0.016652718459798817,-1.4513616639575222,100,94
hybrid,1000,2000,-0.4126064446726265,-0.016652718459798817,-0.3959537262128277,100,94
B_only,1000,2000,-0.007908193235343046,-0.016652718459798817,0.008744525224455771,100,94
A_only,1000,5000,-0.8809165505330806,-0.000677201249950961,-0.8802393492831296,100,94
hybrid,1000,5000,-0.3289053396891063,-0.000677201249950961,-0.3282281384391553,100,94
B_only,1000,5000,-0.13058944070749645,-0.000677201249950961,-0.1299122394575455,100,94
A_only,1000,10000,-1.2878968021703234,-0.0014094271702523638,-1.2864873750000712,100,94
hybrid,1000,10000,-0.3746050471387137,-0.0014094271702523638,-0.3731956199684613,100,94
B_only,1000,10000,-0.006228152946219696,-0.0014094271702523638,-0.004818725775967332,100,94
A_only,1000,2000,-0.8765663535996058,-0.10941635111751186,-0.7671500024820939,200,94
hybrid,1000,2000,-0.2200001652885658,-0.10941635111751186,-0.11058381417105395,200,94
B_only,1000,2000,-1.2505329480810177e-06,-0.10941635111751186,0.10941510058456377,200,94
A_only,1000,5000,-1.6923568737825487,-0.0017750075215489918,-1.6905818662609997,200,94
hybrid,1000,5000,-0.7973861965722172,-0.0017750075215489918,-0.7956111890506682,200,94
B_only,1000,5000,-0.05344488160043716,-0.0017750075215489918,-0.051669874078888164,200,94
A_only,1000,10000,-0.9571510629865214,-0.0014094271702523638,-0.955741635816269,200,94
hybrid,1000,10000,-0.5853397227585315,-0.0014094271702523638,-0.5839302955882791,200,94
B_only,1000,10000,-0.8856851371786973,-0.0014094271702523638,-0.884275710008445,200,94
A_only,1000,2000,-0.9318133038002946,-0.0014094271702523638,-0.9304038766300422,500,94
hybrid,1000,2000,-0.3512203981518698,-0.0014094271702523638,-0.3498109709816174,500,94
B_only,1000,2000,-0.1073249015571047,-0.0014094271702523638,-0.10591547438685234,500,94
A_only,1000,5000,-0.2759318348097939,-0.04467924927401707,-0.23125258553577682,500,94
hybrid,1000,5000,-0.0319331440624191,-0.04467924927401707,0.012746105211597969,500,94
B_only,1000,5000,-1.2628575891153396e-06,-0.04467924927401707,0.04467798641642796,500,94
A_only,1000,10000,-0.6218062898264495,-0.000677201249950961,-0.6211290885764985,500,94
hybrid,1000,10000,-0.24942743507652898,-0.000677201249950961,-0.24875023382657802,500,94
B_only,1000,10000,-0.08795815412361366,-0.000677201249950961,-0.08728095287366269,500,94
A_only,1000,2000,-1.3735519196771964,-0.04467924927401707,-1.3288726704031792,25,95
hybrid,1000,2000,-0.3469038784869939,-0.04467924927401707,-0.3022246292129768,25,95
B_only,1000,2000,-0.0025911414490398014,-0.04467924927401707,0.04208810782497727,25,95
A_only,1000,5000,-0.9090334679724461,-0.0014094271702523638,-0.9076240408021937,25,95
hybrid,1000,5000,-0.4673037506203864,-0.0014094271702523638,-0.46589432345013404,25,95
B_only,1000,5000,-0.004533472441572614,-0.0014094271702523638,-0.00312404527132025,25,95
A_only,1000,10000,-0.7172648172483613,-0.000677201249950961,-0.7165876159984104,25,95
hybrid,1000,10000,-0.2804866655497225,-0.000677201249950961,-0.27980946429977155,25,95
B_only,1000,10000,-0.29065758888506926,-0.000677201249950961,-0.2899803876351183,25,95
A_only,1000,2000,-1.500187265824775,-0.0442296682476969,-1.4559575975770782,50,95
hybrid,1000,2000,-0.6131469004138344,-0.0442296682476969,-0.5689172321661374,50,95
B_only,1000,2000,-0.409198638102266,-0.0442296682476969,-0.36496896985456906,50,95
A_only,1000,5000,-0.13247582720669743,-0.0017750075215489918,-0.13070081968514843,50,95
hybrid,1000,5000,-0.0188635233050662,-0.0017750075215489918,-0.017088515783517208,50,95
B_only,1000,5000,-0.2722733889165229,-0.0017750075215489918,-0.27049838139497395,50,95
A_only,1000,10000,-0.7029404212696748,-0.000677201249950961,-0.7022632200197239,50,95
hybrid,1000,10000,-0.2925417138930147,-0.000677201249950961,-0.29186451264306373,50,95
B_only,1000,10000,-0.05662973068123167,-0.000677201249950961,-0.05595252943128071,50,95
A_only,1000,2000,-1.3112419171441492,-0.10941635111751186,-1.2018255660266373,100,95
hybrid,1000,2000,-0.6334889761257922,-0.10941635111751186,-0.5240726250082803,100,95
B_only,1000,2000,-0.3604649782803859,-0.10941635111751186,-0.251048627162874,100,95
A_only,1000,5000,-0.9855532539502297,-0.10953837757218061,-0.8760148763780491,100,95
hybrid,1000,5000,-0.5320241691807096,-0.10953837757218061,-0.422485791608529,100,95
B_only,1000,5000,-0.1745270427915929,-0.10953837757218061,-0.06498866521941228,100,95
A_only,1000,10000,-0.8573982658823246,-0.0014094271702523638,-0.8559888387120722,100,95
hybrid,1000,10000,-0.3076419377109227,-0.0014094271702523638,-0.3062325105406703,100,95
B_only,1000,10000,-0.001366695333044918,-0.0014094271702523638,4.273183720744579e-05,100,95
A_only,1000,2000,-1.8858844949772557,-0.0017750075215489918,-1.8841094874557067,200,95
hybrid,1000,2000,-1.323252746878362,-0.0017750075215489918,-1.321477739356813,200,95
B_only,1000,2000,-0.6423469866545448,-0.0017750075215489918,-0.6405719791329958,200,95
A_only,1000,5000,-0.35255370430617083,-0.021107167799241426,-0.3314465365069294,200,95
hybrid,1000,5000,-0.10644447685967613,-0.021107167799241426,-0.08533730906043471,200,95
B_only,1000,5000,-0.540067016446507,-0.021107167799241426,-0.5189598486472656,200,95
A_only,1000,10000,-1.0193315894069952,-0.0014094271702523638,-1.017922162236743,200,95
hybrid,1000,10000,-0.37041962573520204,-0.0014094271702523638,-0.36901019856494965,200,95
B_only,1000,10000,-0.1448504966158106,-0.0014094271702523638,-0.14344106944555823,200,95
A_only,1000,2000,-2.7025205991897328,-0.000677201249950961,-2.701843397939782,500,95
hybrid,1000,2000,-0.6547653976981467,-0.000677201249950961,-0.6540881964481957,500,95
B_only,1000,2000,-0.012925006053450969,-0.000677201249950961,-0.012247804803500007,500,95
A_only,1000,5000,-1.56782181333428,-0.034310857636452745,-1.5335109556978272,500,95
hybrid,1000,5000,-0.5992154937197944,-0.034310857636452745,-0.5649046360833417,500,95
B_only,1000,5000,-0.23293848129819525,-0.034310857636452745,-0.1986276236617425,500,95
A_only,1000,10000,-1.6042989469093307,-0.0014094271702523638,-1.6028895197390784,500,95
hybrid,1000,10000,-0.43534306990617333,-0.0014094271702523638,-0.43393364273592094,500,95
B_only,1000,10000,-0.002562309473294609,-0.0014094271702523638,-0.001152882303042245,500,95
A_only,1000,2000,-0.8140346699587065,-0.0014094271702523638,-0.8126252427884542,25,96
hybrid,1000,2000,-0.18295050058825074,-0.0014094271702523638,-0.18154107341799838,25,96
B_only,1000,2000,-0.13499547293564743,-0.0014094271702523638,-0.13358604576539507,25,96
A_only,1000,5000,-0.3560461739150155,-0.0014094271702523638,-0.3546367467447631,25,96
hybrid,1000,5000,-0.09487118102774954,-0.0014094271702523638,-0.09346175385749718,25,96
B_only,1000,5000,-0.023028584013005456,-0.0014094271702523638,-0.02161915684275309,25,96
A_only,1000,10000,-1.0826386745014855,-0.000677201249950961,-1.0819614732515346,25,96
hybrid,1000,10000,-0.6059009728935754,-0.000677201249950961,-0.6052237716436244,25,96
B_only,1000,10000,-0.018263936621431394,-0.000677201249950961,-0.017586735371480432,25,96
A_only,1000,2000,-2.252092485543077,-0.048388414081634995,-2.203704071461442,50,96
hybrid,1000,2000,-1.8804645302923624,-0.048388414081634995,-1.8320761162107273,50,96
B_only,1000,2000,-0.22777989806670865,-0.048388414081634995,-0.17939148398507365,50,96
A_only,1000,5000,-1.7420854346904104,-0.0017750075215489918,-1.7403104271688614,50,96
hybrid,1000,5000,-1.5150566617632046,-0.0017750075215489918,-1.5132816542416556,50,96
B_only,1000,5000,-3.6327103198695827,-0.0017750075215489918,-3.6309353123480337,50,96
A_only,1000,10000,-1.289596180819696,-0.000677201249950961,-1.288918979569745,50,96
hybrid,1000,10000,-0.5848923593973313,-0.000677201249950961,-0.5842151581473803,50,96
B_only,1000,10000,-0.020219331299305154,-0.000677201249950961,-0.019542130049354192,50,96
A_only,1000,2000,-0.7947043035163887,-0.06997887129157059,-0.7247254322248181,100,96
hybrid,1000,2000,-0.13919738041202068,-0.06997887129157059,-0.06921850912045009,100,96
B_only,1000,2000,-0.36391601281061103,-0.06997887129157059,-0.29393714151904043,100,96
A_only,1000,5000,-1.588663752430369,-0.0442296682476969,-1.5444340841826723,100,96
hybrid,1000,5000,-0.9374299094883234,-0.0442296682476969,-0.8932002412406265,100,96
B_only,1000,5000,-0.1567535852879093,-0.0442296682476969,-0.11252391704021242,100,96
A_only,1000,10000,-0.3827656210818905,-0.0014094271702523638,-0.3813561939116381,100,96
hybrid,1000,10000,-0.12325207993358933,-0.0014094271702523638,-0.12184265276333697,100,96
B_only,1000,10000,-0.0018757283759580716,-0.0014094271702523638,-0.0004663012057057078,100,96
A_only,1000,2000,-0.5214111124710521,-0.12341214349600381,-0.3979989689750483,200,96
hybrid,1000,2000,-0.2523663760995814,-0.12341214349600381,-0.12895423260357758,200,96
B_only,1000,2000,-0.5657363068280838,-0.12341214349600381,-0.44232416333208,200,96
A_only,1000,5000,-0.6659948137524052,-0.0033189882361477573,-0.6626758255162575,200,96
hybrid,1000,5000,-0.2972409388140289,-0.0033189882361477573,-0.2939219505778812,200,96
B_only,1000,5000,-0.3612513248127708,-0.0033189882361477573,-0.35793233657662304,200,96
A_only,1000,10000,-0.9099581125793782,-0.000677201249950961,-0.9092809113294272,200,96
hybrid,1000,10000,-0.14465200786795354,-0.000677201249950961,-0.14397480661800258,200,96
B_only,1000,10000,-9.234074890892656e-06,-0.000677201249950961,0.0006679671750600683,200,96
A_only,1000,2000,-1.5401185242909303,-0.021107167799241426,-1.519011356491689,500,96
hybrid,1000,2000,-0.5821365170739967,-0.021107167799241426,-0.5610293492747553,500,96
B_only,1000,2000,-0.0806687492759852,-0.021107167799241426,-0.05956158147674378,500,96
A_only,1000,5000,-0.9922752086674611,-0.06997887129157059,-0.9222963373758906,500,96
hybrid,1000,5000,-0.2829835654082129,-0.06997887129157059,-0.2130046941166423,500,96
B_only,1000,5000,-0.016468221337053144,-0.06997887129157059,0.053510649954517445,500,96
A_only,1000,10000,-0.21434812703590989,-0.000677201249950961,-0.21367092578595892,500,96
hybrid,1000,10000,-0.07006488437649884,-0.000677201249950961,-0.06938768312654787,500,96
B_only,1000,10000,-0.03162161497216137,-0.000677201249950961,-0.03094441372221041,500,96
A_only,1000,2000,-1.3342374046768695,-0.021107167799241426,-1.313130236877628,25,97
hybrid,1000,2000,-0.6536954784563423,-0.021107167799241426,-0.632588310657101,25,97
B_only,1000,2000,-1.6215918465122214,-0.021107167799241426,-1.60048467871298,25,97
A_only,1000,5000,-1.4028080198842006,-0.000677201249950961,-1.4021308186342496,25,97
hybrid,1000,5000,-0.9512038371172084,-0.000677201249950961,-0.9505266358672574,25,97
B_only,1000,5000,-0.061846238478975565,-0.000677201249950961,-0.06116903722902461,25,97
A_only,1000,10000,-0.7396823178041542,-0.000677201249950961,-0.7390051165542032,25,97
hybrid,1000,10000,-0.653746976321242,-0.000677201249950961,-0.653069775071291,25,97
B_only,1000,10000,-0.048997444539177516,-0.000677201249950961,-0.04832024328922656,25,97
A_only,1000,2000,-1.522027223576802,-0.0442296682476969,-1.4777975553291052,50,97
hybrid,1000,2000,-0.1558329461304195,-0.0442296682476969,-0.11160327788272262,50,97
B_only,1000,2000,-2.090280257725249e-07,-0.0442296682476969,0.04422945921967113,50,97
A_only,1000,5000,-1.2604039023170315,-0.016652718459798817,-1.2437511838572326,50,97
hybrid,1000,5000,-0.5814186553078712,-0.016652718459798817,-0.5647659368480724,50,97
B_only,1000,5000,-0.010277582747563395,-0.016652718459798817,0.006375135712235422,50,97
A_only,1000,10000,-0.8107432246642114,-0.000677201249950961,-0.8100660234142605,50,97
hybrid,1000,10000,-0.2802266832126528,-0.000677201249950961,-0.27954948196270185,50,97
B_only,1000,10000,-0.010472748429666263,-0.000677201249950961,-0.009795547179715302,50,97
A_only,1000,2000,-1.5047803068502439,-0.021107167799241426,-1.4836731390510025,100,97
hybrid,1000,2000,-0.7194217013680181,-0.021107167799241426,-0.6983145335687767,100,97
B_only,1000,2000,-0.016227608715596337,-0.021107167799241426,0.0048795590836450894,100,97
A_only,1000,5000,-1.2578168350710228,-0.01653092336097194,-1.241285911710051,100,97
hybrid,1000,5000,-0.6022890000071423,-0.01653092336097194,-0.5857580766461703,100,97
B_only,1000,5000,-0.06531774596014214,-0.01653092336097194,-0.04878682259917021,100,97
A_only,1000,10000,-0.9616862725796493,-0.0014094271702523638,-0.960276845409397,100,97
hybrid,1000,10000,-0.43387229811749073,-0.0014094271702523638,-0.43246287094723834,100,97
B_only,1000,10000,-0.0030817528702147628,-0.0014094271702523638,-0.001672325699962399,100,97
A_only,1000,2000,-0.9268036554007044,-0.034310857636452745,-0.8924927977642517,200,97
hybrid,1000,2000,-0.26390205779143183,-0.034310857636452745,-0.22959120015497908,200,97
B_only,1000,2000,-0.04068241616079903,-0.034310857636452745,-0.006371558524346288,200,97
A_only,1000,5000,-1.3549931632951568,-0.000677201249950961,-1.3543159620452059,200,97
hybrid,1000,5000,-0.4419418801364704,-0.000677201249950961,-0.44126467888651943,200,97
B_only,1000,5000,-0.007186208390925375,-0.000677201249950961,-0.006509007140974414,200,97
A_only,1000,10000,-1.2020407862210876,-0.0033189882361477573,-1.1987217979849398,200,97
hybrid,1000,10000,-0.6749024184916486,-0.0033189882361477573,-0.6715834302555008,200,97
B_only,1000,10000,-0.09218146409024133,-0.0033189882361477573,-0.08886247585409357,200,97
A_only,1000,2000,-1.7186561861749798,-0.0442296682476969,-1.674426517927283,500,97
hybrid,1000,2000,-0.37517977899697624,-0.0442296682476969,-0.3309501107492793,500,97
B_only,1000,2000,-0.016275873893248097,-0.0442296682476969,0.0279537943544488,500,97
A_only,1000,5000,-0.34247975586636814,-0.048388414081634995,-0.2940913417847332,500,97
hybrid,1000,5000,-0.05588443882175236,-0.048388414081634995,-0.007496024740117367,500,97
B_only,1000,5000,-0.00016117139105973,-0.048388414081634995,0.04822724269057527,500,97
A_only,1000,10000,-0.02768916061553587,-0.0017750075215489918,-0.025914153093986876,500,97
hybrid,1000,10000,-0.004628176000971047,-0.0017750075215489918,-0.0028531684794220556,500,97
B_only,1000,10000,-0.0043624580478363074,-0.0017750075215489918,-0.0025874505262873156,500,97
A_only,1000,2000,-0.5153799832371484,-0.000677201249950961,-0.5147027819871974,25,98
hybrid,1000,2000,-0.1965591982879252,-0.000677201249950961,-0.19588199703797424,25,98
B_only,1000,2000,-0.11671299740281099,-0.000677201249950961,-0.11603579615286003,25,98
A_only,1000,5000,-0.02784841461058655,-0.0014094271702523638,-0.026438987440334183,25,98
hybrid,1000,5000,-0.0007624403964648387,-0.0014094271702523638,0.0006469867737875252,25,98
B_only,1000,5000,-0.31044080576773275,-0.0014094271702523638,-0.30903137859748037,25,98
A_only,1000,10000,-0.2213794521388053,-0.000677201249950961,-0.22070225088885434,25,98
hybrid,1000,10000,-0.06007118744689533,-0.000677201249950961,-0.05939398619694437,25,98
B_only,1000,10000,-2.44852876607275e-05,-0.000677201249950961,0.0006527159622902335,25,98
A_only,1000,2000,-1.6899259556993815,-0.018494542316971195,-1.6714314133824104,50,98
hybrid,1000,2000,-1.8861568009227825,-0.018494542316971195,-1.8676622586058114,50,98
B_only,1000,2000,-3.547546753986175,-0.018494542316971195,-3.5290522116692036,50,98
A_only,1000,5000,-1.379722717659332,-0.02619584115917027,-1.3535268765001618,50,98
hybrid,1000,5000,-0.509643855567472,-0.02619584115917027,-0.48344801440830176,50,98
B_only,1000,5000,-0.0008727192282899365,-0.02619584115917027,0.025323121930880335,50,98
A_only,1000,10000,-0.15557839335819015,-0.0014094271702523638,-0.1541689661879378,50,98
hybrid,1000,10000,-0.0387013947640354,-0.0014094271702523638,-0.03729196759378303,50,98
B_only,1000,10000,-0.09823414209192102,-0.0014094271702523638,-0.09682471492166866,50,98
A_only,1000,2000,-1.4513356237296784,-0.016652718459798817,-1.4346829052698795,100,98
hybrid,1000,2000,-0.2967360830993333,-0.016652718459798817,-0.2800833646395345,100,98
B_only,1000,2000,-0.016246841642614,-0.016652718459798817,0.0004058768171848158,100,98
A_only,1000,5000,-2.1363843953232453,-0.0014094271702523638,-2.134974968152993,100,98
hybrid,1000,5000,-1.211887063622727,-0.0014094271702523638,-1.2104776364524747,100,98
B_only,1000,5000,-0.012718917670129339,-0.0014094271702523638,-0.011309490499876975,100,98
A_only,1000,10000,-1.023784968730997,-0.0014094271702523638,-1.0223755415607447,100,98
hybrid,1000,10000,-0.41445149120733027,-0.0014094271702523638,-0.4130420640370779,100,98
B_only,1000,10000,-0.0024110088846609513,-0.0014094271702523638,-0.0010015817144085875,100,98
A_only,1000,2000,-0.45440054608431324,-0.021107167799241426,-0.4332933782850718,200,98
hybrid,1000,2000,-0.05645235636442052,-0.021107167799241426,-0.03534518856517909,200,98
B_only,1000,2000,-0.007517180430473571,-0.021107167799241426,0.013589987368767854,200,98
A_only,1000,5000,-1.3733460890766045,-0.0014094271702523638,-1.3719366619063522,200,98
hybrid,1000,5000,-0.4204556267097707,-0.0014094271702523638,-0.4190461995395183,200,98
B_only,1000,5000,-0.0024209268650320615,-0.0014094271702523638,-0.0010114996947796977,200,98
A_only,1000,10000,-0.0687686025756525,-0.0014094271702523638,-0.06735917540540014,200,98
hybrid,1000,10000,-0.016999171567233722,-0.0014094271702523638,-0.015589744396981358,200,98
B_only,1000,10000,-0.2961457127668611,-0.0014094271702523638,-0.2947362855966087,200,98
A_only,1000,2000,-1.8126867667653819,-0.14881734467110364,-1.6638694220942782,500,98
hybrid,1000,2000,-0.5639435901789799,-0.14881734467110364,-0.41512624550787625,500,98
B_only,1000,2000,-0.05060498394805502,-0.14881734467110364,0.09821236072304862,500,98
A_only,1000,5000,-0.8765357395280424,-0.0442296682476969,-0.8323060712803455,500,98
hybrid,1000,5000,-0.12825145367602783,-0.0442296682476969,-0.08402178542833094,500,98
B_only,1000,5000,-0.0002585982961534669,-0.0442296682476969,0.04397106995154343,500,98
A_only,1000,10000,-2.1699567666251984,-0.01653092336097194,-2.1534258432642264,500,98
hybrid,1000,10000,-0.7518250245822939,-0.01653092336097194,-0.735294101221322,500,98
B_only,1000,10000,-0.03287771185674926,-0.01653092336097194,-0.01634678849577732,500,98
A_only,1000,2000,-1.151724008529362,-0.06997887129157059,-1.0817451372377915,25,99
hybrid,1000,2000,-0.15392187388932854,-0.06997887129157059,-0.08394300259775796,25,99
B_only,1000,2000,-1.2658729644978017e-06,-0.06997887129157059,0.06997760541860609,25,99
A_only,1000,5000,-0.2743776225618505,-0.000677201249950961,-0.27370042131189953,25,99
hybrid,1000,5000,-0.03386626607883494,-0.000677201249950961,-0.03318906482888398,25,99
B_only,1000,5000,-0.10379139125075312,-0.000677201249950961,-0.10311419000080216,25,99
A_only,1000,10000,-0.1268105951465915,-0.0033189882361477573,-0.12349160691044372,25,99
hybrid,1000,10000,-0.02114689333742056,-0.0033189882361477573,-0.017827905101272804,25,99
B_only,1000,10000,-0.016068218103629912,-0.0033189882361477573,-0.012749229867482155,25,99
A_only,1000,2000,-1.3097813602502677,-0.034310857636452745,-1.275470502613815,50,99
hybrid,1000,2000,-0.4631485392772327,-0.034310857636452745,-0.42883768164077996,50,99
B_only,1000,2000,-0.007234540232253463,-0.034310857636452745,0.02707631740419928,50,99
A_only,1000,5000,-1.712849721532031,-0.000677201249950961,-1.7121725202820801,50,99
hybrid,1000,5000,-0.5697933220029683,-0.000677201249950961,-0.5691161207530173,50,99
B_only,1000,5000,-0.00029464667491771224,-0.000677201249950961,0.00038255457503324873,50,99
A_only,1000,10000,-1.655319250766307,-0.000677201249950961,-1.654642049516356,50,99
hybrid,1000,10000,-1.1726940128237477,-0.000677201249950961,-1.1720168115737968,50,99
B_only,1000,10000,-0.006503907924748833,-0.000677201249950961,-0.005826706674797872,50,99
A_only,1000,2000,-1.3182684783815974,-0.0014094271702523638,-1.3168590512113452,100,99
hybrid,1000,2000,-0.9106495431424609,-0.0014094271702523638,-0.9092401159722086,100,99
B_only,1000,2000,-1.8043398879400843,-0.0014094271702523638,-1.802930460769832,100,99
A_only,1000,5000,-0.02527234323711617,-0.0017750075215489918,-0.023497335715567176,100,99
hybrid,1000,5000,-0.0019043869332927726,-0.0017750075215489918,-0.00012937941174378078,100,99
B_only,1000,5000,-0.2487973710585207,-0.0017750075215489918,-0.2470223635369717,100,99
A_only,1000,10000,-0.45269902299807985,-0.0014094271702523638,-0.45128959582782746,100,99
hybrid,1000,10000,-0.14695599233565754,-0.0014094271702523638,-0.14554656516540518,100,99
B_only,1000,10000,-0.029007109411965548,-0.0014094271702523638,-0.027597682241713183,100,99
A_only,1000,2000,-1.616595541120602,-0.01653092336097194,-1.6000646177596303,200,99
hybrid,1000,2000,-0.6299213596669884,-0.01653092336097194,-0.6133904363060164,200,99
B_only,1000,2000,-0.009852643965889033,-0.01653092336097194,0.006678279395082906,200,99
A_only,1000,5000,-0.019566136373434923,-0.018494542316971195,-0.0010715940564637282,200,99
hybrid,1000,5000,-0.00290089189381104,-0.018494542316971195,0.015593650423160155,200,99
B_only,1000,5000,-0.07966743628356289,-0.018494542316971195,-0.061172893966591695,200,99
A_only,1000,10000,-1.1187689788097033,-0.000677201249950961,-1.1180917775597523,200,99
hybrid,1000,10000,-0.5379185824271708,-0.000677201249950961,-0.5372413811772199,200,99
B_only,1000,10000,-0.0313318753574566,-0.000677201249950961,-0.03065467410750564,200,99
A_only,1000,2000,-0.4993695346460921,-0.034310857636452745,-0.4650586770096393,500,99
hybrid,1000,2000,-0.12138608705870521,-0.034310857636452745,-0.08707522942225246,500,99
B_only,1000,2000,-0.01901902110881349,-0.034310857636452745,0.015291836527639255,500,99
A_only,1000,5000,-1.8845103893476935,-0.0033189882361477573,-1.8811914011115458,500,99
hybrid,1000,5000,-0.6158410443198397,-0.0033189882361477573,-0.6125220560836919,500,99
B_only,1000,5000,-0.02931011454628487,-0.0033189882361477573,-0.025991126310137114,500,99
A_only,1000,10000,-0.28889005988175154,-0.000677201249950961,-0.2882128586318006,500,99
hybrid,1000,10000,-0.07576553757617666,-0.000677201249950961,-0.07508833632622569,500,99
B_only,1000,10000,-0.06407768630062535,-0.000677201249950961,-0.06340048505067439,500,99
A_only,1000,2000,-1.2490785904690707,-0.0033189882361477573,-1.245759602232923,25,100
hybrid,1000,2000,-0.366233661262935,-0.0033189882361477573,-0.36291467302678726,25,100
B_only,1000,2000,-0.9547609359030299,-0.0033189882361477573,-0.9514419476668822,25,100
A_only,1000,5000,-2.1324333034722978,-0.06997887129157059,-2.062454432180727,25,100
hybrid,1000,5000,-0.9858946505609182,-0.06997887129157059,-0.9159157792693476,25,100
B_only,1000,5000,-2.002091933615228e-05,-0.06997887129157059,0.06995885037223443,25,100
A_only,1000,10000,-0.7718582643487254,-0.000677201249950961,-0.7711810630987744,25,100
hybrid,1000,10000,-0.492867262650619,-0.000677201249950961,-0.492190061400668,25,100
B_only,1000,10000,-0.42394932243310246,-0.000677201249950961,-0.4232721211831515,25,100
A_only,1000,2000,-1.306376048036521,-0.01653092336097194,-1.2898451246755491,50,100
hybrid,1000,2000,-0.5431663041973394,-0.01653092336097194,-0.5266353808363674,50,100
B_only,1000,2000,-0.19241649257126112,-0.01653092336097194,-0.17588556921028917,50,100
A_only,1000,5000,-1.1250755623698059,-0.0017750075215489918,-1.1233005548482569,50,100
hybrid,1000,5000,-0.49410896652692,-0.0017750075215489918,-0.492333959005371,50,100
B_only,1000,5000,-0.04032404628926755,-0.0017750075215489918,-0.038549038767718556,50,100
A_only,1000,10000,-0.5619031611462609,-0.0017750075215489918,-0.5601281536247119,50,100
hybrid,1000,10000,-0.25102211555916704,-0.0017750075215489918,-0.24924710803761804,50,100
B_only,1000,10000,-0.40002733099845256,-0.0017750075215489918,-0.3982523234769036,50,100
A_only,1000,2000,-0.1459703693013623,-0.10953837757218061,-0.0364319917291817,100,100
hybrid,1000,2000,-0.0068663651934749185,-0.10953837757218061,0.1026720123787057,100,100
B_only,1000,2000,-0.5713298147057991,-0.10953837757218061,-0.46179143713361853,100,100
A_only,1000,5000,-0.2499519216328215,-0.0033189882361477573,-0.24663293339667375,100,100
hybrid,1000,5000,-0.03498148548019929,-0.0033189882361477573,-0.031662497244051534,100,100
B_only,1000,5000,-0.027082750499585747,-0.0033189882361477573,-0.02376376226343799,100,100
A_only,1000,10000,-0.8266385012045616,-0.000677201249950961,-0.8259612999546107,100,100
hybrid,1000,10000,-0.28939064534473796,-0.000677201249950961,-0.288713444094787,100,100
B_only,1000,10000,-0.056296144148116775,-0.000677201249950961,-0.05561894289816582,100,100
A_only,1000,2000,-0.631348098426976,-0.04467924927401707,-0.5866688491529589,200,100
hybrid,1000,2000,-0.21565275936501346,-0.04467924927401707,-0.1709735100909964,200,100
B_only,1000,2000,-1.452470653225881,-0.04467924927401707,-1.407791403951864,200,100
A_only,1000,5000,-0.5029617478463759,-0.048388414081634995,-0.45457333376474096,200,100
hybrid,1000,5000,-0.09802826570276285,-0.048388414081634995,-0.049639851621127856,200,100
B_only,1000,5000,-0.004666778982377063,-0.048388414081634995,0.04372163509925793,200,100
A_only,1000,10000,-1.0025941565759353,-0.000677201249950961,-1.0019169553259843,200,100
hybrid,1000,10000,-0.5402006366892476,-0.000677201249950961,-0.5395234354392966,200,100
B_only,1000,10000,-0.6895411487573159,-0.000677201249950961,-0.6888639475073649,200,100
A_only,1000,2000,-1.4314758347459289,-0.000677201249950961,-1.430798633495978,500,100
hybrid,1000,2000,-0.4930417539805358,-0.000677201249950961,-0.4923645527305848,500,100
B_only,1000,2000,-0.03511347622397189,-0.000677201249950961,-0.03443627497402093,500,100
A_only,1000,5000,-1.3745092027664165,-0.0014094271702523638,-1.3730997755961643,500,100
hybrid,1000,5000,-0.5182686968631075,-0.0014094271702523638,-0.5168592696928551,500,100
B_only,1000,5000,-0.040987083837556997,-0.0014094271702523638,-0.03957765666730463,500,100
A_only,1000,10000,-0.03976132118736695,-0.0014094271702523638,-0.038351894017114585,500,100
hybrid,1000,10000,-0.0027499936834054204,-0.0014094271702523638,-0.0013405665131530566,500,100
B_only,1000,10000,-1.5825831762981253e-05,-0.0014094271702523638,0.0013936013384893825,500,100
A_only,1000,2000,-1.4116202082464724,-0.018494542316971195,-1.3931256659295013,25,101
hybrid,1000,2000,-0.5148214701143222,-0.018494542316971195,-0.49632692779735105,25,101
B_only,1000,2000,-0.8368064733708576,-0.018494542316971195,-0.8183119310538863,25,101
A_only,1000,5000,-1.1955293391188557,-0.0033189882361477573,-1.192210350882708,25,101
hybrid,1000,5000,-0.398405207976744,-0.0033189882361477573,-0.39508621974059627,25,101
B_only,1000,5000,-0.052987996646445455,-0.0033189882361477573,-0.0496690084102977,25,101
A_only,1000,10000,-1.426292136735287,-0.0014094271702523638,-1.4248827095650347,25,101
hybrid,1000,10000,-1.1889474527223454,-0.0014094271702523638,-1.187538025552093,25,101
B_only,1000,10000,-0.08623257905056177,-0.0014094271702523638,-0.08482315188030941,25,101
A_only,1000,2000,-0.9667123771094639,-0.01653092336097194,-0.9501814537484919,50,101
hybrid,1000,2000,-0.2432967967272117,-0.01653092336097194,-0.22676587336623974,50,101
B_only,1000,2000,-0.00973333322567169,-0.01653092336097194,0.006797590135300249,50,101
A_only,1000,5000,-1.6471028206222056,-0.000677201249950961,-1.6464256193722546,50,101
hybrid,1000,5000,-0.5876282882906079,-0.000677201249950961,-0.5869510870406569,50,101
B_only,1000,5000,-4.148074199133815e-07,-0.000677201249950961,0.0006767864425310476,50,101
A_only,1000,10000,-0.5085152747763474,-0.000677201249950961,-0.5078380735263964,50,101
hybrid,1000,10000,-0.1879912719150316,-0.000677201249950961,-0.18731407066508063,50,101
B_only,1000,10000,-0.07140204979528784,-0.000677201249950961,-0.07072484854533688,50,101
A_only,1000,2000,-2.0640243970537435,-0.0014094271702523638,-2.0626149698834912,100,101
hybrid,1000,2000,-0.9496296386358146,-0.0014094271702523638,-0.9482202114655622,100,101
B_only,1000,2000,-0.042057450885482114,-0.0014094271702523638,-0.04064802371522975,100,101
A_only,1000,5000,-1.0055250630753798,-0.0017750075215489918,-1.0037500555538308,100,101
hybrid,1000,5000,-0.3341146472691651,-0.0017750075215489918,-0.33233963974761616,100,101
B_only,1000,5000,-0.01681407243487332,-0.0017750075215489918,-0.015039064913324329,100,101
A_only,1000,10000,-0.9234652689745704,-0.000677201249950961,-0.9227880677246194,100,101
hybrid,1000,10000,-0.3728534671130697,-0.000677201249950961,-0.37217626586311875,100,101
B_only,1000,10000,-0.048751223956792704,-0.000677201249950961,-0.048074022706841746,100,101
A_only,1000,2000,-2.0195812772737702,-0.1921843274312716,-1.8273969498424987,200,101
hybrid,1000,2000,-1.1380473858766302,-0.1921843274312716,-0.9458630584453587,200,101
B_only,1000,2000,-0.5250934231674071,-0.1921843274312716,-0.3329090957361356,200,101
A_only,1000,5000,-0.8271674018819603,-0.02619584115917027,-0.80097156072279,200,101
hybrid,1000,5000,-0.3862958584011712,-0.02619584115917027,-0.3601000172420009,200,101
B_only,1000,5000,-0.13597116233558973,-0.02619584115917027,-0.10977532117641946,200,101
A_only,1000,10000,-0.12390491293546071,-0.000677201249950961,-0.12322771168550975,200,101
hybrid,1000,10000,-0.017463574207916322,-0.000677201249950961,-0.01678637295796536,200,101
B_only,1000,10000,-3.460346925435212e-05,-0.000677201249950961,0.0006425977806966089,200,101
A_only,1000,2000,-1.1796985922982763,-0.06997887129157059,-1.1097197210067058,500,101
hybrid,1000,2000,-0.11659370383932195,-0.06997887129157059,-0.04661483254775137,500,101
B_only,1000,2000,-6.661046584980603e-06,-0.06997887129157059,0.06997221024498561,500,101
A_only,1000,5000,-0.4818018420816894,-0.0014094271702523638,-0.480392414911437,500,101
hybrid,1000,5000,-0.07732491973057672,-0.0014094271702523638,-0.07591549256032436,500,101
B_only,1000,5000,-0.007409679329433354,-0.0014094271702523638,-0.00600025215918099,500,101
A_only,1000,10000,-0.1618812624457672,-0.000677201249950961,-0.16120406119581623,500,101
hybrid,1000,10000,-0.03907859762148194,-0.000677201249950961,-0.038401396371530984,500,101
B_only,1000,10000,-0.0028536983109061784,-0.000677201249950961,-0.0021764970609552173,500,101
A_only,1000,2000,-2.1096496437160392,-0.04467924927401707,-2.0649703944420224,25,102
hybrid,1000,2000,-1.4046996898080013,-0.04467924927401707,-1.3600204405339842,25,102
B_only,1000,2000,-0.08527213475623577,-0.04467924927401707,-0.0405928854822187,25,102
A_only,1000,5000,-0.609444346646825,-0.000677201249950961,-0.608767145396874,25,102
hybrid,1000,5000,-0.25848798911358584,-0.000677201249950961,-0.25781078786363487,25,102
B_only,1000,5000,-0.13053257114402428,-0.000677201249950961,-0.1298553698940733,25,102
A_only,1000,10000,-1.6867796608214167,-0.000677201249950961,-1.6861024595714658,25,102
hybrid,1000,10000,-0.9422327861407388,-0.000677201249950961,-0.9415555848907878,25,102
B_only,1000,10000,-0.12768071249893684,-0.000677201249950961,-0.12700351124898587,25,102
A_only,1000,2000,-0.5384194308028312,-0.01653092336097194,-0.5218885074418592,50,102
hybrid,1000,2000,-0.11735471928693009,-0.01653092336097194,-0.10082379592595815,50,102
B_only,1000,2000,-0.18515615715781267,-0.01653092336097194,-0.16862523379684072,50,102
A_only,1000,5000,-0.815404099319367,-0.0017750075215489918,-0.813629091797818,50,102
hybrid,1000,5000,-0.23406064314407218,-0.0017750075215489918,-0.2322856356225232,50,102
B_only,1000,5000,-0.019232334924662788,-0.0017750075215489918,-0.017457327403113794,50,102
A_only,1000,10000,-0.9111334767596737,-0.01653092336097194,-0.8946025533987018,50,102
hybrid,1000,10000,-0.3642656160220257,-0.01653092336097194,-0.3477346926610537,50,102
B_only,1000,10000,-0.0074218565798906495,-0.01653092336097194,0.009109066781081289,50,102
A_only,1000,2000,-1.0427464701905178,-0.0017750075215489918,-1.0409714626689688,100,102
hybrid,1000,2000,-0.3446535366122101,-0.0017750075215489918,-0.34287852909066113,100,102
B_only,1000,2000,-0.0026325079806855,-0.0017750075215489918,-0.0008575004591365081,100,102
A_only,1000,5000,-1.4756610750622576,-0.021107167799241426,-1.4545539072630163,100,102
hybrid,1000,5000,-0.7340379618899073,-0.021107167799241426,-0.712930794090666,100,102
B_only,1000,5000,-0.21538013805563141,-0.021107167799241426,-0.19427297025638998,100,102
A_only,1000,10000,-0.3809804947776237,-0.0017750075215489918,-0.3792054872560747,100,102
hybrid,1000,10000,-0.11279334286893918,-0.0017750075215489918,-0.11101833534739018,100,102
B_only,1000,10000,-0.01735698253425277,-0.0017750075215489918,-0.015581975012703779,100,102
A_only,1000,2000,-2.113599639165213,-0.1680484964847657,-1.9455511426804473,200,102
hybrid,1000,2000,-1.1675310325772257,-0.1680484964847657,-0.99948253609246,200,102
B_only,1000,2000,-0.33820432606822587,-0.1680484964847657,-0.17015582958346018,200,102
A_only,1000,5000,-0.005493924713417074,-0.01653092336097194,0.011036998647554865,200,102
hybrid,1000,5000,-0.00017154669742355244,-0.01653092336097194,0.016359376663548388,200,102
B_only,1000,5000,-0.21926511051810327,-0.01653092336097194,-0.20273418715713132,200,102
A_only,1000,10000,-0.4488906315308225,-0.000677201249950961,-0.4482134302808715,200,102
hybrid,1000,10000,-0.24792812617387916,-0.000677201249950961,-0.2472509249239282,200,102
B_only,1000,10000,-0.720514303311359,-0.000677201249950961,-0.719837102061408,200,102
A_only,1000,2000,-0.8089362141098267,-0.000677201249950961,-0.8082590128598758,500,102
hybrid,1000,2000,-0.2070296732099139,-0.000677201249950961,-0.20635247195996292,500,102
B_only,1000,2000,-0.052452107125155516,-0.000677201249950961,-0.05177490587520456,500,102
A_only,1000,5000,-0.6199014304359654,-0.0033189882361477573,-0.6165824421998176,500,102
hybrid,1000,5000,-0.0994593970184009,-0.0033189882361477573,-0.09614040878225313,500,102
B_only,1000,5000,-9.769417408075588e-07,-0.0033189882361477573,0.00331801129440695,500,102
A_only,1000,10000,-0.018614989206461867,-0.0014094271702523638,-0.0172055620362095,500,102
hybrid,1000,10000,-0.005067295587056565,-0.0014094271702523638,-0.0036578684168042013,500,102
B_only,1000,10000,-0.037705145118557784,-0.0014094271702523638,-0.03629571794830542,500,102
A_only,1000,2000,-1.2971292620895751,-0.07123766710210508,-1.22589159498747,25,103
hybrid,1000,2000,-0.10431261360985755,-0.07123766710210508,-0.03307494650775247,25,103
B_only,1000,2000,-1.4970006148186026e-05,-0.07123766710210508,0.0712226970959569,25,103
A_only,1000,5000,-0.5800163062824546,-0.018494542316971195,-0.5615217639654834,25,103
hybrid,1000,5000,-0.28615036827072265,-0.018494542316971195,-0.2676558259537515,25,103
B_only,1000,5000,-0.26634034716006133,-0.018494542316971195,-0.24784580484309013,25,103
A_only,1000,10000,-0.13515987276237096,-0.000677201249950961,-0.13448267151242,25,103
hybrid,1000,10000,-0.02923586510462269,-0.000677201249950961,-0.028558663854671727,25,103
B_only,1000,10000,-3.432997712246443,-0.000677201249950961,-3.432320510996492,25,103
A_only,1000,2000,-1.4977397853827548,-0.1921843274312716,-1.3055554579514832,50,103
hybrid,1000,2000,-0.8720535754255104,-0.1921843274312716,-0.6798692479942389,50,103
B_only,1000,2000,-1.2396471854582267,-0.1921843274312716,-1.0474628580269552,50,103
A_only,1000,5000,-1.8892852283217862,-0.0014094271702523638,-1.887875801151534,50,103
hybrid,1000,5000,-1.153779511936094,-0.0014094271702523638,-1.1523700847658418,50,103
B_only,1000,5000,-0.21102475720092076,-0.0014094271702523638,-0.2096153300306684,50,103
A_only,1000,10000,-1.3350285755480844,-0.000677201249950961,-1.3343513742981334,50,103
hybrid,1000,10000,-0.46607320422395376,-0.000677201249950961,-0.4653960029740028,50,103
B_only,1000,10000,-0.07831867430930826,-0.000677201249950961,-0.0776414730593573,50,103
A_only,1000,2000,-1.3394828503369653,-0.021107167799241426,-1.318375682537724,100,103
hybrid,1000,2000,-1.1519356130548968,-0.021107167799241426,-1.1308284452556554,100,103
B_only,1000,2000,-2.7048670250922306,-0.021107167799241426,-2.6837598572929893,100,103
A_only,1000,5000,-0.7421876189798091,-0.02619584115917027,-0.7159917778206388,100,103
hybrid,1000,5000,-0.2898201652390053,-0.02619584115917027,-0.263624324079835,100,103
B_only,1000,5000,-0.001775547174204067,-0.02619584115917027,0.024420293984966205,100,103
A_only,1000,10000,-1.782400927733494,-0.01653092336097194,-1.7658700043725222,100,103
hybrid,1000,10000,-0.9744025456435275,-0.01653092336097194,-0.9578716222825555,100,103
B_only,1000,10000,-0.0033648374189216234,-0.01653092336097194,0.013166085942050315,100,103
A_only,1000,2000,-2.5269765196606477,-0.10943357822942999,-2.417542941431218,200,103
hybrid,1000,2000,-1.794560287973779,-0.10943357822942999,-1.685126709744349,200,103
B_only,1000,2000,-1.4992733947118688,-0.10943357822942999,-1.3898398164824388,200,103
A_only,1000,5000,-1.936339683133757,-0.0014094271702523638,-1.9349302559635047,200,103
hybrid,1000,5000,-0.6577922111437591,-0.0014094271702523638,-0.6563827839735067,200,103
B_only,1000,5000,-0.021291456235380615,-0.0014094271702523638,-0.019882029065128252,200,103
A_only,1000,10000,-1.7350434004592317,-0.000677201249950961,-1.7343661992092807,200,103
hybrid,1000,10000,-0.961698368367655,-0.000677201249950961,-0.961021167117704,200,103
B_only,1000,10000,-0.22399910360951156,-0.000677201249950961,-0.2233219023595606,200,103
A_only,1000,2000,-1.2403784337139752,-0.000677201249950961,-1.2397012324640242,500,103
hybrid,1000,2000,-0.2658389516040605,-0.000677201249950961,-0.26516175035410955,500,103
B_only,1000,2000,-0.02428104442597765,-0.000677201249950961,-0.02360384317602669,500,103
A_only,1000,5000,-0.8600378478318349,-0.0014094271702523638,-0.8586284206615825,500,103
hybrid,1000,5000,-0.303660561055236,-0.0014094271702523638,-0.3022511338849836,500,103
B_only,1000,5000,-0.06533258056292565,-0.0014094271702523638,-0.0639231533926733,500,103
A_only,1000,10000,-1.9717002371675838,-0.000677201249950961,-1.9710230359176328,500,103
hybrid,1000,10000,-0.642269602251234,-0.000677201249950961,-0.641592401001283,500,103
B_only,1000,10000,-0.22021505051259926,-0.000677201249950961,-0.2195378492626483,500,103
A_only,1000,2000,-2.7544209406662437,-0.0017750075215489918,-2.7526459331446946,25,104
hybrid,1000,2000,-1.7539281084262417,-0.0017750075215489918,-1.7521531009046927,25,104
B_only,1000,2000,-0.348027391979606,-0.0017750075215489918,-0.34625238445805706,25,104
A_only,1000,5000,-1.5086844335228065,-0.0014094271702523638,-1.5072750063525542,25,104
hybrid,1000,5000,-0.6917438249556426,-0.0014094271702523638,-0.6903343977853902,25,104
B_only,1000,5000,-0.001039858283872577,-0.0014094271702523638,0.00036956888637978687,25,104
A_only,1000,10000,-0.03186991990489939,-0.000677201249950961,-0.031192718654948427,25,104
hybrid,1000,10000,-0.001079023704907674,-0.000677201249950961,-0.00040182245495671307,25,104
B_only,1000,10000,-0.00012004682039791545,-0.000677201249950961,0.0005571544295530455,25,104
A_only,1000,2000,-0.40726035224963586,-0.07123766710210508,-0.33602268514753075,50,104
hybrid,1000,2000,-0.08658392431888944,-0.07123766710210508,-0.015346257216784356,50,104
B_only,1000,2000,-0.4948090472046438,-0.07123766710210508,-0.4235713801025387,50,104
A_only,1000,5000,-1.3919969650682766,-0.01653092336097194,-1.3754660417073048,50,104
hybrid,1000,5000,-0.7210172216412721,-0.01653092336097194,-0.7044862982803002,50,104
B_only,1000,5000,-0.10699981547212524,-0.01653092336097194,-0.0904688921111533,50,104
A_only,1000,10000,-0.247989144573383,-0.02619584115917027,-0.22179330341421272,50,104
hybrid,1000,10000,-0.03749611488213085,-0.02619584115917027,-0.01130027372296058,50,104
B_only,1000,10000,-0.00011978095110600038,-0.02619584115917027,0.026076060208064272,50,104
A_only,1000,2000,-0.9043494201535623,-0.0442296682476969,-0.8601197519058654,100,104
hybrid,1000,2000,-0.3229884417394897,-0.0442296682476969,-0.2787587734917928,100,104
B_only,1000,2000,-0.035036735558839176,-0.0442296682476969,0.009192932688857722,100,104
A_only,1000,5000,-0.40948992354447084,-0.0033189882361477573,-0.4061709353083231,100,104
hybrid,1000,5000,-0.07723986764130289,-0.0033189882361477573,-0.07392087940515513,100,104
B_only,1000,5000,-0.05605340177118289,-0.0033189882361477573,-0.052734413535035135,100,104
A_only,1000,10000,-0.9541678680270478,-0.0014094271702523638,-0.9527584408567954,100,104
hybrid,1000,10000,-0.48580198537462416,-0.0014094271702523638,-0.48439255820437177,100,104
B_only,1000,10000,-0.13230771300276897,-0.0014094271702523638,-0.13089828583251661,100,104
A_only,1000,2000,-1.8526699715444777,-0.034310857636452745,-1.8183591139080248,200,104
hybrid,1000,2000,-0.49647627143496015,-0.034310857636452745,-0.4621654137985074,200,104
B_only,1000,2000,-0.007525091624038769,-0.034310857636452745,0.026785766012413975,200,104
A_only,1000,5000,-0.752654962665907,-0.0014094271702523638,-0.7512455354956546,200,104
hybrid,1000,5000,-0.12645019439693522,-0.0014094271702523638,-0.12504076722668286,200,104
B_only,1000,5000,-2.422329063530568e-05,-0.0014094271702523638,0.0013852038796170582,200,104
A_only,1000,10000,-0.47932815387326366,-0.0014094271702523638,-0.4779187267030113,200,104
hybrid,1000,10000,-0.41339969012824573,-0.0014094271702523638,-0.41199026295799335,200,104
B_only,1000,10000,-0.08210703413644885,-0.0014094271702523638,-0.08069760696619649,200,104
A_only,1000,2000,-1.209753224805346,-0.000677201249950961,-1.209076023555395,500,104
hybrid,1000,2000,-0.5098844658387979,-0.000677201249950961,-0.5092072645888469,500,104
B_only,1000,2000,-0.36068993729069715,-0.000677201249950961,-0.3600127360407462,500,104
A_only,1000,5000,-0.7522884888603588,-0.0017750075215489918,-0.7505134813388098,500,104
hybrid,1000,5000,-0.19020988670738795,-0.0017750075215489918,-0.18843487918583895,500,104
B_only,1000,5000,-0.06959883169422708,-0.0017750075215489918,-0.06782382417267808,500,104
A_only,1000,10000,-0.4814382474596531,-0.000677201249950961,-0.4807610462097021,500,104
hybrid,1000,10000,-0.12203900864082978,-0.000677201249950961,-0.12136180739087882,500,104
B_only,1000,10000,-0.014487430976745168,-0.000677201249950961,-0.013810229726794207,500,104
A_only,1000,2000,-2.360613462433729,-0.1111690382606413,-2.2494444241730878,25,105
hybrid,1000,2000,-1.3958481306313748,-0.1111690382606413,-1.2846790923707334,25,105
B_only,1000,2000,-0.13193918726181875,-0.1111690382606413,-0.02077014900117745,25,105
A_only,1000,5000,-0.8020454287252695,-0.034310857636452745,-0.7677345710888168,25,105
hybrid,1000,5000,-0.558388029902026,-0.034310857636452745,-0.5240771722655733,25,105
B_only,1000,5000,-0.01686014347768213,-0.034310857636452745,0.017450714158770614,25,105
A_only,1000,10000,-0.7312268678069055,-0.0014094271702523638,-0.7298174406366531,25,105
hybrid,1000,10000,-0.44316807645450473,-0.0014094271702523638,-0.44175864928425235,25,105
B_only,1000,10000,-0.039564421609919076,-0.0014094271702523638,-0.03815499443966671,25,105
A_only,1000,2000,-1.4921528364732144,-0.10943357822942999,-1.3827192582437844,50,105
hybrid,1000,2000,-0.5877284826852388,-0.10943357822942999,-0.4782949044558088,50,105
B_only,1000,2000,-0.04370272412401844,-0.10943357822942999,0.06573085410541155,50,105
A_only,1000,5000,-1.1526917566829638,-0.0014094271702523638,-1.1512823295127115,50,105
hybrid,1000,5000,-0.8000313242775466,-0.0014094271702523638,-0.7986218971072943,50,105
B_only,1000,5000,-0.35832425017888475,-0.0014094271702523638,-0.35691482300863236,50,105
A_only,1000,10000,-1.8081744692857724,-0.000677201249950961,-1.8074972680358214,50,105
hybrid,1000,10000,-1.0971874807023707,-0.000677201249950961,-1.0965102794524197,50,105
B_only,1000,10000,-0.43904745489043334,-0.000677201249950961,-0.4383702536404824,50,105
A_only,1000,2000,-0.6841876463523173,-0.0014094271702523638,-0.6827782191820649,100,105
hybrid,1000,2000,-0.11526477558636825,-0.0014094271702523638,-0.11385534841611589,100,105
B_only,1000,2000,-0.003550409382578917,-0.0014094271702523638,-0.002140982212326553,100,105
A_only,1000,5000,-0.7967679600575888,-0.0017750075215489918,-0.7949929525360397,100,105
hybrid,1000,5000,-0.2926875432764425,-0.0017750075215489918,-0.2909125357548935,100,105
B_only,1000,5000,-0.0024533471124482714,-0.0017750075215489918,-0.0006783395908992796,100,105
A_only,1000,10000,-1.4118511214850928,-0.000677201249950961,-1.4111739202351419,100,105
hybrid,1000,10000,-0.8652261535454925,-0.000677201249950961,-0.8645489522955415,100,105
B_only,1000,10000,-0.0934100639910755,-0.000677201249950961,-0.09273286274112454,100,105
A_only,1000,2000,-1.898633027702936,-0.0017750075215489918,-1.896858020181387,200,105
hybrid,1000,2000,-0.7456793887160001,-0.0017750075215489918,-0.7439043811944511,200,105
B_only,1000,2000,-0.05842795920680872,-0.0017750075215489918,-0.056652951685259724,200,105
A_only,1000,5000,-1.9259402066880285,-0.0014094271702523638,-1.9245307795177762,200,105
hybrid,1000,5000,-1.002929249670208,-0.0014094271702523638,-1.0015198224999557,200,105
B_only,1000,5000,-0.3096550298390577,-0.0014094271702523638,-0.3082456026688053,200,105
A_only,1000,10000,-0.5180960780643403,-0.000677201249950961,-0.5174188768143894,200,105
hybrid,1000,10000,-0.25189381130264255,-0.000677201249950961,-0.2512166100526916,200,105
B_only,1000,10000,-0.690449002479906,-0.000677201249950961,-0.6897718012299551,200,105
A_only,1000,2000,-1.2340917397739781,-0.10943357822942999,-1.1246581615445481,500,105
hybrid,1000,2000,-0.19565837784693613,-0.10943357822942999,-0.08622479961750613,500,105
B_only,1000,2000,-2.9885949434455886e-05,-0.10943357822942999,0.10940369227999554,500,105
A_only,1000,5000,-1.1833641551326852,-0.01653092336097194,-1.1668332317717134,500,105
hybrid,1000,5000,-0.42561099248235545,-0.01653092336097194,-0.4090800691213835,500,105
B_only,1000,5000,-0.25018889313313325,-0.01653092336097194,-0.2336579697721613,500,105
A_only,1000,10000,-1.7530751553260817,-0.0014094271702523638,-1.7516657281558294,500,105
hybrid,1000,10000,-0.7320638915326593,-0.0014094271702523638,-0.7306544643624069,500,105
B_only,1000,10000,-0.06754247952698043,-0.0014094271702523638,-0.06613305235672808,500,105
A_only,1000,2000,-0.9030602286572087,-0.06997887129157059,-0.8330813573656382,25,106
hybrid,1000,2000,-0.10458136465932419,-0.06997887129157059,-0.0346024933677536,25,106
B_only,1000,2000,-2.557875821441191e-06,-0.06997887129157059,0.06997631341574914,25,106
A_only,1000,5000,-0.4630268415778956,-0.016652718459798817,-0.44637412311809677,25,106
hybrid,1000,5000,-0.15653864746721743,-0.016652718459798817,-0.1398859290074186,25,106
B_only,1000,5000,-0.28507292466831996,-0.016652718459798817,-0.26842020620852114,25,106
A_only,1000,10000,-1.1319573056850196,-0.0014094271702523638,-1.1305478785147673,25,106
hybrid,1000,10000,-0.5024194555035605,-0.0014094271702523638,-0.5010100283333081,25,106
B_only,1000,10000,-0.028287356263579984,-0.0014094271702523638,-0.026877929093327618,25,106
A_only,1000,2000,-1.3975145812226242,-0.021107167799241426,-1.3764074134233828,50,106
hybrid,1000,2000,-0.7543250672937761,-0.021107167799241426,-0.7332178994945348,50,106
B_only,1000,2000,-0.3941354364862276,-0.021107167799241426,-0.3730282686869862,50,106
A_only,1000,5000,-1.056879214785288,-0.0014094271702523638,-1.0554697876150356,50,106
hybrid,1000,5000,-0.6424404591296937,-0.0014094271702523638,-0.6410310319594413,50,106
B_only,1000,5000,-1.2743614271400225,-0.0014094271702523638,-1.2729519999697703,50,106
A_only,1000,10000,-0.3976583701711463,-0.000677201249950961,-0.39698116892119534,50,106
hybrid,1000,10000,-0.2518940513151369,-0.000677201249950961,-0.25121685006518596,50,106
B_only,1000,10000,-0.4590542707876932,-0.000677201249950961,-0.4583770695377422,50,106
A_only,1000,2000,-2.0508845779069924,-0.20620828374329758,-1.844676294163695,100,106
hybrid,1000,2000,-1.2628451026665066,-0.20620828374329758,-1.056636818923209,100,106
B_only,1000,2000,-0.6965092427007528,-0.20620828374329758,-0.4903009589574552,100,106
A_only,1000,5000,-1.197195180769495,-0.0017750075215489918,-1.195420173247946,100,106
hybrid,1000,5000,-0.5105102535213579,-0.0017750075215489918,-0.5087352459998089,100,106
B_only,1000,5000,-0.02629528288053841,-0.0017750075215489918,-0.024520275358989416,100,106
A_only,1000,10000,-0.9113866548841293,-0.0014094271702523638,-0.9099772277138769,100,106
hybrid,1000,10000,-0.363363706753467,-0.0014094271702523638,-0.36195427958321463,100,106
B_only,1000,10000,-3.1101068611551044e-05,-0.0014094271702523638,0.0013783261016408128,100,106
A_only,1000,2000,-0.8874553760750616,-0.0014094271702523638,-0.8860459489048093,200,106
hybrid,1000,2000,-0.1575815438408147,-0.0014094271702523638,-0.15617211667056233,200,106
B_only,1000,2000,-0.002329705712102006,-0.0014094271702523638,-0.000920278541849642,200,106
A_only,1000,5000,-0.6178801241276072,-0.0033189882361477573,-0.6145611358914594,200,106
hybrid,1000,5000,-0.18306172166517493,-0.0033189882361477573,-0.17974273342902716,200,106
B_only,1000,5000,-0.08154856085339993,-0.0033189882361477573,-0.07822957261725216,200,106
A_only,1000,10000,-1.4903547560465913,-0.01653092336097194,-1.4738238326856195,200,106
hybrid,1000,10000,-0.5565653006340446,-0.01653092336097194,-0.5400343772730727,200,106
B_only,1000,10000,-0.005562498369416093,-0.01653092336097194,0.010968424991555845,200,106
A_only,1000,2000,-1.284055336789109,-0.016652718459798817,-1.2674026183293101,500,106
hybrid,1000,2000,-0.13211937464411574,-0.016652718459798817,-0.11546665618431692,500,106
B_only,1000,2000,-5.6246021965687505e-05,-0.016652718459798817,0.01659647243783313,500,106
A_only,1000,5000,-1.237622374170408,-0.018494542316971195,-1.2191278318534369,500,106
hybrid,1000,5000,-0.39948311831927075,-0.018494542316971195,-0.3809885760022996,500,106
B_only,1000,5000,-0.01118115457811387,-0.018494542316971195,0.007313387738857325,500,106
A_only,1000,10000,-1.688498599664147,-0.000677201249950961,-1.687821398414196,500,106
hybrid,1000,10000,-0.4604187872908481,-0.000677201249950961,-0.45974158604089715,500,106
B_only,1000,10000,-0.0028450740758935297,-0.000677201249950961,-0.0021678728259425686,500,106
A_only,1000,2000,-0.8547998246070521,-0.02619584115917027,-0.8286039834478818,25,107
hybrid,1000,2000,-0.35968215824718075,-0.02619584115917027,-0.33348631708801046,25,107
B_only,1000,2000,-1.0370986413364203,-0.02619584115917027,-1.01090280017725,25,107
A_only,1000,5000,-1.2094130428234957,-0.0033189882361477573,-1.206094054587348,25,107
hybrid,1000,5000,-1.1218756242117645,-0.0033189882361477573,-1.1185566359756167,25,107
B_only,1000,5000,-1.5951819602252328,-0.0033189882361477573,-1.591862971989085,25,107
A_only,1000,10000,-1.1949618177882242,-0.0017750075215489918,-1.1931868102666752,25,107
hybrid,1000,10000,-0.7339450888222533,-0.0017750075215489918,-0.7321700813007043,25,107
B_only,1000,10000,-0.7900793752236359,-0.0017750075215489918,-0.7883043677020869,25,107
A_only,1000,2000,-1.4085963049039345,-0.2413949898821709,-1.1672013150217637,50,107
hybrid,1000,2000,-0.531787063484778,-0.2413949898821709,-0.2903920736026071,50,107
B_only,1000,2000,-0.021582271313136316,-0.2413949898821709,0.2198127185690346,50,107
A_only,1000,5000,-2.0238634708800167,-0.0014094271702523638,-2.0224540437097644,50,107
hybrid,1000,5000,-1.1388515583129875,-0.0014094271702523638,-1.1374421311427352,50,107
B_only,1000,5000,-0.010218849889687097,-0.0014094271702523638,-0.008809422719434733,50,107
A_only,1000,10000,-0.32214834546054033,-0.000677201249950961,-0.32147114421058937,50,107
hybrid,1000,10000,-0.09812076211144022,-0.000677201249950961,-0.09744356086148925,50,107
B_only,1000,10000,-0.06358830356920502,-0.000677201249950961,-0.06291110231925405,50,107
A_only,1000,2000,-2.212670424149387,-0.000677201249950961,-2.211993222899436,100,107
hybrid,1000,2000,-0.8704754164623596,-0.000677201249950961,-0.8697982152124086,100,107
B_only,1000,2000,-0.10518642437768397,-0.000677201249950961,-0.104509223127733,100,107
A_only,1000,5000,-0.6188437789621343,-0.000677201249950961,-0.6181665777121833,100,107
hybrid,1000,5000,-0.2622091520954003,-0.000677201249950961,-0.26153195084544933,100,107
B_only,1000,5000,-0.15867914776963488,-0.000677201249950961,-0.1580019465196839,100,107
A_only,1000,10000,-1.9128429370356457,-0.0014094271702523638,-1.9114335098653934,100,107
hybrid,1000,10000,-1.6414389034527153,-0.0014094271702523638,-1.640029476282463,100,107
B_only,1000,10000,-0.46218601494152517,-0.0014094271702523638,-0.4607765877712728,100,107
A_only,1000,2000,-0.7227711969829668,-0.018494542316971195,-0.7042766546659955,200,107
hybrid,1000,2000,-0.30417616877973647,-0.018494542316971195,-0.2856816264627653,200,107
B_only,1000,2000,-0.14711233945378574,-0.018494542316971195,-0.12861779713681454,200,107
A_only,1000,5000,-1.3445238747890802,-0.000677201249950961,-1.3438466735391292,200,107
hybrid,1000,5000,-0.46772789701126366,-0.000677201249950961,-0.4670506957613127,200,107
B_only,1000,5000,-0.01514088660933903,-0.000677201249950961,-0.014463685359388068,200,107
A_only,1000,10000,-0.7020721859218952,-0.000677201249950961,-0.7013949846719443,200,107
hybrid,1000,10000,-0.3692134165060493,-0.000677201249950961,-0.3685362152560983,200,107
B_only,1000,10000,-0.1805107317383706,-0.000677201249950961,-0.17983353048841963,200,107
A_only,1000,2000,-1.9006221562980627,-0.01653092336097194,-1.884091232937091,500,107
hybrid,1000,2000,-0.49901438732168457,-0.01653092336097194,-0.4824834639607126,500,107
B_only,1000,2000,-0.0012440907029623797,-0.01653092336097194,0.01528683265800956,500,107
A_only,1000,5000,-0.24187012030285016,-0.000677201249950961,-0.2411929190528992,500,107
hybrid,1000,5000,-0.049145639139193745,-0.000677201249950961,-0.04846843788924279,500,107
B_only,1000,5000,-0.0013524814087240422,-0.000677201249950961,-0.0006752801587730813,500,107
A_only,1000,10000,-0.017344497047711127,-0.000677201249950961,-0.016667295797760166,500,107
hybrid,1000,10000,-0.0038368814362759133,-0.000677201249950961,-0.003159680186324952,500,107
B_only,1000,10000,-0.0038099074831213415,-0.000677201249950961,-0.0031327062331703804,500,107
A_only,1000,2000,-1.3600693422210755,-0.16199627943323425,-1.198073062787841,25,108
hybrid,1000,2000,-0.6402964641221153,-0.16199627943323425,-0.478300184688881,25,108
B_only,1000,2000,-0.014275260078067328,-0.16199627943323425,0.1477210193551669,25,108
A_only,1000,5000,-1.0966272944688185,-0.0014094271702523638,-1.0952178672985662,25,108
hybrid,1000,5000,-0.41949404018113423,-0.0014094271702523638,-0.41808461301088184,25,108
B_only,1000,5000,-0.03231403359496927,-0.0014094271702523638,-0.0309046064247169,25,108
A_only,1000,10000,-0.6384161423964526,-0.000677201249950961,-0.6377389411465016,25,108
hybrid,1000,10000,-0.391137545085819,-0.000677201249950961,-0.39046034383586803,25,108
B_only,1000,10000,-0.4930478530957617,-0.000677201249950961,-0.49237065184581075,25,108
A_only,1000,2000,-2.119004780124706,-0.034310857636452745,-2.0846939224882535,50,108
hybrid,1000,2000,-0.9985127639315765,-0.034310857636452745,-0.9642019062951238,50,108
B_only,1000,2000,-0.004016949896987599,-0.034310857636452745,0.030293907739465144,50,108
A_only,1000,5000,-0.9607842946506486,-0.000677201249950961,-0.9601070934006977,50,108
hybrid,1000,5000,-0.664736074377061,-0.000677201249950961,-0.66405887312711,50,108
B_only,1000,5000,-0.986054235220581,-0.000677201249950961,-0.98537703397063,50,108
A_only,1000,10000,-0.39059714033673476,-0.0017750075215489918,-0.3888221328151858,50,108
hybrid,1000,10000,-0.07144906272042625,-0.0017750075215489918,-0.06967405519887726,50,108
B_only,1000,10000,-0.002975991430049998,-0.0017750075215489918,-0.0012009839085010063,50,108
A_only,1000,2000,-1.467253574672251,-0.10953837757218061,-1.3577151971000705,100,108
hybrid,1000,2000,-0.7336110249146994,-0.10953837757218061,-0.6240726473425188,100,108
B_only,1000,2000,-0.6913896938853914,-0.10953837757218061,-0.5818513163132107,100,108
A_only,1000,5000,-1.56526662926574,-0.01653092336097194,-1.5487357059047682,100,108
hybrid,1000,5000,-0.6520109417429115,-0.01653092336097194,-0.6354800183819396,100,108
B_only,1000,5000,-0.002107118874249898,-0.01653092336097194,0.014423804486722041,100,108
A_only,1000,10000,-0.4210216734800527,-0.000677201249950961,-0.42034447223010174,100,108
hybrid,1000,10000,-0.09991221369659326,-0.000677201249950961,-0.09923501244664229,100,108
B_only,1000,10000,-0.061759538489032616,-0.000677201249950961,-0.06108233723908166,100,108
A_only,1000,2000,-0.854857345730663,-0.04467924927401707,-0.8101780964566458,200,108
hybrid,1000,2000,-0.25303744198180306,-0.04467924927401707,-0.208358192707786,200,108
B_only,1000,2000,-0.17295675382444914,-0.04467924927401707,-0.12827750455043208,200,108
A_only,1000,5000,-0.6530398773774502,-0.000677201249950961,-0.6523626761274992,200,108
hybrid,1000,5000,-0.3437278901949741,-0.000677201249950961,-0.3430506889450231,200,108
B_only,1000,5000,-0.17288241587139172,-0.000677201249950961,-0.17220521462144076,200,108
A_only,1000,10000,-1.3263539715959773,-0.000677201249950961,-1.3256767703460264,200,108
hybrid,1000,10000,-0.6568178403515034,-0.000677201249950961,-0.6561406391015524,200,108
B_only,1000,10000,-0.22539657829239113,-0.000677201249950961,-0.22471937704244016,200,108
A_only,1000,2000,-0.9114922384909308,-0.0017750075215489918,-0.9097172309693817,500,108
hybrid,1000,2000,-0.3784030607535604,-0.0017750075215489918,-0.37662805323201143,500,108
B_only,1000,2000,-0.09594233499478755,-0.0017750075215489918,-0.09416732747323855,500,108
A_only,1000,5000,-0.4093782188910574,-0.0014094271702523638,-0.407968791720805,500,108
hybrid,1000,5000,-0.19259567253663804,-0.0014094271702523638,-0.19118624536638568,500,108
B_only,1000,5000,-0.5165970530158478,-0.0014094271702523638,-0.5151876258455954,500,108
A_only,1000,10000,-0.31682536945405193,-0.01653092336097194,-0.30029444609308,500,108
hybrid,1000,10000,-0.01987351241202508,-0.01653092336097194,-0.003342589051053141,500,108
B_only,1000,10000,-1.3443975156084308e-10,-0.01653092336097194,0.01653092322653219,500,108
A_only,1000,2000,-0.6297949550471882,-0.01653092336097194,-0.6132640316862162,25,109
hybrid,1000,2000,-0.018514475987150416,-0.01653092336097194,-0.0019835526261784767,25,109
B_only,1000,2000,-3.894193315889469e-20,-0.01653092336097194,0.01653092336097194,25,109
A_only,1000,5000,-0.34061281607269156,-0.09677148271081154,-0.24384133336188002,25,109
hybrid,1000,5000,-0.07924829427823579,-0.09677148271081154,0.017523188432575748,25,109
B_only,1000,5000,-0.6512902679886723,-0.09677148271081154,-0.5545187852778608,25,109
A_only,1000,10000,-0.1828867467609315,-0.000677201249950961,-0.18220954551098054,25,109
hybrid,1000,10000,-0.022869508460007505,-0.000677201249950961,-0.022192307210056543,25,109
B_only,1000,10000,-0.010018219168847348,-0.000677201249950961,-0.009341017918896386,25,109
A_only,1000,2000,-1.5285010342914136,-0.016652718459798817,-1.5118483158316147,50,109
hybrid,1000,2000,-0.6945289227193631,-0.016652718459798817,-0.6778762042595643,50,109
B_only,1000,2000,-0.10954269941859869,-0.016652718459798817,-0.09288998095879987,50,109
A_only,1000,5000,-0.22045633553587823,-0.01653092336097194,-0.20392541217490628,50,109
hybrid,1000,5000,-0.037764481403994875,-0.01653092336097194,-0.021233558043022936,50,109
B_only,1000,5000,-0.21471413250978563,-0.01653092336097194,-0.19818320914881368,50,109
A_only,1000,10000,-0.9157755171746765,-0.0014094271702523638,-0.9143660900044241,50,109
hybrid,1000,10000,-0.46950424290949094,-0.0014094271702523638,-0.46809481573923856,50,109
B_only,1000,10000,-0.04584494274877688,-0.0014094271702523638,-0.044435515578524515,50,109
A_only,1000,2000,-1.2968543715454226,-0.000677201249950961,-1.2961771702954716,100,109
hybrid,1000,2000,-0.7165673774252196,-0.000677201249950961,-0.7158901761752686,100,109
B_only,1000,2000,-0.40145634554952253,-0.000677201249950961,-0.40077914429957157,100,109
A_only,1000,5000,-1.5695334742207079,-0.0017750075215489918,-1.5677584666991589,100,109
hybrid,1000,5000,-1.0353965434602315,-0.0017750075215489918,-1.0336215359386824,100,109
B_only,1000,5000,-0.1228800678923213,-0.0017750075215489918,-0.1211050603707723,100,109
A_only,1000,10000,-1.3280412376261268,-0.0017750075215489918,-1.3262662301045778,100,109
hybrid,1000,10000,-0.7616788503037039,-0.0017750075215489918,-0.7599038427821548,100,109
B_only,1000,10000,-0.5539488489176234,-0.0017750075215489918,-0.5521738413960744,100,109
A_only,1000,2000,-1.8987630455607132,-0.000677201249950961,-1.8980858443107622,200,109
hybrid,1000,2000,-0.39909587843915023,-0.000677201249950961,-0.39841867718919927,200,109
B_only,1000,2000,-0.0003925144189038062,-0.000677201249950961,0.0002846868310471548,200,109
A_only,1000,5000,-1.2318726194586207,-0.0014094271702523638,-1.2304631922883684,200,109
hybrid,1000,5000,-0.48061062650698244,-0.0014094271702523638,-0.47920119933673005,200,109
B_only,1000,5000,-0.020277658069595368,-0.0014094271702523638,-0.018868230899343003,200,109
A_only,1000,10000,-1.1095606055025589,-0.000677201249950961,-1.108883404252608,200,109
hybrid,1000,10000,-0.31152389997777785,-0.000677201249950961,-0.3108466987278269,200,109
B_only,1000,10000,-0.00334315451633467,-0.000677201249950961,-0.002665953266383709,200,109
A_only,1000,2000,-2.0646339926934267,-0.01653092336097194,-2.0481030693324547,500,109
hybrid,1000,2000,-0.7250348130655585,-0.01653092336097194,-0.7085038897045866,500,109
B_only,1000,2000,-0.10839074863422826,-0.01653092336097194,-0.09185982527325633,500,109
A_only,1000,5000,-2.617652384411523,-0.000677201249950961,-2.616975183161572,500,109
hybrid,1000,5000,-0.6466657937660549,-0.000677201249950961,-0.645988592516104,500,109
B_only,1000,5000,-0.007629885392721238,-0.000677201249950961,-0.006952684142770277,500,109
A_only,1000,10000,-0.8812737897499586,-0.0014094271702523638,-0.8798643625797062,500,109
hybrid,1000,10000,-0.10604655538611116,-0.0014094271702523638,-0.1046371282158588,500,109
B_only,1000,10000,-0.0004657796456302444,-0.0014094271702523638,0.0009436475246221194,500,109
A_only,1000,2000,-1.6519774544562256,-0.0017750075215489918,-1.6502024469346765,25,110
hybrid,1000,2000,-1.0962264498239658,-0.0017750075215489918,-1.0944514423024168,25,110
B_only,1000,2000,-0.26323514338088494,-0.0017750075215489918,-0.261460135859336,25,110
A_only,1000,5000,-0.7293969659649933,-0.016652718459798817,-0.7127442475051945,25,110
hybrid,1000,5000,-0.2021396556923775,-0.016652718459798817,-0.18548693723257867,25,110
B_only,1000,5000,-2.5507058992376948,-0.016652718459798817,-2.534053180777896,25,110
A_only,1000,10000,-0.0037552472594340122,-0.0033189882361477573,-0.0004362590232862549,25,110
hybrid,1000,10000,-4.598110796321291e-05,-0.0033189882361477573,0.0032730071281845442,25,110
B_only,1000,10000,-0.0012075963286529597,-0.0033189882361477573,0.002111391907494798,25,110
A_only,1000,2000,-0.46186316596131854,-0.034310857636452745,-0.4275523083248658,50,110
hybrid,1000,2000,-0.024518151907834237,-0.034310857636452745,0.009792705728618508,50,110
B_only,1000,2000,-3.019351937937325e-08,-0.034310857636452745,0.034310827442933366,50,110
A_only,1000,5000,-0.34673467704842453,-0.000677201249950961,-0.34605747579847357,50,110
hybrid,1000,5000,-0.10002837963915907,-0.000677201249950961,-0.09935117838920811,50,110
B_only,1000,5000,-0.08018150834881091,-0.000677201249950961,-0.07950430709885994,50,110
A_only,1000,10000,-1.239539591665537,-0.0014094271702523638,-1.2381301644952847,50,110
hybrid,1000,10000,-0.5684011514106497,-0.0014094271702523638,-0.5669917242403973,50,110
B_only,1000,10000,-0.21297935841426519,-0.0014094271702523638,-0.21156993124401283,50,110
A_only,1000,2000,-2.334539574077568,-0.2080189683984519,-2.126520605679116,100,110
hybrid,1000,2000,-1.1984589905889573,-0.2080189683984519,-0.9904400221905054,100,110
B_only,1000,2000,-0.022556006670681604,-0.2080189683984519,0.1854629617277703,100,110
A_only,1000,5000,-1.264581541123456,-0.0033189882361477573,-1.2612625528873083,100,110
hybrid,1000,5000,-0.7855455232051741,-0.0033189882361477573,-0.7822265349690264,100,110
B_only,1000,5000,-0.002780003366131778,-0.0033189882361477573,0.0005389848700159791,100,110
A_only,1000,10000,-0.4694553618527176,-0.000677201249950961,-0.4687781606027666,100,110
hybrid,1000,10000,-0.16833410404941254,-0.000677201249950961,-0.16765690279946158,100,110
B_only,1000,10000,-0.013038366004616738,-0.000677201249950961,-0.012361164754665777,100,110
A_only,1000,2000,-1.3159394978748675,-0.0014094271702523638,-1.3145300707046152,200,110
hybrid,1000,2000,-0.716026933093701,-0.0014094271702523638,-0.7146175059234486,200,110
B_only,1000,2000,-1.0761504252026244,-0.0014094271702523638,-1.074740998032372,200,110
A_only,1000,5000,-0.7405899541737521,-0.0014094271702523638,-0.7391805270034997,200,110
hybrid,1000,5000,-0.14037304665972786,-0.0014094271702523638,-0.1389636194894755,200,110
B_only,1000,5000,-0.010539142863690261,-0.0014094271702523638,-0.009129715693437897,200,110
A_only,1000,10000,-0.1397557943287026,-0.000677201249950961,-0.13907859307875164,200,110
hybrid,1000,10000,-0.021772333805512026,-0.000677201249950961,-0.021095132555561065,200,110
B_only,1000,10000,-0.02681677186104357,-0.000677201249950961,-0.026139570611092608,200,110
A_only,1000,2000,-1.031589514897034,-0.20620828374329758,-0.8253812311537364,500,110
hybrid,1000,2000,-0.08826506115645051,-0.20620828374329758,0.11794322258684707,500,110
B_only,1000,2000,-0.0012641998824469154,-0.20620828374329758,0.20494408386085067,500,110
A_only,1000,5000,-0.6684946725674227,-0.018494542316971195,-0.6500001302504514,500,110
hybrid,1000,5000,-0.23770348900158342,-0.018494542316971195,-0.21920894668461222,500,110
B_only,1000,5000,-0.009348890602200517,-0.018494542316971195,0.009145651714770678,500,110
A_only,1000,10000,-0.13321948131590247,-0.000677201249950961,-0.1325422800659515,500,110
hybrid,1000,10000,-0.046997584492790616,-0.000677201249950961,-0.04632038324283966,500,110
B_only,1000,10000,-0.059561563569741606,-0.000677201249950961,-0.05888436231979065,500,110
A_only,1000,2000,-1.5399658152474893,-0.10943357822942999,-1.4305322370180593,25,111
hybrid,1000,2000,-1.0409141917882272,-0.10943357822942999,-0.9314806135587972,25,111
B_only,1000,2000,-0.1101644739149095,-0.10943357822942999,-0.0007308956854795018,25,111
A_only,1000,5000,-0.7138026504105885,-0.000677201249950961,-0.7131254491606376,25,111
hybrid,1000,5000,-0.32521336886610747,-0.000677201249950961,-0.3245361676161565,25,111
B_only,1000,5000,-2.352633146326096,-0.000677201249950961,-2.351955945076145,25,111
A_only,1000,10000,-1.4416108773571765,-0.000677201249950961,-1.4409336761072256,25,111
hybrid,1000,10000,-0.6783590793254377,-0.000677201249950961,-0.6776818780754867,25,111
B_only,1000,10000,-0.0003278015108601176,-0.000677201249950961,0.00034939973909084334,25,111
A_only,1000,2000,-1.7554168214966013,-0.10941635111751186,-1.6460004703790894,50,111
hybrid,1000,2000,-1.157655782139492,-0.10941635111751186,-1.04823943102198,50,111
B_only,1000,2000,-0.07753839405939407,-0.10941635111751186,0.03187795705811779,50,111
A_only,1000,5000,-0.84836745759391,-0.02619584115917027,-0.8221716164347397,50,111
hybrid,1000,5000,-0.0638236189969544,-0.02619584115917027,-0.037627777837784135,50,111
B_only,1000,5000,-2.540330357509536e-17,-0.02619584115917027,0.026195841159170247,50,111
A_only,1000,10000,-1.0165013368472673,-0.000677201249950961,-1.0158241355973163,50,111
hybrid,1000,10000,-0.8050971877291901,-0.000677201249950961,-0.8044199864792392,50,111
B_only,1000,10000,-0.7685998151083085,-0.000677201249950961,-0.7679226138583576,50,111
A_only,1000,2000,-1.370060451193519,-0.01653092336097194,-1.3535295278325472,100,111
hybrid,1000,2000,-0.536707074631919,-0.01653092336097194,-0.5201761512709471,100,111
B_only,1000,2000,-0.2973075957399617,-0.01653092336097194,-0.28077667237898973,100,111
A_only,1000,5000,-0.030186491493655408,-0.0442296682476969,0.01404317675404149,100,111
hybrid,1000,5000,-0.0029098194049981922,-0.0442296682476969,0.04131984884269871,100,111
B_only,1000,5000,-0.1846820417160118,-0.0442296682476969,-0.1404523734683149,100,111
A_only,1000,10000,-0.9462368337799293,-0.000677201249950961,-0.9455596325299783,100,111
hybrid,1000,10000,-0.5594395484654319,-0.000677201249950961,-0.5587623472154809,100,111
B_only,1000,10000,-0.19510397024374293,-0.000677201249950961,-0.19442676899379197,100,111
A_only,1000,2000,-1.2264714492614448,-0.01653092336097194,-1.209940525900473,200,111
hybrid,1000,2000,-0.5206363634213136,-0.01653092336097194,-0.5041054400603416,200,111
B_only,1000,2000,-0.28021219077345677,-0.01653092336097194,-0.2636812674124848,200,111
A_only,1000,5000,-0.4942668611763762,-0.04467924927401707,-0.44958761190235913,200,111
hybrid,1000,5000,-0.21248696012828347,-0.04467924927401707,-0.1678077108542664,200,111
B_only,1000,5000,-0.24117337160845984,-0.04467924927401707,-0.19649412233444277,200,111
A_only,1000,10000,-1.0259675986041918,-0.0014094271702523638,-1.0245581714339396,200,111
hybrid,1000,10000,-0.2931402355222117,-0.0014094271702523638,-0.2917308083519593,200,111
B_only,1000,10000,-0.003976669877685246,-0.0014094271702523638,-0.002567242707432882,200,111
A_only,1000,2000,-0.29969631437391203,-0.0033189882361477573,-0.2963773261377643,500,111
hybrid,1000,2000,-0.08979035067996488,-0.0033189882361477573,-0.08647136244381712,500,111
B_only,1000,2000,-0.13108522472018064,-0.0033189882361477573,-0.12776623648403287,500,111
A_only,1000,5000,-1.1413747000815986,-0.0033189882361477573,-1.1380557118454508,500,111
hybrid,1000,5000,-0.4413923238702333,-0.0033189882361477573,-0.43807333563408557,500,111
B_only,1000,5000,-0.14291380272048665,-0.0033189882361477573,-0.13959481448433889,500,111
A_only,1000,10000,-1.2560290037779553,-0.0014094271702523638,-1.254619576607703,500,111
hybrid,1000,10000,-0.586012641819625,-0.0014094271702523638,-0.5846032146493726,500,111
B_only,1000,10000,-0.1751317272591195,-0.0014094271702523638,-0.17372230008886713,500,111
A_only,1000,2000,-1.0622172814073076,-0.10941635111751186,-0.9528009302897957,25,112
hybrid,1000,2000,-0.3490852569713238,-0.10941635111751186,-0.23966890585381195,25,112
B_only,1000,2000,-1.3658809903069464,-0.10941635111751186,-1.2564646391894345,25,112
A_only,1000,5000,-0.5169438888359011,-0.0014094271702523638,-0.5155344616656488,25,112
hybrid,1000,5000,-0.09920187415629203,-0.0014094271702523638,-0.09779244698603967,25,112
B_only,1000,5000,-0.016343972149540288,-0.0014094271702523638,-0.014934544979287924,25,112
A_only,1000,10000,-1.40378593047911,-0.000677201249950961,-1.403108729229159,25,112
hybrid,1000,10000,-1.4886497070505227,-0.000677201249950961,-1.4879725058005717,25,112
B_only,1000,10000,-0.36900655806350413,-0.000677201249950961,-0.36832935681355317,25,112
A_only,1000,2000,-1.320541952455089,-0.000677201249950961,-1.319864751205138,50,112
hybrid,1000,2000,-0.34172118841686994,-0.000677201249950961,-0.34104398716691897,50,112
B_only,1000,2000,-0.06427756197323727,-0.000677201249950961,-0.0636003607232863,50,112
A_only,1000,5000,-1.122325116134072,-0.016652718459798817,-1.105672397674273,50,112
hybrid,1000,5000,-0.23028028005772594,-0.016652718459798817,-0.21362756159792712,50,112
B_only,1000,5000,-5.287733255959429e-06,-0.016652718459798817,0.01664743072654286,50,112
A_only,1000,10000,-0.6017936843876742,-0.0014094271702523638,-0.6003842572174218,50,112
hybrid,1000,10000,-0.3403670385923223,-0.0014094271702523638,-0.3389576114220699,50,112
B_only,1000,10000,-0.4959637893075387,-0.0014094271702523638,-0.4945543621372863,50,112
A_only,1000,2000,-1.167035197879367,-0.10941635111751186,-1.057618846761855,100,112
hybrid,1000,2000,-0.4008562993505708,-0.10941635111751186,-0.29143994823305897,100,112
B_only,1000,2000,-0.015392917890184665,-0.10941635111751186,0.09402343322732719,100,112
A_only,1000,5000,-0.8481176627168202,-0.0017750075215489918,-0.8463426551952712,100,112
hybrid,1000,5000,-0.5946864731239085,-0.0017750075215489918,-0.5929114656023595,100,112
B_only,1000,5000,-0.4839317010410378,-0.0017750075215489918,-0.4821566935194888,100,112
A_only,1000,10000,-1.163598124217257,-0.000677201249950961,-1.162920922967306,100,112
hybrid,1000,10000,-0.774281107527925,-0.000677201249950961,-0.773603906277974,100,112
B_only,1000,10000,-0.40742730439412905,-0.000677201249950961,-0.4067501031441781,100,112
A_only,1000,2000,-1.872743259066151,-0.07123766710210508,-1.801505591964046,200,112
hybrid,1000,2000,-0.37843905812787676,-0.07123766710210508,-0.3072013910257717,200,112
B_only,1000,2000,-0.0009125288348382349,-0.07123766710210508,0.07032513826726684,200,112
A_only,1000,5000,-1.4898215969334991,-0.0014094271702523638,-1.4884121697632469,200,112
hybrid,1000,5000,-0.7275703445645958,-0.0014094271702523638,-0.7261609173943434,200,112
B_only,1000,5000,-0.06915106458374945,-0.0014094271702523638,-0.06774163741349709,200,112
A_only,1000,10000,-0.749918463701708,-0.000677201249950961,-0.749241262451757,200,112
hybrid,1000,10000,-0.4455533299983419,-0.000677201249950961,-0.44487612874839094,200,112
B_only,1000,10000,-0.6072229619126803,-0.000677201249950961,-0.6065457606627294,200,112
A_only,1000,2000,-0.18226373438743088,-0.021107167799241426,-0.16115656658818944,500,112
hybrid,1000,2000,-0.0561687817319394,-0.021107167799241426,-0.03506161393269797,500,112
B_only,1000,2000,-0.30531180298879945,-0.021107167799241426,-0.284204635189558,500,112
A_only,1000,5000,-0.535480268919982,-0.0017750075215489918,-0.533705261398433,500,112
hybrid,1000,5000,-0.13216771630482696,-0.0017750075215489918,-0.13039270878327797,500,112
B_only,1000,5000,-0.0026877287975377168,-0.0017750075215489918,-0.000912721275988725,500,112
A_only,1000,10000,-0.7069766141739846,-0.000677201249950961,-0.7062994129240336,500,112
hybrid,1000,10000,-0.324511604960425,-0.000677201249950961,-0.32383440371047406,500,112
B_only,1000,10000,-0.3012114496836624,-0.000677201249950961,-0.30053424843371146,500,112
A_only,1000,2000,-2.6717066657763224,-0.01653092336097194,-2.6551757424153504,25,113
hybrid,1000,2000,-1.0706053527353,-0.01653092336097194,-1.0540744293743283,25,113
B_only,1000,2000,-0.0011387454401068425,-0.01653092336097194,0.015392177920865096,25,113
A_only,1000,5000,-0.4312888761922373,-0.000677201249950961,-0.43061167494228636,25,113
hybrid,1000,5000,-0.07383683462272785,-0.000677201249950961,-0.07315963337277688,25,113
B_only,1000,5000,-0.6973385224776297,-0.000677201249950961,-0.6966613212276788,25,113
A_only,1000,10000,-0.5511272369748687,-0.000677201249950961,-0.5504500357249177,25,113
hybrid,1000,10000,-0.22541764478940615,-0.000677201249950961,-0.2247404435394552,25,113
B_only,1000,10000,-0.3888722196578795,-0.000677201249950961,-0.3881950184079285,25,113
A_only,1000,2000,-1.4665123144126508,-0.0017750075215489918,-1.4647373068911018,50,113
hybrid,1000,2000,-0.3969004102700798,-0.0017750075215489918,-0.3951254027485308,50,113
B_only,1000,2000,-0.0038491863167572147,-0.0017750075215489918,-0.002074178795208223,50,113
A_only,1000,5000,-1.3314754622864382,-0.034310857636452745,-1.2971646046499854,50,113
hybrid,1000,5000,-0.49170563172250126,-0.034310857636452745,-0.4573947740860485,50,113
B_only,1000,5000,-0.0028391035799512983,-0.034310857636452745,0.03147175405650145,50,113
A_only,1000,10000,-0.533216945851863,-0.000677201249950961,-0.532539744601912,50,113
hybrid,1000,10000,-0.1529287880257062,-0.000677201249950961,-0.15225158677575523,50,113
B_only,1000,10000,-0.1889337015286099,-0.000677201249950961,-0.18825650027865892,50,113
A_only,1000,2000,-1.0219932259389801,-0.0014094271702523638,-1.0205837987687278,100,113
hybrid,1000,2000,-0.6713876868773415,-0.0014094271702523638,-0.6699782597070891,100,113
B_only,1000,2000,-0.7370266098267814,-0.0014094271702523638,-0.735617182656529,100,113
A_only,1000,5000,-1.087724432977032,-0.000677201249950961,-1.087047231727081,100,113
hybrid,1000,5000,-0.2783848177595883,-0.000677201249950961,-0.2777076165096373,100,113
B_only,1000,5000,-9.92033047886078e-10,-0.000677201249950961,0.000677200257917913,100,113
A_only,1000,10000,-0.6873846847150954,-0.0017750075215489918,-0.6856096771935464,100,113
hybrid,1000,10000,-0.20290890753313157,-0.0017750075215489918,-0.20113390001158257,100,113
B_only,1000,10000,-0.026751921800817306,-0.0017750075215489918,-0.024976914279268313,100,113
A_only,1000,2000,-2.152641849854116,-0.016652718459798817,-2.135989131394317,200,113
hybrid,1000,2000,-0.9271804212902973,-0.016652718459798817,-0.9105277028304986,200,113
B_only,1000,2000,-0.28617497974025136,-0.016652718459798817,-0.26952226128045254,200,113
A_only,1000,5000,-0.2328553360519064,-0.0017750075215489918,-0.2310803285303574,200,113
hybrid,1000,5000,-0.03808410100692531,-0.0017750075215489918,-0.036309093485376316,200,113
B_only,1000,5000,-0.02624691179944276,-0.0017750075215489918,-0.024471904277893766,200,113
A_only,1000,10000,-1.4008718153863682,-0.000677201249950961,-1.4001946141364172,200,113
hybrid,1000,10000,-0.8546262037840885,-0.000677201249950961,-0.8539490025341375,200,113
B_only,1000,10000,-0.0015424712443897026,-0.000677201249950961,-0.0008652699944387416,200,113
A_only,1000,2000,-1.9255518842162407,-0.10943357822942999,-1.8161183059868107,500,113
hybrid,1000,2000,-0.5019638403265984,-0.10943357822942999,-0.39253026209716835,500,113
B_only,1000,2000,-0.006914386719621771,-0.10943357822942999,0.10251919150980822,500,113
A_only,1000,5000,-0.3810971269710759,-0.0033189882361477573,-0.37777813873492816,500,113
hybrid,1000,5000,-0.12120628226726513,-0.0033189882361477573,-0.11788729403111736,500,113
B_only,1000,5000,-0.0017264143214743128,-0.0033189882361477573,0.0015925739146734445,500,113
A_only,1000,10000,-1.182161953919155,-0.0017750075215489918,-1.180386946397606,500,113
hybrid,1000,10000,-0.3696246037424276,-0.0017750075215489918,-0.36784959622087865,500,113
B_only,1000,10000,-0.005964824112862635,-0.0017750075215489918,-0.004189816591313643,500,113
A_only,1000,2000,-0.4737924517977732,-0.0033189882361477573,-0.47047346356162545,25,114
hybrid,1000,2000,-0.04392657446980215,-0.0033189882361477573,-0.040607586233654396,25,114
B_only,1000,2000,-0.0259274623223991,-0.0033189882361477573,-0.022608474086251343,25,114
A_only,1000,5000,-0.15979291461752196,-0.10943357822942999,-0.050359336388091966,25,114
hybrid,1000,5000,-0.016661399850190443,-0.10943357822942999,0.09277217837923955,25,114
B_only,1000,5000,-0.006129432689653581,-0.10943357822942999,0.1033041455397764,25,114
A_only,1000,10000,-0.45798658924984476,-0.000677201249950961,-0.4573093879998938,25,114
hybrid,1000,10000,-0.10844833216070165,-0.000677201249950961,-0.10777113091075069,25,114
B_only,1000,10000,-1.8977297460585316,-0.000677201249950961,-1.8970525448085807,25,114
A_only,1000,2000,-0.61200343808219,-0.021107167799241426,-0.5908962702829487,50,114
hybrid,1000,2000,-0.14382774600517,-0.021107167799241426,-0.12272057820592858,50,114
B_only,1000,2000,-0.6430632498149509,-0.021107167799241426,-0.6219560820157095,50,114
A_only,1000,5000,-2.0742460164976233,-0.0033189882361477573,-2.0709270282614756,50,114
hybrid,1000,5000,-0.7054864357854622,-0.0033189882361477573,-0.7021674475493145,50,114
B_only,1000,5000,-0.02548178585906658,-0.0033189882361477573,-0.022162797622918826,50,114
A_only,1000,10000,-1.125145384128559,-0.000677201249950961,-1.124468182878608,50,114
hybrid,1000,10000,-0.5580482688058405,-0.000677201249950961,-0.5573710675558895,50,114
B_only,1000,10000,-0.4706163268925569,-0.000677201249950961,-0.4699391256426059,50,114
A_only,1000,2000,-1.0323870301155214,-0.14881734467110364,-0.8835696854444177,100,114
hybrid,1000,2000,-0.24213192744231307,-0.14881734467110364,-0.09331458277120944,100,114
B_only,1000,2000,-0.0015482146815168935,-0.14881734467110364,0.14726912998958674,100,114
A_only,1000,5000,-0.6069124943977952,-0.000677201249950961,-0.6062352931478442,100,114
hybrid,1000,5000,-0.1622187489285987,-0.000677201249950961,-0.16154154767864773,100,114
B_only,1000,5000,-0.4503906008194529,-0.000677201249950961,-0.44971339956950196,100,114
A_only,1000,10000,-0.31641945693163825,-0.0017750075215489918,-0.3146444494100893,100,114
hybrid,1000,10000,-0.11565446416633719,-0.0017750075215489918,-0.1138794566447882,100,114
B_only,1000,10000,-0.07288420925140283,-0.0017750075215489918,-0.07110920172985384,100,114
A_only,1000,2000,-2.162973921735211,-0.19627985002332982,-1.966694071711881,200,114
hybrid,1000,2000,-0.4779193469417165,-0.19627985002332982,-0.2816394969183867,200,114
B_only,1000,2000,-7.14402087568423e-05,-0.19627985002332982,0.19620840981457296,200,114
A_only,1000,5000,-0.46523604278197256,-0.000677201249950961,-0.4645588415320216,200,114
hybrid,1000,5000,-0.06938881322519047,-0.000677201249950961,-0.0687116119752395,200,114
B_only,1000,5000,-1.9152825776477348e-05,-0.000677201249950961,0.0006580484241744836,200,114
A_only,1000,10000,-1.5276535880096918,-0.000677201249950961,-1.5269763867597408,200,114
hybrid,1000,10000,-0.6319306682887353,-0.000677201249950961,-0.6312534670387844,200,114
B_only,1000,10000,-0.07597378613446638,-0.000677201249950961,-0.07529658488451542,200,114
A_only,1000,2000,-2.1711501562504414,-0.02619584115917027,-2.144954315091271,500,114
hybrid,1000,2000,-0.5547243536053261,-0.02619584115917027,-0.5285285124461558,500,114
B_only,1000,2000,-0.07486329068010432,-0.02619584115917027,-0.04866744952093405,500,114
A_only,1000,5000,-1.947047250196943,-0.000677201249950961,-1.946370048946992,500,114
hybrid,1000,5000,-0.8307278467024697,-0.000677201249950961,-0.8300506454525187,500,114
B_only,1000,5000,-0.20039690904654575,-0.000677201249950961,-0.1997197077965948,500,114
A_only,1000,10000,-0.14084789862335007,-0.0017750075215489918,-0.13907289110180107,500,114
hybrid,1000,10000,-0.04745132019426362,-0.0017750075215489918,-0.045676312672714624,500,114
B_only,1000,10000,-0.06688147032632943,-0.0017750075215489918,-0.06510646280478044,500,114
A_only,1000,2000,-0.32850047141460476,-0.0017750075215489918,-0.3267254638930558,25,115
hybrid,1000,2000,-0.01473427833725641,-0.0017750075215489918,-0.012959270815707418,25,115
B_only,1000,2000,-9.647122645543555e-06,-0.0017750075215489918,0.0017653603989034484,25,115
A_only,1000,5000,-1.4573758116231503,-0.0017750075215489918,-1.4556008041016013,25,115
hybrid,1000,5000,-0.8050013570236844,-0.0017750075215489918,-0.8032263495021353,25,115
B_only,1000,5000,-1.2804797349884272,-0.0017750075215489918,-1.2787047274668781,25,115
A_only,1000,10000,-1.6040871365777132,-0.000677201249950961,-1.6034099353277622,25,115
hybrid,1000,10000,-1.3308672863013742,-0.000677201249950961,-1.3301900850514232,25,115
B_only,1000,10000,-0.32405751078964695,-0.000677201249950961,-0.323380309539696,25,115
A_only,1000,2000,-1.783417145393072,-0.0017750075215489918,-1.781642137871523,50,115
hybrid,1000,2000,-0.9661772084417751,-0.0017750075215489918,-0.9644022009202261,50,115
B_only,1000,2000,-0.5327151558849259,-0.0017750075215489918,-0.5309401483633769,50,115
A_only,1000,5000,-0.7598804475891582,-0.0014094271702523638,-0.7584710204189058,50,115
hybrid,1000,5000,-0.13722421775899452,-0.0014094271702523638,-0.13581479058874216,50,115
B_only,1000,5000,-1.4620014029712829e-06,-0.0014094271702523638,0.0014079651688493925,50,115
A_only,1000,10000,-1.979490060402115,-0.000677201249950961,-1.978812859152164,50,115
hybrid,1000,10000,-1.3353430266354942,-0.000677201249950961,-1.3346658253855432,50,115
B_only,1000,10000,-0.9308323739313157,-0.000677201249950961,-0.9301551726813647,50,115
A_only,1000,2000,-1.3930591010591948,-0.0033189882361477573,-1.389740112823047,100,115
hybrid,1000,2000,-0.7912402350906179,-0.0033189882361477573,-0.7879212468544702,100,115
B_only,1000,2000,-0.8905035574067499,-0.0033189882361477573,-0.8871845691706022,100,115
A_only,1000,5000,-0.6269433162715756,-0.000677201249950961,-0.6262661150216247,100,115
hybrid,1000,5000,-0.19010204372504588,-0.000677201249950961,-0.18942484247509492,100,115
B_only,1000,5000,-0.20103219646496948,-0.000677201249950961,-0.2003549952150185,100,115
A_only,1000,10000,-1.6700402039927957,-0.0014094271702523638,-1.6686307768225435,100,115
hybrid,1000,10000,-0.7633291340705817,-0.0014094271702523638,-0.7619197069003293,100,115
B_only,1000,10000,-0.18961913114680357,-0.0014094271702523638,-0.1882097039765512,100,115
A_only,1000,2000,-0.16192983295603308,-0.0014094271702523638,-0.16052040578578072,200,115
hybrid,1000,2000,-0.013410562471996871,-0.0014094271702523638,-0.012001135301744507,200,115
B_only,1000,2000,-5.45665580837915e-05,-0.0014094271702523638,0.0013548606121685724,200,115
A_only,1000,5000,-1.0533253717091613,-0.0014094271702523638,-1.051915944538909,200,115
hybrid,1000,5000,-0.5160836416235765,-0.0014094271702523638,-0.5146742144533241,200,115
B_only,1000,5000,-0.22566556063926654,-0.0014094271702523638,-0.22425613346901418,200,115
A_only,1000,10000,-0.4395031574663832,-0.000677201249950961,-0.4388259562164322,200,115
hybrid,1000,10000,-0.14781493309264895,-0.000677201249950961,-0.147137731842698,200,115
B_only,1000,10000,-0.19589460598045522,-0.000677201249950961,-0.19521740473050425,200,115
A_only,1000,2000,-0.32244343577715595,-0.10943357822942999,-0.21300985754772594,500,115
hybrid,1000,2000,-0.06371134445190293,-0.10943357822942999,0.04572223377752706,500,115
B_only,1000,2000,-0.0008868155581941818,-0.10943357822942999,0.10854676267123581,500,115
A_only,1000,5000,-2.184266263934942,-0.0014094271702523638,-2.1828568367646897,500,115
hybrid,1000,5000,-0.3251398785147319,-0.0014094271702523638,-0.32373045134447953,500,115
B_only,1000,5000,-2.539182778708317e-07,-0.0014094271702523638,0.001409173251974493,500,115
A_only,1000,10000,-2.6173791375830757,-0.000677201249950961,-2.6167019363331248,500,115
hybrid,1000,10000,-0.7746149098524839,-0.000677201249950961,-0.773937708602533,500,115
B_only,1000,10000,-0.08978118515521723,-0.000677201249950961,-0.08910398390526626,500,115
A_only,1000,2000,-1.8087794018403145,-0.0017750075215489918,-1.8070043943187655,25,116
hybrid,1000,2000,-1.1022371819543553,-0.0017750075215489918,-1.1004621744328063,25,116
B_only,1000,2000,-0.647021758652942,-0.0017750075215489918,-0.645246751131393,25,116
A_only,1000,5000,-1.9465320939627937,-0.12341214349600381,-1.8231199504667899,25,116
hybrid,1000,5000,-1.2790752180506908,-0.12341214349600381,-1.155663074554687,25,116
B_only,1000,5000,-0.15900905166052293,-0.12341214349600381,-0.03559690816451912,25,116
A_only,1000,10000,-0.20068336605545944,-0.0014094271702523638,-0.19927393888520709,25,116
hybrid,1000,10000,-0.03413390600583316,-0.0014094271702523638,-0.03272447883558079,25,116
B_only,1000,10000,-0.014138952157522297,-0.0014094271702523638,-0.012729524987269933,25,116
A_only,1000,2000,-1.6497337167064712,-0.000677201249950961,-1.6490565154565202,50,116
hybrid,1000,2000,-1.1998304913430835,-0.000677201249950961,-1.1991532900931325,50,116
B_only,1000,2000,-1.2179571513090643,-0.000677201249950961,-1.2172799500591134,50,116
A_only,1000,5000,-0.27759528816653506,-0.02619584115917027,-0.2513994470073648,50,116
hybrid,1000,5000,-0.02493937665653744,-0.02619584115917027,0.00125646450263283,50,116
B_only,1000,5000,-7.950373821962191e-05,-0.02619584115917027,0.02611633742095065,50,116
A_only,1000,10000,-0.25552293659898917,-0.0017750075215489918,-0.2537479290774402,50,116
hybrid,1000,10000,-0.1013729077268422,-0.0017750075215489918,-0.0995979002052932,50,116
B_only,1000,10000,-0.24605048076698668,-0.0017750075215489918,-0.2442754732454377,50,116
A_only,1000,2000,-0.5239343160454228,-0.0017750075215489918,-0.5221593085238738,100,116
hybrid,1000,2000,-0.10095536945393457,-0.0017750075215489918,-0.09918036193238558,100,116
B_only,1000,2000,-0.019675504442166297,-0.0017750075215489918,-0.017900496920617306,100,116
A_only,1000,5000,-0.06483248529191929,-0.0014094271702523638,-0.06342305812166693,100,116
hybrid,1000,5000,-0.004878422436065061,-0.0014094271702523638,-0.0034689952658126973,100,116
B_only,1000,5000,-0.003572200601153967,-0.0014094271702523638,-0.0021627734309016032,100,116
A_only,1000,10000,-0.6204702533055011,-0.0014094271702523638,-0.6190608261352487,100,116
hybrid,1000,10000,-0.17051875392011093,-0.0014094271702523638,-0.16910932674985857,100,116
B_only,1000,10000,-0.010015879748835322,-0.0014094271702523638,-0.008606452578582958,100,116
A_only,1000,2000,-1.7354307886845903,-0.000677201249950961,-1.7347535874346394,200,116
hybrid,1000,2000,-0.6863964099557204,-0.000677201249950961,-0.6857192087057694,200,116
B_only,1000,2000,-0.2877639398451393,-0.000677201249950961,-0.28708673859518835,200,116
A_only,1000,5000,-1.5617911886904565,-0.000677201249950961,-1.5611139874405056,200,116
hybrid,1000,5000,-0.6652454776612337,-0.000677201249950961,-0.6645682764112827,200,116
B_only,1000,5000,-0.09459322058546081,-0.000677201249950961,-0.09391601933550985,200,116
A_only,1000,10000,-1.3795759388475668,-0.0014094271702523638,-1.3781665116773145,200,116
hybrid,1000,10000,-0.3936631842772325,-0.0014094271702523638,-0.3922537571069801,200,116
B_only,1000,10000,-0.0053024079329103,-0.0014094271702523638,-0.003892980762657936,200,116
A_only,1000,2000,-2.062912846980025,-0.01653092336097194,-2.046381923619053,500,116
hybrid,1000,2000,-0.5844052911489865,-0.01653092336097194,-0.5678743677880146,500,116
B_only,1000,2000,-0.1414854955471256,-0.01653092336097194,-0.12495457218615368,500,116
A_only,1000,5000,-0.05445295910157999,-0.0033189882361477573,-0.051133970865432234,500,116
hybrid,1000,5000,-0.00841428162286909,-0.0033189882361477573,-0.005095293386721333,500,116
B_only,1000,5000,-0.003659973006750553,-0.0033189882361477573,-0.0003409847706027959,500,116
A_only,1000,10000,-0.03369678766372613,-0.000677201249950961,-0.03301958641377517,500,116
hybrid,1000,10000,-0.008843692977926136,-0.000677201249950961,-0.008166491727975175,500,116
B_only,1000,10000,-0.15172048758608567,-0.000677201249950961,-0.1510432863361347,500,116
A_only,1000,2000,-1.361369236574248,-0.016652718459798817,-1.3447165181144491,25,117
hybrid,1000,2000,-0.6424935429859753,-0.016652718459798817,-0.6258408245261765,25,117
B_only,1000,2000,-0.6478383173736376,-0.016652718459798817,-0.6311855989138389,25,117
A_only,1000,5000,-1.5246847582093483,-0.0017750075215489918,-1.5229097506877993,25,117
hybrid,1000,5000,-0.4633204458545948,-0.0017750075215489918,-0.46154543833304584,25,117
B_only,1000,5000,-0.012698002968859683,-0.0017750075215489918,-0.010922995447310692,25,117
A_only,1000,10000,-0.028078744223231936,-0.016652718459798817,-0.011426025763433118,25,117
hybrid,1000,10000,-0.0023316666536796725,-0.016652718459798817,0.014321051806119145,25,117
B_only,1000,10000,-0.13668678986269225,-0.016652718459798817,-0.12003407140289343,25,117
A_only,1000,2000,-1.1180991790529133,-0.0017750075215489918,-1.1163241715313643,50,117
hybrid,1000,2000,-0.20611346174796766,-0.0017750075215489918,-0.20433845422641866,50,117
B_only,1000,2000,-0.14144904498680294,-0.0017750075215489918,-0.13967403746525395,50,117
A_only,1000,5000,-2.06337657032076,-0.000677201249950961,-2.062699369070809,50,117
hybrid,1000,5000,-1.5680949666319295,-0.000677201249950961,-1.5674177653819785,50,117
B_only,1000,5000,-0.14835650021962832,-0.000677201249950961,-0.14767929896967735,50,117
A_only,1000,10000,-0.34502350527532216,-0.0017750075215489918,-0.3432484977537732,50,117
hybrid,1000,10000,-0.09516574762658411,-0.0017750075215489918,-0.09339074010503512,50,117
B_only,1000,10000,-0.4198881977507179,-0.0017750075215489918,-0.41811319022916893,50,117
A_only,1000,2000,-1.1756716073675875,-0.16199627943323425,-1.013675327934353,100,117
hybrid,1000,2000,-0.3934740379250722,-0.16199627943323425,-0.23147775849183794,100,117
B_only,1000,2000,-0.029352150216173566,-0.16199627943323425,0.13264412921706067,100,117
A_only,1000,5000,-0.026482215800452503,-0.10941635111751186,0.08293413531705936,100,117
hybrid,1000,5000,-0.0010176616708044912,-0.10941635111751186,0.10839868944670737,100,117
B_only,1000,5000,-0.030968509571160093,-0.10941635111751186,0.07844784154635176,100,117
A_only,1000,10000,-1.0539406629105834,-0.000677201249950961,-1.0532634616606324,100,117
hybrid,1000,10000,-0.24782616732547644,-0.000677201249950961,-0.24714896607552547,100,117
B_only,1000,10000,-2.15451420154858e-11,-0.000677201249950961,0.000677201228405819,100,117
A_only,1000,2000,-0.9767254468827736,-0.021107167799241426,-0.9556182790835323,200,117
hybrid,1000,2000,-0.35456284523161513,-0.021107167799241426,-0.3334556774323737,200,117
B_only,1000,2000,-0.5399029985886834,-0.021107167799241426,-0.518795830789442,200,117
A_only,1000,5000,-2.187407737033901,-0.016652718459798817,-2.170755018574102,200,117
hybrid,1000,5000,-0.8719894104613813,-0.016652718459798817,-0.8553366920015826,200,117
B_only,1000,5000,-0.004093813867838402,-0.016652718459798817,0.012558904591960416,200,117
A_only,1000,10000,-0.9988065653313465,-0.000677201249950961,-0.9981293640813955,200,117
hybrid,1000,10000,-0.47417963592303647,-0.000677201249950961,-0.4735024346730855,200,117
B_only,1000,10000,-0.7534513440535199,-0.000677201249950961,-0.7527741428035689,200,117
A_only,1000,2000,-0.6788287733476013,-0.0033189882361477573,-0.6755097851114535,500,117
hybrid,1000,2000,-0.25793876686711376,-0.0033189882361477573,-0.254619778630966,500,117
B_only,1000,2000,-0.2460106264958241,-0.0033189882361477573,-0.24269163825967632,500,117
A_only,1000,5000,-1.8217337907458857,-0.0017750075215489918,-1.8199587832243367,500,117
hybrid,1000,5000,-0.4191686021639505,-0.0017750075215489918,-0.41739359464240156,500,117
B_only,1000,5000,-0.04781718222630112,-0.0017750075215489918,-0.04604217470475213,500,117
A_only,1000,10000,-0.49220127916262296,-0.0017750075215489918,-0.490426271641074,500,117
hybrid,1000,10000,-0.18769031058991448,-0.0017750075215489918,-0.18591530306836548,500,117
B_only,1000,10000,-0.2106532499004907,-0.0017750075215489918,-0.2088782423789417,500,117
A_only,1000,2000,-1.6157247906696417,-0.0033189882361477573,-1.612405802433494,25,118
hybrid,1000,2000,-0.7825601835639825,-0.0033189882361477573,-0.7792411953278348,25,118
B_only,1000,2000,-0.10059345285616338,-0.0033189882361477573,-0.09727446462001561,25,118
A_only,1000,5000,-0.506466950672536,-0.0017750075215489918,-0.504691943150987,25,118
hybrid,1000,5000,-0.105013543352092,-0.0017750075215489918,-0.103238535830543,25,118
B_only,1000,5000,-0.08032340065837647,-0.0017750075215489918,-0.07854839313682747,25,118
A_only,1000,10000,-0.3881120627449912,-0.0033189882361477573,-0.3847930745088435,25,118
hybrid,1000,10000,-0.21017924654098313,-0.0033189882361477573,-0.20686025830483537,25,118
B_only,1000,10000,-1.5538987444209935,-0.0033189882361477573,-1.5505797561848458,25,118
A_only,1000,2000,-1.3426627311318178,-0.3258445963560168,-1.016818134775801,50,118
hybrid,1000,2000,-0.45208776491396574,-0.3258445963560168,-0.12624316855794893,50,118
B_only,1000,2000,-0.10906201195504238,-0.3258445963560168,0.21678258440097442,50,118
A_only,1000,5000,-0.26698115359081154,-0.0014094271702523638,-0.26557172642055915,50,118
hybrid,1000,5000,-0.049666443010325814,-0.0014094271702523638,-0.04825701584007345,50,118
B_only,1000,5000,-0.45190590873765885,-0.0014094271702523638,-0.45049648156740646,50,118
A_only,1000,10000,-0.9710478891751047,-0.000677201249950961,-0.9703706879251537,50,118
hybrid,1000,10000,-0.3790048074501259,-0.000677201249950961,-0.3783276062001749,50,118
B_only,1000,10000,-0.08945600616467804,-0.000677201249950961,-0.08877880491472707,50,118
A_only,1000,2000,-1.6280544033644626,-0.136118387533595,-1.4919360158308677,100,118
hybrid,1000,2000,-0.6729716968226496,-0.136118387533595,-0.5368533092890546,100,118
B_only,1000,2000,-0.40965175169923657,-0.136118387533595,-0.27353336416564156,100,118
A_only,1000,5000,-0.6063965951953673,-0.000677201249950961,-0.6057193939454163,100,118
hybrid,1000,5000,-0.1646735537031649,-0.000677201249950961,-0.16399635245321392,100,118
B_only,1000,5000,-0.1747722366350455,-0.000677201249950961,-0.17409503538509455,100,118
A_only,1000,10000,-0.10045244624729305,-0.000677201249950961,-0.09977524499734208,100,118
hybrid,1000,10000,-0.01219137191827121,-0.000677201249950961,-0.011514170668320249,100,118
B_only,1000,10000,-0.028293641754958024,-0.000677201249950961,-0.027616440505007063,100,118
A_only,1000,2000,-0.7121884190817462,-0.021107167799241426,-0.6910812512825049,200,118
hybrid,1000,2000,-0.21302932922896142,-0.021107167799241426,-0.19192216142972,200,118
B_only,1000,2000,-0.0032061819136997407,-0.021107167799241426,0.017900985885541686,200,118
A_only,1000,5000,-0.9235958891431519,-0.01653092336097194,-0.90706496578218,200,118
hybrid,1000,5000,-0.4511707855788323,-0.01653092336097194,-0.43463986221786033,200,118
B_only,1000,5000,-0.4251296131010298,-0.01653092336097194,-0.40859868974005786,200,118
A_only,1000,10000,-0.9713887375760711,-0.0017750075215489918,-0.9696137300545221,200,118
hybrid,1000,10000,-0.2886738662738426,-0.0017750075215489918,-0.28689885875229365,200,118
B_only,1000,10000,-0.005938712868261889,-0.0017750075215489918,-0.004163705346712897,200,118
A_only,1000,2000,-1.772389202592151,-0.10943357822942999,-1.662955624362721,500,118
hybrid,1000,2000,-0.5278782464828823,-0.10943357822942999,-0.4184446682534523,500,118
B_only,1000,2000,-0.028018837663256663,-0.10943357822942999,0.08141474056617333,500,118
A_only,1000,5000,-1.312021738019033,-0.0014094271702523638,-1.3106123108487808,500,118
hybrid,1000,5000,-0.48478592751490523,-0.0014094271702523638,-0.48337650034465285,500,118
B_only,1000,5000,-0.009300623041734665,-0.0014094271702523638,-0.007891195871482301,500,118
A_only,1000,10000,-0.470576207036836,-0.0017750075215489918,-0.46880119951528704,500,118
hybrid,1000,10000,-0.08262125700282552,-0.0017750075215489918,-0.08084624948127653,500,118
B_only,1000,10000,-4.777702812829614e-05,-0.0017750075215489918,0.0017272304934206957,500,118
A_only,1000,2000,-1.634094550274096,-0.07123766710210508,-1.562856883171991,25,119
hybrid,1000,2000,-1.153884167163361,-0.07123766710210508,-1.082646500061256,25,119
B_only,1000,2000,-2.9950544603523612,-0.07123766710210508,-2.923816793250256,25,119
A_only,1000,5000,-2.0369454893436405,-0.0017750075215489918,-2.0351704818220915,25,119
hybrid,1000,5000,-0.6797749116838002,-0.0017750075215489918,-0.6779999041622512,25,119
B_only,1000,5000,-0.0016248847426667634,-0.0017750075215489918,0.0001501227788822284,25,119
A_only,1000,10000,-1.3392103019638006,-0.0014094271702523638,-1.3378008747935484,25,119
hybrid,1000,10000,-0.7347141220599577,-0.0014094271702523638,-0.7333046948897053,25,119
B_only,1000,10000,-0.011132305640173656,-0.0014094271702523638,-0.009722878469921292,25,119
A_only,1000,2000,-2.4793863271860648,-0.02619584115917027,-2.4531904860268945,50,119
hybrid,1000,2000,-1.2542557031791803,-0.02619584115917027,-1.22805986202001,50,119
B_only,1000,2000,-0.00021454899895597199,-0.02619584115917027,0.0259812921602143,50,119
A_only,1000,5000,-0.11025394290292329,-0.0014094271702523638,-0.10884451573267093,50,119
hybrid,1000,5000,-0.009572454279573834,-0.0014094271702523638,-0.00816302710932147,50,119
B_only,1000,5000,-0.9725074016109221,-0.0014094271702523638,-0.9710979744406697,50,119
A_only,1000,10000,-0.008339495800866901,-0.000677201249950961,-0.0076622945509159405,50,119
hybrid,1000,10000,-0.0001882167352407804,-0.000677201249950961,0.0004889845147101805,50,119
B_only,1000,10000,-0.002913766425861346,-0.000677201249950961,-0.002236565175910385,50,119
A_only,1000,2000,-1.1868572203036032,-0.12341214349600381,-1.0634450768075994,100,119
hybrid,1000,2000,-0.42684223352841955,-0.12341214349600381,-0.3034300900324157,100,119
B_only,1000,2000,-0.20719282900404032,-0.12341214349600381,-0.08378068550803651,100,119
A_only,1000,5000,-3.132930796592212,-0.0033189882361477573,-3.1296118083560645,100,119
hybrid,1000,5000,-1.8188255837562357,-0.0033189882361477573,-1.815506595520088,100,119
B_only,1000,5000,-0.19904983639507673,-0.0033189882361477573,-0.19573084815892897,100,119
A_only,1000,10000,-0.4495432340621511,-0.0014094271702523638,-0.4481338068918987,100,119
hybrid,1000,10000,-0.1458256345214966,-0.0014094271702523638,-0.14441620735124425,100,119
B_only,1000,10000,-0.0224251668591611,-0.0014094271702523638,-0.021015739688908734,100,119
A_only,1000,2000,-1.1915172564173613,-0.0033189882361477573,-1.1881982681812135,200,119
hybrid,1000,2000,-0.49481226496752884,-0.0033189882361477573,-0.4914932767313811,200,119
B_only,1000,2000,-0.6284066839920652,-0.0033189882361477573,-0.6250876957559175,200,119
A_only,1000,5000,-1.3250975027681176,-0.000677201249950961,-1.3244203015181666,200,119
hybrid,1000,5000,-0.6813831447641479,-0.000677201249950961,-0.6807059435141969,200,119
B_only,1000,5000,-0.06675761769375876,-0.000677201249950961,-0.0660804164438078,200,119
A_only,1000,10000,-0.9477005187934069,-0.000677201249950961,-0.9470233175434559,200,119
hybrid,1000,10000,-0.427023253500378,-0.000677201249950961,-0.42634605225042704,200,119
B_only,1000,10000,-0.05194962546578205,-0.000677201249950961,-0.05127242421583109,200,119
A_only,1000,2000,-1.8997527197266613,-0.016652718459798817,-1.8831000012668624,500,119
hybrid,1000,2000,-0.3648751027847373,-0.016652718459798817,-0.34822238432493846,500,119
B_only,1000,2000,-9.42630859794851e-05,-0.016652718459798817,0.016558455373819333,500,119
A_only,1000,5000,-0.0683753602040006,-0.034310857636452745,-0.03406450256754786,500,119
hybrid,1000,5000,-0.02095152529531345,-0.034310857636452745,0.013359332341139295,500,119
B_only,1000,5000,-0.01667184782376232,-0.034310857636452745,0.017639009812690426,500,119
A_only,1000,10000,-0.48656900444834583,-0.0017750075215489918,-0.48479399692679687,500,119
hybrid,1000,10000,-0.14961769406578226,-0.0017750075215489918,-0.14784268654423327,500,119
B_only,1000,10000,-0.06414929925179623,-0.0017750075215489918,-0.062374291730247236,500,119
A_only,1000,2000,-1.5652919222146342,-0.04467924927401707,-1.520612672940617,25,120
hybrid,1000,2000,-0.5468528763801748,-0.04467924927401707,-0.5021736271061576,25,120
B_only,1000,2000,-0.0003476317164927293,-0.04467924927401707,0.04433161755752434,25,120
A_only,1000,5000,-0.05192684673622766,-0.01653092336097194,-0.035395923375255725,25,120
hybrid,1000,5000,-0.0075727780371497855,-0.01653092336097194,0.008958145323822154,25,120
B_only,1000,5000,-0.24819362130864198,-0.01653092336097194,-0.23166269794767003,25,120
A_only,1000,10000,-1.120892512560814,-0.000677201249950961,-1.120215311310863,25,120
hybrid,1000,10000,-0.5151752241920988,-0.000677201249950961,-0.5144980229421479,25,120
B_only,1000,10000,-0.015089824870495426,-0.000677201249950961,-0.014412623620544464,25,120
A_only,1000,2000,-1.8784025599007632,-0.01653092336097194,-1.8618716365397914,50,120
hybrid,1000,2000,-1.0880776871207694,-0.01653092336097194,-1.0715467637597975,50,120
B_only,1000,2000,-0.5644066607150966,-0.01653092336097194,-0.5478757373541246,50,120
A_only,1000,5000,-2.1484315259494404,-0.07123766710210508,-2.0771938588473353,50,120
hybrid,1000,5000,-1.0419304347527496,-0.07123766710210508,-0.9706927676506445,50,120
B_only,1000,5000,-0.010172248881256056,-0.07123766710210508,0.06106541822084902,50,120
A_only,1000,10000,-0.18502999579117171,-0.0014094271702523638,-0.18362056862091936,50,120
hybrid,1000,10000,-0.008847580296072688,-0.0014094271702523638,-0.007438153125820324,50,120
B_only,1000,10000,-2.035487463620886e-11,-0.0014094271702523638,0.0014094271498974892,50,120
A_only,1000,2000,-1.6742471961255714,-0.0017750075215489918,-1.6724721886040224,100,120
hybrid,1000,2000,-0.5502052139454567,-0.0017750075215489918,-0.5484302064239077,100,120
B_only,1000,2000,-0.00011022401060709868,-0.0017750075215489918,0.0016647835109418932,100,120
A_only,1000,5000,-2.2365927791430624,-0.0014094271702523638,-2.23518335197281,100,120
hybrid,1000,5000,-0.9658219064741763,-0.0014094271702523638,-0.9644124793039239,100,120
B_only,1000,5000,-0.015279843096169669,-0.0014094271702523638,-0.013870415925917305,100,120
A_only,1000,10000,-0.7218709196221951,-0.01653092336097194,-0.7053399962612231,100,120
hybrid,1000,10000,-0.4077321297773031,-0.01653092336097194,-0.39120120641633116,100,120
B_only,1000,10000,-0.2439809418061737,-0.01653092336097194,-0.22745001844520174,100,120
A_only,1000,2000,-2.027830636435273,-0.048388414081634995,-1.979442222353638,200,120
hybrid,1000,2000,-0.9958925834851733,-0.048388414081634995,-0.9475041694035383,200,120
B_only,1000,2000,-0.16127426446045276,-0.048388414081634995,-0.11288585037881776,200,120
A_only,1000,5000,-1.0988960236747554,-0.000677201249950961,-1.0982188224248044,200,120
hybrid,1000,5000,-0.1761732164298745,-0.000677201249950961,-0.17549601517992353,200,120
B_only,1000,5000,-2.544913552821498e-07,-0.000677201249950961,0.0006769467585956788,200,120
A_only,1000,10000,-0.30868266849845194,-0.01653092336097194,-0.29215174513748,200,120
hybrid,1000,10000,-0.1216354855576439,-0.01653092336097194,-0.10510456219667197,200,120
B_only,1000,10000,-0.2434850612665882,-0.01653092336097194,-0.22695413790561625,200,120
A_only,1000,2000,-1.22382193861377,-0.016652718459798817,-1.2071692201539712,500,120
hybrid,1000,2000,-0.15319010338016142,-0.016652718459798817,-0.1365373849203626,500,120
B_only,1000,2000,-2.735527167118654e-05,-0.016652718459798817,0.016625363188127632,500,120
A_only,1000,5000,-0.357065834635122,-0.000677201249950961,-0.356388633385171,500,120
hybrid,1000,5000,-0.12726940052624655,-0.000677201249950961,-0.12659219927629559,500,120
B_only,1000,5000,-0.08760575446940588,-0.000677201249950961,-0.08692855321945492,500,120
A_only,1000,10000,-0.2103351997034745,-0.000677201249950961,-0.20965799845352354,500,120
hybrid,1000,10000,-0.03441492680822349,-0.000677201249950961,-0.03373772555827253,500,120
B_only,1000,10000,-0.03024795616995792,-0.000677201249950961,-0.029570754920006957,500,120
A_only,1000,2000,-1.4556975571231998,-0.13871280870864297,-1.316984748414557,25,121
hybrid,1000,2000,-1.1283119726636173,-0.13871280870864297,-0.9895991639549743,25,121
B_only,1000,2000,-0.02371141270599301,-0.13871280870864297,0.11500139600264996,25,121
A_only,1000,5000,-1.9267898452760879,-0.000677201249950961,-1.926112644026137,25,121
hybrid,1000,5000,-0.5442138265890885,-0.000677201249950961,-0.5435366253391375,25,121
B_only,1000,5000,-3.2596084965592635e-08,-0.000677201249950961,0.0006771686538659953,25,121
A_only,1000,10000,-0.06853349187214064,-0.000677201249950961,-0.06785629062218967,25,121
hybrid,1000,10000,-0.005705577097927503,-0.000677201249950961,-0.005028375847976542,25,121
B_only,1000,10000,-0.033866954994128895,-0.000677201249950961,-0.03318975374417794,25,121
A_only,1000,2000,-1.6752812925672984,-0.021107167799241426,-1.654174124768057,50,121
hybrid,1000,2000,-0.5078122005579878,-0.021107167799241426,-0.4867050327587464,50,121
B_only,1000,2000,-1.0372559295194846e-07,-0.021107167799241426,0.021107064073648475,50,121
A_only,1000,5000,-1.127129219354258,-0.0014094271702523638,-1.1257197921840056,50,121
hybrid,1000,5000,-0.650670440574888,-0.0014094271702523638,-0.6492610134046356,50,121
B_only,1000,5000,-0.15125612877436975,-0.0014094271702523638,-0.1498467016041174,50,121
A_only,1000,10000,-1.7127824120903794,-0.000677201249950961,-1.7121052108404284,50,121
hybrid,1000,10000,-1.1006055629336662,-0.000677201249950961,-1.0999283616837152,50,121
B_only,1000,10000,-1.0289639970022273,-0.000677201249950961,-1.0282867957522763,50,121
A_only,1000,2000,-0.523201747741618,-0.000677201249950961,-0.522524546491667,100,121
hybrid,1000,2000,-0.1574522046657218,-0.000677201249950961,-0.15677500341577083,100,121
B_only,1000,2000,-0.24135632861337897,-0.000677201249950961,-0.240679127363428,100,121
A_only,1000,5000,-0.6183318356964833,-0.018494542316971195,-0.5998372933795121,100,121
hybrid,1000,5000,-0.2829090157265018,-0.018494542316971195,-0.2644144734095306,100,121
B_only,1000,5000,-0.8894776598590922,-0.018494542316971195,-0.870983117542121,100,121
A_only,1000,10000,-0.790437247293581,-0.000677201249950961,-0.78976004604363,100,121
hybrid,1000,10000,-0.34810996672942934,-0.000677201249950961,-0.3474327654794784,100,121
B_only,1000,10000,-0.28626093082126963,-0.000677201249950961,-0.28558372957131867,100,121
A_only,1000,2000,-2.026659209949691,-0.034310857636452745,-1.9923483523132381,200,121
hybrid,1000,2000,-0.8464013153009944,-0.034310857636452745,-0.8120904576645417,200,121
B_only,1000,2000,-0.0747637514848604,-0.034310857636452745,-0.04045289384840766,200,121
A_only,1000,5000,-0.5733768634216408,-0.0017750075215489918,-0.5716018559000918,200,121
hybrid,1000,5000,-0.14282237663898759,-0.0017750075215489918,-0.1410473691174386,200,121
B_only,1000,5000,-0.007889994615171684,-0.0017750075215489918,-0.006114987093622692,200,121
A_only,1000,10000,-1.7141427821627433,-0.0014094271702523638,-1.712733354992491,200,121
hybrid,1000,10000,-0.7046740954981408,-0.0014094271702523638,-0.7032646683278884,200,121
B_only,1000,10000,-0.08859474961240471,-0.0014094271702523638,-0.08718532244215235,200,121
A_only,1000,2000,-1.9498644792104838,-0.0017750075215489918,-1.9480894716889348,500,121
hybrid,1000,2000,-0.46223319967477805,-0.0017750075215489918,-0.4604581921532291,500,121
B_only,1000,2000,-0.009128336820771103,-0.0017750075215489918,-0.007353329299222111,500,121
A_only,1000,5000,-1.0665659619934673,-0.000677201249950961,-1.0658887607435164,500,121
hybrid,1000,5000,-0.29456256264315306,-0.000677201249950961,-0.2938853613932021,500,121
B_only,1000,5000,-0.029854894675606012,-0.000677201249950961,-0.02917769342565505,500,121
A_only,1000,10000,-1.370604845143731,-0.000677201249950961,-1.36992764389378,500,121
hybrid,1000,10000,-0.3323591019003733,-0.000677201249950961,-0.33168190065042236,500,121
B_only,1000,10000,-4.574049956670264e-05,-0.000677201249950961,0.0006314607503842583,500,121
A_only,1000,2000,-1.0088477777802891,-0.0014094271702523638,-1.0074383506100368,25,122
hybrid,1000,2000,-0.4184954759402157,-0.0014094271702523638,-0.4170860487699633,25,122
B_only,1000,2000,-0.2596825628071344,-0.0014094271702523638,-0.25827313563688203,25,122
A_only,1000,5000,-0.6057985299390881,-0.0017750075215489918,-0.6040235224175391,25,122
hybrid,1000,5000,-0.2265208895928566,-0.0017750075215489918,-0.2247458820713076,25,122
B_only,1000,5000,-0.1576923594333084,-0.0017750075215489918,-0.1559173519117594,25,122
A_only,1000,10000,-0.045370293886529134,-0.000677201249950961,-0.044693092636578176,25,122
hybrid,1000,10000,-0.0051930249202443365,-0.000677201249950961,-0.004515823670293376,25,122
B_only,1000,10000,-3.327389692096438,-0.000677201249950961,-3.326712490846487,25,122
A_only,1000,2000,-2.8241543805306955,-0.1927365916224321,-2.6314177889082635,50,122
hybrid,1000,2000,-1.702936992426479,-0.1927365916224321,-1.5102004008040468,50,122
B_only,1000,2000,-1.2008954314406006,-0.1927365916224321,-1.0081588398181685,50,122
A_only,1000,5000,-0.979910615893294,-0.000677201249950961,-0.979233414643343,50,122
hybrid,1000,5000,-0.15476872568180938,-0.000677201249950961,-0.15409152443185842,50,122
B_only,1000,5000,-0.00010822824530908914,-0.000677201249950961,0.0005689730046418718,50,122
A_only,1000,10000,-1.4623558029015236,-0.000677201249950961,-1.4616786016515726,50,122
hybrid,1000,10000,-1.0785753092810006,-0.000677201249950961,-1.0778981080310497,50,122
B_only,1000,10000,-0.032404319856470215,-0.000677201249950961,-0.03172711860651926,50,122
A_only,1000,2000,-1.7289947203746696,-0.034310857636452745,-1.6946838627382168,100,122
hybrid,1000,2000,-0.9160600055681938,-0.034310857636452745,-0.8817491479317411,100,122
B_only,1000,2000,-0.2641010375656836,-0.034310857636452745,-0.22979017992923084,100,122
A_only,1000,5000,-1.6740123647178031,-0.01653092336097194,-1.6574814413568313,100,122
hybrid,1000,5000,-0.895160866574719,-0.01653092336097194,-0.8786299432137471,100,122
B_only,1000,5000,-0.03791154617082561,-0.01653092336097194,-0.02138062280985367,100,122
A_only,1000,10000,-0.40867036210457774,-0.0014094271702523638,-0.40726093493432536,100,122
hybrid,1000,10000,-0.1292632451875139,-0.0014094271702523638,-0.12785381801726153,100,122
B_only,1000,10000,-0.5163133688453133,-0.0014094271702523638,-0.5149039416750609,100,122
A_only,1000,2000,-1.486023056751422,-0.1680484964847657,-1.3179745602666564,200,122
hybrid,1000,2000,-0.6745024646734655,-0.1680484964847657,-0.5064539681886998,200,122
B_only,1000,2000,-0.3221815434668316,-0.1680484964847657,-0.1541330469820659,200,122
A_only,1000,5000,-1.3838691270096402,-0.0014094271702523638,-1.3824596998393879,200,122
hybrid,1000,5000,-0.8383677072502649,-0.0014094271702523638,-0.8369582800800125,200,122
B_only,1000,5000,-0.5415189616655994,-0.0014094271702523638,-0.540109534495347,200,122
A_only,1000,10000,-0.5025042608019177,-0.0017750075215489918,-0.5007292532803687,200,122
hybrid,1000,10000,-0.24125553382202952,-0.0017750075215489918,-0.23948052630048053,200,122
B_only,1000,10000,-0.16441453668293063,-0.0017750075215489918,-0.16263952916138164,200,122
A_only,1000,2000,-0.5564667720473114,-0.0017750075215489918,-0.5546917645257624,500,122
hybrid,1000,2000,-0.1971784092759979,-0.0017750075215489918,-0.1954034017544489,500,122
B_only,1000,2000,-0.09146651860338291,-0.0017750075215489918,-0.08969151108183392,500,122
A_only,1000,5000,-1.8558887800884771,-0.048388414081634995,-1.807500366006842,500,122
hybrid,1000,5000,-0.6586150889820287,-0.048388414081634995,-0.6102266749003937,500,122
B_only,1000,5000,-0.017237100531414033,-0.048388414081634995,0.031151313550220962,500,122
A_only,1000,10000,-0.9454374833685351,-0.000677201249950961,-0.9447602821185841,500,122
hybrid,1000,10000,-0.08085623193634704,-0.000677201249950961,-0.08017903068639608,500,122
B_only,1000,10000,-0.00022525749719717127,-0.000677201249950961,0.0004519437527537897,500,122
A_only,1000,2000,-1.2464359802842437,-0.04467924927401707,-1.2017567310102266,25,123
hybrid,1000,2000,-0.42126300496215874,-0.04467924927401707,-0.3765837556881417,25,123
B_only,1000,2000,-1.1457524327070125,-0.04467924927401707,-1.1010731834329954,25,123
A_only,1000,5000,-0.695767685567806,-0.000677201249950961,-0.695090484317855,25,123
hybrid,1000,5000,-0.22500174488574842,-0.000677201249950961,-0.22432454363579746,25,123
B_only,1000,5000,-0.3722509886688803,-0.000677201249950961,-0.3715737874189293,25,123
A_only,1000,10000,-1.119281070790571,-0.0014094271702523638,-1.1178716436203187,25,123
hybrid,1000,10000,-1.0114204083580471,-0.0014094271702523638,-1.0100109811877949,25,123
B_only,1000,10000,-0.6633354360167327,-0.0014094271702523638,-0.6619260088464803,25,123
A_only,1000,2000,-1.7717912483765959,-0.26409954681121445,-1.5076917015653815,50,123
hybrid,1000,2000,-1.0559845070473368,-0.26409954681121445,-0.7918849602361224,50,123
B_only,1000,2000,-1.0227409222439805,-0.26409954681121445,-0.7586413754327661,50,123
A_only,1000,5000,-0.8075422489708783,-0.000677201249950961,-0.8068650477209274,50,123
hybrid,1000,5000,-0.21609098933289805,-0.000677201249950961,-0.2154137880829471,50,123
B_only,1000,5000,-0.00022610308864630727,-0.000677201249950961,0.0004510981613046537,50,123
A_only,1000,10000,-1.057497627210827,-0.0014094271702523638,-1.0560882000405747,50,123
hybrid,1000,10000,-0.7471009816231117,-0.0014094271702523638,-0.7456915544528593,50,123
B_only,1000,10000,-0.3053463623203204,-0.0014094271702523638,-0.30393693515006803,50,123
A_only,1000,2000,-0.7243156063411453,-0.048388414081634995,-0.6759271922595104,100,123
hybrid,1000,2000,-0.24218973794397686,-0.048388414081634995,-0.19380132386234186,100,123
B_only,1000,2000,-0.4239609652151216,-0.048388414081634995,-0.37557255113348664,100,123
A_only,1000,5000,-1.2108513215117587,-0.000677201249950961,-1.2101741202618077,100,123
hybrid,1000,5000,-0.7603299493604083,-0.000677201249950961,-0.7596527481104574,100,123
B_only,1000,5000,-0.16158404890851322,-0.000677201249950961,-0.16090684765856225,100,123
A_only,1000,10000,-0.16266602427904553,-0.000677201249950961,-0.16198882302909456,100,123
hybrid,1000,10000,-0.04230235811944031,-0.000677201249950961,-0.04162515686948935,100,123
B_only,1000,10000,-0.47897867032814556,-0.000677201249950961,-0.4783014690781946,100,123
A_only,1000,2000,-1.1779365257434886,-0.04467924927401707,-1.1332572764694715,200,123
hybrid,1000,2000,-0.5094048231976641,-0.04467924927401707,-0.46472557392364705,200,123
B_only,1000,2000,-0.328672875821921,-0.04467924927401707,-0.28399362654790394,200,123
A_only,1000,5000,-1.3297368761875292,-0.0017750075215489918,-1.3279618686659802,200,123
hybrid,1000,5000,-0.43635955547263716,-0.0017750075215489918,-0.4345845479510882,200,123
B_only,1000,5000,-0.07446358532904968,-0.0017750075215489918,-0.07268857780750068,200,123
A_only,1000,10000,-0.5512466544617114,-0.000677201249950961,-0.5505694532117604,200,123
hybrid,1000,10000,-0.1475987476323465,-0.000677201249950961,-0.14692154638239555,200,123
B_only,1000,10000,-2.310124316778749e-06,-0.000677201249950961,0.0006748911256341823,200,123
A_only,1000,2000,-0.9336528213720916,-0.0014094271702523638,-0.9322433942018392,500,123
hybrid,1000,2000,-0.23461885424183287,-0.0014094271702523638,-0.23320942707158052,500,123
B_only,1000,2000,-0.09232811871448934,-0.0014094271702523638,-0.09091869154423698,500,123
A_only,1000,5000,-0.49801671318850793,-0.000677201249950961,-0.49733951193855697,500,123
hybrid,1000,5000,-0.13321021801481622,-0.000677201249950961,-0.13253301676486526,500,123
B_only,1000,5000,-0.016823584858156007,-0.000677201249950961,-0.016146383608205046,500,123
A_only,1000,10000,-1.4206655504940502,-0.0014094271702523638,-1.419256123323798,500,123
hybrid,1000,10000,-0.19799825165439325,-0.0014094271702523638,-0.1965888244841409,500,123
B_only,1000,10000,-0.0004675560268765018,-0.0014094271702523638,0.0009418711433758621,500,123
A_only,1000,2000,-0.571886718673586,-0.1921843274312716,-0.3797023912423144,25,124
hybrid,1000,2000,-0.09519484298499734,-0.1921843274312716,0.09698948444627425,25,124
B_only,1000,2000,-0.3152461015292237,-0.1921843274312716,-0.12306177409795213,25,124
A_only,1000,5000,-1.1592014852566461,-0.000677201249950961,-1.1585242840066952,25,124
hybrid,1000,5000,-0.3643885230580043,-0.000677201249950961,-0.3637113218080533,25,124
B_only,1000,5000,-0.27989879122935335,-0.000677201249950961,-0.2792215899794024,25,124
A_only,1000,10000,-1.8570424470204905,-0.000677201249950961,-1.8563652457705395,25,124
hybrid,1000,10000,-1.662450043907366,-0.000677201249950961,-1.661772842657415,25,124
B_only,1000,10000,-0.28871065536710944,-0.000677201249950961,-0.28803345411715847,25,124
A_only,1000,2000,-1.0032995970207328,-0.01653092336097194,-0.9867686736597608,50,124
hybrid,1000,2000,-0.32613086854289886,-0.01653092336097194,-0.3095999451819269,50,124
B_only,1000,2000,-0.6815402777320718,-0.01653092336097194,-0.6650093543710999,50,124
A_only,1000,5000,-1.0601417599177374,-0.000677201249950961,-1.0594645586677864,50,124
hybrid,1000,5000,-0.26168296032737565,-0.000677201249950961,-0.2610057590774247,50,124
B_only,1000,5000,-0.0005215991352720154,-0.000677201249950961,0.0001556021146789456,50,124
A_only,1000,10000,-0.014323405771577816,-0.000677201249950961,-0.013646204521626855,50,124
hybrid,1000,10000,-0.0013826702705671485,-0.000677201249950961,-0.0007054690206161875,50,124
B_only,1000,10000,-0.2965695754802253,-0.000677201249950961,-0.2958923742302743,50,124
A_only,1000,2000,-0.3352359759383813,-0.021107167799241426,-0.31412880813913985,100,124
hybrid,1000,2000,-0.059630624736431506,-0.021107167799241426,-0.03852345693719008,100,124
B_only,1000,2000,-0.0008215041080355597,-0.021107167799241426,0.020285663691205866,100,124
A_only,1000,5000,-0.46976343761285777,-0.10943357822942999,-0.36032985938342776,100,124
hybrid,1000,5000,-0.11158985612123147,-0.10943357822942999,-0.002156277891801478,100,124
B_only,1000,5000,-0.041567933247386175,-0.10943357822942999,0.06786564498204381,100,124
A_only,1000,10000,-1.4851253582422024,-0.0014094271702523638,-1.48371593107195,100,124
hybrid,1000,10000,-0.7087375421619907,-0.0014094271702523638,-0.7073281149917383,100,124
B_only,1000,10000,-0.0005042965741138986,-0.0014094271702523638,0.0009051305961384653,100,124
A_only,1000,2000,-0.6078983546723901,-0.021107167799241426,-0.5867911868731487,200,124
hybrid,1000,2000,-0.16772726708550414,-0.021107167799241426,-0.1466200992862627,200,124
B_only,1000,2000,-0.28466780454210117,-0.021107167799241426,-0.26356063674285973,200,124
A_only,1000,5000,-0.331310669081851,-0.0017750075215489918,-0.329535661560302,200,124
hybrid,1000,5000,-0.04341593686494312,-0.0017750075215489918,-0.041640929343394126,200,124
B_only,1000,5000,-9.71036677752151e-05,-0.0017750075215489918,0.0016779038537737766,200,124
A_only,1000,10000,-1.412262341067401,-0.000677201249950961,-1.41158513981745,200,124
hybrid,1000,10000,-0.5901604411789599,-0.000677201249950961,-0.589483239929009,200,124
B_only,1000,10000,-6.852815234556425e-06,-0.000677201249950961,0.0006703484347164046,200,124
A_only,1000,2000,-1.696733643651964,-0.13629847621520946,-1.5604351674367545,500,124
hybrid,1000,2000,-0.4074143874729322,-0.13629847621520946,-0.2711159112577227,500,124
B_only,1000,2000,-0.014274860012771342,-0.13629847621520946,0.12202361620243812,500,124
A_only,1000,5000,-0.032745284481939606,-0.20620828374329758,0.17346299926135797,500,124
hybrid,1000,5000,-0.003725519772791232,-0.20620828374329758,0.20248276397050635,500,124
B_only,1000,5000,-2.1245897028881535e-06,-0.20620828374329758,0.2062061591535947,500,124
A_only,1000,10000,-1.1229309486574872,-0.000677201249950961,-1.1222537474075363,500,124
hybrid,1000,10000,-0.23761742704970729,-0.000677201249950961,-0.23694022579975632,500,124
B_only,1000,10000,-8.06660796595677e-08,-0.000677201249950961,0.0006771205838713014,500,124
A_only,1000,2000,-1.747738923214308,-0.06997887129157059,-1.6777600519227374,25,125
hybrid,1000,2000,-1.070189070538578,-0.06997887129157059,-1.0002101992470074,25,125
B_only,1000,2000,-0.3055363374757266,-0.06997887129157059,-0.23555746618415602,25,125
A_only,1000,5000,-0.3458828454219924,-0.000677201249950961,-0.3452056441720414,25,125
hybrid,1000,5000,-0.10852574446283131,-0.000677201249950961,-0.10784854321288034,25,125
B_only,1000,5000,-1.5486695781254145,-0.000677201249950961,-1.5479923768754635,25,125
A_only,1000,10000,-0.1706212075147056,-0.000677201249950961,-0.16994400626475464,25,125
hybrid,1000,10000,-0.045938216668291135,-0.000677201249950961,-0.04526101541834018,25,125
B_only,1000,10000,-1.5662403799702596,-0.000677201249950961,-1.5655631787203086,25,125
A_only,1000,2000,-2.17500827083707,-0.0017750075215489918,-2.173233263315521,50,125
hybrid,1000,2000,-0.6619309883934673,-0.0017750075215489918,-0.6601559808719183,50,125
B_only,1000,2000,-1.2782392779635155e-05,-0.0017750075215489918,0.0017622251287693566,50,125
A_only,1000,5000,-2.224029361172383,-0.0442296682476969,-2.179799692924686,50,125
hybrid,1000,5000,-1.4759860482676153,-0.0442296682476969,-1.4317563800199185,50,125
B_only,1000,5000,-0.05662608932413171,-0.0442296682476969,-0.012396421076434815,50,125
A_only,1000,10000,-0.6107520557464028,-0.0014094271702523638,-0.6093426285761504,50,125
hybrid,1000,10000,-0.15548687054498136,-0.0014094271702523638,-0.154077443374729,50,125
B_only,1000,10000,-0.04914662923731122,-0.0014094271702523638,-0.04773720206705886,50,125
A_only,1000,2000,-1.7402132126066512,-0.01653092336097194,-1.7236822892456793,100,125
hybrid,1000,2000,-0.9722000743583731,-0.01653092336097194,-0.9556691509974011,100,125
B_only,1000,2000,-0.013461458432116801,-0.01653092336097194,0.003069464928855138,100,125
A_only,1000,5000,-1.1197269781660648,-0.0017750075215489918,-1.1179519706445158,100,125
hybrid,1000,5000,-0.4956950981608056,-0.0017750075215489918,-0.4939200906392566,100,125
B_only,1000,5000,-0.15469582138812474,-0.0017750075215489918,-0.15292081386657574,100,125
A_only,1000,10000,-1.260338385048186,-0.0014094271702523638,-1.2589289578779337,100,125
hybrid,1000,10000,-0.7645581766820527,-0.0014094271702523638,-0.7631487495118003,100,125
B_only,1000,10000,-0.09399371609943646,-0.0014094271702523638,-0.0925842889291841,100,125
A_only,1000,2000,-0.8416670615613027,-0.000677201249950961,-0.8409898603113517,200,125
hybrid,1000,2000,-0.2413498839471761,-0.000677201249950961,-0.24067268269722514,200,125
B_only,1000,2000,-0.006336934725744579,-0.000677201249950961,-0.005659733475793618,200,125
A_only,1000,5000,-1.8536998569904302,-0.000677201249950961,-1.8530226557404792,200,125
hybrid,1000,5000,-0.6926688684888177,-0.000677201249950961,-0.6919916672388667,200,125
B_only,1000,5000,-0.013323628140146045,-0.000677201249950961,-0.012646426890195083,200,125
A_only,1000,10000,-0.969190301377398,-0.000677201249950961,-0.9685131001274471,200,125
hybrid,1000,10000,-0.624523550822111,-0.000677201249950961,-0.62384634957216,200,125
B_only,1000,10000,-0.5864528346982962,-0.000677201249950961,-0.5857756334483453,200,125
A_only,1000,2000,-2.4395396221703445,-0.02619584115917027,-2.413343781011174,500,125
hybrid,1000,2000,-0.9947728639522168,-0.02619584115917027,-0.9685770227930465,500,125
B_only,1000,2000,-0.6550765649718989,-0.02619584115917027,-0.6288807238127286,500,125
A_only,1000,5000,-0.8109309899836115,-0.021107167799241426,-0.7898238221843701,500,125
hybrid,1000,5000,-0.2466847583791477,-0.021107167799241426,-0.22557759057990626,500,125
B_only,1000,5000,-0.11018037739976798,-0.021107167799241426,-0.08907320960052656,500,125
A_only,1000,10000,-1.0570564493554981,-0.0017750075215489918,-1.0552814418339491,500,125
hybrid,1000,10000,-0.3249466537263625,-0.0017750075215489918,-0.32317164620481353,500,125
B_only,1000,10000,-0.05128634864301463,-0.0017750075215489918,-0.04951134112146564,500,125
A_only,1000,2000,-2.0852404308920414,-0.0033189882361477573,-2.0819214426558936,25,126
hybrid,1000,2000,-1.1535681481589621,-0.0033189882361477573,-1.1502491599228144,25,126
B_only,1000,2000,-1.6138782774873326,-0.0033189882361477573,-1.6105592892511849,25,126
A_only,1000,5000,-0.26694240249116635,-0.0033189882361477573,-0.2636234142550186,25,126
hybrid,1000,5000,-0.05845928402834262,-0.0033189882361477573,-0.055140295792194864,25,126
B_only,1000,5000,-0.06380078860244266,-0.0033189882361477573,-0.060481800366294906,25,126
A_only,1000,10000,-0.5216930147867503,-0.000677201249950961,-0.5210158135367994,25,126
hybrid,1000,10000,-0.29599313266472754,-0.000677201249950961,-0.2953159314147766,25,126
B_only,1000,10000,-0.1902959881847689,-0.000677201249950961,-0.18961878693481793,25,126
A_only,1000,2000,-0.15598832525813255,-0.10941635111751186,-0.0465719741406207,50,126
hybrid,1000,2000,-0.016709896089685088,-0.10941635111751186,0.09270645502782676,50,126
B_only,1000,2000,-0.4047462822316653,-0.10941635111751186,-0.29532993111415345,50,126
A_only,1000,5000,-0.8167064131937589,-0.0033189882361477573,-0.8133874249576112,50,126
hybrid,1000,5000,-0.3795931394908783,-0.0033189882361477573,-0.37627415125473057,50,126
B_only,1000,5000,-0.4548447512724112,-0.0033189882361477573,-0.45152576303626346,50,126
A_only,1000,10000,-1.04831043773386,-0.000677201249950961,-1.047633236483909,50,126
hybrid,1000,10000,-0.5637854553638385,-0.000677201249950961,-0.5631082541138875,50,126
B_only,1000,10000,-0.02527244616130805,-0.000677201249950961,-0.02459524491135709,50,126
A_only,1000,2000,-1.4092289649731002,-0.01653092336097194,-1.3926980416121284,100,126
hybrid,1000,2000,-0.6442793465467928,-0.01653092336097194,-0.6277484231858208,100,126
B_only,1000,2000,-0.052445509703039996,-0.01653092336097194,-0.03591458634206805,100,126
A_only,1000,5000,-0.7544264224623733,-0.021107167799241426,-0.733319254663132,100,126
hybrid,1000,5000,-0.3254382327689491,-0.021107167799241426,-0.3043310649697077,100,126
B_only,1000,5000,-0.5649066241203409,-0.021107167799241426,-0.5437994563210995,100,126
A_only,1000,10000,-0.3636757708018217,-0.0017750075215489918,-0.3619007632802727,100,126
hybrid,1000,10000,-0.10538226071503742,-0.0017750075215489918,-0.10360725319348843,100,126
B_only,1000,10000,-0.02462462111697988,-0.0017750075215489918,-0.02284961359543089,100,126
A_only,1000,2000,-1.3337825416516902,-0.04467924927401707,-1.289103292377673,200,126
hybrid,1000,2000,-0.5490532385790076,-0.04467924927401707,-0.5043739893049904,200,126
B_only,1000,2000,-0.43975041779379165,-0.04467924927401707,-0.3950711685197746,200,126
A_only,1000,5000,-1.957434737789673,-0.016652718459798817,-1.9407820193298742,200,126
hybrid,1000,5000,-0.37818652362432664,-0.016652718459798817,-0.3615338051645278,200,126
B_only,1000,5000,-2.3550965153319602e-07,-0.016652718459798817,0.016652482950147283,200,126
A_only,1000,10000,-0.5587890425812655,-0.000677201249950961,-0.5581118413313145,200,126
hybrid,1000,10000,-0.1215438038524235,-0.000677201249950961,-0.12086660260247253,200,126
B_only,1000,10000,-2.0046890585250477e-06,-0.000677201249950961,0.0006751965608924359,200,126
A_only,1000,2000,-1.857380074678497,-0.07123766710210508,-1.7861424075763919,500,126
hybrid,1000,2000,-0.941441663293624,-0.07123766710210508,-0.8702039961915189,500,126
B_only,1000,2000,-0.5839738409636758,-0.07123766710210508,-0.5127361738615707,500,126
A_only,1000,5000,-0.773695249712499,-0.021107167799241426,-0.7525880819132577,500,126
hybrid,1000,5000,-0.16778365053988128,-0.021107167799241426,-0.14667648274063985,500,126
B_only,1000,5000,-0.03373705583188071,-0.021107167799241426,-0.012629888032639286,500,126
A_only,1000,10000,-0.02108303286273705,-0.0017750075215489918,-0.019308025341188056,500,126
hybrid,1000,10000,-0.0023787150043036594,-0.0017750075215489918,-0.0006037074827546676,500,126
B_only,1000,10000,-0.006319097145190327,-0.0017750075215489918,-0.004544089623641335,500,126
A_only,1000,2000,-1.4266117473419657,-0.07123766710210508,-1.3553740802398606,25,127
hybrid,1000,2000,-0.4652866365265056,-0.07123766710210508,-0.3940489694244005,25,127
B_only,1000,2000,-4.347212593945384e-06,-0.07123766710210508,0.07123331988951113,25,127
A_only,1000,5000,-0.5311931904569712,-0.000677201249950961,-0.5305159892070203,25,127
hybrid,1000,5000,-0.14057012148760512,-0.000677201249950961,-0.13989292023765415,25,127
B_only,1000,5000,-0.13682319433705334,-0.000677201249950961,-0.13614599308710237,25,127
A_only,1000,10000,-0.7915776134517498,-0.000677201249950961,-0.7909004122017989,25,127
hybrid,1000,10000,-0.41491105940487455,-0.000677201249950961,-0.4142338581549236,25,127
B_only,1000,10000,-0.9451526285093631,-0.000677201249950961,-0.9444754272594121,25,127
A_only,1000,2000,-0.5721341477266549,-0.0017750075215489918,-0.5703591402051059,50,127
hybrid,1000,2000,-0.17381219913569465,-0.0017750075215489918,-0.17203719161414566,50,127
B_only,1000,2000,-1.0735315010769222,-0.0017750075215489918,-1.0717564935553732,50,127
A_only,1000,5000,-0.6361169750378824,-0.0014094271702523638,-0.6347075478676301,50,127
hybrid,1000,5000,-0.30397414168451253,-0.0014094271702523638,-0.30256471451426015,50,127
B_only,1000,5000,-0.04425778247059971,-0.0014094271702523638,-0.04284835530034734,50,127
A_only,1000,10000,-0.826124061640468,-0.000677201249950961,-0.8254468603905171,50,127
hybrid,1000,10000,-0.28598694582916484,-0.000677201249950961,-0.2853097445792139,50,127
B_only,1000,10000,-0.014111214351306493,-0.000677201249950961,-0.013434013101355531,50,127
A_only,1000,2000,-0.5817459590149339,-0.04467924927401707,-0.5370667097409167,100,127
hybrid,1000,2000,-0.10070790853327209,-0.04467924927401707,-0.05602865925925502,100,127
B_only,1000,2000,-0.0008014295576122594,-0.04467924927401707,0.04387781971640481,100,127
A_only,1000,5000,-1.6712987926297243,-0.000677201249950961,-1.6706215913797733,100,127
hybrid,1000,5000,-0.5831827896147105,-0.000677201249950961,-0.5825055883647595,100,127
B_only,1000,5000,-0.10549846133041381,-0.000677201249950961,-0.10482126008046284,100,127
A_only,1000,10000,-0.060515558018645714,-0.000677201249950961,-0.059838356768694756,100,127
hybrid,1000,10000,-0.0046124077209474335,-0.000677201249950961,-0.003935206470996473,100,127
B_only,1000,10000,-0.03498262894132758,-0.000677201249950961,-0.03430542769137662,100,127
A_only,1000,2000,-1.3109243560804675,-0.018494542316971195,-1.2924298137634964,200,127
hybrid,1000,2000,-0.5174917336813791,-0.018494542316971195,-0.49899719136440795,200,127
B_only,1000,2000,-0.7963082600241422,-0.018494542316971195,-0.777813717707171,200,127
A_only,1000,5000,-1.1956375661287335,-0.01653092336097194,-1.1791066427677617,200,127
hybrid,1000,5000,-0.9292629566453309,-0.01653092336097194,-0.9127320332843589,200,127
B_only,1000,5000,-0.6188480589446933,-0.01653092336097194,-0.6023171355837214,200,127
A_only,1000,10000,-0.9734466033456355,-0.000677201249950961,-0.9727694020956845,200,127
hybrid,1000,10000,-0.4285883330657345,-0.000677201249950961,-0.42791113181578355,200,127
B_only,1000,10000,-0.004561317789852763,-0.000677201249950961,-0.0038841165399018016,200,127
A_only,1000,2000,-1.5735099012649965,-0.10941635111751186,-1.4640935501474845,500,127
hybrid,1000,2000,-0.3626496828968019,-0.10941635111751186,-0.25323333177929,500,127
B_only,1000,2000,-0.039466430478604354,-0.10941635111751186,0.06994992063890751,500,127
A_only,1000,5000,-1.5273223373363893,-0.000677201249950961,-1.5266451360864384,500,127
hybrid,1000,5000,-0.4159272072229936,-0.000677201249950961,-0.4152500059730426,500,127
B_only,1000,5000,-0.04678963848920801,-0.000677201249950961,-0.04611243723925705,500,127
A_only,1000,10000,-0.37686829049710224,-0.0014094271702523638,-0.37545886332684986,500,127
hybrid,1000,10000,-0.07499677528697264,-0.0014094271702523638,-0.07358734811672028,500,127
B_only,1000,10000,-0.007609325042324246,-0.0014094271702523638,-0.006199897872071882,500,127
A_only,1000,2000,-1.8016627099965719,-0.1921843274312716,-1.6094783825653003,25,128
hybrid,1000,2000,-1.3122430676047696,-0.1921843274312716,-1.120058740173498,25,128
B_only,1000,2000,-1.5106641510804861,-0.1921843274312716,-1.3184798236492146,25,128
A_only,1000,5000,-0.5418232549635467,-0.000677201249950961,-0.5411460537135957,25,128
hybrid,1000,5000,-0.12050556321555361,-0.000677201249950961,-0.11982836196560265,25,128
B_only,1000,5000,-0.1401281789227218,-0.000677201249950961,-0.13945097767277084,25,128
A_only,1000,10000,-0.5494136392578957,-0.000677201249950961,-0.5487364380079447,25,128
hybrid,1000,10000,-0.13173524858216393,-0.000677201249950961,-0.13105804733221296,25,128
B_only,1000,10000,-0.010983082571461146,-0.000677201249950961,-0.010305881321510184,25,128
A_only,1000,2000,-1.7705053820488277,-0.018494542316971195,-1.7520108397318566,50,128
hybrid,1000,2000,-1.0146372780658608,-0.018494542316971195,-0.9961427357488896,50,128
B_only,1000,2000,-0.3091954885076616,-0.018494542316971195,-0.2907009461906904,50,128
A_only,1000,5000,-0.5787978569087917,-0.0033189882361477573,-0.575478868672644,50,128
hybrid,1000,5000,-0.20344406858628647,-0.0033189882361477573,-0.2001250803501387,50,128
B_only,1000,5000,-0.023868857481089373,-0.0033189882361477573,-0.020549869244941617,50,128
A_only,1000,10000,-0.02594227853958013,-0.0014094271702523638,-0.024532851369327764,50,128
hybrid,1000,10000,-0.0020598585616204063,-0.0014094271702523638,-0.0006504313913680425,50,128
B_only,1000,10000,-0.5262848079576067,-0.0014094271702523638,-0.5248753807873543,50,128
A_only,1000,2000,-1.8268643157704934,-0.01653092336097194,-1.8103333924095215,100,128
hybrid,1000,2000,-0.9349811803416961,-0.01653092336097194,-0.9184502569807241,100,128
B_only,1000,2000,-0.00037005329698742273,-0.01653092336097194,0.016160870063984516,100,128
A_only,1000,5000,-0.8042990584028825,-0.01653092336097194,-0.7877681350419106,100,128
hybrid,1000,5000,-0.31603586482736684,-0.01653092336097194,-0.2995049414663949,100,128
B_only,1000,5000,-0.5408976756754799,-0.01653092336097194,-0.5243667523145079,100,128
A_only,1000,10000,-0.9816730113564165,-0.018494542316971195,-0.9631784690394453,100,128
hybrid,1000,10000,-0.6697196938800712,-0.018494542316971195,-0.6512251515631,100,128
B_only,1000,10000,-0.40133862481701676,-0.018494542316971195,-0.3828440825000456,100,128
A_only,1000,2000,-0.10814642689336476,-0.01653092336097194,-0.09161550353239283,200,128
hybrid,1000,2000,-0.010417579749556915,-0.01653092336097194,0.006113343611415025,200,128
B_only,1000,2000,-0.26451482787486374,-0.01653092336097194,-0.2479839045138918,200,128
A_only,1000,5000,-1.2241233188068823,-0.0017750075215489918,-1.2223483112853333,200,128
hybrid,1000,5000,-0.5687545536803218,-0.0017750075215489918,-0.5669795461587728,200,128
B_only,1000,5000,-0.46756486536793435,-0.0017750075215489918,-0.4657898578463854,200,128
A_only,1000,10000,-0.02805439653705907,-0.000677201249950961,-0.027377195287108108,200,128
hybrid,1000,10000,-0.0048559364888529,-0.000677201249950961,-0.004178735238901939,200,128
B_only,1000,10000,-0.04879700987744877,-0.000677201249950961,-0.04811980862749781,200,128
A_only,1000,2000,-0.44994459167119844,-0.1111690382606413,-0.33877555341055715,500,128
hybrid,1000,2000,-0.1303039477290314,-0.1111690382606413,-0.019134909468390096,500,128
B_only,1000,2000,-0.0997653433512187,-0.1111690382606413,0.011403694909422599,500,128
A_only,1000,5000,-0.5613552807204274,-0.01653092336097194,-0.5448243573594554,500,128
hybrid,1000,5000,-0.18379676887731264,-0.01653092336097194,-0.1672658455163407,500,128
B_only,1000,5000,-0.0048289287613137565,-0.01653092336097194,0.011701994599658183,500,128
A_only,1000,10000,-0.9147219187973321,-0.000677201249950961,-0.9140447175473811,500,128
hybrid,1000,10000,-0.2484527611030187,-0.000677201249950961,-0.24777555985306773,500,128
B_only,1000,10000,-2.979168817372296e-05,-0.000677201249950961,0.0006474095617772381,500,128
A_only,1000,2000,-2.5597617915053905,-0.09677148271081154,-2.462990308794579,25,129
hybrid,1000,2000,-2.146731214792106,-0.09677148271081154,-2.049959732081294,25,129
B_only,1000,2000,-0.8707230775722167,-0.09677148271081154,-0.7739515948614051,25,129
A_only,1000,5000,-0.5740940889072389,-0.0033189882361477573,-0.5707751006710912,25,129
hybrid,1000,5000,-0.10388778421414299,-0.0033189882361477573,-0.10056879597799523,25,129
B_only,1000,5000,-0.0017605879675617884,-0.0033189882361477573,0.001558400268585969,25,129
A_only,1000,10000,-0.05094896944943455,-0.0033189882361477573,-0.04762998121328679,25,129
hybrid,1000,10000,-0.00470797637502114,-0.0033189882361477573,-0.0013889881388733827,25,129
B_only,1000,10000,-0.019803929122320853,-0.0033189882361477573,-0.016484940886173097,25,129
A_only,1000,2000,-1.486844197190497,-0.048388414081634995,-1.438455783108862,50,129
hybrid,1000,2000,-0.797791073202685,-0.048388414081634995,-0.7494026591210501,50,129
B_only,1000,2000,-0.1768800907998925,-0.048388414081634995,-0.1284916767182575,50,129
A_only,1000,5000,-0.8053676425057433,-0.0017750075215489918,-0.8035926349841943,50,129
hybrid,1000,5000,-0.4007867477556033,-0.0017750075215489918,-0.39901174023405434,50,129
B_only,1000,5000,-0.0796517667075699,-0.0017750075215489918,-0.07787675918602091,50,129
A_only,1000,10000,-0.18649050640651965,-0.000677201249950961,-0.1858133051565687,50,129
hybrid,1000,10000,-0.06392768205051144,-0.000677201249950961,-0.06325048080056048,50,129
B_only,1000,10000,-0.09966583606934405,-0.000677201249950961,-0.09898863481939309,50,129
A_only,1000,2000,-2.0884367474756633,-0.021107167799241426,-2.067329579676422,100,129
hybrid,1000,2000,-0.8314717706027118,-0.021107167799241426,-0.8103646028034704,100,129
B_only,1000,2000,-0.006702630192326035,-0.021107167799241426,0.014404537606915391,100,129
A_only,1000,5000,-1.1517808974821204,-0.0017750075215489918,-1.1500058899605714,100,129
hybrid,1000,5000,-0.6729740554628497,-0.0017750075215489918,-0.6711990479413007,100,129
B_only,1000,5000,-0.31482757196274885,-0.0017750075215489918,-0.3130525644411999,100,129
A_only,1000,10000,-1.2637556929557336,-0.000677201249950961,-1.2630784917057827,100,129
hybrid,1000,10000,-0.5938330411151733,-0.000677201249950961,-0.5931558398652224,100,129
B_only,1000,10000,-0.09957324128585661,-0.000677201249950961,-0.09889604003590564,100,129
A_only,1000,2000,-1.812578707313392,-0.10943357822942999,-1.703145129083962,200,129
hybrid,1000,2000,-0.626547360232585,-0.10943357822942999,-0.5171137820031549,200,129
B_only,1000,2000,-0.07504937727341195,-0.10943357822942999,0.034384200956018046,200,129
A_only,1000,5000,-1.2774636137937412,-0.0017750075215489918,-1.2756886062721922,200,129
hybrid,1000,5000,-0.5665966174926077,-0.0017750075215489918,-0.5648216099710587,200,129
B_only,1000,5000,-0.1827164455565516,-0.0017750075215489918,-0.1809414380350026,200,129
A_only,1000,10000,-0.7064767021287918,-0.0014094271702523638,-0.7050672749585394,200,129
hybrid,1000,10000,-0.2487433695875752,-0.0014094271702523638,-0.24733394241732284,200,129
B_only,1000,10000,-0.0006689776860387018,-0.0014094271702523638,0.000740449484213662,200,129
A_only,1000,2000,-0.6070423013905594,-0.0017750075215489918,-0.6052672938690103,500,129
hybrid,1000,2000,-0.12498213540287835,-0.0017750075215489918,-0.12320712788132936,500,129
B_only,1000,2000,-0.0007690486703974016,-0.0017750075215489918,0.0010059588511515901,500,129
A_only,1000,5000,-1.4953421532102602,-0.0017750075215489918,-1.4935671456887112,500,129
hybrid,1000,5000,-0.2922317028449143,-0.0017750075215489918,-0.2904566953233653,500,129
B_only,1000,5000,-0.003558170402455015,-0.0017750075215489918,-0.001783162880906023,500,129
A_only,1000,10000,-0.5389121373834453,-0.000677201249950961,-0.5382349361334944,500,129
hybrid,1000,10000,-0.16763800497660875,-0.000677201249950961,-0.16696080372665778,500,129
B_only,1000,10000,-0.01879183565064951,-0.000677201249950961,-0.018114634400698548,500,129
A_only,1000,2000,-2.263796725219352,-0.0014094271702523638,-2.2623872980490995,25,130
hybrid,1000,2000,-1.0822091093364978,-0.0014094271702523638,-1.0807996821662456,25,130
B_only,1000,2000,-0.10970943880311958,-0.0014094271702523638,-0.10830001163286722,25,130
A_only,1000,5000,-0.43309374704154824,-0.000677201249950961,-0.4324165457915973,25,130
hybrid,1000,5000,-0.03494777205317512,-0.000677201249950961,-0.03427057080322416,25,130
B_only,1000,5000,-0.006843483811619181,-0.000677201249950961,-0.00616628256166822,25,130
A_only,1000,10000,-0.2425859229302764,-0.0017750075215489918,-0.2408109154087274,25,130
hybrid,1000,10000,-0.09618857760804729,-0.0017750075215489918,-0.0944135700864983,25,130
B_only,1000,10000,-0.25931055997995955,-0.0017750075215489918,-0.2575355524584106,25,130
A_only,1000,2000,-1.847365224885966,-0.06997887129157059,-1.7773863535943955,50,130
hybrid,1000,2000,-0.8807691072794847,-0.06997887129157059,-0.8107902359879141,50,130
B_only,1000,2000,-0.5522127500599432,-0.06997887129157059,-0.4822338787683726,50,130
A_only,1000,5000,-0.7548208887856854,-0.0017750075215489918,-0.7530458812641364,50,130
hybrid,1000,5000,-0.39925355984509614,-0.0017750075215489918,-0.3974785523235472,50,130
B_only,1000,5000,-1.7650414024254018,-0.0017750075215489918,-1.7632663949038527,50,130
A_only,1000,10000,-2.097281892308591,-0.0014094271702523638,-2.095872465138339,50,130
hybrid,1000,10000,-1.7461300080360773,-0.0014094271702523638,-1.744720580865825,50,130
B_only,1000,10000,-1.5118320730336705,-0.0014094271702523638,-1.5104226458634182,50,130
A_only,1000,2000,-1.7691141949888414,-0.018494542316971195,-1.7506196526718703,100,130
hybrid,1000,2000,-1.2462093113515642,-0.018494542316971195,-1.227714769034593,100,130
B_only,1000,2000,-0.6148190118213578,-0.018494542316971195,-0.5963244695043866,100,130
A_only,1000,5000,-1.4495463452617705,-0.000677201249950961,-1.4488691440118195,100,130
hybrid,1000,5000,-0.8693973573264652,-0.000677201249950961,-0.8687201560765142,100,130
B_only,1000,5000,-0.2267939707217546,-0.000677201249950961,-0.22611676947180365,100,130
A_only,1000,10000,-0.859708974833798,-0.000677201249950961,-0.8590317735838471,100,130
hybrid,1000,10000,-0.35022317598205366,-0.000677201249950961,-0.3495459747321027,100,130
B_only,1000,10000,-0.0023067877698613863,-0.000677201249950961,-0.0016295865199104252,100,130
A_only,1000,2000,-1.782156666046005,-0.01653092336097194,-1.7656257426850333,200,130
hybrid,1000,2000,-0.8106756654086968,-0.01653092336097194,-0.7941447420477249,200,130
B_only,1000,2000,-0.18887174292654282,-0.01653092336097194,-0.17234081956557087,200,130
A_only,1000,5000,-1.533356763417271,-0.034310857636452745,-1.499045905780818,200,130
hybrid,1000,5000,-0.42146763275803767,-0.034310857636452745,-0.3871567751215849,200,130
B_only,1000,5000,-0.0053666835719602,-0.034310857636452745,0.028944174064492546,200,130
A_only,1000,10000,-1.7019582965757518,-0.000677201249950961,-1.7012810953258009,200,130
hybrid,1000,10000,-0.7877517285669919,-0.000677201249950961,-0.787074527317041,200,130
B_only,1000,10000,-0.17395868458022437,-0.000677201249950961,-0.1732814833302734,200,130
A_only,1000,2000,-1.5410424152816191,-0.0033189882361477573,-1.5377234270454714,500,130
hybrid,1000,2000,-0.6131483610510702,-0.0033189882361477573,-0.6098293728149224,500,130
B_only,1000,2000,-0.3051173175984553,-0.0033189882361477573,-0.30179832936230755,500,130
A_only,1000,5000,-0.35729839493337434,-0.01653092336097194,-0.3407674715724024,500,130
hybrid,1000,5000,-0.16199143362623875,-0.01653092336097194,-0.1454605102652668,500,130
B_only,1000,5000,-0.5701294766390804,-0.01653092336097194,-0.5535985532781085,500,130
A_only,1000,10000,-0.20557999897600485,-0.0014094271702523638,-0.2041705718057525,500,130
hybrid,1000,10000,-0.06023801883666061,-0.0014094271702523638,-0.05882859166640825,500,130
B_only,1000,10000,-0.06979289519848722,-0.0014094271702523638,-0.06838346802823486,500,130
A_only,1000,2000,-1.0091335467667526,-0.04467924927401707,-0.9644542974927355,25,131
hybrid,1000,2000,-0.31259651258542775,-0.04467924927401707,-0.2679172633114107,25,131
B_only,1000,2000,-0.2906368438288828,-0.04467924927401707,-0.2459575945548657,25,131
A_only,1000,5000,-0.5012016588216335,-0.016652718459798817,-0.48454894036183466,25,131
hybrid,1000,5000,-0.04751334860657834,-0.016652718459798817,-0.030860630146779523,25,131
B_only,1000,5000,-4.63517850862362e-12,-0.016652718459798817,0.01665271845516364,25,131
A_only,1000,10000,-1.6073968726966783,-0.000677201249950961,-1.6067196714467273,25,131
hybrid,1000,10000,-1.2509427826695523,-0.000677201249950961,-1.2502655814196013,25,131
B_only,1000,10000,-0.5463857129087476,-0.000677201249950961,-0.5457085116587966,25,131
A_only,1000,2000,-1.1494622460571986,-0.048388414081634995,-1.1010738319755635,50,131
hybrid,1000,2000,-0.48668614272710087,-0.048388414081634995,-0.4382977286454659,50,131
B_only,1000,2000,-0.06336836425471688,-0.048388414081634995,-0.014979950173081888,50,131
A_only,1000,5000,-0.9105848918690327,-0.034310857636452745,-0.87627403423258,50,131
hybrid,1000,5000,-0.36379188192409073,-0.034310857636452745,-0.329481024287638,50,131
B_only,1000,5000,-0.31429859234553037,-0.034310857636452745,-0.2799877347090776,50,131
A_only,1000,10000,-0.7111606284923915,-0.000677201249950961,-0.7104834272424405,50,131
hybrid,1000,10000,-0.4118353587476433,-0.000677201249950961,-0.41115815749769236,50,131
B_only,1000,10000,-0.3879899846380327,-0.000677201249950961,-0.3873127833880817,50,131
A_only,1000,2000,-2.1747957205330164,-0.034310857636452745,-2.140484862896564,100,131
hybrid,1000,2000,-1.270088772785661,-0.034310857636452745,-1.235777915149208,100,131
B_only,1000,2000,-0.0035857400291091643,-0.034310857636452745,0.03072511760734358,100,131
A_only,1000,5000,-0.24193717421353508,-0.034310857636452745,-0.20762631657708233,100,131
hybrid,1000,5000,-0.04615881564480225,-0.034310857636452745,-0.011847958008349507,100,131
B_only,1000,5000,-0.8410454918992705,-0.034310857636452745,-0.8067346342628178,100,131
A_only,1000,10000,-0.75511176103844,-0.000677201249950961,-0.7544345597884891,100,131
hybrid,1000,10000,-0.40953170303626074,-0.000677201249950961,-0.4088545017863098,100,131
B_only,1000,10000,-0.24766974700682556,-0.000677201249950961,-0.2469925457568746,100,131
A_only,1000,2000,-1.3132210897044407,-0.0017750075215489918,-1.3114460821828917,200,131
hybrid,1000,2000,-0.6635422960390138,-0.0017750075215489918,-0.6617672885174648,200,131
B_only,1000,2000,-0.3465015632594129,-0.0017750075215489918,-0.3447265557378639,200,131
A_only,1000,5000,-0.025894050640893177,-0.016652718459798817,-0.00924133218109436,200,131
hybrid,1000,5000,-0.002962078080172152,-0.016652718459798817,0.013690640379626666,200,131
B_only,1000,5000,-0.518038141866274,-0.016652718459798817,-0.5013854234064752,200,131
A_only,1000,10000,-1.3306126023523976,-0.01653092336097194,-1.3140816789914258,200,131
hybrid,1000,10000,-0.5130255585734061,-0.01653092336097194,-0.4964946352124342,200,131
B_only,1000,10000,-0.008343568491962789,-0.01653092336097194,0.00818735486900915,200,131
A_only,1000,2000,-2.1392266614969664,-0.07123766710210508,-2.0679889943948613,500,131
hybrid,1000,2000,-0.6760255472713074,-0.07123766710210508,-0.6047878801692023,500,131
B_only,1000,2000,-0.06489835345776827,-0.07123766710210508,0.006339313644336805,500,131
A_only,1000,5000,-0.688135590086348,-0.01653092336097194,-0.671604666725376,500,131
hybrid,1000,5000,-0.12046241423199783,-0.01653092336097194,-0.10393149087102589,500,131
B_only,1000,5000,-0.0006374060774232581,-0.01653092336097194,0.01589351728354868,500,131
A_only,1000,10000,-0.2739870511976091,-0.000677201249950961,-0.2733098499476581,500,131
hybrid,1000,10000,-0.05310044615282488,-0.000677201249950961,-0.05242324490287392,500,131
B_only,1000,10000,-0.007191269737305982,-0.000677201249950961,-0.006514068487355021,500,131
A_only,1000,2000,-2.0705697209602585,-0.10953837757218061,-1.961031343388078,25,132
hybrid,1000,2000,-1.298608722398219,-0.10953837757218061,-1.1890703448260385,25,132
B_only,1000,2000,-0.2992482968781162,-0.10953837757218061,-0.18970991930593561,25,132
A_only,1000,5000,-0.40794174862442084,-0.016652718459798817,-0.391289030164622,25,132
hybrid,1000,5000,-0.09690182278505374,-0.016652718459798817,-0.08024910432525492,25,132
B_only,1000,5000,-0.004753111288029772,-0.016652718459798817,0.011899607171769046,25,132
A_only,1000,10000,-0.11651549332596069,-0.000677201249950961,-0.11583829207600972,25,132
hybrid,1000,10000,-0.031194544134134458,-0.000677201249950961,-0.030517342884183497,25,132
B_only,1000,10000,-4.755004639945804,-0.000677201249950961,-4.754327438695854,25,132
A_only,1000,2000,-0.9486024823476487,-0.0442296682476969,-0.9043728140999517,50,132
hybrid,1000,2000,-0.06684658869543093,-0.0442296682476969,-0.022616920447734036,50,132
B_only,1000,2000,-5.0036808845771744e-11,-0.0442296682476969,0.04422966819766009,50,132
A_only,1000,5000,-0.35810482495603846,-0.000677201249950961,-0.3574276237060875,50,132
hybrid,1000,5000,-0.06680603422660157,-0.000677201249950961,-0.0661288329766506,50,132
B_only,1000,5000,-0.00017606646904432246,-0.000677201249950961,0.0005011347809066385,50,132
A_only,1000,10000,-1.1610244855884464,-0.0017750075215489918,-1.1592494780668974,50,132
hybrid,1000,10000,-0.851631923033877,-0.0017750075215489918,-0.849856915512328,50,132
B_only,1000,10000,-0.3189340695171029,-0.0017750075215489918,-0.31715906199555394,50,132
A_only,1000,2000,-2.23347027874592,-0.000677201249950961,-2.2327930774959692,100,132
hybrid,1000,2000,-1.1464355833571949,-0.000677201249950961,-1.145758382107244,100,132
B_only,1000,2000,-0.27127246516033343,-0.000677201249950961,-0.27059526391038247,100,132
A_only,1000,5000,-1.8804547407533634,-0.000677201249950961,-1.8797775395034124,100,132
hybrid,1000,5000,-0.9209822578596738,-0.000677201249950961,-0.9203050566097228,100,132
B_only,1000,5000,-0.12403062600539168,-0.000677201249950961,-0.12335342475544071,100,132
A_only,1000,10000,-0.5413705188288562,-0.0017750075215489918,-0.5395955113073072,100,132
hybrid,1000,10000,-0.10138669923465184,-0.0017750075215489918,-0.09961169171310284,100,132
B_only,1000,10000,-1.852947087665078e-06,-0.0017750075215489918,0.0017731545744613267,100,132
A_only,1000,2000,-1.5222154180972902,-0.0033189882361477573,-1.5188964298611425,200,132
hybrid,1000,2000,-0.28508935885475145,-0.0033189882361477573,-0.2817703706186037,200,132
B_only,1000,2000,-5.688756252474566e-05,-0.0033189882361477573,0.0032621006736230115,200,132
A_only,1000,5000,-1.7009898038653486,-0.0033189882361477573,-1.6976708156292009,200,132
hybrid,1000,5000,-0.7606313922170828,-0.0033189882361477573,-0.757312403980935,200,132
B_only,1000,5000,-0.05243092962934195,-0.0033189882361477573,-0.04911194139319419,200,132
A_only,1000,10000,-0.581394707682876,-0.021107167799241426,-0.5602875398836347,200,132
hybrid,1000,10000,-0.34114732462681296,-0.021107167799241426,-0.32004015682757153,200,132
B_only,1000,10000,-0.3853229048146204,-0.021107167799241426,-0.36421573701537896,200,132
A_only,1000,2000,-1.6571542653996074,-0.0014094271702523638,-1.6557448382293551,500,132
hybrid,1000,2000,-0.6568568500383987,-0.0014094271702523638,-0.6554474228681463,500,132
B_only,1000,2000,-0.08073915134411323,-0.0014094271702523638,-0.07932972417386087,500,132
A_only,1000,5000,-0.8731620563064654,-0.021107167799241426,-0.852054888507224,500,132
hybrid,1000,5000,-0.1420297258715025,-0.021107167799241426,-0.12092255807226107,500,132
B_only,1000,5000,-0.006886896206231865,-0.021107167799241426,0.014220271593009561,500,132
A_only,1000,10000,-0.7482244361000291,-0.000677201249950961,-0.7475472348500781,500,132
hybrid,1000,10000,-0.11501793361987632,-0.000677201249950961,-0.11434073236992535,500,132
B_only,1000,10000,-0.0001611500539779403,-0.000677201249950961,0.0005160511959730207,500,132
A_only,1000,2000,-0.4186372354954926,-0.0033189882361477573,-0.41531824725934485,25,133
hybrid,1000,2000,-0.02508875084583321,-0.0033189882361477573,-0.021769762609685453,25,133
B_only,1000,2000,-1.1329357806599334,-0.0033189882361477573,-1.1296167924237857,25,133
A_only,1000,5000,-1.479587360697884,-0.0014094271702523638,-1.4781779335276317,25,133
hybrid,1000,5000,-1.0933044403697074,-0.0014094271702523638,-1.0918950131994551,25,133
B_only,1000,5000,-0.46588892326779213,-0.0014094271702523638,-0.46447949609753975,25,133
A_only,1000,10000,-1.0769397001159435,-0.000677201249950961,-1.0762624988659926,25,133
hybrid,1000,10000,-0.4195186057290621,-0.000677201249950961,-0.4188414044791111,25,133
B_only,1000,10000,-0.08996302403369799,-0.000677201249950961,-0.08928582278374703,25,133
A_only,1000,2000,-1.7571653784281436,-0.0014094271702523638,-1.7557559512578913,50,133
hybrid,1000,2000,-0.7715553487631823,-0.0014094271702523638,-0.7701459215929299,50,133
B_only,1000,2000,-0.1682292487744071,-0.0014094271702523638,-0.16681982160415473,50,133
A_only,1000,5000,-0.5706752943797657,-0.000677201249950961,-0.5699980931298148,50,133
hybrid,1000,5000,-0.1669694695824296,-0.000677201249950961,-0.16629226833247865,50,133
B_only,1000,5000,-0.3796833945315237,-0.000677201249950961,-0.37900619328157276,50,133
A_only,1000,10000,-0.6422424364776962,-0.0033189882361477573,-0.6389234482415485,50,133
hybrid,1000,10000,-0.1696079705748098,-0.0033189882361477573,-0.16628898233866204,50,133
B_only,1000,10000,-0.00014666704487680348,-0.0033189882361477573,0.003172321191270954,50,133
A_only,1000,2000,-1.6772397480673922,-0.018494542316971195,-1.658745205750421,100,133
hybrid,1000,2000,-0.28261870653063376,-0.018494542316971195,-0.2641241642136626,100,133
B_only,1000,2000,-1.1176748120424283e-07,-0.018494542316971195,0.01849443054948999,100,133
A_only,1000,5000,-1.8116871296410473,-0.018494542316971195,-1.7931925873240762,100,133
hybrid,1000,5000,-1.4292325693059322,-0.018494542316971195,-1.4107380269889611,100,133
B_only,1000,5000,-0.5632706229074786,-0.018494542316971195,-0.5447760805905074,100,133
A_only,1000,10000,-0.8727859933475253,-0.0014094271702523638,-0.8713765661772729,100,133
hybrid,1000,10000,-0.5553388684176388,-0.0014094271702523638,-0.5539294412473864,100,133
B_only,1000,10000,-0.08139351384540723,-0.0014094271702523638,-0.07998408667515487,100,133
A_only,1000,2000,-0.7967691521737041,-0.12341214349600381,-0.6733570086777003,200,133
hybrid,1000,2000,-0.25232685755847495,-0.12341214349600381,-0.12891471406247113,200,133
B_only,1000,2000,-0.7331112540013646,-0.12341214349600381,-0.6096991105053607,200,133
A_only,1000,5000,-2.19009480561052,-0.0033189882361477573,-2.186775817374372,200,133
hybrid,1000,5000,-0.8554807862035635,-0.0033189882361477573,-0.8521617979674158,200,133
B_only,1000,5000,-0.0497057613529626,-0.0033189882361477573,-0.04638677311681484,200,133
A_only,1000,10000,-0.8930266705871874,-0.000677201249950961,-0.8923494693372365,200,133
hybrid,1000,10000,-0.20447732229474028,-0.000677201249950961,-0.2038001210447893,200,133
B_only,1000,10000,-1.428684745107502e-08,-0.000677201249950961,0.0006771869631035099,200,133
A_only,1000,2000,-1.1034699472845406,-0.0014094271702523638,-1.1020605201142883,500,133
hybrid,1000,2000,-0.168686154313671,-0.0014094271702523638,-0.16727672714341865,500,133
B_only,1000,2000,-0.01076606613142161,-0.0014094271702523638,-0.009356638961169245,500,133
A_only,1000,5000,-0.9068803447491465,-0.016652718459798817,-0.8902276262893477,500,133
hybrid,1000,5000,-0.16812459115371103,-0.016652718459798817,-0.1514718726939122,500,133
B_only,1000,5000,-0.00018267161281513102,-0.016652718459798817,0.016470046846983687,500,133
A_only,1000,10000,-0.5507639863032998,-0.000677201249950961,-0.5500867850533488,500,133
hybrid,1000,10000,-0.09651594934304329,-0.000677201249950961,-0.09583874809309233,500,133
B_only,1000,10000,-0.0056367824406182016,-0.000677201249950961,-0.004959581190667241,500,133
A_only,1000,2000,-1.91487086211548,-0.0017750075215489918,-1.913095854593931,25,134
hybrid,1000,2000,-1.9462162801775018,-0.0017750075215489918,-1.9444412726559528,25,134
B_only,1000,2000,-0.37601492265048464,-0.0017750075215489918,-0.3742399151289357,25,134
A_only,1000,5000,-0.7163246707004051,-0.0014094271702523638,-0.7149152435301527,25,134
hybrid,1000,5000,-0.3368941396642825,-0.0014094271702523638,-0.3354847124940301,25,134
B_only,1000,5000,-0.18587322716005514,-0.0014094271702523638,-0.18446379998980278,25,134
A_only,1000,10000,-0.765132067722768,-0.000677201249950961,-0.764454866472817,25,134
hybrid,1000,10000,-0.3729116902640178,-0.000677201249950961,-0.37223448901406686,25,134
B_only,1000,10000,-0.10272689069995072,-0.000677201249950961,-0.10204968944999976,25,134
A_only,1000,2000,-1.7205374049362898,-0.0442296682476969,-1.676307736688593,50,134
hybrid,1000,2000,-0.7834290392087886,-0.0442296682476969,-0.7391993709610917,50,134
B_only,1000,2000,-0.3278012193128687,-0.0442296682476969,-0.2835715510651718,50,134
A_only,1000,5000,-0.2739755981772069,-0.021107167799241426,-0.25286843037796547,50,134
hybrid,1000,5000,-0.10513492708417028,-0.021107167799241426,-0.08402775928492887,50,134
B_only,1000,5000,-3.225783320907244,-0.021107167799241426,-3.204676153108003,50,134
A_only,1000,10000,-1.581768106367128,-0.0033189882361477573,-1.5784491181309803,50,134
hybrid,1000,10000,-0.7096534859562273,-0.0033189882361477573,-0.7063344977200796,50,134
B_only,1000,10000,-0.0019859861557030797,-0.0033189882361477573,0.0013330020804446776,50,134
A_only,1000,2000,-0.955967477469371,-0.10943357822942999,-0.846533899239941,100,134
hybrid,1000,2000,-0.29334713578166816,-0.10943357822942999,-0.18391355755223815,100,134
B_only,1000,2000,-0.08379513212926301,-0.10943357822942999,0.02563844610016698,100,134
A_only,1000,5000,-1.2493014326349314,-0.0017750075215489918,-1.2475264251133824,100,134
hybrid,1000,5000,-0.7447204671273265,-0.0017750075215489918,-0.7429454596057775,100,134
B_only,1000,5000,-0.16495526098959043,-0.0017750075215489918,-0.16318025346804144,100,134
A_only,1000,10000,-1.3141334473903556,-0.000677201249950961,-1.3134562461404047,100,134
hybrid,1000,10000,-0.6805916337369027,-0.000677201249950961,-0.6799144324869517,100,134
B_only,1000,10000,-0.013547579101932545,-0.000677201249950961,-0.012870377851981583,100,134
A_only,1000,2000,-1.2540230878599445,-0.0014094271702523638,-1.2526136606896923,200,134
hybrid,1000,2000,-0.4209149396241311,-0.0014094271702523638,-0.41950551245387874,200,134
B_only,1000,2000,-0.4779750969835938,-0.0014094271702523638,-0.4765656698133414,200,134
A_only,1000,5000,-0.16658799651848047,-0.0017750075215489918,-0.16481298899693148,200,134
hybrid,1000,5000,-0.021999848886740333,-0.0017750075215489918,-0.020224841365191343,200,134
B_only,1000,5000,-0.023983969468502366,-0.0017750075215489918,-0.022208961946953376,200,134
A_only,1000,10000,-0.09266482402517966,-0.0014094271702523638,-0.0912553968549273,200,134
hybrid,1000,10000,-0.01774495910083449,-0.0014094271702523638,-0.016335531930582126,200,134
B_only,1000,10000,-0.03688621286721136,-0.0014094271702523638,-0.035476785696958994,200,134
A_only,1000,2000,-0.5116795277755567,-0.10941635111751186,-0.40226317665804484,500,134
hybrid,1000,2000,-0.033592247503836055,-0.10941635111751186,0.07582410361367581,500,134
B_only,1000,2000,-3.8476617044529095e-05,-0.10941635111751186,0.10937787450046733,500,134
A_only,1000,5000,-1.1960717435350405,-0.021107167799241426,-1.1749645757357992,500,134
hybrid,1000,5000,-0.5582697824994557,-0.021107167799241426,-0.5371626147002143,500,134
B_only,1000,5000,-0.1848892927014673,-0.021107167799241426,-0.16378212490222588,500,134
A_only,1000,10000,-1.155276491039736,-0.000677201249950961,-1.154599289789785,500,134
hybrid,1000,10000,-0.5033809349151762,-0.000677201249950961,-0.5027037336652252,500,134
B_only,1000,10000,-0.5869417790491291,-0.000677201249950961,-0.5862645777991782,500,134
A_only,1000,2000,-1.679191666903785,-0.000677201249950961,-1.678514465653834,25,135
hybrid,1000,2000,-0.9037143369759786,-0.000677201249950961,-0.9030371357260276,25,135
B_only,1000,2000,-0.00964132907380497,-0.000677201249950961,-0.008964127823854008,25,135
A_only,1000,5000,-1.4653797635502468,-0.0033189882361477573,-1.462060775314099,25,135
hybrid,1000,5000,-0.9404189665370991,-0.0033189882361477573,-0.9370999783009514,25,135
B_only,1000,5000,-0.5401835117008033,-0.0033189882361477573,-0.5368645234646555,25,135
A_only,1000,10000,-0.5612194160518644,-0.0014094271702523638,-0.559809988881612,25,135
hybrid,1000,10000,-0.160624196715351,-0.0014094271702523638,-0.15921476954509864,25,135
B_only,1000,10000,-0.000249879280882711,-0.0014094271702523638,0.001159547889369653,25,135
A_only,1000,2000,-0.9434878388028266,-0.0033189882361477573,-0.9401688505666789,50,135
hybrid,1000,2000,-0.40986278613994276,-0.0033189882361477573,-0.406543797903795,50,135
B_only,1000,2000,-0.7700878887194591,-0.0033189882361477573,-0.7667689004833114,50,135
A_only,1000,5000,-0.8176969275249139,-0.01653092336097194,-0.8011660041639419,50,135
hybrid,1000,5000,-0.30353437147619156,-0.01653092336097194,-0.2870034481152196,50,135
B_only,1000,5000,-0.009467730312625437,-0.01653092336097194,0.007063193048346503,50,135
A_only,1000,10000,-0.37419522088173035,-0.0014094271702523638,-0.37278579371147796,50,135
hybrid,1000,10000,-0.07704959618813251,-0.0014094271702523638,-0.07564016901788015,50,135
B_only,1000,10000,-0.0024489341697972837,-0.0014094271702523638,-0.0010395069995449199,50,135
A_only,1000,2000,-2.6739961659222593,-0.018494542316971195,-2.655501623605288,100,135
hybrid,1000,2000,-1.112125700237899,-0.018494542316971195,-1.093631157920928,100,135
B_only,1000,2000,-0.01723996989042222,-0.018494542316971195,0.0012545724265489756,100,135
A_only,1000,5000,-2.0929468296984424,-0.01653092336097194,-2.0764159063374703,100,135
hybrid,1000,5000,-1.1026614836507729,-0.01653092336097194,-1.086130560289801,100,135
B_only,1000,5000,-0.01742122662216401,-0.01653092336097194,-0.00089030326119207,100,135
A_only,1000,10000,-0.4311435278957365,-0.0014094271702523638,-0.4297341007254841,100,135
hybrid,1000,10000,-0.12742574612525537,-0.0014094271702523638,-0.126016318955003,100,135
B_only,1000,10000,-0.01846338026548795,-0.0014094271702523638,-0.017053953095235587,100,135
A_only,1000,2000,-1.7189120706004806,-0.0017750075215489918,-1.7171370630789315,200,135
hybrid,1000,2000,-0.6030026686128956,-0.0017750075215489918,-0.6012276610913466,200,135
B_only,1000,2000,-0.006507627241489474,-0.0017750075215489918,-0.004732619719940482,200,135
A_only,1000,5000,-0.5745092915947669,-0.0033189882361477573,-0.5711903033586192,200,135
hybrid,1000,5000,-0.14232576295471605,-0.0033189882361477573,-0.1390067747185683,200,135
B_only,1000,5000,-0.0013519885307632267,-0.0033189882361477573,0.001966999705384531,200,135
A_only,1000,10000,-1.7512900775772708,-0.0014094271702523638,-1.7498806504070186,200,135
hybrid,1000,10000,-0.8630065844777478,-0.0014094271702523638,-0.8615971573074954,200,135
B_only,1000,10000,-0.011992883095736501,-0.0014094271702523638,-0.010583455925484138,200,135
A_only,1000,2000,-0.9504260293653097,-0.0033189882361477573,-0.947107041129162,500,135
hybrid,1000,2000,-0.22781909873940276,-0.0033189882361477573,-0.224500110503255,500,135
B_only,1000,2000,-0.02190643166819759,-0.0033189882361477573,-0.018587443432049836,500,135
A_only,1000,5000,-0.7149986561310684,-0.0017750075215489918,-0.7132236486095194,500,135
hybrid,1000,5000,-0.12063178486434523,-0.0017750075215489918,-0.11885677734279623,500,135
B_only,1000,5000,-0.0014503142188984986,-0.0017750075215489918,0.00032469330265049324,500,135
A_only,1000,10000,-0.022891365454700215,-0.0017750075215489918,-0.021116357933151225,500,135
hybrid,1000,10000,-0.003485632716515697,-0.0017750075215489918,-0.001710625194966705,500,135
B_only,1000,10000,-0.013270170894980872,-0.0017750075215489918,-0.01149516337343188,500,135
A_only,1000,2000,-1.1529586506352252,-0.021107167799241426,-1.1318514828359838,25,136
hybrid,1000,2000,-0.4537209199061287,-0.021107167799241426,-0.43261375210688724,25,136
B_only,1000,2000,-0.07591432340811152,-0.021107167799241426,-0.054807155608870096,25,136
A_only,1000,5000,-1.8697701583628106,-0.0033189882361477573,-1.8664511701266628,25,136
hybrid,1000,5000,-0.649884998114337,-0.0033189882361477573,-0.6465660098781892,25,136
B_only,1000,5000,-2.813541257007728e-09,-0.0033189882361477573,0.0033189854226065,25,136
A_only,1000,10000,-1.0542976371000627,-0.000677201249950961,-1.0536204358501118,25,136
hybrid,1000,10000,-0.6551495256790656,-0.000677201249950961,-0.6544723244291146,25,136
B_only,1000,10000,-0.208781387141816,-0.000677201249950961,-0.20810418589186502,25,136
A_only,1000,2000,-1.23251065220847,-0.048388414081634995,-1.1841222381268348,50,136
hybrid,1000,2000,-0.4917998614229303,-0.048388414081634995,-0.44341144734129534,50,136
B_only,1000,2000,-0.18776239686748197,-0.048388414081634995,-0.13937398278584698,50,136
A_only,1000,5000,-0.09082093411192682,-0.018494542316971195,-0.07232639179495562,50,136
hybrid,1000,5000,-0.008675753832163015,-0.018494542316971195,0.00981878848480818,50,136
B_only,1000,5000,-4.993655555326646e-05,-0.018494542316971195,0.018444605761417928,50,136
A_only,1000,10000,-1.199671439687869,-0.000677201249950961,-1.198994238437918,50,136
hybrid,1000,10000,-0.43981973643754285,-0.000677201249950961,-0.4391425351875919,50,136
B_only,1000,10000,-0.09180767836841064,-0.000677201249950961,-0.09113047711845967,50,136
A_only,1000,2000,-0.9907161049828502,-0.0442296682476969,-0.9464864367351533,100,136
hybrid,1000,2000,-0.3107691842686915,-0.0442296682476969,-0.26653951602099457,100,136
B_only,1000,2000,-0.6608457231272286,-0.0442296682476969,-0.6166160548795316,100,136
A_only,1000,5000,-0.37163231241641537,-0.021107167799241426,-0.35052514461717393,100,136
hybrid,1000,5000,-0.09960689261063177,-0.021107167799241426,-0.07849972481139034,100,136
B_only,1000,5000,-0.8404467451008917,-0.021107167799241426,-0.8193395773016503,100,136
A_only,1000,10000,-0.378470519862444,-0.0014094271702523638,-0.3770610926921916,100,136
hybrid,1000,10000,-0.18587548060900624,-0.0014094271702523638,-0.18446605343875389,100,136
B_only,1000,10000,-0.6344860177334123,-0.0014094271702523638,-0.6330765905631599,100,136
A_only,1000,2000,-0.7224551911597858,-0.1927365916224321,-0.5297185995373538,200,136
hybrid,1000,2000,-0.17977919324410646,-0.1927365916224321,0.01295739837832563,200,136
B_only,1000,2000,-0.017305532173687823,-0.1927365916224321,0.17543105944874426,200,136
A_only,1000,5000,-1.2062582591614261,-0.06997887129157059,-1.1362793878698556,200,136
hybrid,1000,5000,-0.2778199470805391,-0.06997887129157059,-0.2078410757889685,200,136
B_only,1000,5000,-0.0043679556665632896,-0.06997887129157059,0.0656109156250073,200,136
A_only,1000,10000,-0.48134399602722394,-0.0014094271702523638,-0.47993456885697156,200,136
hybrid,1000,10000,-0.18059921906808377,-0.0014094271702523638,-0.1791897918978314,200,136
B_only,1000,10000,-0.02163065378657817,-0.0014094271702523638,-0.020221226616325805,200,136
A_only,1000,2000,-3.078481837793276,-0.018494542316971195,-3.0599872954763048,500,136
hybrid,1000,2000,-0.7729894815469596,-0.018494542316971195,-0.7544949392299883,500,136
B_only,1000,2000,-0.0035135776317371022,-0.018494542316971195,0.014980964685234093,500,136
A_only,1000,5000,-0.04702524954842928,-0.0017750075215489918,-0.045250242026880286,500,136
hybrid,1000,5000,-0.007960283754751968,-0.0017750075215489918,-0.006185276233202976,500,136
B_only,1000,5000,-0.00545519815967697,-0.0017750075215489918,-0.0036801906381279783,500,136
A_only,1000,10000,-0.8053553489192862,-0.0014094271702523638,-0.8039459217490338,500,136
hybrid,1000,10000,-0.06239247383231932,-0.0014094271702523638,-0.060983046662066956,500,136
B_only,1000,10000,-4.506718769137666e-09,-0.0014094271702523638,0.0014094226635335946,500,136
A_only,1000,2000,-0.8311995711564384,-0.06997887129157059,-0.7612206998648678,25,137
hybrid,1000,2000,-0.23310959428630204,-0.06997887129157059,-0.16313072299473147,25,137
B_only,1000,2000,-0.2526201910700487,-0.06997887129157059,-0.18264131977847808,25,137
A_only,1000,5000,-0.8991346223068731,-0.000677201249950961,-0.8984574210569222,25,137
hybrid,1000,5000,-0.48623296275024985,-0.000677201249950961,-0.4855557615002989,25,137
B_only,1000,5000,-0.22702675894644586,-0.000677201249950961,-0.2263495576964949,25,137
A_only,1000,10000,-0.8589272536496543,-0.000677201249950961,-0.8582500523997033,25,137
hybrid,1000,10000,-0.586146526998857,-0.000677201249950961,-0.5854693257489061,25,137
B_only,1000,10000,-2.059116799231028,-0.000677201249950961,-2.058439597981077,25,137
A_only,1000,2000,-0.964037454879682,-0.000677201249950961,-0.963360253629731,50,137
hybrid,1000,2000,-0.262295049422479,-0.000677201249950961,-0.26161784817252803,50,137
B_only,1000,2000,-0.08054085128438228,-0.000677201249950961,-0.07986365003443131,50,137
A_only,1000,5000,-0.33720538663481125,-0.000677201249950961,-0.3365281853848603,50,137
hybrid,1000,5000,-0.095798621900485,-0.000677201249950961,-0.09512142065053404,50,137
B_only,1000,5000,-0.06778220943373768,-0.000677201249950961,-0.06710500818378672,50,137
A_only,1000,10000,-0.34975341296168283,-0.000677201249950961,-0.34907621171173187,50,137
hybrid,1000,10000,-0.1807823089675689,-0.000677201249950961,-0.18010510771761792,50,137
B_only,1000,10000,-1.5491665802806334,-0.000677201249950961,-1.5484893790306824,50,137
A_only,1000,2000,-0.8485442486106003,-0.14881734467110364,-0.6997269039394967,100,137
hybrid,1000,2000,-0.30218624940920485,-0.14881734467110364,-0.15336890473810122,100,137
B_only,1000,2000,-0.040941437140296584,-0.14881734467110364,0.10787590753080706,100,137
A_only,1000,5000,-0.916385839960982,-0.0017750075215489918,-0.914610832439433,100,137
hybrid,1000,5000,-0.3937956692060011,-0.0017750075215489918,-0.39202066168445215,100,137
B_only,1000,5000,-0.003295252107147855,-0.0017750075215489918,-0.0015202445855988633,100,137
A_only,1000,10000,-1.4334735165325052,-0.0014094271702523638,-1.432064089362253,100,137
hybrid,1000,10000,-0.5697028923418416,-0.0014094271702523638,-0.5682934651715892,100,137
B_only,1000,10000,-0.04158157330234606,-0.0014094271702523638,-0.040172146132093696,100,137
A_only,1000,2000,-1.1935346224191155,-0.0014094271702523638,-1.1921251952488632,200,137
hybrid,1000,2000,-0.49155644285807326,-0.0014094271702523638,-0.4901470156878209,200,137
B_only,1000,2000,-0.1767477606219444,-0.0014094271702523638,-0.17533833345169203,200,137
A_only,1000,5000,-0.7826936214672668,-0.0014094271702523638,-0.7812841942970145,200,137
hybrid,1000,5000,-0.13500319004423533,-0.0014094271702523638,-0.13359376287398297,200,137
B_only,1000,5000,-1.463933458054868e-07,-0.0014094271702523638,0.0014092807769065584,200,137
A_only,1000,10000,-0.5395887435344385,-0.0033189882361477573,-0.5362697552982908,200,137
hybrid,1000,10000,-0.174291531485025,-0.0033189882361477573,-0.17097254324887723,200,137
B_only,1000,10000,-0.0743202108129423,-0.0033189882361477573,-0.07100122257679453,200,137
A_only,1000,2000,-0.5300152005642248,-0.136118387533595,-0.3938968130306298,500,137
hybrid,1000,2000,-0.13572216919985378,-0.136118387533595,0.00039621833374123283,500,137
B_only,1000,2000,-0.18678022581706175,-0.136118387533595,-0.05066183828346674,500,137
A_only,1000,5000,-0.5062068467069382,-0.000677201249950961,-0.5055296454569872,500,137
hybrid,1000,5000,-0.21128512269646688,-0.000677201249950961,-0.2106079214465159,500,137
B_only,1000,5000,-0.21337152208762092,-0.000677201249950961,-0.21269432083766995,500,137
A_only,1000,10000,-1.480273659283368,-0.000677201249950961,-1.479596458033417,500,137
hybrid,1000,10000,-0.6676471677929919,-0.000677201249950961,-0.666969966543041,500,137
B_only,1000,10000,-0.05129351276014326,-0.000677201249950961,-0.0506163115101923,500,137
A_only,1000,2000,-1.9840664814218265,-0.10941635111751186,-1.8746501303043146,25,138
hybrid,1000,2000,-0.7689341189530299,-0.10941635111751186,-0.659517767835518,25,138
B_only,1000,2000,-0.05871857784657543,-0.10941635111751186,0.05069777327093643,25,138
A_only,1000,5000,-0.26688364861996844,-0.0017750075215489918,-0.2651086410984195,25,138
hybrid,1000,5000,-0.03945246156821365,-0.0017750075215489918,-0.03767745404666466,25,138
B_only,1000,5000,-0.0003453113890120384,-0.0017750075215489918,0.0014296961325369535,25,138
A_only,1000,10000,-0.7066960158405453,-0.0033189882361477573,-0.7033770276043976,25,138
hybrid,1000,10000,-0.3979405932238281,-0.0033189882361477573,-0.39462160498768034,25,138
B_only,1000,10000,-0.10362746859929264,-0.0033189882361477573,-0.10030848036314488,25,138
A_only,1000,2000,-2.3319539897325234,-0.01653092336097194,-2.3154230663715514,50,138
hybrid,1000,2000,-0.9052328909437998,-0.01653092336097194,-0.8887019675828278,50,138
B_only,1000,2000,-0.10795048003406144,-0.01653092336097194,-0.0914195566730895,50,138
A_only,1000,5000,-0.8637253656712089,-0.016652718459798817,-0.8470726472114102,50,138
hybrid,1000,5000,-0.5869306216172062,-0.016652718459798817,-0.5702779031574075,50,138
B_only,1000,5000,-1.9326245100780384,-0.016652718459798817,-1.9159717916182395,50,138
A_only,1000,10000,-1.3224216923430472,-0.000677201249950961,-1.3217444910930962,50,138
hybrid,1000,10000,-0.4494349020036891,-0.000677201249950961,-0.4487577007537381,50,138
B_only,1000,10000,-0.010504412521436331,-0.000677201249950961,-0.00982721127148537,50,138
A_only,1000,2000,-1.1382756327354053,-0.10943357822942999,-1.0288420545059753,100,138
hybrid,1000,2000,-0.3606022128872095,-0.10943357822942999,-0.2511686346577795,100,138
B_only,1000,2000,-0.0011984321288769986,-0.10943357822942999,0.10823514610055299,100,138
A_only,1000,5000,-0.8579538416424102,-0.01653092336097194,-0.8414229182814382,100,138
hybrid,1000,5000,-0.3722409904173004,-0.01653092336097194,-0.35571006705632846,100,138
B_only,1000,5000,-0.10662900375387382,-0.01653092336097194,-0.09009808039290189,100,138
A_only,1000,10000,-0.6907838584699114,-0.0033189882361477573,-0.6874648702337637,100,138
hybrid,1000,10000,-0.3025456946964733,-0.0033189882361477573,-0.29922670646032556,100,138
B_only,1000,10000,-0.006230575816951524,-0.0033189882361477573,-0.002911587580803767,100,138
A_only,1000,2000,-1.306564184078758,-0.136118387533595,-1.1704457965451631,200,138
hybrid,1000,2000,-0.24254086222527993,-0.136118387533595,-0.10642247469168492,200,138
B_only,1000,2000,-0.0008527240274783756,-0.136118387533595,0.13526566350611663,200,138
A_only,1000,5000,-0.34926379493953585,-0.0033189882361477573,-0.3459448067033881,200,138
hybrid,1000,5000,-0.13958936454686233,-0.0033189882361477573,-0.13627037631071456,200,138
B_only,1000,5000,-0.5603585098675263,-0.0033189882361477573,-0.5570395216313786,200,138
A_only,1000,10000,-1.0632944739978416,-0.01653092336097194,-1.0467635506368698,200,138
hybrid,1000,10000,-0.4276319865990263,-0.01653092336097194,-0.41110106323805434,200,138
B_only,1000,10000,-0.40532133993568437,-0.01653092336097194,-0.3887904165747124,200,138
A_only,1000,2000,-0.11079943232661056,-0.09677148271081154,-0.01402794961579902,500,138
hybrid,1000,2000,-0.016427424695905194,-0.09677148271081154,0.08034405801490635,500,138
B_only,1000,2000,-0.0535493487893294,-0.09677148271081154,0.04322213392148214,500,138
A_only,1000,5000,-0.35481997782271296,-0.06997887129157059,-0.28484110653114236,500,138
hybrid,1000,5000,-0.07302606586051376,-0.06997887129157059,-0.0030471945689431734,500,138
B_only,1000,5000,-0.009833389666420653,-0.06997887129157059,0.06014548162514993,500,138
A_only,1000,10000,-0.3666422840440405,-0.0014094271702523638,-0.3652328568737881,500,138
hybrid,1000,10000,-0.1455053196193513,-0.0014094271702523638,-0.14409589244909893,500,138
B_only,1000,10000,-0.029001167250802797,-0.0014094271702523638,-0.02759174008055043,500,138
A_only,1000,2000,-1.760013317258492,-0.000677201249950961,-1.759336116008541,25,139
hybrid,1000,2000,-1.3582045465135233,-0.000677201249950961,-1.3575273452635723,25,139
B_only,1000,2000,-0.11773872465865917,-0.000677201249950961,-0.1170615234087082,25,139
A_only,1000,5000,-0.07325184642558773,-0.0017750075215489918,-0.07147683890403873,25,139
hybrid,1000,5000,-0.003306563782532628,-0.0017750075215489918,-0.001531556260983636,25,139
B_only,1000,5000,-0.18769503077916422,-0.0017750075215489918,-0.18592002325761522,25,139
A_only,1000,10000,-0.27860213240746146,-0.000677201249950961,-0.2779249311575105,25,139
hybrid,1000,10000,-0.07684909234675188,-0.000677201249950961,-0.07617189109680092,25,139
B_only,1000,10000,-0.021446289267253817,-0.000677201249950961,-0.020769088017302855,25,139
A_only,1000,2000,-1.0992163706438096,-0.02619584115917027,-1.0730205294846393,50,139
hybrid,1000,2000,-0.2823443527460328,-0.02619584115917027,-0.2561485115868625,50,139
B_only,1000,2000,-0.004731518029877592,-0.02619584115917027,0.02146432312929268,50,139
A_only,1000,5000,-1.4299647750174347,-0.0017750075215489918,-1.4281897674958857,50,139
hybrid,1000,5000,-0.5765661593200346,-0.0017750075215489918,-0.5747911517984856,50,139
B_only,1000,5000,-0.36505182822416055,-0.0017750075215489918,-0.3632768207026116,50,139
A_only,1000,10000,-1.3515520475267429,-0.0014094271702523638,-1.3501426203564906,50,139
hybrid,1000,10000,-1.4570840408276797,-0.0014094271702523638,-1.4556746136574275,50,139
B_only,1000,10000,-1.396748281785191,-0.0014094271702523638,-1.3953388546149388,50,139
A_only,1000,2000,-0.5396948327703891,-0.0017750075215489918,-0.5379198252488401,100,139
hybrid,1000,2000,-0.08032218102126094,-0.0017750075215489918,-0.07854717349971195,100,139
B_only,1000,2000,-0.051184117725543946,-0.0017750075215489918,-0.04940911020399495,100,139
A_only,1000,5000,-0.40092609948215446,-0.000677201249950961,-0.4002488982322035,100,139
hybrid,1000,5000,-0.1223347773346048,-0.000677201249950961,-0.12165757608465383,100,139
B_only,1000,5000,-0.021940988660653356,-0.000677201249950961,-0.021263787410702395,100,139
A_only,1000,10000,-2.2770648887338,-0.000677201249950961,-2.276387687483849,100,139
hybrid,1000,10000,-1.5598775334378994,-0.000677201249950961,-1.5592003321879484,100,139
B_only,1000,10000,-0.06697487001684048,-0.000677201249950961,-0.06629766876688951,100,139
A_only,1000,2000,-0.9879353642106938,-0.048388414081634995,-0.9395469501290589,200,139
hybrid,1000,2000,-0.0969781813965838,-0.048388414081634995,-0.04858976731494881,200,139
B_only,1000,2000,-1.7493640882425922e-07,-0.048388414081634995,0.04838823914522617,200,139
A_only,1000,5000,-1.5046531837019734,-0.016652718459798817,-1.4880004652421746,200,139
hybrid,1000,5000,-0.4887584258749184,-0.016652718459798817,-0.4721057074151196,200,139
B_only,1000,5000,-0.04227182344506079,-0.016652718459798817,-0.02561910498526197,200,139
A_only,1000,10000,-0.8190461715793467,-0.000677201249950961,-0.8183689703293957,200,139
hybrid,1000,10000,-0.2570627011424864,-0.000677201249950961,-0.25638549989253545,200,139
B_only,1000,10000,-0.028529600489883393,-0.000677201249950961,-0.02785239923993243,200,139
A_only,1000,2000,-1.4156671594467396,-0.01653092336097194,-1.3991362360857678,500,139
hybrid,1000,2000,-0.3643218382823688,-0.01653092336097194,-0.34779091492139685,500,139
B_only,1000,2000,-0.001809639944746445,-0.01653092336097194,0.014721283416225495,500,139
A_only,1000,5000,-0.6053078154559299,-0.021107167799241426,-0.5842006476566886,500,139
hybrid,1000,5000,-0.17154735111712424,-0.021107167799241426,-0.1504401833178828,500,139
B_only,1000,5000,-0.019630472119796984,-0.021107167799241426,0.0014766956794444418,500,139
A_only,1000,10000,-0.564860563639955,-0.000677201249950961,-0.564183362390004,500,139
hybrid,1000,10000,-0.07735617804202351,-0.000677201249950961,-0.07667897679207254,500,139
B_only,1000,10000,-0.007116114766030732,-0.000677201249950961,-0.006438913516079771,500,139
A_only,1000,2000,-1.1433322180911387,-0.016652718459798817,-1.1266794996313398,25,140
hybrid,1000,2000,-0.5336143177740335,-0.016652718459798817,-0.5169615993142347,25,140
B_only,1000,2000,-0.28175607368647093,-0.016652718459798817,-0.2651033552266721,25,140
A_only,1000,5000,-0.9014200350862847,-0.000677201249950961,-0.9007428338363337,25,140
hybrid,1000,5000,-0.08917924779644618,-0.000677201249950961,-0.08850204654649521,25,140
B_only,1000,5000,-2.8218630649016605e-09,-0.000677201249950961,0.000677198428087896,25,140
A_only,1000,10000,-0.13667159410119578,-0.000677201249950961,-0.13599439285124482,25,140
hybrid,1000,10000,-0.034399900256091714,-0.000677201249950961,-0.033722699006140756,25,140
B_only,1000,10000,-3.266309683543592,-0.000677201249950961,-3.265632482293641,25,140
A_only,1000,2000,-1.3802462016568184,-0.04467924927401707,-1.3355669523828013,50,140
hybrid,1000,2000,-0.9998547623567154,-0.04467924927401707,-0.9551755130826983,50,140
B_only,1000,2000,-0.6848895011820058,-0.04467924927401707,-0.6402102519079886,50,140
A_only,1000,5000,-0.2703602956382376,-0.000677201249950961,-0.26968309438828664,50,140
hybrid,1000,5000,-0.06896145173145805,-0.000677201249950961,-0.06828425048150709,50,140
B_only,1000,5000,-0.1601650867946066,-0.000677201249950961,-0.15948788554465562,50,140
A_only,1000,10000,-1.2435773473115388,-0.0017750075215489918,-1.2418023397899898,50,140
hybrid,1000,10000,-0.6489061123215406,-0.0017750075215489918,-0.6471311047999916,50,140
B_only,1000,10000,-0.018806815648015635,-0.0017750075215489918,-0.017031808126466645,50,140
A_only,1000,2000,-0.5305855496963652,-0.01653092336097194,-0.5140546263353932,100,140
hybrid,1000,2000,-0.12124719565765159,-0.01653092336097194,-0.10471627229667965,100,140
B_only,1000,2000,-0.0803608935930208,-0.01653092336097194,-0.06382997023204887,100,140
A_only,1000,5000,-0.3872838117849536,-0.0014094271702523638,-0.3858743846147012,100,140
hybrid,1000,5000,-0.09502574491365469,-0.0014094271702523638,-0.09361631774340233,100,140
B_only,1000,5000,-0.23738957326791427,-0.0014094271702523638,-0.2359801460976619,100,140
A_only,1000,10000,-0.35314698766128244,-0.000677201249950961,-0.3524697864113315,100,140
hybrid,1000,10000,-0.07552724022181435,-0.000677201249950961,-0.07485003897186339,100,140
B_only,1000,10000,-2.3649679712280808e-06,-0.000677201249950961,0.0006748362819797329,100,140
A_only,1000,2000,-1.9935602852680023,-0.20620828374329758,-1.7873520015247046,200,140
hybrid,1000,2000,-0.771607870580372,-0.20620828374329758,-0.5653995868370744,200,140
B_only,1000,2000,-0.28061916299630996,-0.20620828374329758,-0.07441087925301237,200,140
A_only,1000,5000,-1.447522892954333,-0.02619584115917027,-1.4213270517951626,200,140
hybrid,1000,5000,-1.033768478959064,-0.02619584115917027,-1.0075726377998937,200,140
B_only,1000,5000,-0.3982695986695698,-0.02619584115917027,-0.3720737575103995,200,140
A_only,1000,10000,-0.6757358525479642,-0.000677201249950961,-0.6750586512980132,200,140
hybrid,1000,10000,-0.23597281147860413,-0.000677201249950961,-0.23529561022865317,200,140
B_only,1000,10000,-0.034209651077375454,-0.000677201249950961,-0.033532449827424496,200,140
A_only,1000,2000,-0.9683715187471281,-0.0442296682476969,-0.9241418504994312,500,140
hybrid,1000,2000,-0.21441493813848042,-0.0442296682476969,-0.17018526989078353,500,140
B_only,1000,2000,-0.02703483584620858,-0.0442296682476969,0.01719483240148832,500,140
A_only,1000,5000,-0.08247509647626677,-0.000677201249950961,-0.08179789522631581,500,140
hybrid,1000,5000,-0.014962933987893655,-0.000677201249950961,-0.014285732737942694,500,140
B_only,1000,5000,-0.0002367878451232991,-0.000677201249950961,0.00044041340482766186,500,140
A_only,1000,10000,-1.0300194065513162,-0.000677201249950961,-1.0293422053013652,500,140
hybrid,1000,10000,-0.33290963042411553,-0.000677201249950961,-0.33223242917416457,500,140
B_only,1000,10000,-0.0049572846863442325,-0.000677201249950961,-0.004280083436393272,500,140
A_only,1000,2000,-0.5546848191382612,-0.1111690382606413,-0.4435157808776199,25,141
hybrid,1000,2000,-0.08745046550099234,-0.1111690382606413,0.023718572759648962,25,141
B_only,1000,2000,-0.0008224658905916853,-0.1111690382606413,0.1103465723700496,25,141
A_only,1000,5000,-0.39504850432285304,-0.0033189882361477573,-0.3917295160867053,25,141
hybrid,1000,5000,-0.01883010353828684,-0.0033189882361477573,-0.015511115302139082,25,141
B_only,1000,5000,-9.606587950057193e-14,-0.0033189882361477573,0.0033189882360516914,25,141
A_only,1000,10000,-0.48075769761661297,-0.0017750075215489918,-0.478982690095064,25,141
hybrid,1000,10000,-0.1237609563631278,-0.0017750075215489918,-0.1219859488415788,25,141
B_only,1000,10000,-2.564507234183502e-05,-0.0017750075215489918,0.001749362449207157,25,141
A_only,1000,2000,-0.945159235449205,-0.01653092336097194,-0.928628312088233,50,141
hybrid,1000,2000,-0.23667378093921831,-0.01653092336097194,-0.22014285757824636,50,141
B_only,1000,2000,-0.2055424543341401,-0.01653092336097194,-0.18901153097316814,50,141
A_only,1000,5000,-1.7394399944446604,-0.0017750075215489918,-1.7376649869231113,50,141
hybrid,1000,5000,-1.0303487121440515,-0.0017750075215489918,-1.0285737046225025,50,141
B_only,1000,5000,-0.01710326775755076,-0.0017750075215489918,-0.015328260236001768,50,141
A_only,1000,10000,-0.1529882614503576,-0.0017750075215489918,-0.1512132539288086,50,141
hybrid,1000,10000,-0.022749270388822476,-0.0017750075215489918,-0.020974262867273483,50,141
B_only,1000,10000,-1.466396864059399e-05,-0.0017750075215489918,0.0017603435529083978,50,141
A_only,1000,2000,-1.9137090380331592,-0.04467924927401707,-1.869029788759142,100,141
hybrid,1000,2000,-0.7792198816734701,-0.04467924927401707,-0.734540632399453,100,141
B_only,1000,2000,-0.01715957888823175,-0.04467924927401707,0.02751967038578532,100,141
A_only,1000,5000,-0.07536451195866359,-0.000677201249950961,-0.07468731070871262,100,141
hybrid,1000,5000,-0.008570872684809086,-0.000677201249950961,-0.007893671434858125,100,141
B_only,1000,5000,-0.04597294275591051,-0.000677201249950961,-0.04529574150595955,100,141
A_only,1000,10000,-1.3936028376410545,-0.0014094271702523638,-1.3921934104708023,100,141
hybrid,1000,10000,-0.6679083551290051,-0.0014094271702523638,-0.6664989279587528,100,141
B_only,1000,10000,-0.0036509795039784978,-0.0014094271702523638,-0.002241552333726134,100,141
A_only,1000,2000,-2.3985023515142028,-0.0033189882361477573,-2.395183363278055,200,141
hybrid,1000,2000,-1.318193041729017,-0.0033189882361477573,-1.3148740534928693,200,141
B_only,1000,2000,-0.0763859826975244,-0.0033189882361477573,-0.07306699446137664,200,141
A_only,1000,5000,-0.8441353473756249,-0.000677201249950961,-0.8434581461256739,200,141
hybrid,1000,5000,-0.38517070501914885,-0.000677201249950961,-0.3844935037691979,200,141
B_only,1000,5000,-0.4169359068099598,-0.000677201249950961,-0.4162587055600088,200,141
A_only,1000,10000,-0.6070053863882029,-0.0014094271702523638,-0.6055959592179505,200,141
hybrid,1000,10000,-0.1637020274124279,-0.0014094271702523638,-0.16229260024217554,200,141
B_only,1000,10000,-0.015294617149846602,-0.0014094271702523638,-0.013885189979594238,200,141
A_only,1000,2000,-1.5917322983963076,-0.034310857636452745,-1.5574214407598548,500,141
hybrid,1000,2000,-0.5883472640222617,-0.034310857636452745,-0.554036406385809,500,141
B_only,1000,2000,-0.14137938506892184,-0.034310857636452745,-0.10706852743246908,500,141
A_only,1000,5000,-1.6796286529861038,-0.0033189882361477573,-1.676309664749956,500,141
hybrid,1000,5000,-0.6066263710959192,-0.0033189882361477573,-0.6033073828597715,500,141
B_only,1000,5000,-0.005712297797401522,-0.0033189882361477573,-0.002393309561253765,500,141
A_only,1000,10000,-1.2281726342721013,-0.0014094271702523638,-1.226763207101849,500,141
hybrid,1000,10000,-0.21201553403829226,-0.0014094271702523638,-0.2106061068680399,500,141
B_only,1000,10000,-0.0032616416973248736,-0.0014094271702523638,-0.0018522145270725098,500,141
A_only,1000,2000,-1.7773968838674667,-0.000677201249950961,-1.7767196826175158,25,142
hybrid,1000,2000,-0.7889006254898143,-0.000677201249950961,-0.7882234242398634,25,142
B_only,1000,2000,-0.04176949074903078,-0.000677201249950961,-0.04109228949907982,25,142
A_only,1000,5000,-0.25876555157791453,-0.016652718459798817,-0.2421128331181157,25,142
hybrid,1000,5000,-0.06788033899527277,-0.016652718459798817,-0.051227620535473944,25,142
B_only,1000,5000,-0.02615802055865444,-0.016652718459798817,-0.009505302098855622,25,142
A_only,1000,10000,-1.4740687037182942,-0.000677201249950961,-1.4733915024683433,25,142
hybrid,1000,10000,-0.5455468852660575,-0.000677201249950961,-0.5448696840161066,25,142
B_only,1000,10000,-0.0015258368834807769,-0.000677201249950961,-0.0008486356335298159,25,142
A_only,1000,2000,-0.4376010043503249,-0.19627985002332982,-0.24132115432699508,50,142
hybrid,1000,2000,-0.07041574826821498,-0.19627985002332982,0.12586410175511484,50,142
B_only,1000,2000,-0.028791541847606777,-0.19627985002332982,0.16748830817572305,50,142
A_only,1000,5000,-0.29756830640824905,-0.000677201249950961,-0.2968911051582981,50,142
hybrid,1000,5000,-0.061730521498056495,-0.000677201249950961,-0.06105332024810554,50,142
B_only,1000,5000,-0.20004921226483602,-0.000677201249950961,-0.19937201101488505,50,142
A_only,1000,10000,-1.398258823714209,-0.000677201249950961,-1.397581622464258,50,142
hybrid,1000,10000,-0.8988982991440637,-0.000677201249950961,-0.8982210978941128,50,142
B_only,1000,10000,-0.5143033876134532,-0.000677201249950961,-0.5136261863635022,50,142
A_only,1000,2000,-1.4918715135753537,-0.01653092336097194,-1.475340590214382,100,142
hybrid,1000,2000,-0.6027820563595321,-0.01653092336097194,-0.5862511329985601,100,142
B_only,1000,2000,-0.0544877965924913,-0.01653092336097194,-0.03795687323151936,100,142
A_only,1000,5000,-0.6111753873477761,-0.000677201249950961,-0.6104981860978251,100,142
hybrid,1000,5000,-0.13099970459525792,-0.000677201249950961,-0.13032250334530696,100,142
B_only,1000,5000,-0.0386629449210069,-0.000677201249950961,-0.03798574367105594,100,142
A_only,1000,10000,-0.7587020563251438,-0.000677201249950961,-0.7580248550751928,100,142
hybrid,1000,10000,-0.4074186015655099,-0.000677201249950961,-0.40674140031555894,100,142
B_only,1000,10000,-0.09197456345189214,-0.000677201249950961,-0.09129736220194118,100,142
A_only,1000,2000,-2.7205593148245746,-0.048388414081634995,-2.6721709007429397,200,142
hybrid,1000,2000,-1.1307543948041945,-0.048388414081634995,-1.0823659807225594,200,142
B_only,1000,2000,-0.06365921202107042,-0.048388414081634995,-0.015270797939435421,200,142
A_only,1000,5000,-0.9384282866655216,-0.000677201249950961,-0.9377510854155706,200,142
hybrid,1000,5000,-0.31025925480359035,-0.000677201249950961,-0.3095820535536394,200,142
B_only,1000,5000,-0.02753724288393621,-0.000677201249950961,-0.026860041633985247,200,142
A_only,1000,10000,-1.070617469977349,-0.000677201249950961,-1.069940268727398,200,142
hybrid,1000,10000,-0.38776274485985845,-0.000677201249950961,-0.3870855436099075,200,142
B_only,1000,10000,-0.05749058435743291,-0.000677201249950961,-0.05681338310748195,200,142
A_only,1000,2000,-1.0046878636467826,-0.0442296682476969,-0.9604581953990857,500,142
hybrid,1000,2000,-0.3234266678404594,-0.0442296682476969,-0.2791969995927625,500,142
B_only,1000,2000,-0.1508509850898465,-0.0442296682476969,-0.10662131684214962,500,142
A_only,1000,5000,-0.16416095601356054,-0.0014094271702523638,-0.16275152884330818,500,142
hybrid,1000,5000,-0.04555099038553571,-0.0014094271702523638,-0.04414156321528334,500,142
B_only,1000,5000,-0.016040859127882317,-0.0014094271702523638,-0.014631431957629953,500,142
A_only,1000,10000,-1.7602083873996126,-0.000677201249950961,-1.7595311861496616,500,142
hybrid,1000,10000,-0.2711990098112619,-0.000677201249950961,-0.2705218085613109,500,142
B_only,1000,10000,-2.9413496051537748e-05,-0.000677201249950961,0.0006477877538994232,500,142
A_only,1000,2000,-0.9528477115378743,-0.2080189683984519,-0.7448287431394224,25,143
hybrid,1000,2000,-0.09381727573752861,-0.2080189683984519,0.1142016926609233,25,143
B_only,1000,2000,-7.475424606111029e-09,-0.2080189683984519,0.2080189609230273,25,143
A_only,1000,5000,-0.06885053045425511,-0.000677201249950961,-0.06817332920430415,25,143
hybrid,1000,5000,-0.0020223453326428807,-0.000677201249950961,-0.0013451440826919197,25,143
B_only,1000,5000,-0.060518578097248164,-0.000677201249950961,-0.059841376847297206,25,143
A_only,1000,10000,-1.3647791873292616,-0.0014094271702523638,-1.3633697601590093,25,143
hybrid,1000,10000,-0.5057056604304392,-0.0014094271702523638,-0.5042962332601868,25,143
B_only,1000,10000,-0.00022435451443702132,-0.0014094271702523638,0.0011850726558153425,25,143
A_only,1000,2000,-1.5645701337097695,-0.000677201249950961,-1.5638929324598185,50,143
hybrid,1000,2000,-0.22687389180006115,-0.000677201249950961,-0.22619669055011019,50,143
B_only,1000,2000,-0.00022429113411968587,-0.000677201249950961,0.00045291011583127507,50,143
A_only,1000,5000,-1.445669707807529,-0.0014094271702523638,-1.4442602806372766,50,143
hybrid,1000,5000,-1.0849124770064786,-0.0014094271702523638,-1.0835030498362264,50,143
B_only,1000,5000,-1.3416205560433956,-0.0014094271702523638,-1.3402111288731433,50,143
A_only,1000,10000,-0.9821341663464217,-0.000677201249950961,-0.9814569650964707,50,143
hybrid,1000,10000,-0.36635089073989513,-0.000677201249950961,-0.36567368948994416,50,143
B_only,1000,10000,-0.01699907804169925,-0.000677201249950961,-0.016321876791748288,50,143
A_only,1000,2000,-1.4037913351763627,-0.01653092336097194,-1.3872604118153908,100,143
hybrid,1000,2000,-0.6256999770260658,-0.01653092336097194,-0.6091690536650939,100,143
B_only,1000,2000,-0.5996779924127547,-0.01653092336097194,-0.5831470690517827,100,143
A_only,1000,5000,-0.5469556331453007,-0.000677201249950961,-0.5462784318953497,100,143
hybrid,1000,5000,-0.2109740648621352,-0.000677201249950961,-0.21029686361218425,100,143
B_only,1000,5000,-0.1327309953619535,-0.000677201249950961,-0.13205379411200255,100,143
A_only,1000,10000,-0.4214992279026273,-0.0014094271702523638,-0.4200898007323749,100,143
hybrid,1000,10000,-0.1371213439663137,-0.0014094271702523638,-0.13571191679606134,100,143
B_only,1000,10000,-0.1506537603822931,-0.0014094271702523638,-0.14924433321204075,100,143
A_only,1000,2000,-1.785673058689353,-0.0014094271702523638,-1.7842636315191007,200,143
hybrid,1000,2000,-0.7144860171132807,-0.0014094271702523638,-0.7130765899430284,200,143
B_only,1000,2000,-0.015347487220521214,-0.0014094271702523638,-0.01393806005026885,200,143
A_only,1000,5000,-0.7402256993715879,-0.016652718459798817,-0.7235729809117891,200,143
hybrid,1000,5000,-0.26008989991360715,-0.016652718459798817,-0.24343718145380833,200,143
B_only,1000,5000,-0.0025298656704963217,-0.016652718459798817,0.014122852789302497,200,143
A_only,1000,10000,-0.3100738950810629,-0.0014094271702523638,-0.30866446791081054,200,143
hybrid,1000,10000,-0.09676124630093219,-0.0014094271702523638,-0.09535181913067983,200,143
B_only,1000,10000,-0.00959217358435217,-0.0014094271702523638,-0.008182746414099806,200,143
A_only,1000,2000,-2.12766332511915,-0.0017750075215489918,-2.125888317597601,500,143
hybrid,1000,2000,-0.9087894908526477,-0.0017750075215489918,-0.9070144833310987,500,143
B_only,1000,2000,-0.3906480789173257,-0.0017750075215489918,-0.38887307139577676,500,143
A_only,1000,5000,-0.8106525487197854,-0.0017750075215489918,-0.8088775411982364,500,143
hybrid,1000,5000,-0.1867962458480724,-0.0017750075215489918,-0.1850212383265234,500,143
B_only,1000,5000,-0.0020348598631700155,-0.0017750075215489918,-0.00025985234162102366,500,143
A_only,1000,10000,-1.1183264690071757,-0.000677201249950961,-1.1176492677572247,500,143
hybrid,1000,10000,-0.26392365447058513,-0.000677201249950961,-0.26324645322063417,500,143
B_only,1000,10000,-6.985369705111423e-08,-0.000677201249950961,0.0006771313962539099,500,143
A_only,1000,2000,-0.42425550147200325,-0.0014094271702523638,-0.42284607430175086,25,144
hybrid,1000,2000,-0.07995848053193083,-0.0014094271702523638,-0.07854905336167847,25,144
B_only,1000,2000,-0.07564007444989135,-0.0014094271702523638,-0.07423064727963899,25,144
A_only,1000,5000,-1.990343773114313,-0.0014094271702523638,-1.9889343459440607,25,144
hybrid,1000,5000,-1.973038482997713,-0.0014094271702523638,-1.9716290558274607,25,144
B_only,1000,5000,-0.1299796552769291,-0.0014094271702523638,-0.12857022810667673,25,144
A_only,1000,10000,-0.9776125045463436,-0.000677201249950961,-0.9769353032963927,25,144
hybrid,1000,10000,-0.1599683819245159,-0.000677201249950961,-0.15929118067456494,25,144
B_only,1000,10000,-1.8287745612939413e-10,-0.000677201249950961,0.0006772010670735048,25,144
A_only,1000,2000,-1.396926787264805,-0.021107167799241426,-1.3758196194655636,50,144
hybrid,1000,2000,-0.6632008978804139,-0.021107167799241426,-0.6420937300811725,50,144
B_only,1000,2000,-0.05680425472320611,-0.021107167799241426,-0.035697086923964685,50,144
A_only,1000,5000,-0.02624235972917668,-0.000677201249950961,-0.02556515847922572,50,144
hybrid,1000,5000,-0.0009338248830655354,-0.000677201249950961,-0.0002566236331145744,50,144
B_only,1000,5000,-0.8600869491555637,-0.000677201249950961,-0.8594097479056128,50,144
A_only,1000,10000,-0.21567029573063243,-0.000677201249950961,-0.21499309448068146,50,144
hybrid,1000,10000,-0.05677083172537617,-0.000677201249950961,-0.05609363047542521,50,144
B_only,1000,10000,-1.1958142607560525,-0.000677201249950961,-1.1951370595061015,50,144
A_only,1000,2000,-0.7067047386779005,-0.01653092336097194,-0.6901738153169286,100,144
hybrid,1000,2000,-0.2180714877344434,-0.01653092336097194,-0.20154056437347145,100,144
B_only,1000,2000,-0.39516348850236416,-0.01653092336097194,-0.3786325651413922,100,144
A_only,1000,5000,-0.3274942266902305,-0.0014094271702523638,-0.3260847995199781,100,144
hybrid,1000,5000,-0.10414005683875473,-0.0014094271702523638,-0.10273062966850237,100,144
B_only,1000,5000,-0.40647887357230567,-0.0014094271702523638,-0.4050694464020533,100,144
A_only,1000,10000,-1.2615708658783849,-0.0014094271702523638,-1.2601614387081326,100,144
hybrid,1000,10000,-0.5949755423825557,-0.0014094271702523638,-0.5935661152123033,100,144
B_only,1000,10000,-0.06627841018620634,-0.0014094271702523638,-0.06486898301595398,100,144
A_only,1000,2000,-1.9653562016829023,-0.04467924927401707,-1.9206769524088851,200,144
hybrid,1000,2000,-1.0528922273598993,-0.04467924927401707,-1.0082129780858822,200,144
B_only,1000,2000,-0.2601363465834807,-0.04467924927401707,-0.21545709730946366,200,144
A_only,1000,5000,-0.7396034760024546,-0.018494542316971195,-0.7211089336854833,200,144
hybrid,1000,5000,-0.08400760194033846,-0.018494542316971195,-0.06551305962336726,200,144
B_only,1000,5000,-8.946484835009129e-07,-0.018494542316971195,0.018493647668487694,200,144
A_only,1000,10000,-0.19456223934624078,-0.0014094271702523638,-0.19315281217598843,200,144
hybrid,1000,10000,-0.043830095411122455,-0.0014094271702523638,-0.04242066824087009,200,144
B_only,1000,10000,-0.004952601671852446,-0.0014094271702523638,-0.0035431745016000823,200,144
A_only,1000,2000,-2.02980888968583,-0.10941635111751186,-1.920392538568318,500,144
hybrid,1000,2000,-0.4807721269145693,-0.10941635111751186,-0.3713557757970574,500,144
B_only,1000,2000,-0.13176970755470235,-0.10941635111751186,-0.022353356437190497,500,144
A_only,1000,5000,-1.2648092395011514,-0.0017750075215489918,-1.2630342319796024,500,144
hybrid,1000,5000,-0.31812797094722695,-0.0017750075215489918,-0.316352963425678,500,144
B_only,1000,5000,-0.0049800366551599135,-0.0017750075215489918,-0.0032050291336109217,500,144
A_only,1000,10000,-0.6840902796632895,-0.000677201249950961,-0.6834130784133385,500,144
hybrid,1000,10000,-0.34964182170087615,-0.000677201249950961,-0.3489646204509252,500,144
B_only,1000,10000,-0.27897383726701774,-0.000677201249950961,-0.2782966360170668,500,144
A_only,1000,2000,-0.45027841423803255,-0.048388414081634995,-0.40189000015639753,25,145
hybrid,1000,2000,-0.06461474033990094,-0.048388414081634995,-0.01622632625826595,25,145
B_only,1000,2000,-0.05365081066608515,-0.048388414081634995,-0.0052623965844501575,25,145
A_only,1000,5000,-0.860275242284946,-0.048388414081634995,-0.811886828203311,25,145
hybrid,1000,5000,-0.46835125886772505,-0.048388414081634995,-0.41996284478609003,25,145
B_only,1000,5000,-1.5915043409184255,-0.048388414081634995,-1.5431159268367904,25,145
A_only,1000,10000,-0.939500778697099,-0.000677201249950961,-0.9388235774471481,25,145
hybrid,1000,10000,-0.36225386944222726,-0.000677201249950961,-0.3615766681922763,25,145
B_only,1000,10000,-0.07064428765848177,-0.000677201249950961,-0.0699670864085308,25,145
A_only,1000,2000,-1.3879348209890014,-0.07123766710210508,-1.3166971538868963,50,145
hybrid,1000,2000,-0.4619357715737758,-0.07123766710210508,-0.39069810447167075,50,145
B_only,1000,2000,-0.03953702012720773,-0.07123766710210508,0.03170064697489735,50,145
A_only,1000,5000,-1.1142503564421737,-0.0033189882361477573,-1.110931368206026,50,145
hybrid,1000,5000,-0.4292583045691426,-0.0033189882361477573,-0.42593931633299487,50,145
B_only,1000,5000,-0.0012098753381128051,-0.0033189882361477573,0.002109112898034952,50,145
A_only,1000,10000,-1.137583082197056,-0.0014094271702523638,-1.1361736550268038,50,145
hybrid,1000,10000,-0.6577650056971733,-0.0014094271702523638,-0.656355578526921,50,145
B_only,1000,10000,-0.3328879384762423,-0.0014094271702523638,-0.33147851130598993,50,145
A_only,1000,2000,-0.595625232013557,-0.04467924927401707,-0.5509459827395399,100,145
hybrid,1000,2000,-0.10044231594069657,-0.04467924927401707,-0.055763066666679496,100,145
B_only,1000,2000,-0.4058555278934549,-0.04467924927401707,-0.36117627861943785,100,145
A_only,1000,5000,-0.588991704010309,-0.000677201249950961,-0.588314502760358,100,145
hybrid,1000,5000,-0.24614066679410804,-0.000677201249950961,-0.24546346554415707,100,145
B_only,1000,5000,-0.047683985221422684,-0.000677201249950961,-0.047006783971471726,100,145
A_only,1000,10000,-0.48919766843456425,-0.000677201249950961,-0.4885204671846133,100,145
hybrid,1000,10000,-0.1358744351383985,-0.000677201249950961,-0.13519723388844754,100,145
B_only,1000,10000,-5.835281802011379e-05,-0.000677201249950961,0.0006188484319308472,100,145
A_only,1000,2000,-1.8826203851835441,-0.09677148271081154,-1.7858489024727326,200,145
hybrid,1000,2000,-1.1258196808702097,-0.09677148271081154,-1.0290481981593982,200,145
B_only,1000,2000,-0.3268387840926526,-0.09677148271081154,-0.23006730138184106,200,145
A_only,1000,5000,-0.7075622213639474,-0.01653092336097194,-0.6910312980029755,200,145
hybrid,1000,5000,-0.1165671099791771,-0.01653092336097194,-0.10003618661820517,200,145
B_only,1000,5000,-7.527972656428373e-09,-0.01653092336097194,0.016530915832999284,200,145
A_only,1000,10000,-0.993067646277294,-0.0033189882361477573,-0.9897486580411463,200,145
hybrid,1000,10000,-0.3198384553066764,-0.0033189882361477573,-0.31651946707052864,200,145
B_only,1000,10000,-0.06174870106656854,-0.0033189882361477573,-0.05842971283042078,200,145
A_only,1000,2000,-0.9631443156699,-0.136118387533595,-0.827025928136305,500,145
hybrid,1000,2000,-0.25883860537404274,-0.136118387533595,-0.12272021784044773,500,145
B_only,1000,2000,-0.010516951454907232,-0.136118387533595,0.1256014360786878,500,145
A_only,1000,5000,-1.7018891993315248,-0.016652718459798817,-1.685236480871726,500,145
hybrid,1000,5000,-0.3000056756949358,-0.016652718459798817,-0.283352957235137,500,145
B_only,1000,5000,-0.00122432484174999,-0.016652718459798817,0.015428393618048828,500,145
A_only,1000,10000,-1.411555782876632,-0.0014094271702523638,-1.4101463557063798,500,145
hybrid,1000,10000,-0.44028836071816563,-0.0014094271702523638,-0.43887893354791324,500,145
B_only,1000,10000,-0.0018459033402365146,-0.0014094271702523638,-0.00043647616998415077,500,145
A_only,1000,2000,-0.18639581755051735,-0.016652718459798817,-0.16974309909071852,25,146
hybrid,1000,2000,-0.009983887964050683,-0.016652718459798817,0.006668830495748134,25,146
B_only,1000,2000,-0.6049718903450285,-0.016652718459798817,-0.5883191718852298,25,146
A_only,1000,5000,-1.6137911112416656,-0.018494542316971195,-1.5952965689246945,25,146
hybrid,1000,5000,-0.33174854948287424,-0.018494542316971195,-0.31325400716590307,25,146
B_only,1000,5000,-0.0002719276614111619,-0.018494542316971195,0.018222614655560035,25,146
A_only,1000,10000,-1.373340768891577,-0.000677201249950961,-1.3726635676416261,25,146
hybrid,1000,10000,-0.5801661162033357,-0.000677201249950961,-0.5794889149533847,25,146
B_only,1000,10000,-0.00013757500294766292,-0.000677201249950961,0.0005396262470032981,25,146
A_only,1000,2000,-1.724765314019683,-0.02619584115917027,-1.6985694728605127,50,146
hybrid,1000,2000,-0.8146615584709362,-0.02619584115917027,-0.788465717311766,50,146
B_only,1000,2000,-0.3481062361806212,-0.02619584115917027,-0.3219103950214509,50,146
A_only,1000,5000,-2.688796390504011,-0.0033189882361477573,-2.685477402267863,50,146
hybrid,1000,5000,-0.7053194502487063,-0.0033189882361477573,-0.7020004620125586,50,146
B_only,1000,5000,-0.000105894953853196,-0.0033189882361477573,0.003213093282294561,50,146
A_only,1000,10000,-2.05600616520885,-0.000677201249950961,-2.055328963958899,50,146
hybrid,1000,10000,-1.4760001455248257,-0.000677201249950961,-1.4753229442748748,50,146
B_only,1000,10000,-0.25849143887686676,-0.000677201249950961,-0.2578142376269158,50,146
A_only,1000,2000,-1.6978888024436505,-0.034310857636452745,-1.6635779448071977,100,146
hybrid,1000,2000,-0.4633457922472381,-0.034310857636452745,-0.42903493461078535,100,146
B_only,1000,2000,-0.012993037975699362,-0.034310857636452745,0.021317819660753384,100,146
A_only,1000,5000,-1.4932321375656294,-0.0033189882361477573,-1.4899131493294817,100,146
hybrid,1000,5000,-1.0135552829269594,-0.0033189882361477573,-1.0102362946908117,100,146
B_only,1000,5000,-0.5285281794548855,-0.0033189882361477573,-0.5252091912187378,100,146
A_only,1000,10000,-0.21665465966873615,-0.0033189882361477573,-0.2133356714325884,100,146
hybrid,1000,10000,-0.05702521562868048,-0.0033189882361477573,-0.053706227392532724,100,146
B_only,1000,10000,-0.2688077859740226,-0.0033189882361477573,-0.26548879773787487,100,146
A_only,1000,2000,-2.122322170804972,-0.04467924927401707,-2.077642921530955,200,146
hybrid,1000,2000,-0.9776671072317531,-0.04467924927401707,-0.932987857957736,200,146
B_only,1000,2000,-0.5472662897089876,-0.04467924927401707,-0.5025870404349705,200,146
A_only,1000,5000,-0.3070075312643898,-0.0014094271702523638,-0.3055981040941374,200,146
hybrid,1000,5000,-0.10465780770290185,-0.0014094271702523638,-0.1032483805326495,200,146
B_only,1000,5000,-0.4084594909688436,-0.0014094271702523638,-0.4070500637985912,200,146
A_only,1000,10000,-0.18501550047835982,-0.000677201249950961,-0.18433829922840886,200,146
hybrid,1000,10000,-0.017649358507796413,-0.000677201249950961,-0.01697215725784545,200,146
B_only,1000,10000,-8.171860575376641e-06,-0.000677201249950961,0.0006690293893755843,200,146
A_only,1000,2000,-1.1134451854154739,-0.02619584115917027,-1.0872493442563036,500,146
hybrid,1000,2000,-0.21009953673390852,-0.02619584115917027,-0.18390369557473824,500,146
B_only,1000,2000,-0.005835794402457839,-0.02619584115917027,0.020360046756712432,500,146
A_only,1000,5000,-1.2200988939787663,-0.0014094271702523638,-1.218689466808514,500,146
hybrid,1000,5000,-0.2540180251839341,-0.0014094271702523638,-0.25260859801368174,500,146
B_only,1000,5000,-0.0003332869060534986,-0.0014094271702523638,0.0010761402641988652,500,146
A_only,1000,10000,-1.1638252442839432,-0.000677201249950961,-1.1631480430339922,500,146
hybrid,1000,10000,-0.42171766051848153,-0.000677201249950961,-0.42104045926853056,500,146
B_only,1000,10000,-0.004008334740468786,-0.000677201249950961,-0.0033311334905178247,500,146
A_only,1000,2000,-0.7761083224932507,-0.034310857636452745,-0.741797464856798,25,147
hybrid,1000,2000,-0.2062352622676393,-0.034310857636452745,-0.17192440463118655,25,147
B_only,1000,2000,-0.3076442696428134,-0.034310857636452745,-0.27333341200636063,25,147
A_only,1000,5000,-0.711708011637388,-0.0017750075215489918,-0.7099330041158389,25,147
hybrid,1000,5000,-0.34467294961053635,-0.0017750075215489918,-0.3428979420889874,25,147
B_only,1000,5000,-1.0514463238331262,-0.0017750075215489918,-1.0496713163115772,25,147
A_only,1000,10000,-1.1417760277711937,-0.000677201249950961,-1.1410988265212427,25,147
hybrid,1000,10000,-0.6167179304065838,-0.000677201249950961,-0.6160407291566329,25,147
B_only,1000,10000,-0.01293904743067779,-0.000677201249950961,-0.01226184618072683,25,147
A_only,1000,2000,-1.298518730441884,-0.018494542316971195,-1.2800241881249128,50,147
hybrid,1000,2000,-0.3807951954246549,-0.018494542316971195,-0.3623006531076837,50,147
B_only,1000,2000,-0.0020460016093098925,-0.018494542316971195,0.016448540707661302,50,147
A_only,1000,5000,-1.0183519457875065,-0.000677201249950961,-1.0176747445375556,50,147
hybrid,1000,5000,-0.4644753685989171,-0.000677201249950961,-0.4637981673489661,50,147
B_only,1000,5000,-0.013626982800994048,-0.000677201249950961,-0.012949781551043087,50,147
A_only,1000,10000,-0.4790174948559544,-0.000677201249950961,-0.47834029360600344,50,147
hybrid,1000,10000,-0.13416016321694574,-0.000677201249950961,-0.13348296196699477,50,147
B_only,1000,10000,-0.0018891245302029025,-0.000677201249950961,-0.0012119232802519416,50,147
A_only,1000,2000,-0.8470081729834461,-0.0017750075215489918,-0.8452331654618971,100,147
hybrid,1000,2000,-0.3411578683629466,-0.0017750075215489918,-0.3393828608413976,100,147
B_only,1000,2000,-0.5003419553288908,-0.0017750075215489918,-0.49856694780734184,100,147
A_only,1000,5000,-0.6301178026467746,-0.02619584115917027,-0.6039219614876044,100,147
hybrid,1000,5000,-0.2768778358192605,-0.02619584115917027,-0.2506819946600902,100,147
B_only,1000,5000,-0.008094463063191322,-0.02619584115917027,0.01810137809597895,100,147
A_only,1000,10000,-0.23061969633243226,-0.0014094271702523638,-0.2292102691621799,100,147
hybrid,1000,10000,-0.0862868981427152,-0.0014094271702523638,-0.08487747097246284,100,147
B_only,1000,10000,-0.11601884570014849,-0.0014094271702523638,-0.11460941852989613,100,147
A_only,1000,2000,-1.9234879689134916,-0.01653092336097194,-1.9069570455525198,200,147
hybrid,1000,2000,-0.7254903080753917,-0.01653092336097194,-0.7089593847144198,200,147
B_only,1000,2000,-5.106800772853198e-05,-0.01653092336097194,0.01647985535324341,200,147
A_only,1000,5000,-2.46108237095045,-0.018494542316971195,-2.442587828633479,200,147
hybrid,1000,5000,-1.0482276682010137,-0.018494542316971195,-1.0297331258840425,200,147
B_only,1000,5000,-0.14148776449204217,-0.018494542316971195,-0.12299322217507097,200,147
A_only,1000,10000,-0.583492736409867,-0.0014094271702523638,-0.5820833092396146,200,147
hybrid,1000,10000,-0.2796118676640823,-0.0014094271702523638,-0.2782024404938299,200,147
B_only,1000,10000,-0.048742761599606436,-0.0014094271702523638,-0.04733333442935407,200,147
A_only,1000,2000,-0.751427559514863,-0.13629847621520946,-0.6151290832996534,500,147
hybrid,1000,2000,-0.16159392085678834,-0.13629847621520946,-0.025295444641578874,500,147
B_only,1000,2000,-0.019903611521101178,-0.13629847621520946,0.11639486469410829,500,147
A_only,1000,5000,-0.09276373433391889,-0.02619584115917027,-0.06656789317474862,500,147
hybrid,1000,5000,-0.03233072213934625,-0.02619584115917027,-0.006134880980175977,500,147
B_only,1000,5000,-0.04986394018636919,-0.02619584115917027,-0.02366809902719892,500,147
A_only,1000,10000,-1.4814251372697507,-0.000677201249950961,-1.4807479360197997,500,147
hybrid,1000,10000,-0.22966436371580615,-0.000677201249950961,-0.22898716246585518,500,147
B_only,1000,10000,-1.9849028759054013e-05,-0.000677201249950961,0.000657352221191907,500,147
A_only,1000,2000,-2.0983336495525347,-0.034310857636452745,-2.064022791916082,25,148
hybrid,1000,2000,-1.713908452265715,-0.034310857636452745,-1.6795975946292623,25,148
B_only,1000,2000,-0.34428081470712923,-0.034310857636452745,-0.3099699570706765,25,148
A_only,1000,5000,-0.6939524719818607,-0.016652718459798817,-0.677299753522062,25,148
hybrid,1000,5000,-0.3064480018588652,-0.016652718459798817,-0.2897952833990664,25,148
B_only,1000,5000,-1.7109054458296284,-0.016652718459798817,-1.6942527273698296,25,148
A_only,1000,10000,-0.29750225410995396,-0.0014094271702523638,-0.29609282693970157,25,148
hybrid,1000,10000,-0.051684540819317636,-0.0014094271702523638,-0.05027511364906527,25,148
B_only,1000,10000,-0.6347499471248458,-0.0014094271702523638,-0.6333405199545934,25,148
A_only,1000,2000,-1.3843909997681383,-0.10941635111751186,-1.2749746486506264,50,148
hybrid,1000,2000,-0.5621301168378099,-0.10941635111751186,-0.45271376572029803,50,148
B_only,1000,2000,-0.931218810604446,-0.10941635111751186,-0.8218024594869342,50,148
A_only,1000,5000,-0.7778690263967563,-0.0014094271702523638,-0.7764595992265039,50,148
hybrid,1000,5000,-0.3937844015947851,-0.0014094271702523638,-0.39237497442453273,50,148
B_only,1000,5000,-1.9106005228446028,-0.0014094271702523638,-1.9091910956743505,50,148
A_only,1000,10000,-1.2867177931608411,-0.016652718459798817,-1.2700650747010422,50,148
hybrid,1000,10000,-0.9734925942030197,-0.016652718459798817,-0.9568398757432209,50,148
B_only,1000,10000,-0.2502899362542085,-0.016652718459798817,-0.23363721779440966,50,148
A_only,1000,2000,-0.9247119852310524,-0.0014094271702523638,-0.9233025580608,100,148
hybrid,1000,2000,-0.3137588972646876,-0.0014094271702523638,-0.3123494700944352,100,148
B_only,1000,2000,-0.06959255232508785,-0.0014094271702523638,-0.06818312515483549,100,148
A_only,1000,5000,-0.6346636066378059,-0.000677201249950961,-0.6339864053878549,100,148
hybrid,1000,5000,-0.31385647661473326,-0.000677201249950961,-0.3131792753647823,100,148
B_only,1000,5000,-0.21466957390771815,-0.000677201249950961,-0.2139923726577672,100,148
A_only,1000,10000,-1.1379416063947267,-0.000677201249950961,-1.1372644051447758,100,148
hybrid,1000,10000,-0.3764516827902978,-0.000677201249950961,-0.3757744815403468,100,148
B_only,1000,10000,-0.0006788643978903052,-0.000677201249950961,-1.6631479393442068e-06,100,148
A_only,1000,2000,-1.8138267130137904,-0.09677148271081154,-1.717055230302979,200,148
hybrid,1000,2000,-0.954663761341069,-0.09677148271081154,-0.8578922786302574,200,148
B_only,1000,2000,-0.09029990089697924,-0.09677148271081154,0.006471581813832297,200,148
A_only,1000,5000,-0.972532724010479,-0.0033189882361477573,-0.9692137357743312,200,148
hybrid,1000,5000,-0.4139559581574854,-0.0033189882361477573,-0.4106369699213377,200,148
B_only,1000,5000,-0.239342319352269,-0.0033189882361477573,-0.23602333111612123,200,148
A_only,1000,10000,-0.21399514278992618,-0.0014094271702523638,-0.21258571561967382,200,148
hybrid,1000,10000,-0.05911186056893201,-0.0014094271702523638,-0.05770243339867964,200,148
B_only,1000,10000,-0.3326781872310359,-0.0014094271702523638,-0.33126876006078354,200,148
A_only,1000,2000,-1.0538636153578194,-0.13629847621520946,-0.9175651391426098,500,148
hybrid,1000,2000,-0.5303574356941407,-0.13629847621520946,-0.39405895947893127,500,148
B_only,1000,2000,-0.01685332708546396,-0.13629847621520946,0.1194451491297455,500,148
A_only,1000,5000,-0.9238053522901579,-0.000677201249950961,-0.923128151040207,500,148
hybrid,1000,5000,-0.1283346346858325,-0.000677201249950961,-0.12765743343588154,500,148
B_only,1000,5000,-0.0013946584777400873,-0.000677201249950961,-0.0007174572277891263,500,148
A_only,1000,10000,-0.7172010373045432,-0.000677201249950961,-0.7165238360545922,500,148
hybrid,1000,10000,-0.2438292904439114,-0.000677201249950961,-0.24315208919396045,500,148
B_only,1000,10000,-0.01952361455081763,-0.000677201249950961,-0.018846413300866668,500,148
A_only,1000,2000,-1.9635247218201843,-0.10953837757218061,-1.8539863442480038,25,149
hybrid,1000,2000,-0.9324595708687309,-0.10953837757218061,-0.8229211932965502,25,149
B_only,1000,2000,-0.08174533923870851,-0.10953837757218061,0.027793038333472103,25,149
A_only,1000,5000,-0.45165134321054573,-0.0014094271702523638,-0.45024191604029334,25,149
hybrid,1000,5000,-0.20805654205354907,-0.0014094271702523638,-0.2066471148832967,25,149
B_only,1000,5000,-0.07426008295734725,-0.0014094271702523638,-0.07285065578709489,25,149
A_only,1000,10000,-0.25212134396487895,-0.000677201249950961,-0.251444142714928,25,149
hybrid,1000,10000,-0.05538566941169017,-0.000677201249950961,-0.05470846816173921,25,149
B_only,1000,10000,-0.04539456717117586,-0.000677201249950961,-0.044717365921224904,25,149
A_only,1000,2000,-2.0122265214131048,-0.0014094271702523638,-2.0108170942428525,50,149
hybrid,1000,2000,-1.3486787912580689,-0.0014094271702523638,-1.3472693640878166,50,149
B_only,1000,2000,-0.17070308767812062,-0.0014094271702523638,-0.16929366050786826,50,149
A_only,1000,5000,-2.0160326558686172,-0.0033189882361477573,-2.0127136676324695,50,149
hybrid,1000,5000,-0.9838262965149976,-0.0033189882361477573,-0.9805073082788499,50,149
B_only,1000,5000,-0.010243664945220827,-0.0033189882361477573,-0.006924676709073069,50,149
A_only,1000,10000,-0.2515600746199182,-0.000677201249950961,-0.25088287336996723,50,149
hybrid,1000,10000,-0.09520745080759928,-0.000677201249950961,-0.09453024955764831,50,149
B_only,1000,10000,-0.639051908872578,-0.000677201249950961,-0.638374707622627,50,149
A_only,1000,2000,-1.7791090412083728,-0.0033189882361477573,-1.775790052972225,100,149
hybrid,1000,2000,-1.0451736097102031,-0.0033189882361477573,-1.0418546214740554,100,149
B_only,1000,2000,-0.2785652018997633,-0.0033189882361477573,-0.27524621366361557,100,149
A_only,1000,5000,-0.38965428235372845,-0.0014094271702523638,-0.38824485518347607,100,149
hybrid,1000,5000,-0.07789230413987044,-0.0014094271702523638,-0.07648287696961809,100,149
B_only,1000,5000,-0.019378851273726766,-0.0014094271702523638,-0.0179694241034744,100,149
A_only,1000,10000,-1.1987844740373215,-0.01653092336097194,-1.1822535506763496,100,149
hybrid,1000,10000,-0.4055503686293404,-0.01653092336097194,-0.38901944526836846,100,149
B_only,1000,10000,-0.0005290572635691035,-0.01653092336097194,0.016001866097402836,100,149
A_only,1000,2000,-0.45203249560532915,-0.048388414081634995,-0.40364408152369413,200,149
hybrid,1000,2000,-0.14005808627623564,-0.048388414081634995,-0.09166967219460065,200,149
B_only,1000,2000,-0.5084143561541451,-0.048388414081634995,-0.46002594207251013,200,149
A_only,1000,5000,-1.480405433625538,-0.0014094271702523638,-1.4789960064552856,200,149
hybrid,1000,5000,-0.7668948682456604,-0.0014094271702523638,-0.7654854410754081,200,149
B_only,1000,5000,-0.11132748955169985,-0.0014094271702523638,-0.1099180623814475,200,149
A_only,1000,10000,-0.9954262234907296,-0.0014094271702523638,-0.9940167963204772,200,149
hybrid,1000,10000,-0.43095841416220404,-0.0014094271702523638,-0.42954898699195165,200,149
B_only,1000,10000,-8.80362826115959e-05,-0.0014094271702523638,0.001321390887640768,200,149
A_only,1000,2000,-1.0016233227468727,-0.0014094271702523638,-1.0002138955766204,500,149
hybrid,1000,2000,-0.14391968002893948,-0.0014094271702523638,-0.14251025285868713,500,149
B_only,1000,2000,-0.023658748436822887,-0.0014094271702523638,-0.022249321266570525,500,149
A_only,1000,5000,-1.871751841752511,-0.018494542316971195,-1.8532572994355399,500,149
hybrid,1000,5000,-0.571484880525609,-0.018494542316971195,-0.5529903382086377,500,149
B_only,1000,5000,-0.018834220942320786,-0.018494542316971195,-0.00033967862534959106,500,149
A_only,1000,10000,-1.0743653132394808,-0.0014094271702523638,-1.0729558860692285,500,149
hybrid,1000,10000,-0.34924497406336336,-0.0014094271702523638,-0.34783554689311097,500,149
B_only,1000,10000,-0.0003118878483593197,-0.0014094271702523638,0.0010975393218930441,500,149
A_only,1000,2000,-1.4554516394609682,-0.04467924927401707,-1.410772390186951,25,150
hybrid,1000,2000,-0.6532711967971085,-0.04467924927401707,-0.6085919475230914,25,150
B_only,1000,2000,-0.17558645205415793,-0.04467924927401707,-0.13090720278014087,25,150
A_only,1000,5000,-2.365123439112346,-0.000677201249950961,-2.364446237862395,25,150
hybrid,1000,5000,-2.330285375192657,-0.000677201249950961,-2.329608173942706,25,150
B_only,1000,5000,-0.2784540220880759,-0.000677201249950961,-0.27777682083812494,25,150
A_only,1000,10000,-1.010664758673172,-0.0017750075215489918,-1.008889751151623,25,150
hybrid,1000,10000,-0.5777705586498568,-0.0017750075215489918,-0.5759955511283078,25,150
B_only,1000,10000,-0.3717634875964667,-0.0017750075215489918,-0.36998848007491775,25,150
A_only,1000,2000,-1.7691717105581548,-0.016652718459798817,-1.752518992098356,50,150
hybrid,1000,2000,-1.5888755862346098,-0.016652718459798817,-1.572222867774811,50,150
B_only,1000,2000,-1.5276755553157746,-0.016652718459798817,-1.5110228368559757,50,150
A_only,1000,5000,-1.2807180662937183,-0.0014094271702523638,-1.279308639123466,50,150
hybrid,1000,5000,-0.7655229313607075,-0.0014094271702523638,-0.7641135041904551,50,150
B_only,1000,5000,-0.11221376492811201,-0.0014094271702523638,-0.11080433775785965,50,150
A_only,1000,10000,-0.490457361698256,-0.01653092336097194,-0.47392643833728404,50,150
hybrid,1000,10000,-0.221046669204725,-0.01653092336097194,-0.20451574584375304,50,150
B_only,1000,10000,-0.06244594166771935,-0.01653092336097194,-0.04591501830674741,50,150
A_only,1000,2000,-0.5529335626150895,-0.000677201249950961,-0.5522563613651386,100,150
hybrid,1000,2000,-0.045321872335610275,-0.000677201249950961,-0.04464467108565932,100,150
B_only,1000,2000,-4.786973305934218e-07,-0.000677201249950961,0.0006767225526203676,100,150
A_only,1000,5000,-0.008008615187272248,-0.01653092336097194,0.008522308173699691,100,150
hybrid,1000,5000,-0.0002091712078754073,-0.01653092336097194,0.01632175215309653,100,150
B_only,1000,5000,-1.0942523934105806,-0.01653092336097194,-1.0777214700496087,100,150
A_only,1000,10000,-0.4431403372765148,-0.0014094271702523638,-0.4417309101062624,100,150
hybrid,1000,10000,-0.15539051877373525,-0.0014094271702523638,-0.1539810916034829,100,150
B_only,1000,10000,-0.16112289477211245,-0.0014094271702523638,-0.1597134676018601,100,150
A_only,1000,2000,-0.5084226335589813,-0.0017750075215489918,-0.5066476260374323,200,150
hybrid,1000,2000,-0.10629316371958471,-0.0017750075215489918,-0.10451815619803571,200,150
B_only,1000,2000,-0.06976547923545648,-0.0017750075215489918,-0.06799047171390749,200,150
A_only,1000,5000,-1.786349503595224,-0.034310857636452745,-1.7520386459587711,200,150
hybrid,1000,5000,-0.654966510474327,-0.034310857636452745,-0.6206556528378743,200,150
B_only,1000,5000,-0.038059168684207015,-0.034310857636452745,-0.00374831104775427,200,150
A_only,1000,10000,-1.5326513501885957,-0.0033189882361477573,-1.529332361952448,200,150
hybrid,1000,10000,-0.8718116747146408,-0.0033189882361477573,-0.8684926864784931,200,150
B_only,1000,10000,-0.06522061647649467,-0.0033189882361477573,-0.061901628240346916,200,150
A_only,1000,2000,-2.434327565411334,-0.0014094271702523638,-2.4329181382410816,500,150
hybrid,1000,2000,-0.9423675257595756,-0.0014094271702523638,-0.9409580985893232,500,150
B_only,1000,2000,-0.03257638828039993,-0.0014094271702523638,-0.031166961110147565,500,150
A_only,1000,5000,-1.1546118001380814,-0.0017750075215489918,-1.1528367926165324,500,150
hybrid,1000,5000,-0.25565873371789555,-0.0017750075215489918,-0.2538837261963466,500,150
B_only,1000,5000,-0.04262005810051275,-0.0017750075215489918,-0.04084505057896376,500,150
A_only,1000,10000,-1.1087985726294656,-0.000677201249950961,-1.1081213713795146,500,150
hybrid,1000,10000,-0.403913575681228,-0.000677201249950961,-0.403236374431277,500,150
B_only,1000,10000,-0.004182728924889763,-0.000677201249950961,-0.003505527674938802,500,150
A_only,1000,2000,-1.0460721534066542,-0.0014094271702523638,-1.0446627262364019,25,151
hybrid,1000,2000,-0.1867738680457477,-0.0014094271702523638,-0.18536444087549533,25,151
B_only,1000,2000,-3.7448093662675786e-06,-0.0014094271702523638,0.0014056823608860963,25,151
A_only,1000,5000,-0.7242198383189576,-0.000677201249950961,-0.7235426370690067,25,151
hybrid,1000,5000,-0.19154469296345542,-0.000677201249950961,-0.19086749171350445,25,151
B_only,1000,5000,-2.0221874516142087e-05,-0.000677201249950961,0.0006569793754348189,25,151
A_only,1000,10000,-0.5612797799675414,-0.000677201249950961,-0.5606025787175904,25,151
hybrid,1000,10000,-0.10951639778115772,-0.000677201249950961,-0.10883919653120676,25,151
B_only,1000,10000,-0.008161069816870332,-0.000677201249950961,-0.007483868566919371,25,151
A_only,1000,2000,-0.035267979085310375,-0.0033189882361477573,-0.03194899084916262,50,151
hybrid,1000,2000,-0.0002750837064100422,-0.0033189882361477573,0.003043904529737715,50,151
B_only,1000,2000,-0.11975241507969801,-0.0033189882361477573,-0.11643342684355025,50,151
A_only,1000,5000,-1.0615163860464574,-0.0014094271702523638,-1.060106958876205,50,151
hybrid,1000,5000,-0.38928064387955663,-0.0014094271702523638,-0.38787121670930425,50,151
B_only,1000,5000,-0.08003184140603399,-0.0014094271702523638,-0.07862241423578163,50,151
A_only,1000,10000,-0.5570901388667853,-0.000677201249950961,-0.5564129376168343,50,151
hybrid,1000,10000,-0.23105454952327814,-0.000677201249950961,-0.23037734827332718,50,151
B_only,1000,10000,-0.298405568351593,-0.000677201249950961,-0.297728367101642,50,151
A_only,1000,2000,-1.560485586561111,-0.000677201249950961,-1.55980838531116,100,151
hybrid,1000,2000,-1.1921564179893507,-0.000677201249950961,-1.1914792167393997,100,151
B_only,1000,2000,-1.0783858582076433,-0.000677201249950961,-1.0777086569576924,100,151
A_only,1000,5000,-1.8505534780404878,-0.0033189882361477573,-1.84723448980434,100,151
hybrid,1000,5000,-1.0494802115888917,-0.0033189882361477573,-1.046161223352744,100,151
B_only,1000,5000,-0.20111433922796387,-0.0033189882361477573,-0.1977953509918161,100,151
A_only,1000,10000,-0.39299096555463864,-0.000677201249950961,-0.3923137643046877,100,151
hybrid,1000,10000,-0.14838979740227368,-0.000677201249950961,-0.1477125961523227,100,151
B_only,1000,10000,-0.02761421253690553,-0.000677201249950961,-0.026937011286954568,100,151
A_only,1000,2000,-0.5094993785267856,-0.04467924927401707,-0.46482012925276855,200,151
hybrid,1000,2000,-0.08088778141084386,-0.04467924927401707,-0.036208532136826795,200,151
B_only,1000,2000,-0.09852217273701976,-0.04467924927401707,-0.053842923463002686,200,151
A_only,1000,5000,-0.882036463316066,-0.01653092336097194,-0.865505539955094,200,151
hybrid,1000,5000,-0.14305584367260243,-0.01653092336097194,-0.12652492031163048,200,151
B_only,1000,5000,-3.0436746307419657e-07,-0.01653092336097194,0.016530618993508866,200,151
A_only,1000,10000,-1.0347420227983686,-0.000677201249950961,-1.0340648215484176,200,151
hybrid,1000,10000,-0.7098280241232816,-0.000677201249950961,-0.7091508228733306,200,151
B_only,1000,10000,-0.4968376990296709,-0.000677201249950961,-0.49616049777971993,200,151
A_only,1000,2000,-1.9025977395979867,-0.0014094271702523638,-1.9011883124277345,500,151
hybrid,1000,2000,-0.34304708655910426,-0.0014094271702523638,-0.3416376593888519,500,151
B_only,1000,2000,-0.004761253052768282,-0.0014094271702523638,-0.003351825882515918,500,151
A_only,1000,5000,-0.005566691240346036,-0.0017750075215489918,-0.003791683718797044,500,151
hybrid,1000,5000,-0.000718030866051936,-0.0017750075215489918,0.0010569766554970558,500,151
B_only,1000,5000,-0.03175280255012318,-0.0017750075215489918,-0.029977795028574186,500,151
A_only,1000,10000,-0.8312039106713114,-0.0014094271702523638,-0.829794483501059,500,151
hybrid,1000,10000,-0.2982515904009058,-0.0014094271702523638,-0.29684216323065343,500,151
B_only,1000,10000,-0.003757338012731066,-0.0014094271702523638,-0.002347910842478702,500,151
A_only,1000,2000,-1.7738462887151734,-0.018494542316971195,-1.7553517463982022,25,152
hybrid,1000,2000,-0.46410931475867223,-0.018494542316971195,-0.44561477244170106,25,152
B_only,1000,2000,-0.005888399385343035,-0.018494542316971195,0.01260614293162816,25,152
A_only,1000,5000,-0.8114755215321192,-0.01653092336097194,-0.7949445981711473,25,152
hybrid,1000,5000,-0.18999015399876348,-0.01653092336097194,-0.17345923063779153,25,152
B_only,1000,5000,-0.01517599029046097,-0.01653092336097194,0.0013549330705109695,25,152
A_only,1000,10000,-0.1042778878536543,-0.0014094271702523638,-0.10286846068340194,25,152
hybrid,1000,10000,-0.01813368304311413,-0.0014094271702523638,-0.01672425587286177,25,152
B_only,1000,10000,-0.42383420078908784,-0.0014094271702523638,-0.42242477361883546,25,152
A_only,1000,2000,-2.0304203659084483,-0.01653092336097194,-2.0138894425474763,50,152
hybrid,1000,2000,-1.2755681250048847,-0.01653092336097194,-1.2590372016439129,50,152
B_only,1000,2000,-0.9215130051402404,-0.01653092336097194,-0.9049820817792684,50,152
A_only,1000,5000,-0.9996648243975627,-0.01653092336097194,-0.9831339010365907,50,152
hybrid,1000,5000,-0.6615511229086135,-0.01653092336097194,-0.6450201995476416,50,152
B_only,1000,5000,-0.6684945889099044,-0.01653092336097194,-0.6519636655489325,50,152
A_only,1000,10000,-0.876173586491947,-0.000677201249950961,-0.875496385241996,50,152
hybrid,1000,10000,-0.43677030584319054,-0.000677201249950961,-0.4360931045932396,50,152
B_only,1000,10000,-0.04244900296205453,-0.000677201249950961,-0.041771801712103575,50,152
A_only,1000,2000,-2.009921823547765,-0.13871280870864297,-1.871209014839122,100,152
hybrid,1000,2000,-0.9537963223956639,-0.13871280870864297,-0.8150835136870209,100,152
B_only,1000,2000,-0.5975638479373898,-0.13871280870864297,-0.4588510392287468,100,152
A_only,1000,5000,-1.1986179563935226,-0.000677201249950961,-1.1979407551435717,100,152
hybrid,1000,5000,-0.6870637664694053,-0.000677201249950961,-0.6863865652194543,100,152
B_only,1000,5000,-0.20649715699385654,-0.000677201249950961,-0.20581995574390557,100,152
A_only,1000,10000,-0.0853770121798864,-0.0017750075215489918,-0.0836020046583374,100,152
hybrid,1000,10000,-0.016806587752905448,-0.0017750075215489918,-0.015031580231356456,100,152
B_only,1000,10000,-0.07042438552026552,-0.0017750075215489918,-0.06864937799871652,100,152
A_only,1000,2000,-1.4552646516941288,-0.01653092336097194,-1.438733728333157,200,152
hybrid,1000,2000,-0.6240943395134209,-0.01653092336097194,-0.6075634161524489,200,152
B_only,1000,2000,-0.3205438904982399,-0.01653092336097194,-0.30401296713726794,200,152
A_only,1000,5000,-1.940331116772626,-0.0014094271702523638,-1.9389216896023738,200,152
hybrid,1000,5000,-1.194076087391748,-0.0014094271702523638,-1.1926666602214957,200,152
B_only,1000,5000,-0.4489118197265374,-0.0014094271702523638,-0.447502392556285,200,152
A_only,1000,10000,-0.6293158082348698,-0.0017750075215489918,-0.6275408007133207,200,152
hybrid,1000,10000,-0.1666533742148876,-0.0017750075215489918,-0.1648783666933386,200,152
B_only,1000,10000,-2.4304444570220447e-05,-0.0017750075215489918,0.0017507030769787714,200,152
A_only,1000,2000,-1.1371807541420016,-0.01653092336097194,-1.1206498307810298,500,152
hybrid,1000,2000,-0.4599964935176616,-0.01653092336097194,-0.44346557015668964,500,152
B_only,1000,2000,-0.30971918462660036,-0.01653092336097194,-0.2931882612656284,500,152
A_only,1000,5000,-1.2853998825379864,-0.000677201249950961,-1.2847226812880355,500,152
hybrid,1000,5000,-0.29838868479313796,-0.000677201249950961,-0.297711483543187,500,152
B_only,1000,5000,-0.0012301749430752079,-0.000677201249950961,-0.0005529736931242469,500,152
A_only,1000,10000,-0.021349508703519433,-0.0017750075215489918,-0.01957450118197044,500,152
hybrid,1000,10000,-0.0033259105762413455,-0.0017750075215489918,-0.0015509030546923537,500,152
B_only,1000,10000,-0.0036173039027692653,-0.0017750075215489918,-0.0018422963812202734,500,152
A_only,1000,2000,-1.3664864882574412,-0.021107167799241426,-1.3453793204581999,25,153
hybrid,1000,2000,-0.5532712350111731,-0.021107167799241426,-0.5321640672119318,25,153
B_only,1000,2000,-0.12702521111664072,-0.021107167799241426,-0.10591804331739929,25,153
A_only,1000,5000,-1.3897954381998272,-0.07123766710210508,-1.318557771097722,25,153
hybrid,1000,5000,-0.1292530494797035,-0.07123766710210508,-0.05801538237759843,25,153
B_only,1000,5000,-4.4393203548260955e-13,-0.07123766710210508,0.07123766710166114,25,153
A_only,1000,10000,-0.5634197375696074,-0.000677201249950961,-0.5627425363196564,25,153
hybrid,1000,10000,-0.21734025365111617,-0.000677201249950961,-0.2166630524011652,25,153
B_only,1000,10000,-0.025582184415265354,-0.000677201249950961,-0.024904983165314393,25,153
A_only,1000,2000,-2.219830005619115,-0.02619584115917027,-2.1936341644599446,50,153
hybrid,1000,2000,-1.7522941550927629,-0.02619584115917027,-1.7260983139335926,50,153
B_only,1000,2000,-0.46422046063389605,-0.02619584115917027,-0.43802461947472576,50,153
A_only,1000,5000,-0.6466948482430671,-0.000677201249950961,-0.6460176469931161,50,153
hybrid,1000,5000,-0.3926380899988663,-0.000677201249950961,-0.3919608887489153,50,153
B_only,1000,5000,-0.33445522052494353,-0.000677201249950961,-0.33377801927499257,50,153
A_only,1000,10000,-0.08563548190908415,-0.000677201249950961,-0.08495828065913319,50,153
hybrid,1000,10000,-0.009827120121444547,-0.000677201249950961,-0.009149918871493586,50,153
B_only,1000,10000,-0.01430914853695715,-0.000677201249950961,-0.013631947287006188,50,153
A_only,1000,2000,-0.27471045321930976,-0.0033189882361477573,-0.271391464983162,100,153
hybrid,1000,2000,-0.027806236523437763,-0.0033189882361477573,-0.024487248287290007,100,153
B_only,1000,2000,-1.18987618642335,-0.0033189882361477573,-1.1865571981872023,100,153
A_only,1000,5000,-0.3048087502912729,-0.0442296682476969,-0.260579082043576,100,153
hybrid,1000,5000,-0.06823799951493208,-0.0442296682476969,-0.02400833126723518,100,153
B_only,1000,5000,-0.012701134057315202,-0.0442296682476969,0.03152853419038169,100,153
A_only,1000,10000,-1.6802021107946594,-0.000677201249950961,-1.6795249095447085,100,153
hybrid,1000,10000,-0.5966014195066273,-0.000677201249950961,-0.5959242182566763,100,153
B_only,1000,10000,-9.440837526652176e-05,-0.000677201249950961,0.0005827928746844392,100,153
A_only,1000,2000,-0.7910888685773007,-0.0442296682476969,-0.7468592003296037,200,153
hybrid,1000,2000,-0.31925059463500505,-0.0442296682476969,-0.27502092638730813,200,153
B_only,1000,2000,-0.31199840690264924,-0.0442296682476969,-0.2677687386549523,200,153
A_only,1000,5000,-1.3309029346181833,-0.0033189882361477573,-1.3275839463820356,200,153
hybrid,1000,5000,-0.5156927163182007,-0.0033189882361477573,-0.512373728082053,200,153
B_only,1000,5000,-0.06391373731897211,-0.0033189882361477573,-0.060594749082824355,200,153
A_only,1000,10000,-0.4870093567488408,-0.000677201249950961,-0.48633215549888986,200,153
hybrid,1000,10000,-0.14945615057895123,-0.000677201249950961,-0.14877894932900027,200,153
B_only,1000,10000,-0.20920534426695564,-0.000677201249950961,-0.20852814301700467,200,153
A_only,1000,2000,-2.090483518470366,-0.0033189882361477573,-2.0871645302342183,500,153
hybrid,1000,2000,-0.2908829944653961,-0.0033189882361477573,-0.2875640062292484,500,153
B_only,1000,2000,-8.258377183482196e-06,-0.0033189882361477573,0.0033107298589642752,500,153
A_only,1000,5000,-1.0965437022451017,-0.0014094271702523638,-1.0951342750748494,500,153
hybrid,1000,5000,-0.3281277872582312,-0.0014094271702523638,-0.32671836008797883,500,153
B_only,1000,5000,-0.004973634859493015,-0.0014094271702523638,-0.0035642076892406513,500,153
A_only,1000,10000,-1.144900144181716,-0.018494542316971195,-1.1264056018647448,500,153
hybrid,1000,10000,-0.324990689906306,-0.018494542316971195,-0.3064961475893348,500,153
B_only,1000,10000,-0.029030693850230615,-0.018494542316971195,-0.01053615153325942,500,153
A_only,1000,2000,-1.270389748483133,-0.02619584115917027,-1.2441939073239627,25,154
hybrid,1000,2000,-0.49220781928237606,-0.02619584115917027,-0.4660119781232058,25,154
B_only,1000,2000,-0.0009064792580994529,-0.02619584115917027,0.02528936190107082,25,154
A_only,1000,5000,-0.4649655821525726,-0.021107167799241426,-0.4438584143533312,25,154
hybrid,1000,5000,-0.09218763764453938,-0.021107167799241426,-0.07108046984529795,25,154
B_only,1000,5000,-1.254604006059629e-05,-0.021107167799241426,0.02109462175918083,25,154
A_only,1000,10000,-1.4805103709901974,-0.000677201249950961,-1.4798331697402465,25,154
hybrid,1000,10000,-1.6331835160249746,-0.000677201249950961,-1.6325063147750236,25,154
B_only,1000,10000,-1.4120428598754595,-0.000677201249950961,-1.4113656586255086,25,154
A_only,1000,2000,-1.3134998589682174,-0.10941635111751186,-1.2040835078507055,50,154
hybrid,1000,2000,-0.794104125668999,-0.10941635111751186,-0.6846877745514872,50,154
B_only,1000,2000,-0.7006441046728951,-0.10941635111751186,-0.5912277535553832,50,154
A_only,1000,5000,-0.2515491385625874,-0.000677201249950961,-0.25087193731263646,50,154
hybrid,1000,5000,-0.025620571318201862,-0.000677201249950961,-0.0249433700682509,50,154
B_only,1000,5000,-3.0403576772321805e-08,-0.000677201249950961,0.0006771708463741887,50,154
A_only,1000,10000,-0.5954312951781555,-0.0017750075215489918,-0.5936562876566065,50,154
hybrid,1000,10000,-0.24685873634436753,-0.0017750075215489918,-0.24508372882281854,50,154
B_only,1000,10000,-0.03971672404509115,-0.0017750075215489918,-0.037941716523542154,50,154
A_only,1000,2000,-0.9242139476225347,-0.018494542316971195,-0.9057194053055635,100,154
hybrid,1000,2000,-0.3566473534514795,-0.018494542316971195,-0.33815281113450835,100,154
B_only,1000,2000,-0.9797667732471719,-0.018494542316971195,-0.9612722309302006,100,154
A_only,1000,5000,-0.5004285347474122,-0.016652718459798817,-0.4837758162876134,100,154
hybrid,1000,5000,-0.10105081323539442,-0.016652718459798817,-0.0843980947755956,100,154
B_only,1000,5000,-0.03704950522241122,-0.016652718459798817,-0.0203967867626124,100,154
A_only,1000,10000,-0.7955180240585664,-0.000677201249950961,-0.7948408228086155,100,154
hybrid,1000,10000,-0.28105349047436157,-0.000677201249950961,-0.2803762892244106,100,154
B_only,1000,10000,-0.00010786526370901313,-0.000677201249950961,0.0005693359862419478,100,154
A_only,1000,2000,-0.17899480077381638,-0.021107167799241426,-0.15788763297457495,200,154
hybrid,1000,2000,-0.01328915570530946,-0.021107167799241426,0.007818012093931966,200,154
B_only,1000,2000,-0.0032353781775831484,-0.021107167799241426,0.01787178962165828,200,154
A_only,1000,5000,-0.40831467280483497,-0.01653092336097194,-0.391783749443863,200,154
hybrid,1000,5000,-0.18337399762155035,-0.01653092336097194,-0.1668430742605784,200,154
B_only,1000,5000,-0.5471396518666877,-0.01653092336097194,-0.5306087285057157,200,154
A_only,1000,10000,-1.578506448985535,-0.000677201249950961,-1.577829247735584,200,154
hybrid,1000,10000,-0.6371867671416811,-0.000677201249950961,-0.6365095658917301,200,154
B_only,1000,10000,-0.18116310972714664,-0.000677201249950961,-0.18048590847719567,200,154
A_only,1000,2000,-1.450758329460122,-0.0442296682476969,-1.4065286612124253,500,154
hybrid,1000,2000,-0.5174525419259188,-0.0442296682476969,-0.4732228736782219,500,154
B_only,1000,2000,-0.07211354048488301,-0.0442296682476969,-0.027883872237186115,500,154
A_only,1000,5000,-0.6304146892506309,-0.0033189882361477573,-0.6270957010144832,500,154
hybrid,1000,5000,-0.22781409688231177,-0.0033189882361477573,-0.224495108646164,500,154
B_only,1000,5000,-0.20429025466265402,-0.0033189882361477573,-0.20097126642650626,500,154
A_only,1000,10000,-0.4505725141697085,-0.000677201249950961,-0.44989531291975754,500,154
hybrid,1000,10000,-0.06507046775058123,-0.000677201249950961,-0.06439326650063026,500,154
B_only,1000,10000,-3.253204781293047e-05,-0.000677201249950961,0.0006446692021380305,500,154
A_only,1000,2000,-0.8665927225813584,-0.016652718459798817,-0.8499400041215597,25,155
hybrid,1000,2000,-0.25854045677791404,-0.016652718459798817,-0.24188773831811522,25,155
B_only,1000,2000,-1.0135036632198646,-0.016652718459798817,-0.9968509447600659,25,155
A_only,1000,5000,-0.9000834539885756,-0.0014094271702523638,-0.8986740268183232,25,155
hybrid,1000,5000,-0.32176241628812596,-0.0014094271702523638,-0.3203529891178736,25,155
B_only,1000,5000,-0.003494978174094593,-0.0014094271702523638,-0.002085551003842229,25,155
A_only,1000,10000,-0.22752087047677627,-0.0014094271702523638,-0.2261114433065239,25,155
hybrid,1000,10000,-0.04632514852875215,-0.0014094271702523638,-0.044915721358499784,25,155
B_only,1000,10000,-1.4401241304848849,-0.0014094271702523638,-1.4387147033146326,25,155
A_only,1000,2000,-1.0594008689517012,-0.07123766710210508,-0.988163201849596,50,155
hybrid,1000,2000,-0.41711858608158725,-0.07123766710210508,-0.34588091897948214,50,155
B_only,1000,2000,-0.19318197345592558,-0.07123766710210508,-0.1219443063538205,50,155
A_only,1000,5000,-0.31570732376664284,-0.000677201249950961,-0.3150301225166919,50,155
hybrid,1000,5000,-0.0308693136142619,-0.000677201249950961,-0.03019211236431094,50,155
B_only,1000,5000,-0.0003896577635051046,-0.000677201249950961,0.0002875434864458564,50,155
A_only,1000,10000,-0.031335539412977474,-0.000677201249950961,-0.030658338163026513,50,155
hybrid,1000,10000,-0.002669532764640533,-0.000677201249950961,-0.0019923315146895717,50,155
B_only,1000,10000,-0.05156465812346927,-0.000677201249950961,-0.05088745687351831,50,155
A_only,1000,2000,-1.1207121305961991,-0.034310857636452745,-1.0864012729597463,100,155
hybrid,1000,2000,-0.3828980847076845,-0.034310857636452745,-0.34858722707123174,100,155
B_only,1000,2000,-0.15308542384278567,-0.034310857636452745,-0.11877456620633292,100,155
A_only,1000,5000,-0.8835896235381632,-0.0014094271702523638,-0.8821801963679108,100,155
hybrid,1000,5000,-0.38117203041276854,-0.0014094271702523638,-0.37976260324251615,100,155
B_only,1000,5000,-0.39718230862079834,-0.0014094271702523638,-0.39577288145054595,100,155
A_only,1000,10000,-1.122810331821158,-0.016652718459798817,-1.106157613361359,100,155
hybrid,1000,10000,-0.5809522841878051,-0.016652718459798817,-0.5642995657280063,100,155
B_only,1000,10000,-0.05225209732904257,-0.016652718459798817,-0.03559937886924375,100,155
A_only,1000,2000,-0.6159405567531528,-0.02619584115917027,-0.5897447155939826,200,155
hybrid,1000,2000,-0.2053870542738479,-0.02619584115917027,-0.17919121311467762,200,155
B_only,1000,2000,-0.07232608876286548,-0.02619584115917027,-0.046130247603695204,200,155
A_only,1000,5000,-0.2701603194059023,-0.021107167799241426,-0.24905315160666086,200,155
hybrid,1000,5000,-0.0583836234732267,-0.021107167799241426,-0.03727645567398528,200,155
B_only,1000,5000,-0.002729403584812733,-0.021107167799241426,0.018377764214428695,200,155
A_only,1000,10000,-1.527080270835094,-0.000677201249950961,-1.526403069585143,200,155
hybrid,1000,10000,-0.29205967326505644,-0.000677201249950961,-0.2913824720151055,200,155
B_only,1000,10000,-3.982805249104548e-09,-0.000677201249950961,0.0006771972671457118,200,155
A_only,1000,2000,-0.5820782411984109,-0.20603721632164326,-0.3760410248767676,500,155
hybrid,1000,2000,-0.29537165689970013,-0.20603721632164326,-0.08933444057805687,500,155
B_only,1000,2000,-0.4172825834535982,-0.20603721632164326,-0.21124536713195494,500,155
A_only,1000,5000,-1.880732391528056,-0.0014094271702523638,-1.8793229643578038,500,155
hybrid,1000,5000,-0.6995506769761466,-0.0014094271702523638,-0.6981412498058942,500,155
B_only,1000,5000,-0.15516935341886232,-0.0014094271702523638,-0.15375992624860996,500,155
A_only,1000,10000,-1.365439098051956,-0.000677201249950961,-1.364761896802005,500,155
hybrid,1000,10000,-0.2865963036450653,-0.000677201249950961,-0.2859191023951143,500,155
B_only,1000,10000,-0.0003301924118373166,-0.000677201249950961,0.00034700883811364434,500,155
A_only,1000,2000,-1.5949044336362936,-0.0017750075215489918,-1.5931294261147446,25,156
hybrid,1000,2000,-0.5537024750742582,-0.0017750075215489918,-0.5519274675527092,25,156
B_only,1000,2000,-0.10092460266360494,-0.0017750075215489918,-0.09914959514205594,25,156
A_only,1000,5000,-0.3368170738500519,-0.01653092336097194,-0.32028615048907993,25,156
hybrid,1000,5000,-0.07057610675548437,-0.01653092336097194,-0.05404518339451243,25,156
B_only,1000,5000,-0.3580750592989871,-0.01653092336097194,-0.34154413593801514,25,156
A_only,1000,10000,-2.347234224573041,-0.000677201249950961,-2.34655702332309,25,156
hybrid,1000,10000,-1.5112542155296365,-0.000677201249950961,-1.5105770142796855,25,156
B_only,1000,10000,-0.010214376901717587,-0.000677201249950961,-0.009537175651766625,25,156
A_only,1000,2000,-2.759771886381391,-0.016652718459798817,-2.7431191679215923,50,156
hybrid,1000,2000,-1.5173107000261428,-0.016652718459798817,-1.500657981566344,50,156
B_only,1000,2000,-0.002349859983029237,-0.016652718459798817,0.01430285847676958,50,156
A_only,1000,5000,-0.30187334032028595,-0.0017750075215489918,-0.300098332798737,50,156
hybrid,1000,5000,-0.06221858581256968,-0.0017750075215489918,-0.060443578291020685,50,156
B_only,1000,5000,-0.16595128622887778,-0.0017750075215489918,-0.1641762787073288,50,156
A_only,1000,10000,-0.486259793516882,-0.000677201249950961,-0.485582592266931,50,156
hybrid,1000,10000,-0.2674691385085728,-0.000677201249950961,-0.2667919372586218,50,156
B_only,1000,10000,-0.7511753217332191,-0.000677201249950961,-0.7504981204832681,50,156
A_only,1000,2000,-1.3040440429902644,-0.000677201249950961,-1.3033668417403135,100,156
hybrid,1000,2000,-0.6255558571164467,-0.000677201249950961,-0.6248786558664957,100,156
B_only,1000,2000,-0.39339275728812784,-0.000677201249950961,-0.39271555603817687,100,156
A_only,1000,5000,-0.32943477806943544,-0.0033189882361477573,-0.3261157898332877,100,156
hybrid,1000,5000,-0.05783171931316257,-0.0033189882361477573,-0.05451273107701481,100,156
B_only,1000,5000,-0.0013319647809293179,-0.0033189882361477573,0.0019870234552184394,100,156
A_only,1000,10000,-1.2019856610803406,-0.000677201249950961,-1.2013084598303896,100,156
hybrid,1000,10000,-0.533550661469293,-0.000677201249950961,-0.532873460219342,100,156
B_only,1000,10000,-0.0685950163111225,-0.000677201249950961,-0.06791781506117153,100,156
A_only,1000,2000,-1.6712934628403868,-0.000677201249950961,-1.6706162615904359,200,156
hybrid,1000,2000,-0.6956635694770059,-0.000677201249950961,-0.694986368227055,200,156
B_only,1000,2000,-0.22327334503177645,-0.000677201249950961,-0.2225961437818255,200,156
A_only,1000,5000,-1.033955288227094,-0.000677201249950961,-1.033278086977143,200,156
hybrid,1000,5000,-0.3325631150014329,-0.000677201249950961,-0.3318859137514819,200,156
B_only,1000,5000,-0.04410247208514352,-0.000677201249950961,-0.04342527083519256,200,156
A_only,1000,10000,-1.299331506543612,-0.0017750075215489918,-1.297556499022063,200,156
hybrid,1000,10000,-0.6775939395897468,-0.0017750075215489918,-0.6758189320681978,200,156
B_only,1000,10000,-0.0043408842000091305,-0.0017750075215489918,-0.0025658766784601387,200,156
A_only,1000,2000,-1.1083633928401282,-0.30144352483510206,-0.8069198680050261,500,156
hybrid,1000,2000,-0.21606013874450813,-0.30144352483510206,0.08538338609059393,500,156
B_only,1000,2000,-0.001562105129898299,-0.30144352483510206,0.29988141970520377,500,156
A_only,1000,5000,-0.9572709668327617,-0.01653092336097194,-0.9407400434717897,500,156
hybrid,1000,5000,-0.3019107197302741,-0.01653092336097194,-0.28537979636930216,500,156
B_only,1000,5000,-0.05278165906453079,-0.01653092336097194,-0.036250735703558856,500,156
A_only,1000,10000,-0.5955185088116374,-0.0033189882361477573,-0.5921995205754896,500,156
hybrid,1000,10000,-0.17091478204391336,-0.0033189882361477573,-0.1675957938077656,500,156
B_only,1000,10000,-0.19964606292312168,-0.0033189882361477573,-0.1963270746869739,500,156
A_only,1000,2000,-1.396831015681217,-0.034310857636452745,-1.3625201580447641,25,157
hybrid,1000,2000,-0.6841770785818191,-0.034310857636452745,-0.6498662209453664,25,157
B_only,1000,2000,-0.0012597872803961293,-0.034310857636452745,0.03305107035605662,25,157
A_only,1000,5000,-0.5638072230687877,-0.000677201249950961,-0.5631300218188368,25,157
hybrid,1000,5000,-0.22987170208019753,-0.000677201249950961,-0.22919450083024656,25,157
B_only,1000,5000,-0.24289528752050624,-0.000677201249950961,-0.24221808627055527,25,157
A_only,1000,10000,-1.140148083182978,-0.0014094271702523638,-1.1387386560127257,25,157
hybrid,1000,10000,-0.5964126775391516,-0.0014094271702523638,-0.5950032503688992,25,157
B_only,1000,10000,-0.4362804067486126,-0.0014094271702523638,-0.43487097957836024,25,157
A_only,1000,2000,-2.0586318272119204,-0.0014094271702523638,-2.057222400041668,50,157
hybrid,1000,2000,-1.5624577911014055,-0.0014094271702523638,-1.5610483639311532,50,157
B_only,1000,2000,-1.2398493908716663,-0.0014094271702523638,-1.238439963701414,50,157
A_only,1000,5000,-0.6699103268617622,-0.000677201249950961,-0.6692331256118113,50,157
hybrid,1000,5000,-0.18529839372909046,-0.000677201249950961,-0.1846211924791395,50,157
B_only,1000,5000,-0.1536412054707052,-0.000677201249950961,-0.15296400422075423,50,157
A_only,1000,10000,-0.5488957833874692,-0.000677201249950961,-0.5482185821375183,50,157
hybrid,1000,10000,-0.06734985231092022,-0.000677201249950961,-0.06667265106096926,50,157
B_only,1000,10000,-4.720303509907953e-06,-0.000677201249950961,0.0006724809464410531,50,157
A_only,1000,2000,-2.3442723275611552,-0.0014094271702523638,-2.342862900390903,100,157
hybrid,1000,2000,-1.076374211673704,-0.0014094271702523638,-1.0749647845034518,100,157
B_only,1000,2000,-0.08429542814407251,-0.0014094271702523638,-0.08288600097382015,100,157
A_only,1000,5000,-0.20306816808459335,-0.01653092336097194,-0.1865372447236214,100,157
hybrid,1000,5000,-0.023736769550739233,-0.01653092336097194,-0.007205846189767294,100,157
B_only,1000,5000,-0.0029649273532747437,-0.01653092336097194,0.013565996007697196,100,157
A_only,1000,10000,-1.1352603539391113,-0.000677201249950961,-1.1345831526891603,100,157
hybrid,1000,10000,-0.45553876729554044,-0.000677201249950961,-0.45486156604558947,100,157
B_only,1000,10000,-0.016486233088900324,-0.000677201249950961,-0.015809031838949363,100,157
A_only,1000,2000,-2.210782043871986,-0.10941635111751186,-2.101365692754474,200,157
hybrid,1000,2000,-0.9722848256670289,-0.10941635111751186,-0.862868474549517,200,157
B_only,1000,2000,-0.4605276885085444,-0.10941635111751186,-0.35111133739103256,200,157
A_only,1000,5000,-0.26828764348461887,-0.048388414081634995,-0.21989922940298387,200,157
hybrid,1000,5000,-0.05140517816588752,-0.048388414081634995,-0.0030167640842525267,200,157
B_only,1000,5000,-0.05558781605050042,-0.048388414081634995,-0.0071994019688654265,200,157
A_only,1000,10000,-0.3108841444837586,-0.0017750075215489918,-0.30910913696220965,200,157
hybrid,1000,10000,-0.07482054092933821,-0.0017750075215489918,-0.07304553340778921,200,157
B_only,1000,10000,-0.026242898863398093,-0.0017750075215489918,-0.024467891341849103,200,157
A_only,1000,2000,-1.5105538844139856,-0.07123766710210508,-1.4393162173118805,500,157
hybrid,1000,2000,-0.31632733816979114,-0.07123766710210508,-0.24508967106768606,500,157
B_only,1000,2000,-0.002204327494867773,-0.07123766710210508,0.0690333396072373,500,157
A_only,1000,5000,-1.4197954736295506,-0.0014094271702523638,-1.4183860464592983,500,157
hybrid,1000,5000,-0.4242166813048858,-0.0014094271702523638,-0.42280725413463344,500,157
B_only,1000,5000,-0.03727626803243799,-0.0014094271702523638,-0.035866840862185626,500,157
A_only,1000,10000,-0.05359278236189514,-0.0014094271702523638,-0.05218335519164277,500,157
hybrid,1000,10000,-0.016220136633565443,-0.0014094271702523638,-0.014810709463313079,500,157
B_only,1000,10000,-0.04951677552313751,-0.0014094271702523638,-0.048107348352885146,500,157
A_only,1000,2000,-1.214305125289444,-0.01653092336097194,-1.197774201928472,25,158
hybrid,1000,2000,-0.48098206916384356,-0.01653092336097194,-0.4644511458028716,25,158
B_only,1000,2000,-2.5579328136261585,-0.01653092336097194,-2.5414018902651865,25,158
A_only,1000,5000,-1.4469812550758958,-0.000677201249950961,-1.4463040538259448,25,158
hybrid,1000,5000,-0.8836054365687209,-0.000677201249950961,-0.88292823531877,25,158
B_only,1000,5000,-0.3979079806768601,-0.000677201249950961,-0.39723077942690915,25,158
A_only,1000,10000,-0.08311697799676346,-0.000677201249950961,-0.0824397767468125,25,158
hybrid,1000,10000,-0.010359564246902965,-0.000677201249950961,-0.009682362996952004,25,158
B_only,1000,10000,-0.00012207715779186687,-0.000677201249950961,0.0005551240921590941,25,158
A_only,1000,2000,-0.3357420239538402,-0.0033189882361477573,-0.33242303571769244,50,158
hybrid,1000,2000,-0.04159307575375672,-0.0033189882361477573,-0.03827408751760896,50,158
B_only,1000,2000,-0.10006695106430058,-0.0033189882361477573,-0.09674796282815282,50,158
A_only,1000,5000,-1.0569716265283973,-0.0014094271702523638,-1.055562199358145,50,158
hybrid,1000,5000,-0.46484077062519447,-0.0014094271702523638,-0.4634313434549421,50,158
B_only,1000,5000,-0.46141625505773215,-0.0014094271702523638,-0.46000682788747976,50,158
A_only,1000,10000,-1.1706507856280832,-0.0014094271702523638,-1.169241358457831,50,158
hybrid,1000,10000,-0.6936423063270959,-0.0014094271702523638,-0.6922328791568435,50,158
B_only,1000,10000,-0.2614037580943087,-0.0014094271702523638,-0.2599943309240563,50,158
A_only,1000,2000,-0.4849704871572432,-0.10943357822942999,-0.3755369089278132,100,158
hybrid,1000,2000,-0.062287613709589684,-0.10943357822942999,0.04714596451984031,100,158
B_only,1000,2000,-0.44200054723012655,-0.10943357822942999,-0.33256696900069654,100,158
A_only,1000,5000,-1.007683506119704,-0.0014094271702523638,-1.0062740789494518,100,158
hybrid,1000,5000,-0.18304768184874384,-0.0014094271702523638,-0.18163825467849148,100,158
B_only,1000,5000,-3.0830696970272633e-06,-0.0014094271702523638,0.0014063441005553365,100,158
A_only,1000,10000,-0.10096718798410811,-0.000677201249950961,-0.10028998673415715,100,158
hybrid,1000,10000,-0.03327809311742824,-0.000677201249950961,-0.032600891867477284,100,158
B_only,1000,10000,-0.34828474976205925,-0.000677201249950961,-0.3476075485121083,100,158
A_only,1000,2000,-1.3592182732659364,-0.018494542316971195,-1.3407237309489652,200,158
hybrid,1000,2000,-0.3221622822562217,-0.018494542316971195,-0.3036677399392505,200,158
B_only,1000,2000,-0.0005646989965973898,-0.018494542316971195,0.017929843320373805,200,158
A_only,1000,5000,-0.1317908559940828,-0.0014094271702523638,-0.13038142882383044,200,158
hybrid,1000,5000,-0.014260047812368825,-0.0014094271702523638,-0.01285062064211646,200,158
B_only,1000,5000,-0.000323710592687153,-0.0014094271702523638,0.001085716577565211,200,158
A_only,1000,10000,-1.1163645728386513,-0.0014094271702523638,-1.114955145668399,200,158
hybrid,1000,10000,-0.3939330761458967,-0.0014094271702523638,-0.3925236489756443,200,158
B_only,1000,10000,-0.0015379338294595182,-0.0014094271702523638,-0.00012850665920715438,200,158
A_only,1000,2000,-0.22777557076370708,-0.04467924927401707,-0.18309632148969002,500,158
hybrid,1000,2000,-0.03342209683475138,-0.04467924927401707,0.011257152439265693,500,158
B_only,1000,2000,-0.06315069468315478,-0.04467924927401707,-0.018471445409137706,500,158
A_only,1000,5000,-1.431864552352582,-0.018494542316971195,-1.4133700100356108,500,158
hybrid,1000,5000,-0.4224057768075649,-0.018494542316971195,-0.40391123449059374,500,158
B_only,1000,5000,-0.0030877560058994503,-0.018494542316971195,0.015406786311071745,500,158
A_only,1000,10000,-0.6113251596469085,-0.000677201249950961,-0.6106479583969575,500,158
hybrid,1000,10000,-0.19243569871055732,-0.000677201249950961,-0.19175849746060636,500,158
B_only,1000,10000,-0.009950929390938277,-0.000677201249950961,-0.009273728140987316,500,158
A_only,1000,2000,-3.1582205514275468,-0.0014094271702523638,-3.1568111242572945,25,159
hybrid,1000,2000,-1.3190114949124887,-0.0014094271702523638,-1.3176020677422364,25,159
B_only,1000,2000,-1.523825616682617e-05,-0.0014094271702523638,0.0013941889140855377,25,159
A_only,1000,5000,-0.49518833247391747,-0.000677201249950961,-0.4945111312239665,25,159
hybrid,1000,5000,-0.04855749407171421,-0.000677201249950961,-0.04788029282176325,25,159
B_only,1000,5000,-2.3690251370922434e-11,-0.000677201249950961,0.0006772012262607096,25,159
A_only,1000,10000,-0.4940201188606256,-0.000677201249950961,-0.4933429176106746,25,159
hybrid,1000,10000,-0.12189058349298781,-0.000677201249950961,-0.12121338224303685,25,159
B_only,1000,10000,-0.0012932223359475165,-0.000677201249950961,-0.0006160210859965555,25,159
A_only,1000,2000,-1.6258468070780585,-0.10953837757218061,-1.516308429505878,50,159
hybrid,1000,2000,-0.8696603424248504,-0.10953837757218061,-0.7601219648526697,50,159
B_only,1000,2000,-0.5853023046179043,-0.10953837757218061,-0.47576392704572373,50,159
A_only,1000,5000,-0.27842096435848046,-0.016652718459798817,-0.26176824589868164,50,159
hybrid,1000,5000,-0.05074955056839621,-0.016652718459798817,-0.03409683210859739,50,159
B_only,1000,5000,-0.0003858952939217993,-0.016652718459798817,0.016266823165877017,50,159
A_only,1000,10000,-0.5616119073288137,-0.0017750075215489918,-0.5598368998072647,50,159
hybrid,1000,10000,-0.25404608010860974,-0.0017750075215489918,-0.2522710725870608,50,159
B_only,1000,10000,-0.27489423246740785,-0.0017750075215489918,-0.2731192249458589,50,159
A_only,1000,2000,-1.1093922043331246,-0.048388414081634995,-1.0610037902514895,100,159
hybrid,1000,2000,-0.42058269393852227,-0.048388414081634995,-0.37219427985688724,100,159
B_only,1000,2000,-0.007425621355653453,-0.048388414081634995,0.040962792725981544,100,159
A_only,1000,5000,-1.3240923967507723,-0.016652718459798817,-1.3074396782909734,100,159
hybrid,1000,5000,-0.8045068757864987,-0.016652718459798817,-0.7878541573266999,100,159
B_only,1000,5000,-0.7076984564728103,-0.016652718459798817,-0.6910457380130115,100,159
A_only,1000,10000,-1.2598123170559885,-0.000677201249950961,-1.2591351158060375,100,159
hybrid,1000,10000,-0.5650680386764616,-0.000677201249950961,-0.5643908374265106,100,159
B_only,1000,10000,-0.2971782954216488,-0.000677201249950961,-0.29650109417169784,100,159
A_only,1000,2000,-2.042775603974425,-0.000677201249950961,-2.042098402724474,200,159
hybrid,1000,2000,-0.7263751847284899,-0.000677201249950961,-0.725697983478539,200,159
B_only,1000,2000,-0.022077072046209407,-0.000677201249950961,-0.021399870796258446,200,159
A_only,1000,5000,-0.5858064422314592,-0.0014094271702523638,-0.5843970150612068,200,159
hybrid,1000,5000,-0.18905317144318923,-0.0014094271702523638,-0.18764374427293687,200,159
B_only,1000,5000,-0.24084238490917315,-0.0014094271702523638,-0.2394329577389208,200,159
A_only,1000,10000,-1.0816686178826285,-0.0014094271702523638,-1.0802591907123762,200,159
hybrid,1000,10000,-0.3109684683848764,-0.0014094271702523638,-0.309559041214624,200,159
B_only,1000,10000,-5.0236033605504763e-05,-0.0014094271702523638,0.001359191136646859,200,159
A_only,1000,2000,-2.192634761828354,-0.000677201249950961,-2.191957560578403,500,159
hybrid,1000,2000,-0.7296759332358259,-0.000677201249950961,-0.728998731985875,500,159
B_only,1000,2000,-0.11931304524368014,-0.000677201249950961,-0.11863584399372917,500,159
A_only,1000,5000,-1.3979437866635909,-0.016652718459798817,-1.381291068203792,500,159
hybrid,1000,5000,-0.5323202227055965,-0.016652718459798817,-0.5156675042457978,500,159
B_only,1000,5000,-0.09240966279449238,-0.016652718459798817,-0.07575694433469356,500,159
A_only,1000,10000,-0.22094754637393446,-0.0017750075215489918,-0.21917253885238547,500,159
hybrid,1000,10000,-0.029640410749817152,-0.0017750075215489918,-0.027865403228268158,500,159
B_only,1000,10000,-1.4276625824542605e-06,-0.0017750075215489918,0.0017735798589665376,500,159
A_only,1000,2000,-0.9398771873395971,-0.02619584115917027,-0.9136813461804268,25,160
hybrid,1000,2000,-0.4564913006966441,-0.02619584115917027,-0.43029545953747383,25,160
B_only,1000,2000,-1.460806136883698,-0.02619584115917027,-1.4346102957245277,25,160
A_only,1000,5000,-1.5850864547443755,-0.02619584115917027,-1.5588906135852052,25,160
hybrid,1000,5000,-1.093792192123577,-0.02619584115917027,-1.0675963509644066,25,160
B_only,1000,5000,-0.7029125353973146,-0.02619584115917027,-0.6767166942381443,25,160
A_only,1000,10000,-0.5000944687332733,-0.000677201249950961,-0.4994172674833224,25,160
hybrid,1000,10000,-0.19274865493886492,-0.000677201249950961,-0.19207145368891396,25,160
B_only,1000,10000,-1.0385128594747683,-0.000677201249950961,-1.0378356582248174,25,160
A_only,1000,2000,-1.8159474865052156,-0.14881734467110364,-1.667130141834112,50,160
hybrid,1000,2000,-0.5044227534632868,-0.14881734467110364,-0.35560540879218316,50,160
B_only,1000,2000,-0.0002934146103449338,-0.14881734467110364,0.1485239300607587,50,160
A_only,1000,5000,-1.4794539951496286,-0.000677201249950961,-1.4787767938996776,50,160
hybrid,1000,5000,-1.0481023130095377,-0.000677201249950961,-1.0474251117595867,50,160
B_only,1000,5000,-0.6099129844046763,-0.000677201249950961,-0.6092357831547254,50,160
A_only,1000,10000,-1.0487114443625583,-0.01653092336097194,-1.0321805210015864,50,160
hybrid,1000,10000,-0.47344969771137746,-0.01653092336097194,-0.4569187743504055,50,160
B_only,1000,10000,-0.07960171372517684,-0.01653092336097194,-0.0630707903642049,50,160
A_only,1000,2000,-2.577959616940206,-0.136118387533595,-2.4418412294066107,100,160
hybrid,1000,2000,-1.2821642761819723,-0.136118387533595,-1.1460458886483773,100,160
B_only,1000,2000,-0.18647849860269508,-0.136118387533595,-0.05036011106910007,100,160
A_only,1000,5000,-0.6185942738838002,-0.04467924927401707,-0.573915024609783,100,160
hybrid,1000,5000,-0.2604359675244415,-0.04467924927401707,-0.21575671825042442,100,160
B_only,1000,5000,-0.6900105680765135,-0.04467924927401707,-0.6453313188024964,100,160
A_only,1000,10000,-0.437986658595069,-0.0014094271702523638,-0.43657723142481664,100,160
hybrid,1000,10000,-0.13981390656755796,-0.0014094271702523638,-0.1384044793973056,100,160
B_only,1000,10000,-0.12233530134033654,-0.0014094271702523638,-0.12092587417008419,100,160
A_only,1000,2000,-1.2649807423583344,-0.000677201249950961,-1.2643035411083834,200,160
hybrid,1000,2000,-0.4071227225755742,-0.000677201249950961,-0.4064455213256232,200,160
B_only,1000,2000,-0.02083342562874041,-0.000677201249950961,-0.020156224378789448,200,160
A_only,1000,5000,-1.5081160343068991,-0.02619584115917027,-1.4819201931477288,200,160
hybrid,1000,5000,-0.7281220888881437,-0.02619584115917027,-0.7019262477289734,200,160
B_only,1000,5000,-0.020380029922305164,-0.02619584115917027,0.005815811236865108,200,160
A_only,1000,10000,-0.11413912170164653,-0.01653092336097194,-0.09760819834067459,200,160
hybrid,1000,10000,-0.00896978062783389,-0.01653092336097194,0.00756114273313805,200,160
B_only,1000,10000,-3.615212918626192e-08,-0.01653092336097194,0.016530887208842753,200,160
A_only,1000,2000,-1.4434203390078264,-0.018494542316971195,-1.4249257966908553,500,160
hybrid,1000,2000,-0.7663408087615833,-0.018494542316971195,-0.747846266444612,500,160
B_only,1000,2000,-0.9194630381132002,-0.018494542316971195,-0.900968495796229,500,160
A_only,1000,5000,-0.023148827728697256,-0.01653092336097194,-0.006617904367725316,500,160
hybrid,1000,5000,-0.0031626659920877325,-0.01653092336097194,0.013368257368884206,500,160
B_only,1000,5000,-0.0009444172251797918,-0.01653092336097194,0.015586506135792148,500,160
A_only,1000,10000,-0.0373437313275038,-0.000677201249950961,-0.03666653007755284,500,160
hybrid,1000,10000,-0.008477785035575105,-0.000677201249950961,-0.0078005837856241446,500,160
B_only,1000,10000,-0.07679752164017735,-0.000677201249950961,-0.07612032039022638,500,160
A_only,1000,2000,-1.2335633167384206,-0.016652718459798817,-1.2169105982786217,25,161
hybrid,1000,2000,-0.8901370395585966,-0.016652718459798817,-0.8734843210987978,25,161
B_only,1000,2000,-0.1397513374168603,-0.016652718459798817,-0.12309861895706148,25,161
A_only,1000,5000,-0.44449818070057595,-0.01653092336097194,-0.427967257339604,25,161
hybrid,1000,5000,-0.10821226048684206,-0.01653092336097194,-0.09168133712587012,25,161
B_only,1000,5000,-0.10353242097924487,-0.01653092336097194,-0.08700149761827293,25,161
A_only,1000,10000,-1.3502467514070728,-0.0014094271702523638,-1.3488373242368206,25,161
hybrid,1000,10000,-0.646130017775888,-0.0014094271702523638,-0.6447205906056356,25,161
B_only,1000,10000,-0.12827795103531336,-0.0014094271702523638,-0.126868523865061,25,161
A_only,1000,2000,-1.521429470573331,-0.0014094271702523638,-1.5200200434030788,50,161
hybrid,1000,2000,-0.5467967361401314,-0.0014094271702523638,-0.545387308969879,50,161
B_only,1000,2000,-3.854838485135509e-06,-0.0014094271702523638,0.0014055723317672284,50,161
A_only,1000,5000,-0.588781245092315,-0.0014094271702523638,-0.5873718179220626,50,161
hybrid,1000,5000,-0.2478247533074241,-0.0014094271702523638,-0.24641532613717174,50,161
B_only,1000,5000,-0.03710244884150697,-0.0014094271702523638,-0.035693021671254606,50,161
A_only,1000,10000,-0.6530538001988687,-0.000677201249950961,-0.6523765989489178,50,161
hybrid,1000,10000,-0.18627097746692514,-0.000677201249950961,-0.18559377621697418,50,161
B_only,1000,10000,-0.01577929165228524,-0.000677201249950961,-0.015102090402334279,50,161
A_only,1000,2000,-1.295536413627164,-0.01653092336097194,-1.2790054902661923,100,161
hybrid,1000,2000,-0.4869206621390104,-0.01653092336097194,-0.47038973877803847,100,161
B_only,1000,2000,-0.011043496761856514,-0.01653092336097194,0.005487426599115426,100,161
A_only,1000,5000,-1.340012369943946,-0.0014094271702523638,-1.3386029427736936,100,161
hybrid,1000,5000,-0.5919002869583698,-0.0014094271702523638,-0.5904908597881174,100,161
B_only,1000,5000,-1.315809724604188e-06,-0.0014094271702523638,0.0014081113605277596,100,161
A_only,1000,10000,-0.0781732568393149,-0.000677201249950961,-0.07749605558936394,100,161
hybrid,1000,10000,-0.008980673640839189,-0.000677201249950961,-0.008303472390888227,100,161
B_only,1000,10000,-0.5564536362078393,-0.000677201249950961,-0.5557764349578883,100,161
A_only,1000,2000,-1.404514156117307,-0.000677201249950961,-1.403836954867356,200,161
hybrid,1000,2000,-0.19089884345051236,-0.000677201249950961,-0.1902216422005614,200,161
B_only,1000,2000,-2.8155762602948937e-06,-0.000677201249950961,0.0006743856736906661,200,161
A_only,1000,5000,-1.3360546285569979,-0.000677201249950961,-1.335377427307047,200,161
hybrid,1000,5000,-0.9204223416168726,-0.000677201249950961,-0.9197451403669217,200,161
B_only,1000,5000,-0.5236466139111531,-0.000677201249950961,-0.5229694126612021,200,161
A_only,1000,10000,-0.6088277434492472,-0.000677201249950961,-0.6081505421992962,200,161
hybrid,1000,10000,-0.1860993932792182,-0.000677201249950961,-0.18542219202926724,200,161
B_only,1000,10000,-0.00011392452072952438,-0.000677201249950961,0.0005632767292214366,200,161
A_only,1000,2000,-1.080274898161887,-0.0017750075215489918,-1.078499890640338,500,161
hybrid,1000,2000,-0.2869669314289767,-0.0017750075215489918,-0.28519192390742776,500,161
B_only,1000,2000,-0.0009018982952766399,-0.0017750075215489918,0.0008731092262723519,500,161
A_only,1000,5000,-0.25371498561849026,-0.000677201249950961,-0.2530377843685393,500,161
hybrid,1000,5000,-0.058789768212562196,-0.000677201249950961,-0.05811256696261124,500,161
B_only,1000,5000,-0.007225723882861167,-0.000677201249950961,-0.006548522632910206,500,161
A_only,1000,10000,-0.7878122686372239,-0.000677201249950961,-0.7871350673872729,500,161
hybrid,1000,10000,-0.1867649439020946,-0.000677201249950961,-0.18608774265214365,500,161
B_only,1000,10000,-0.024992130254414775,-0.000677201249950961,-0.024314929004463814,500,161
A_only,1000,2000,-2.9781508840042323,-0.07123766710210508,-2.9069132169021272,25,162
hybrid,1000,2000,-1.6222236169791038,-0.07123766710210508,-1.5509859498769987,25,162
B_only,1000,2000,-0.08475091992980593,-0.07123766710210508,-0.013513252827700856,25,162
A_only,1000,5000,-0.8882508788801216,-0.0014094271702523638,-0.8868414517098692,25,162
hybrid,1000,5000,-0.2764067224796174,-0.0014094271702523638,-0.274997295309365,25,162
B_only,1000,5000,-0.13148309518675455,-0.0014094271702523638,-0.1300736680165022,25,162
A_only,1000,10000,-1.648347078886048,-0.0014094271702523638,-1.6469376517157956,25,162
hybrid,1000,10000,-1.168715680271652,-0.0014094271702523638,-1.1673062531013998,25,162
B_only,1000,10000,-0.1282240350022234,-0.0014094271702523638,-0.12681460783197104,25,162
A_only,1000,2000,-0.049385548113678346,-0.01653092336097194,-0.03285462475270641,50,162
hybrid,1000,2000,-0.0011444122827681561,-0.01653092336097194,0.015386511078203782,50,162
B_only,1000,2000,-1.726780265394474,-0.01653092336097194,-1.710249342033502,50,162
A_only,1000,5000,-0.9634025346434351,-0.0033189882361477573,-0.9600835464072873,50,162
hybrid,1000,5000,-0.45593735600573987,-0.0033189882361477573,-0.45261836776959213,50,162
B_only,1000,5000,-0.6071364852890005,-0.0033189882361477573,-0.6038174970528528,50,162
A_only,1000,10000,-0.17748194902802916,-0.000677201249950961,-0.1768047477780782,50,162
hybrid,1000,10000,-0.03543988985099321,-0.000677201249950961,-0.03476268860104225,50,162
B_only,1000,10000,-0.18088375495036188,-0.000677201249950961,-0.18020655370041092,50,162
A_only,1000,2000,-1.3425416393238303,-0.016652718459798817,-1.3258889208640314,100,162
hybrid,1000,2000,-0.743296669817362,-0.016652718459798817,-0.7266439513575632,100,162
B_only,1000,2000,-0.6760676763334427,-0.016652718459798817,-0.6594149578736439,100,162
A_only,1000,5000,-0.9910861423281592,-0.0017750075215489918,-0.9893111348066101,100,162
hybrid,1000,5000,-0.3306804415004448,-0.0017750075215489918,-0.3289054339788958,100,162
B_only,1000,5000,-0.001116807294587175,-0.0017750075215489918,0.0006582002269618168,100,162
A_only,1000,10000,-0.550397051868745,-0.000677201249950961,-0.549719850618794,100,162
hybrid,1000,10000,-0.20462048879574954,-0.000677201249950961,-0.20394328754579857,100,162
B_only,1000,10000,-0.0146939189084437,-0.000677201249950961,-0.01401671765849274,100,162
A_only,1000,2000,-1.0365636919103591,-0.018494542316971195,-1.018069149593388,200,162
hybrid,1000,2000,-0.4318457824120378,-0.018494542316971195,-0.41335124009506663,200,162
B_only,1000,2000,-0.07995791651167256,-0.018494542316971195,-0.06146337419470136,200,162
A_only,1000,5000,-0.8887288588227295,-0.01653092336097194,-0.8721979354617575,200,162
hybrid,1000,5000,-0.2657615879415084,-0.01653092336097194,-0.24923066458053644,200,162
B_only,1000,5000,-0.02126454594502423,-0.01653092336097194,-0.004733622584052289,200,162
A_only,1000,10000,-0.9304178665499508,-0.000677201249950961,-0.9297406652999999,200,162
hybrid,1000,10000,-0.2778884457034034,-0.000677201249950961,-0.2772112444534524,200,162
B_only,1000,10000,-2.308270275897963e-06,-0.000677201249950961,0.000674892979675063,200,162
A_only,1000,2000,-0.6681460352365368,-0.0014094271702523638,-0.6667366080662844,500,162
hybrid,1000,2000,-0.2070283559352717,-0.0014094271702523638,-0.20561892876501933,500,162
B_only,1000,2000,-0.03111769139098652,-0.0014094271702523638,-0.029708264220734158,500,162
A_only,1000,5000,-0.5160671095877414,-0.0017750075215489918,-0.5142921020661924,500,162
hybrid,1000,5000,-0.18979976975140475,-0.0017750075215489918,-0.18802476222985576,500,162
B_only,1000,5000,-0.0293901467038378,-0.0017750075215489918,-0.027615139182288806,500,162
A_only,1000,10000,-1.5513072103217371,-0.0017750075215489918,-1.549532202800188,500,162
hybrid,1000,10000,-0.6341428111444877,-0.0017750075215489918,-0.6323678036229387,500,162
B_only,1000,10000,-0.057762589094842914,-0.0017750075215489918,-0.05598758157329392,500,162
A_only,1000,2000,-1.5945352973315372,-0.06997887129157059,-1.5245564260399667,25,163
hybrid,1000,2000,-0.9661572524909279,-0.06997887129157059,-0.8961783811993573,25,163
B_only,1000,2000,-0.001646640815384775,-0.06997887129157059,0.0683322304761858,25,163
A_only,1000,5000,-1.9236640986107407,-0.0033189882361477573,-1.920345110374593,25,163
hybrid,1000,5000,-1.1917002422217686,-0.0033189882361477573,-1.1883812539856209,25,163
B_only,1000,5000,-0.5854472850276473,-0.0033189882361477573,-0.5821282967914996,25,163
A_only,1000,10000,-0.07973039873988862,-0.016652718459798817,-0.0630776802800898,25,163
hybrid,1000,10000,-0.01486794187931856,-0.016652718459798817,0.0017847765804802577,25,163
B_only,1000,10000,-1.8572141482387687,-0.016652718459798817,-1.8405614297789699,25,163
A_only,1000,2000,-1.739956454883678,-0.000677201249950961,-1.739279253633727,50,163
hybrid,1000,2000,-0.9930065498327186,-0.000677201249950961,-0.9923293485827677,50,163
B_only,1000,2000,-0.09652997486528261,-0.000677201249950961,-0.09585277361533165,50,163
A_only,1000,5000,-1.7064203361225783,-0.0014094271702523638,-1.705010908952326,50,163
hybrid,1000,5000,-0.5730689835381637,-0.0014094271702523638,-0.5716595563679113,50,163
B_only,1000,5000,-8.007887091197414e-07,-0.0014094271702523638,0.0014086263815432441,50,163
A_only,1000,10000,-0.6233515496253736,-0.000677201249950961,-0.6226743483754227,50,163
hybrid,1000,10000,-0.13364961319572966,-0.000677201249950961,-0.1329724119457787,50,163
B_only,1000,10000,-5.217157135040928e-06,-0.000677201249950961,0.00067198409281592,50,163
A_only,1000,2000,-1.4753697630730263,-0.13871280870864297,-1.3366569543643834,100,163
hybrid,1000,2000,-0.6472634922325495,-0.13871280870864297,-0.5085506835239065,100,163
B_only,1000,2000,-0.6241619956698861,-0.13871280870864297,-0.48544918696124306,100,163
A_only,1000,5000,-1.3674662545830478,-0.000677201249950961,-1.3667890533330969,100,163
hybrid,1000,5000,-0.6081006346132539,-0.000677201249950961,-0.607423433363303,100,163
B_only,1000,5000,-0.0001853582164531396,-0.000677201249950961,0.0004918430334978213,100,163
A_only,1000,10000,-0.8372808129809943,-0.0033189882361477573,-0.8339618247448466,100,163
hybrid,1000,10000,-0.3938159846167458,-0.0033189882361477573,-0.39049699638059804,100,163
B_only,1000,10000,-0.07346910403985654,-0.0033189882361477573,-0.07015011580370878,100,163
A_only,1000,2000,-2.1848506996381887,-0.000677201249950961,-2.1841734983882377,200,163
hybrid,1000,2000,-1.0529335032117382,-0.000677201249950961,-1.0522563019617872,200,163
B_only,1000,2000,-0.3561408983497915,-0.000677201249950961,-0.35546369709984055,200,163
A_only,1000,5000,-0.07326330179264992,-0.000677201249950961,-0.07258610054269896,200,163
hybrid,1000,5000,-0.011582784069579008,-0.000677201249950961,-0.010905582819628046,200,163
B_only,1000,5000,-0.32432172171927304,-0.000677201249950961,-0.3236445204693221,200,163
A_only,1000,10000,-0.6340890085084055,-0.0017750075215489918,-0.6323140009868565,200,163
hybrid,1000,10000,-0.3562778429428507,-0.0017750075215489918,-0.35450283542130173,200,163
B_only,1000,10000,-0.011919465565852747,-0.0017750075215489918,-0.010144458044303755,200,163
A_only,1000,2000,-1.3437271556750523,-0.0014094271702523638,-1.3423177285048,500,163
hybrid,1000,2000,-0.25742485797959186,-0.0014094271702523638,-0.2560154308093395,500,163
B_only,1000,2000,-0.0031840687170524616,-0.0014094271702523638,-0.0017746415468000978,500,163
A_only,1000,5000,-0.6976732663242087,-0.000677201249950961,-0.6969960650742577,500,163
hybrid,1000,5000,-0.10138898238976118,-0.000677201249950961,-0.10071178113981022,500,163
B_only,1000,5000,-0.0009735128586461166,-0.000677201249950961,-0.00029631160869515564,500,163
A_only,1000,10000,-0.1416037567283322,-0.000677201249950961,-0.14092655547838123,500,163
hybrid,1000,10000,-0.018055864055398184,-0.000677201249950961,-0.017378662805447222,500,163
B_only,1000,10000,-1.099665449336842e-06,-0.000677201249950961,0.0006761015845016241,500,163
A_only,1000,2000,-0.8342104661653641,-0.021107167799241426,-0.8131032983661227,25,164
hybrid,1000,2000,-0.27751833092094136,-0.021107167799241426,-0.2564111631216999,25,164
B_only,1000,2000,-0.19809616121863,-0.021107167799241426,-0.17698899341938856,25,164
A_only,1000,5000,-1.3726390918862408,-0.12341214349600381,-1.249226948390237,25,164
hybrid,1000,5000,-0.6274392917443741,-0.12341214349600381,-0.5040271482483702,25,164
B_only,1000,5000,-0.043176964095390395,-0.12341214349600381,0.08023517940061342,25,164
A_only,1000,10000,-1.361593477238254,-0.0014094271702523638,-1.3601840500680018,25,164
hybrid,1000,10000,-1.0766019019250357,-0.0014094271702523638,-1.0751924747547834,25,164
B_only,1000,10000,-1.2634832110063297,-0.0014094271702523638,-1.2620737838360774,25,164
A_only,1000,2000,-1.287138055377291,-0.0017750075215489918,-1.285363047855742,50,164
hybrid,1000,2000,-0.23909632418664817,-0.0017750075215489918,-0.23732131666509917,50,164
B_only,1000,2000,-1.6205717333431317e-05,-0.0017750075215489918,0.0017588018042155604,50,164
A_only,1000,5000,-0.776940572080469,-0.000677201249950961,-0.776263370830518,50,164
hybrid,1000,5000,-0.32163370180461587,-0.000677201249950961,-0.3209565005546649,50,164
B_only,1000,5000,-0.24840196675865245,-0.000677201249950961,-0.24772476550870148,50,164
A_only,1000,10000,-0.35994754644888394,-0.016652718459798817,-0.3432948279890851,50,164
hybrid,1000,10000,-0.15545789389356574,-0.016652718459798817,-0.13880517543376691,50,164
B_only,1000,10000,-1.0281827860894137,-0.016652718459798817,-1.0115300676296148,50,164
A_only,1000,2000,-2.8882922509484428,-0.0014094271702523638,-2.8868828237781905,100,164
hybrid,1000,2000,-1.7260818976492058,-0.0014094271702523638,-1.7246724704789536,100,164
B_only,1000,2000,-0.18706781132933586,-0.0014094271702523638,-0.1856583841590835,100,164
A_only,1000,5000,-0.6570823430757313,-0.0014094271702523638,-0.6556729159054789,100,164
hybrid,1000,5000,-0.18744909597935105,-0.0014094271702523638,-0.1860396688090987,100,164
B_only,1000,5000,-0.007348805728858879,-0.0014094271702523638,-0.005939378558606516,100,164
A_only,1000,10000,-0.12721315405940337,-0.0017750075215489918,-0.12543814653785437,100,164
hybrid,1000,10000,-0.017013441632188254,-0.0017750075215489918,-0.015238434110639262,100,164
B_only,1000,10000,-0.0008826242325301838,-0.0017750075215489918,0.000892383289018808,100,164
A_only,1000,2000,-2.3816887864556713,-0.06997887129157059,-2.3117099151641005,200,164
hybrid,1000,2000,-0.6538194489265424,-0.06997887129157059,-0.5838405776349719,200,164
B_only,1000,2000,-0.003976397982620271,-0.06997887129157059,0.06600247330895032,200,164
A_only,1000,5000,-1.5057750934629486,-0.01653092336097194,-1.4892441701019767,200,164
hybrid,1000,5000,-0.40976508527828337,-0.01653092336097194,-0.3932341619173114,200,164
B_only,1000,5000,-0.0003770972993496141,-0.01653092336097194,0.016153826061622325,200,164
A_only,1000,10000,-1.1512985846939303,-0.000677201249950961,-1.1506213834439794,200,164
hybrid,1000,10000,-0.3303053360509215,-0.000677201249950961,-0.32962813480097053,200,164
B_only,1000,10000,-0.018884737718593832,-0.000677201249950961,-0.01820753646864287,200,164
A_only,1000,2000,-0.8942510473951817,-0.000677201249950961,-0.8935738461452307,500,164
hybrid,1000,2000,-0.19358263330292225,-0.000677201249950961,-0.19290543205297128,500,164
B_only,1000,2000,-0.014330865677580497,-0.000677201249950961,-0.013653664427629535,500,164
A_only,1000,5000,-1.4926184507982412,-0.0014094271702523638,-1.491209023627989,500,164
hybrid,1000,5000,-0.24204085053801175,-0.0014094271702523638,-0.2406314233677594,500,164
B_only,1000,5000,-0.011731452667570808,-0.0014094271702523638,-0.010322025497318444,500,164
A_only,1000,10000,-0.5055680453500924,-0.01653092336097194,-0.4890371219891204,500,164
hybrid,1000,10000,-0.11568885989401757,-0.01653092336097194,-0.09915793653304564,500,164
B_only,1000,10000,-0.005076378087062613,-0.01653092336097194,0.011454545273909326,500,164
A_only,1000,2000,-0.8593333978983252,-0.12341214349600381,-0.7359212544023214,25,165
hybrid,1000,2000,-0.12801792135121057,-0.12341214349600381,-0.004605777855206758,25,165
B_only,1000,2000,-0.0004416958679114392,-0.12341214349600381,0.12297044762809237,25,165
A_only,1000,5000,-0.8148559288644711,-0.01653092336097194,-0.7983250055034992,25,165
hybrid,1000,5000,-0.23080709571738633,-0.01653092336097194,-0.21427617235641438,25,165
B_only,1000,5000,-5.031142033691089e-05,-0.01653092336097194,0.016480611940635027,25,165
A_only,1000,10000,-1.8830990593219814,-0.000677201249950961,-1.8824218580720304,25,165
hybrid,1000,10000,-2.325899325108416,-0.000677201249950961,-2.325222123858465,25,165
B_only,1000,10000,-2.9533702049849015,-0.000677201249950961,-2.9526930037349506,25,165
A_only,1000,2000,-1.3684719156964165,-0.016652718459798817,-1.3518191972366176,50,165
hybrid,1000,2000,-0.8175634120666466,-0.016652718459798817,-0.8009106936068479,50,165
B_only,1000,2000,-0.8564689454282036,-0.016652718459798817,-0.8398162269684049,50,165
A_only,1000,5000,-1.5241045987373951,-0.0017750075215489918,-1.522329591215846,50,165
hybrid,1000,5000,-0.8837829160426884,-0.0017750075215489918,-0.8820079085211394,50,165
B_only,1000,5000,-0.23027516165240575,-0.0017750075215489918,-0.22850015413085675,50,165
A_only,1000,10000,-0.3361841612601098,-0.000677201249950961,-0.33550696001015884,50,165
hybrid,1000,10000,-0.04203558967605145,-0.000677201249950961,-0.04135838842610049,50,165
B_only,1000,10000,-0.000213092592364293,-0.000677201249950961,0.000464108657586668,50,165
A_only,1000,2000,-2.092128262394193,-0.1111690382606413,-1.9809592241335514,100,165
hybrid,1000,2000,-0.9952792006828496,-0.1111690382606413,-0.8841101624222083,100,165
B_only,1000,2000,-0.02467860075419443,-0.1111690382606413,0.08649043750644686,100,165
A_only,1000,5000,-0.6285084052736636,-0.034310857636452745,-0.5941975476372109,100,165
hybrid,1000,5000,-0.25005914632189374,-0.034310857636452745,-0.215748288685441,100,165
B_only,1000,5000,-0.04015676502395455,-0.034310857636452745,-0.005845907387501806,100,165
A_only,1000,10000,-2.0845664420878567,-0.0014094271702523638,-2.0831570149176044,100,165
hybrid,1000,10000,-1.2068242752448761,-0.0014094271702523638,-1.2054148480746238,100,165
B_only,1000,10000,-0.20386359594797082,-0.0014094271702523638,-0.20245416877771846,100,165
A_only,1000,2000,-1.0649505213180266,-0.02619584115917027,-1.0387546801588563,200,165
hybrid,1000,2000,-0.30877336819558016,-0.02619584115917027,-0.28257752703640987,200,165
B_only,1000,2000,-0.1842493442067633,-0.02619584115917027,-0.15805350304759302,200,165
A_only,1000,5000,-1.5838176706120173,-0.016652718459798817,-1.5671649521522184,200,165
hybrid,1000,5000,-0.6358844240154503,-0.016652718459798817,-0.6192317055556515,200,165
B_only,1000,5000,-0.033633027809075254,-0.016652718459798817,-0.016980309349276437,200,165
A_only,1000,10000,-0.008469322812773579,-0.000677201249950961,-0.007792121562822618,200,165
hybrid,1000,10000,-0.000741001728787259,-0.000677201249950961,-6.380047883629801e-05,200,165
B_only,1000,10000,-0.00486574580264838,-0.000677201249950961,-0.00418854455269742,200,165
A_only,1000,2000,-1.5949846926319369,-0.0014094271702523638,-1.5935752654616846,500,165
hybrid,1000,2000,-0.4459779401453694,-0.0014094271702523638,-0.444568512975117,500,165
B_only,1000,2000,-0.0053915866846559815,-0.0014094271702523638,-0.003982159514403618,500,165
A_only,1000,5000,-0.5160920813020523,-0.01653092336097194,-0.49956115794108036,500,165
hybrid,1000,5000,-0.21633938207000775,-0.01653092336097194,-0.1998084587090358,500,165
B_only,1000,5000,-0.03968665908813848,-0.01653092336097194,-0.023155735727166542,500,165
A_only,1000,10000,-0.17002370306502995,-0.000677201249950961,-0.169346501815079,500,165
hybrid,1000,10000,-0.05866588873172407,-0.000677201249950961,-0.05798868748177311,500,165
B_only,1000,10000,-0.11390658522188954,-0.000677201249950961,-0.11322938397193857,500,165
A_only,1000,2000,-0.47591033481687345,-0.021107167799241426,-0.454803167017632,25,166
hybrid,1000,2000,-0.06246154098960138,-0.021107167799241426,-0.04135437319035996,25,166
B_only,1000,2000,-0.030743933630665344,-0.021107167799241426,-0.009636765831423918,25,166
A_only,1000,5000,-0.2987444043960236,-0.0014094271702523638,-0.29733497722577124,25,166
hybrid,1000,5000,-0.0564940656471375,-0.0014094271702523638,-0.055084638476885134,25,166
B_only,1000,5000,-0.24139885204779973,-0.0014094271702523638,-0.23998942487754737,25,166
A_only,1000,10000,-1.5843605328413546,-0.000677201249950961,-1.5836833315914036,25,166
hybrid,1000,10000,-0.3598249435354039,-0.000677201249950961,-0.35914774228545293,25,166
B_only,1000,10000,-2.1041015683320935e-08,-0.000677201249950961,0.0006771802089352776,25,166
A_only,1000,2000,-1.103265657721218,-0.14881734467110364,-0.9544483130501145,50,166
hybrid,1000,2000,-0.25816014528361375,-0.14881734467110364,-0.10934280061251012,50,166
B_only,1000,2000,-0.049242007312863316,-0.14881734467110364,0.09957533735824031,50,166
A_only,1000,5000,-0.12336632388412158,-0.01653092336097194,-0.10683540052314965,50,166
hybrid,1000,5000,-0.011816206308800046,-0.01653092336097194,0.004714717052171894,50,166
B_only,1000,5000,-1.3335506324602608,-0.01653092336097194,-1.317019709099289,50,166
A_only,1000,10000,-0.504593341201396,-0.000677201249950961,-0.503916139951445,50,166
hybrid,1000,10000,-0.1244728564138988,-0.000677201249950961,-0.12379565516394783,50,166
B_only,1000,10000,-0.0008053231506702384,-0.000677201249950961,-0.0001281219007192774,50,166
A_only,1000,2000,-2.20131296532142,-0.0033189882361477573,-2.197993977085272,100,166
hybrid,1000,2000,-1.344388040117751,-0.0033189882361477573,-1.3410690518816033,100,166
B_only,1000,2000,-0.025242113712763897,-0.0033189882361477573,-0.02192312547661614,100,166
A_only,1000,5000,-2.2945247242937707,-0.01653092336097194,-2.2779938009327987,100,166
hybrid,1000,5000,-1.304017148977235,-0.01653092336097194,-1.2874862256162631,100,166
B_only,1000,5000,-0.07844064977034088,-0.01653092336097194,-0.06190972640936894,100,166
A_only,1000,10000,-1.2686225099953052,-0.0014094271702523638,-1.267213082825053,100,166
hybrid,1000,10000,-0.530352464017923,-0.0014094271702523638,-0.5289430368476706,100,166
B_only,1000,10000,-0.015247951356539207,-0.0014094271702523638,-0.013838524186286843,100,166
A_only,1000,2000,-0.6498135809770267,-0.021107167799241426,-0.6287064131777853,200,166
hybrid,1000,2000,-0.2772051674980596,-0.021107167799241426,-0.2560979996988182,200,166
B_only,1000,2000,-0.25001037246658775,-0.021107167799241426,-0.22890320466734632,200,166
A_only,1000,5000,-1.7720317159880263,-0.0014094271702523638,-1.770622288817774,200,166
hybrid,1000,5000,-0.5742975082000416,-0.0014094271702523638,-0.5728880810297892,200,166
B_only,1000,5000,-0.0004767721541368906,-0.0014094271702523638,0.0009326550161154732,200,166
A_only,1000,10000,-0.7332449834083787,-0.000677201249950961,-0.7325677821584278,200,166
hybrid,1000,10000,-0.3048853743950382,-0.000677201249950961,-0.30420817314508725,200,166
B_only,1000,10000,-0.01077449434889107,-0.000677201249950961,-0.010097293098940108,200,166
A_only,1000,2000,-2.3140652427931325,-0.000677201249950961,-2.3133880415431816,500,166
hybrid,1000,2000,-0.5984991944238568,-0.000677201249950961,-0.5978219931739058,500,166
B_only,1000,2000,-0.047618221682890434,-0.000677201249950961,-0.046941020432939476,500,166
A_only,1000,5000,-1.2103505110385249,-0.016652718459798817,-1.193697792578726,500,166
hybrid,1000,5000,-0.18471200173066127,-0.016652718459798817,-0.16805928327086245,500,166
B_only,1000,5000,-2.0536922322662047e-07,-0.016652718459798817,0.01665251309057559,500,166
A_only,1000,10000,-0.741735660324369,-0.0014094271702523638,-0.7403262331541166,500,166
hybrid,1000,10000,-0.12387384750327037,-0.0014094271702523638,-0.122464420333018,500,166
B_only,1000,10000,-1.0702963469887198e-06,-0.0014094271702523638,0.001408356873905375,500,166
A_only,1000,2000,-0.7646232240964482,-0.0442296682476969,-0.7203935558487513,25,167
hybrid,1000,2000,-0.22575951707447103,-0.0442296682476969,-0.18152984882677414,25,167
B_only,1000,2000,-1.0605394081576374,-0.0442296682476969,-1.0163097399099406,25,167
A_only,1000,5000,-0.7248295635509263,-0.0033189882361477573,-0.7215105753147786,25,167
hybrid,1000,5000,-0.22897990159863746,-0.0033189882361477573,-0.2256609133624897,25,167
B_only,1000,5000,-0.06573274891543879,-0.0033189882361477573,-0.06241376067929103,25,167
A_only,1000,10000,-0.08072033631616328,-0.0014094271702523638,-0.07931090914591092,25,167
hybrid,1000,10000,-0.004481772685716262,-0.0014094271702523638,-0.003072345515463898,25,167
B_only,1000,10000,-2.7790009582967114e-05,-0.0014094271702523638,0.0013816371606693966,25,167
A_only,1000,2000,-0.09759569192442713,-0.0014094271702523638,-0.09618626475417477,50,167
hybrid,1000,2000,-0.0014448463403754824,-0.0014094271702523638,-3.5419170123118576e-05,50,167
B_only,1000,2000,-1.0581729293965275e-05,-0.0014094271702523638,0.0013988454409583986,50,167
A_only,1000,5000,-1.6112910716857602,-0.000677201249950961,-1.6106138704358093,50,167
hybrid,1000,5000,-1.0914174431320365,-0.000677201249950961,-1.0907402418820855,50,167
B_only,1000,5000,-0.4120988223724123,-0.000677201249950961,-0.41142162112246133,50,167
A_only,1000,10000,-0.8721395261378233,-0.000677201249950961,-0.8714623248878723,50,167
hybrid,1000,10000,-0.5081610607811188,-0.000677201249950961,-0.5074838595311678,50,167
B_only,1000,10000,-0.2160253403761344,-0.000677201249950961,-0.21534813912618345,50,167
A_only,1000,2000,-2.574722899443487,-0.016652718459798817,-2.5580701809836883,100,167
hybrid,1000,2000,-1.5474223605049113,-0.016652718459798817,-1.5307696420451125,100,167
B_only,1000,2000,-0.05627574946671981,-0.016652718459798817,-0.039623031006920995,100,167
A_only,1000,5000,-0.4184316100420332,-0.0017750075215489918,-0.41665660252048425,100,167
hybrid,1000,5000,-0.10097454717253183,-0.0017750075215489918,-0.09919953965098284,100,167
B_only,1000,5000,-0.036688004225379475,-0.0017750075215489918,-0.03491299670383048,100,167
A_only,1000,10000,-1.102988364205616,-0.0014094271702523638,-1.1015789370353637,100,167
hybrid,1000,10000,-0.5399242750217917,-0.0014094271702523638,-0.5385148478515394,100,167
B_only,1000,10000,-0.09154904743068051,-0.0014094271702523638,-0.09013962026042815,100,167
A_only,1000,2000,-1.2426639180295833,-0.10943357822942999,-1.1332303398001533,200,167
hybrid,1000,2000,-0.669245500487841,-0.10943357822942999,-0.559811922258411,200,167
B_only,1000,2000,-0.08646357023858196,-0.10943357822942999,0.02297000799084803,200,167
A_only,1000,5000,-0.6558266001125177,-0.000677201249950961,-0.6551493988625667,200,167
hybrid,1000,5000,-0.1221530157808722,-0.000677201249950961,-0.12147581453092124,200,167
B_only,1000,5000,-9.318439874003043e-06,-0.000677201249950961,0.000667882810076958,200,167
A_only,1000,10000,-0.5332738534952735,-0.0014094271702523638,-0.5318644263250211,200,167
hybrid,1000,10000,-0.13032962271338283,-0.0014094271702523638,-0.12892019554313047,200,167
B_only,1000,10000,-1.8528591324332466e-06,-0.0014094271702523638,0.0014075743111199306,200,167
A_only,1000,2000,-0.10292555695153148,-0.000677201249950961,-0.10224835570158052,500,167
hybrid,1000,2000,-0.032959203075936735,-0.000677201249950961,-0.03228200182598578,500,167
B_only,1000,2000,-1.1441940595155946,-0.000677201249950961,-1.1435168582656436,500,167
A_only,1000,5000,-0.5109115510098514,-0.0017750075215489918,-0.5091365434883024,500,167
hybrid,1000,5000,-0.14135892775788564,-0.0017750075215489918,-0.13958392023633664,500,167
B_only,1000,5000,-0.006489095123888816,-0.0017750075215489918,-0.004714087602339824,500,167
A_only,1000,10000,-0.5164697851622035,-0.0014094271702523638,-0.5150603579919512,500,167
hybrid,1000,10000,-0.1747635822678163,-0.0014094271702523638,-0.17335415509756394,500,167
B_only,1000,10000,-0.011143938273219998,-0.0014094271702523638,-0.009734511102967634,500,167
A_only,1000,2000,-2.518448506903792,-0.0014094271702523638,-2.51703907973354,25,168
hybrid,1000,2000,-1.6504988187767378,-0.0014094271702523638,-1.6490893916064855,25,168
B_only,1000,2000,-0.11143474962387684,-0.0014094271702523638,-0.11002532245362448,25,168
A_only,1000,5000,-1.5316606672371746,-0.0014094271702523638,-1.5302512400669224,25,168
hybrid,1000,5000,-1.1616645574202973,-0.0014094271702523638,-1.160255130250045,25,168
B_only,1000,5000,-0.04354384987538385,-0.0014094271702523638,-0.042134422705131486,25,168
A_only,1000,10000,-0.17481863547543422,-0.0014094271702523638,-0.17340920830518186,25,168
hybrid,1000,10000,-0.05259546021677847,-0.0014094271702523638,-0.0511860330465261,25,168
B_only,1000,10000,-2.104108755938117,-0.0014094271702523638,-2.102699328767865,25,168
A_only,1000,2000,-0.17908424646669374,-0.0017750075215489918,-0.17730923894514475,50,168
hybrid,1000,2000,-0.011339374300850137,-0.0017750075215489918,-0.009564366779301146,50,168
B_only,1000,2000,-0.005452602172923823,-0.0017750075215489918,-0.003677594651374831,50,168
A_only,1000,5000,-0.9007983399553344,-0.0442296682476969,-0.8565686717076375,50,168
hybrid,1000,5000,-0.40268290515931865,-0.0442296682476969,-0.35845323691162173,50,168
B_only,1000,5000,-0.2461220355771967,-0.0442296682476969,-0.2018923673294998,50,168
A_only,1000,10000,-1.3687182946134115,-0.0033189882361477573,-1.3653993063772638,50,168
hybrid,1000,10000,-1.1320811799256827,-0.0033189882361477573,-1.128762191689535,50,168
B_only,1000,10000,-0.9527191664689392,-0.0033189882361477573,-0.9494001782327914,50,168
A_only,1000,2000,-0.046287876719106315,-0.0033189882361477573,-0.04296888848295856,100,168
hybrid,1000,2000,-0.0007808039100587733,-0.0033189882361477573,0.002538184326088984,100,168
B_only,1000,2000,-4.684275831225138e-06,-0.0033189882361477573,0.0033143039603165322,100,168
A_only,1000,5000,-0.1385548144141585,-0.0017750075215489918,-0.13677980689260952,100,168
hybrid,1000,5000,-0.018559430394395407,-0.0017750075215489918,-0.016784422872846413,100,168
B_only,1000,5000,-0.0010631641991204505,-0.0017750075215489918,0.0007118433224285413,100,168
A_only,1000,10000,-1.880726697258867,-0.000677201249950961,-1.880049496008916,100,168
hybrid,1000,10000,-1.0254710217815526,-0.000677201249950961,-1.0247938205316016,100,168
B_only,1000,10000,-0.020791262131654633,-0.000677201249950961,-0.02011406088170367,100,168
A_only,1000,2000,-0.8057670945345786,-0.021107167799241426,-0.7846599267353372,200,168
hybrid,1000,2000,-0.276860661896882,-0.021107167799241426,-0.2557534940976406,200,168
B_only,1000,2000,-0.11120531021794387,-0.021107167799241426,-0.09009814241870245,200,168
A_only,1000,5000,-1.1316580072505475,-0.000677201249950961,-1.1309808060005966,200,168
hybrid,1000,5000,-0.1456168846182579,-0.000677201249950961,-0.14493968336830693,200,168
B_only,1000,5000,-5.537743455059772e-06,-0.000677201249950961,0.0006716635064959012,200,168
A_only,1000,10000,-0.5845772273369333,-0.000677201249950961,-0.5839000260869823,200,168
hybrid,1000,10000,-0.2343005128045829,-0.000677201249950961,-0.23362331155463192,200,168
B_only,1000,10000,-0.04483290846066346,-0.000677201249950961,-0.044155707210712505,200,168
A_only,1000,2000,-1.0221044064108407,-0.0014094271702523638,-1.0206949792405884,500,168
hybrid,1000,2000,-0.4668098402703357,-0.0014094271702523638,-0.4654004131000833,500,168
B_only,1000,2000,-0.20536587124041744,-0.0014094271702523638,-0.20395644407016508,500,168
A_only,1000,5000,-1.248795019679514,-0.01653092336097194,-1.232264096318542,500,168
hybrid,1000,5000,-0.6210527730594713,-0.01653092336097194,-0.6045218496984993,500,168
B_only,1000,5000,-0.6487128758587991,-0.01653092336097194,-0.6321819524978272,500,168
A_only,1000,10000,-0.025187271683434022,-0.000677201249950961,-0.02451007043348306,500,168
hybrid,1000,10000,-0.005380369589748716,-0.000677201249950961,-0.004703168339797756,500,168
B_only,1000,10000,-0.03428855882718186,-0.000677201249950961,-0.0336113575772309,500,168
A_only,1000,2000,-0.5061429685199932,-0.02619584115917027,-0.4799471273608229,25,169
hybrid,1000,2000,-0.09546454841427432,-0.02619584115917027,-0.06926870725510405,25,169
B_only,1000,2000,-3.160008658945641,-0.02619584115917027,-3.133812817786471,25,169
A_only,1000,5000,-0.2789415242881173,-0.0014094271702523638,-0.2775320971178649,25,169
hybrid,1000,5000,-0.054119634283745506,-0.0014094271702523638,-0.05271020711349314,25,169
B_only,1000,5000,-0.08435542499614082,-0.0014094271702523638,-0.08294599782588846,25,169
A_only,1000,10000,-0.12105998569460834,-0.0017750075215489918,-0.11928497817305934,25,169
hybrid,1000,10000,-0.017048583214061455,-0.0017750075215489918,-0.015273575692512463,25,169
B_only,1000,10000,-0.1367126421959203,-0.0017750075215489918,-0.1349376346743713,25,169
A_only,1000,2000,-1.3839028231677515,-0.0014094271702523638,-1.3824933959974992,50,169
hybrid,1000,2000,-0.59194030417137,-0.0014094271702523638,-0.5905308770011176,50,169
B_only,1000,2000,-0.26337494076074547,-0.0014094271702523638,-0.2619655135904931,50,169
A_only,1000,5000,-0.09266153989846573,-0.000677201249950961,-0.09198433864851477,50,169
hybrid,1000,5000,-0.006736697094467652,-0.000677201249950961,-0.006059495844516692,50,169
B_only,1000,5000,-0.0006473097668759119,-0.000677201249950961,2.9891483075049027e-05,50,169
A_only,1000,10000,-0.6113215866278026,-0.000677201249950961,-0.6106443853778516,50,169
hybrid,1000,10000,-0.30268456476481037,-0.000677201249950961,-0.3020073635148594,50,169
B_only,1000,10000,-0.675828487198246,-0.000677201249950961,-0.675151285948295,50,169
A_only,1000,2000,-0.5527572367602269,-0.10943357822942999,-0.4433236585307969,100,169
hybrid,1000,2000,-0.15165300637449963,-0.10943357822942999,-0.04221942814506964,100,169
B_only,1000,2000,-0.7041253351297353,-0.10943357822942999,-0.5946917569003053,100,169
A_only,1000,5000,-0.7983612027172134,-0.000677201249950961,-0.7976840014672625,100,169
hybrid,1000,5000,-0.2099412297321853,-0.000677201249950961,-0.20926402848223433,100,169
B_only,1000,5000,-0.001328462095416048,-0.000677201249950961,-0.000651260845465087,100,169
A_only,1000,10000,-1.3143777174301694,-0.0014094271702523638,-1.3129682902599171,100,169
hybrid,1000,10000,-0.39512923167539776,-0.0014094271702523638,-0.3937198045051454,100,169
B_only,1000,10000,-1.2772039952392412e-05,-0.0014094271702523638,0.0013966551302999715,100,169
A_only,1000,2000,-1.2914948496474594,-0.13871280870864297,-1.1527820409388165,200,169
hybrid,1000,2000,-0.5031419557165815,-0.13871280870864297,-0.3644291470079385,200,169
B_only,1000,2000,-0.5641986018043559,-0.13871280870864297,-0.4254857930957129,200,169
A_only,1000,5000,-1.5254803208748073,-0.0017750075215489918,-1.5237053133532583,200,169
hybrid,1000,5000,-0.7067733595905236,-0.0017750075215489918,-0.7049983520689745,200,169
B_only,1000,5000,-0.2574541634784626,-0.0017750075215489918,-0.25567915595691365,200,169
A_only,1000,10000,-1.1121274695295544,-0.0014094271702523638,-1.1107180423593022,200,169
hybrid,1000,10000,-0.4490282090011751,-0.0014094271702523638,-0.44761878183092274,200,169
B_only,1000,10000,-0.21790477429729965,-0.0014094271702523638,-0.2164953471270473,200,169
A_only,1000,2000,-1.5320869794813943,-0.000677201249950961,-1.5314097782314433,500,169
hybrid,1000,2000,-0.35955337912682367,-0.000677201249950961,-0.3588761778768727,500,169
B_only,1000,2000,-0.03133757684206525,-0.000677201249950961,-0.03066037559211429,500,169
A_only,1000,5000,-0.27627807859868814,-0.000677201249950961,-0.27560087734873717,500,169
hybrid,1000,5000,-0.0284585217730298,-0.000677201249950961,-0.02778132052307884,500,169
B_only,1000,5000,-7.252691242888886e-06,-0.000677201249950961,0.0006699485587080721,500,169
A_only,1000,10000,-0.06378667338662905,-0.000677201249950961,-0.06310947213667809,500,169
hybrid,1000,10000,-0.011338123671245688,-0.000677201249950961,-0.010660922421294726,500,169
B_only,1000,10000,-0.03608983966118809,-0.000677201249950961,-0.03541263841123713,500,169
A_only,1000,2000,-1.6534582099409607,-0.0017750075215489918,-1.6516832024194117,25,170
hybrid,1000,2000,-0.40551884396126975,-0.0017750075215489918,-0.4037438364397208,25,170
B_only,1000,2000,-0.001282113081508622,-0.0017750075215489918,0.0004928944400403698,25,170
A_only,1000,5000,-0.9342978218524189,-0.016652718459798817,-0.9176451033926202,25,170
hybrid,1000,5000,-0.3295075011474013,-0.016652718459798817,-0.3128547826876025,25,170
B_only,1000,5000,-0.010801147470773449,-0.016652718459798817,0.005851570989025369,25,170
A_only,1000,10000,-1.3531437775310315,-0.0017750075215489918,-1.3513687700094825,25,170
hybrid,1000,10000,-0.7660779627473207,-0.0017750075215489918,-0.7643029552257716,25,170
B_only,1000,10000,-0.5799846602855498,-0.0017750075215489918,-0.5782096527640008,25,170
A_only,1000,2000,-0.6997359751585013,-0.000677201249950961,-0.6990587739085503,50,170
hybrid,1000,2000,-0.11785734589111539,-0.000677201249950961,-0.11718014464116443,50,170
B_only,1000,2000,-0.028870229935162774,-0.000677201249950961,-0.028193028685211813,50,170
A_only,1000,5000,-1.0487113461287256,-0.000677201249950961,-1.0480341448787747,50,170
hybrid,1000,5000,-0.38879686538023195,-0.000677201249950961,-0.388119664130281,50,170
B_only,1000,5000,-0.00022941064160083538,-0.000677201249950961,0.0004477906083501256,50,170
A_only,1000,10000,-1.5933172864230318,-0.0033189882361477573,-1.589998298186884,50,170
hybrid,1000,10000,-0.9009338624700044,-0.0033189882361477573,-0.8976148742338567,50,170
B_only,1000,10000,-0.2184502655071586,-0.0033189882361477573,-0.21513127727101083,50,170
A_only,1000,2000,-1.1119178881672955,-0.021107167799241426,-1.0908107203680542,100,170
hybrid,1000,2000,-0.4412123079732755,-0.021107167799241426,-0.42010514017403405,100,170
B_only,1000,2000,-0.26863017382711885,-0.021107167799241426,-0.2475230060278774,100,170
A_only,1000,5000,-1.3153525374935526,-0.0014094271702523638,-1.3139431103233004,100,170
hybrid,1000,5000,-0.5073529317228127,-0.0014094271702523638,-0.5059435045525603,100,170
B_only,1000,5000,-1.0322036497230638e-06,-0.0014094271702523638,0.0014083949666026407,100,170
A_only,1000,10000,-0.07077813753248478,-0.0033189882361477573,-0.06745914929633702,100,170
hybrid,1000,10000,-0.008215520573485553,-0.0033189882361477573,-0.004896532337337795,100,170
B_only,1000,10000,-0.024882068219427074,-0.0033189882361477573,-0.021563079983279318,100,170
A_only,1000,2000,-2.73499745048184,-0.02619584115917027,-2.70880160932267,200,170
hybrid,1000,2000,-1.4180101653180155,-0.02619584115917027,-1.3918143241588452,200,170
B_only,1000,2000,-0.9593537585836265,-0.02619584115917027,-0.9331579174244562,200,170
A_only,1000,5000,-0.40529543144449226,-0.0014094271702523638,-0.4038860042742399,200,170
hybrid,1000,5000,-0.05782334081716181,-0.0014094271702523638,-0.056413913646909446,200,170
B_only,1000,5000,-2.575919091658946e-05,-0.0014094271702523638,0.0013836679793357745,200,170
A_only,1000,10000,-1.490389617377044,-0.0014094271702523638,-1.4889801902067916,200,170
hybrid,1000,10000,-0.9437981853716368,-0.0014094271702523638,-0.9423887582013845,200,170
B_only,1000,10000,-0.2519263185579702,-0.0014094271702523638,-0.2505168913877178,200,170
A_only,1000,2000,-1.473622507555673,-0.0442296682476969,-1.4293928393079762,500,170
hybrid,1000,2000,-0.2859101484443247,-0.0442296682476969,-0.24168048019662783,500,170
B_only,1000,2000,-0.04745406706925809,-0.0442296682476969,-0.0032243988215611905,500,170
A_only,1000,5000,-1.0020867888383882,-0.01653092336097194,-0.9855558654774162,500,170
hybrid,1000,5000,-0.14492461974748383,-0.01653092336097194,-0.12839369638651188,500,170
B_only,1000,5000,-1.260860209566794e-05,-0.01653092336097194,0.01651831475887627,500,170
A_only,1000,10000,-0.08038386475602213,-0.0014094271702523638,-0.07897443758576977,500,170
hybrid,1000,10000,-0.012456643823721705,-0.0014094271702523638,-0.011047216653469341,500,170
B_only,1000,10000,-4.530360664334597e-08,-0.0014094271702523638,0.0014093818666457206,500,170
A_only,1000,2000,-2.174830640605595,-0.016652718459798817,-2.158177922145796,25,171
hybrid,1000,2000,-1.2718911721162358,-0.016652718459798817,-1.255238453656437,25,171
B_only,1000,2000,-0.19229653967292432,-0.016652718459798817,-0.1756438212131255,25,171
A_only,1000,5000,-1.693981824648783,-0.016652718459798817,-1.6773291061889841,25,171
hybrid,1000,5000,-1.4110771444274508,-0.016652718459798817,-1.394424425967652,25,171
B_only,1000,5000,-0.10255927401046781,-0.016652718459798817,-0.08590655555066899,25,171
A_only,1000,10000,-1.7502575751341956,-0.000677201249950961,-1.7495803738842446,25,171
hybrid,1000,10000,-0.7319777495538208,-0.000677201249950961,-0.7313005483038698,25,171
B_only,1000,10000,-0.0028305964058426207,-0.000677201249950961,-0.0021533951558916596,25,171
A_only,1000,2000,-1.9217700021822952,-0.0017750075215489918,-1.9199949946607462,50,171
hybrid,1000,2000,-0.6597694537107451,-0.0017750075215489918,-0.6579944461891961,50,171
B_only,1000,2000,-0.1828824878004679,-0.0017750075215489918,-0.1811074802789189,50,171
A_only,1000,5000,-0.03814782187467265,-0.0014094271702523638,-0.03673839470442029,50,171
hybrid,1000,5000,-0.0034870222235605887,-0.0014094271702523638,-0.002077595053308225,50,171
B_only,1000,5000,-0.029353077274433727,-0.0014094271702523638,-0.027943650104181365,50,171
A_only,1000,10000,-0.346044446928105,-0.000677201249950961,-0.345367245678154,50,171
hybrid,1000,10000,-0.07091448001056301,-0.000677201249950961,-0.07023727876061205,50,171
B_only,1000,10000,-0.0002503967655975895,-0.000677201249950961,0.00042680448435337146,50,171
A_only,1000,2000,-1.5023620770822388,-0.016652718459798817,-1.48570935862244,100,171
hybrid,1000,2000,-0.7764770692161317,-0.016652718459798817,-0.7598243507563329,100,171
B_only,1000,2000,-0.4525410914985442,-0.016652718459798817,-0.4358883730387454,100,171
A_only,1000,5000,-0.8462423592647429,-0.018494542316971195,-0.8277478169477717,100,171
hybrid,1000,5000,-0.3035241027401592,-0.018494542316971195,-0.285029560423188,100,171
B_only,1000,5000,-0.49166813974967194,-0.018494542316971195,-0.47317359743270077,100,171
A_only,1000,10000,-1.2568686968598815,-0.0014094271702523638,-1.2554592696896292,100,171
hybrid,1000,10000,-0.4267172629417788,-0.0014094271702523638,-0.4253078357715264,100,171
B_only,1000,10000,-6.704808975227037e-07,-0.0014094271702523638,0.0014087566893548412,100,171
A_only,1000,2000,-0.8113713137914015,-0.0033189882361477573,-0.8080523255552537,200,171
hybrid,1000,2000,-0.263886292698649,-0.0033189882361477573,-0.26056730446250126,200,171
B_only,1000,2000,-0.282423933436473,-0.0033189882361477573,-0.27910494520032525,200,171
A_only,1000,5000,-0.8955937748425397,-0.0017750075215489918,-0.8938187673209906,200,171
hybrid,1000,5000,-0.2610148775813751,-0.0017750075215489918,-0.2592398700598261,200,171
B_only,1000,5000,-6.596804739009986e-06,-0.0017750075215489918,0.0017684107168099818,200,171
A_only,1000,10000,-0.3835311770723819,-0.000677201249950961,-0.3828539758224309,200,171
hybrid,1000,10000,-0.20880469605132537,-0.000677201249950961,-0.2081274948013744,200,171
B_only,1000,10000,-0.18773367015736772,-0.000677201249950961,-0.18705646890741676,200,171
A_only,1000,2000,-1.1116512900685471,-0.016652718459798817,-1.0949985716087483,500,171
hybrid,1000,2000,-0.31122481548527453,-0.016652718459798817,-0.2945720970254757,500,171
B_only,1000,2000,-0.19019995545675347,-0.016652718459798817,-0.17354723699695465,500,171
A_only,1000,5000,-1.252445091548325,-0.016652718459798817,-1.235792373088526,500,171
hybrid,1000,5000,-0.22273294287034656,-0.016652718459798817,-0.20608022441054774,500,171
B_only,1000,5000,-0.0001752036905591259,-0.016652718459798817,0.01647751476923969,500,171
A_only,1000,10000,-0.02199297300738927,-0.000677201249950961,-0.021315771757438307,500,171
hybrid,1000,10000,-0.004690276207449755,-0.000677201249950961,-0.004013074957498794,500,171
B_only,1000,10000,-0.0002220522455966642,-0.000677201249950961,0.0004551490043542968,500,171
A_only,1000,2000,-2.532875795164862,-0.0014094271702523638,-2.53146636799461,25,172
hybrid,1000,2000,-1.3705360497509496,-0.0014094271702523638,-1.3691266225806973,25,172
B_only,1000,2000,-0.09597462257340858,-0.0014094271702523638,-0.09456519540315622,25,172
A_only,1000,5000,-0.21888610414982257,-0.0014094271702523638,-0.2174766769795702,25,172
hybrid,1000,5000,-0.03132326056454135,-0.0014094271702523638,-0.029913833394288984,25,172
B_only,1000,5000,-0.10704084255560058,-0.0014094271702523638,-0.10563141538534822,25,172
A_only,1000,10000,-0.5864430076312588,-0.0017750075215489918,-0.5846680001097098,25,172
hybrid,1000,10000,-0.2765101243722815,-0.0017750075215489918,-0.27473511685073254,25,172
B_only,1000,10000,-1.1990616006108985,-0.0017750075215489918,-1.1972865930893495,25,172
A_only,1000,2000,-1.6902019507957928,-0.0033189882361477573,-1.686882962559645,50,172
hybrid,1000,2000,-0.7987028381846418,-0.0033189882361477573,-0.7953838499484941,50,172
B_only,1000,2000,-0.00044680872359538834,-0.0033189882361477573,0.002872179512552369,50,172
A_only,1000,5000,-1.258948897305409,-0.01653092336097194,-1.2424179739444372,50,172
hybrid,1000,5000,-0.3733441343076172,-0.01653092336097194,-0.35681321094664525,50,172
B_only,1000,5000,-5.453807580220803e-05,-0.01653092336097194,0.01647638528516973,50,172
A_only,1000,10000,-0.6829088780353513,-0.0014094271702523638,-0.6814994508650989,50,172
hybrid,1000,10000,-0.462666765868946,-0.0014094271702523638,-0.4612573386986936,50,172
B_only,1000,10000,-1.9042187139726185,-0.0014094271702523638,-1.9028092868023663,50,172
A_only,1000,2000,-1.9311267416474385,-0.034310857636452745,-1.8968158840109857,100,172
hybrid,1000,2000,-0.6830104129121195,-0.034310857636452745,-0.6486995552756668,100,172
B_only,1000,2000,-0.0131073685223396,-0.034310857636452745,0.021203489114113145,100,172
A_only,1000,5000,-1.1380623931993215,-0.01653092336097194,-1.1215314698383496,100,172
hybrid,1000,5000,-0.5399717721969675,-0.01653092336097194,-0.5234408488359955,100,172
B_only,1000,5000,-7.75010510614471e-06,-0.01653092336097194,0.016523173255865796,100,172
A_only,1000,10000,-0.2956562137323855,-0.0017750075215489918,-0.2938812062108365,100,172
hybrid,1000,10000,-0.08128559922463953,-0.0017750075215489918,-0.07951059170309054,100,172
B_only,1000,10000,-0.23478185149713815,-0.0017750075215489918,-0.23300684397558916,100,172
A_only,1000,2000,-1.1252981245557132,-0.13629847621520946,-0.9889996483405037,200,172
hybrid,1000,2000,-0.30135565727580305,-0.13629847621520946,-0.16505718106059358,200,172
B_only,1000,2000,-0.0080629548481633,-0.13629847621520946,0.12823552136704616,200,172
A_only,1000,5000,-0.6108858885728364,-0.000677201249950961,-0.6102086873228855,200,172
hybrid,1000,5000,-0.11885290510481177,-0.000677201249950961,-0.1181757038548608,200,172
B_only,1000,5000,-0.0053165551593612696,-0.000677201249950961,-0.004639353909410309,200,172
A_only,1000,10000,-0.17823520981351687,-0.0017750075215489918,-0.17646020229196788,200,172
hybrid,1000,10000,-0.03682115264044298,-0.0017750075215489918,-0.035046145118893986,200,172
B_only,1000,10000,-0.003244200729725081,-0.0017750075215489918,-0.0014691932081760894,200,172
A_only,1000,2000,-1.545846514706492,-0.01653092336097194,-1.52931559134552,500,172
hybrid,1000,2000,-0.32293954543453907,-0.01653092336097194,-0.3064086220735671,500,172
B_only,1000,2000,-0.0018245424834850942,-0.01653092336097194,0.014706380877486845,500,172
A_only,1000,5000,-0.085335935580177,-0.0014094271702523638,-0.08392650840992465,500,172
hybrid,1000,5000,-0.013413375827178574,-0.0014094271702523638,-0.01200394865692621,500,172
B_only,1000,5000,-0.00017816762760992715,-0.0014094271702523638,0.0012312595426424368,500,172
A_only,1000,10000,-0.6957815400806646,-0.0014094271702523638,-0.6943721129104122,500,172
hybrid,1000,10000,-0.3367064772523077,-0.0014094271702523638,-0.3352970500820553,500,172
B_only,1000,10000,-0.574595366323682,-0.0014094271702523638,-0.5731859391534296,500,172
A_only,1000,2000,-1.0831218892542835,-0.06997887129157059,-1.013143017962713,25,173
hybrid,1000,2000,-0.32591498989328554,-0.06997887129157059,-0.25593611860171495,25,173
B_only,1000,2000,-0.11452251343181537,-0.06997887129157059,-0.04454364214024478,25,173
A_only,1000,5000,-0.9553883695512368,-0.000677201249950961,-0.9547111683012859,25,173
hybrid,1000,5000,-0.31582923223345993,-0.000677201249950961,-0.31515203098350897,25,173
B_only,1000,5000,-2.589087589532439e-05,-0.000677201249950961,0.0006513103740556366,25,173
A_only,1000,10000,-0.7519844704791334,-0.000677201249950961,-0.7513072692291825,25,173
hybrid,1000,10000,-0.2024591783447645,-0.000677201249950961,-0.20178197709481355,25,173
B_only,1000,10000,-0.0015414343072457965,-0.000677201249950961,-0.0008642330572948355,25,173
A_only,1000,2000,-0.5835880204395852,-0.021107167799241426,-0.5624808526403439,50,173
hybrid,1000,2000,-0.0493355847169617,-0.021107167799241426,-0.028228416917720274,50,173
B_only,1000,2000,-0.001172878729929097,-0.021107167799241426,0.019934289069312328,50,173
A_only,1000,5000,-1.8591227455636674,-0.0014094271702523638,-1.8577133183934151,50,173
hybrid,1000,5000,-1.2016938175538685,-0.0014094271702523638,-1.2002843903836162,50,173
B_only,1000,5000,-0.6890898980010549,-0.0014094271702523638,-0.6876804708308025,50,173
A_only,1000,10000,-0.20005183797682577,-0.000677201249950961,-0.1993746367268748,50,173
hybrid,1000,10000,-0.04324619622286208,-0.000677201249950961,-0.04256899497291112,50,173
B_only,1000,10000,-0.00023827302573191148,-0.000677201249950961,0.00043892822421904946,50,173
A_only,1000,2000,-1.9507804290628654,-0.0442296682476969,-1.9065507608151686,100,173
hybrid,1000,2000,-0.9665603059251765,-0.0442296682476969,-0.9223306376774796,100,173
B_only,1000,2000,-0.2945843672390219,-0.0442296682476969,-0.250354698991325,100,173
A_only,1000,5000,-1.749192138610914,-0.000677201249950961,-1.748514937360963,100,173
hybrid,1000,5000,-1.0044606213212999,-0.000677201249950961,-1.003783420071349,100,173
B_only,1000,5000,-0.8411056712534712,-0.000677201249950961,-0.8404284700035203,100,173
A_only,1000,10000,-0.41805904318124926,-0.021107167799241426,-0.3969518753820078,100,173
hybrid,1000,10000,-0.13572420793065598,-0.021107167799241426,-0.11461704013141455,100,173
B_only,1000,10000,-0.02001756756749934,-0.021107167799241426,0.001089600231742087,100,173
A_only,1000,2000,-1.6543177584648134,-0.016652718459798817,-1.6376650400050146,200,173
hybrid,1000,2000,-0.5532636013374764,-0.016652718459798817,-0.5366108828776777,200,173
B_only,1000,2000,-0.20973832361169337,-0.016652718459798817,-0.19308560515189455,200,173
A_only,1000,5000,-1.4300525351229505,-0.021107167799241426,-1.4089453673237091,200,173
hybrid,1000,5000,-0.8824682296152115,-0.021107167799241426,-0.8613610618159702,200,173
B_only,1000,5000,-0.5979059531255346,-0.021107167799241426,-0.5767987853262933,200,173
A_only,1000,10000,-1.3424154335985916,-0.000677201249950961,-1.3417382323486406,200,173
hybrid,1000,10000,-0.5903220269248405,-0.000677201249950961,-0.5896448256748895,200,173
B_only,1000,10000,-0.04233824965432731,-0.000677201249950961,-0.04166104840437635,200,173
A_only,1000,2000,-0.5290249603374712,-0.016652718459798817,-0.5123722418776724,500,173
hybrid,1000,2000,-0.08388299483151826,-0.016652718459798817,-0.06723027637171944,500,173
B_only,1000,2000,-0.027525072431333047,-0.016652718459798817,-0.01087235397153423,500,173
A_only,1000,5000,-1.1396727365529353,-0.01653092336097194,-1.1231418131919635,500,173
hybrid,1000,5000,-0.3828828629619603,-0.01653092336097194,-0.36635193960098833,500,173
B_only,1000,5000,-0.08141177869248817,-0.01653092336097194,-0.06488085533151623,500,173
A_only,1000,10000,-1.367400184820988,-0.000677201249950961,-1.366722983571037,500,173
hybrid,1000,10000,-0.6388921416162866,-0.000677201249950961,-0.6382149403663356,500,173
B_only,1000,10000,-0.26883432430710436,-0.000677201249950961,-0.2681571230571534,500,173
A_only,1000,2000,-0.5319782592866932,-0.04467924927401707,-0.4872990100126761,25,174
hybrid,1000,2000,-0.11834854288133309,-0.04467924927401707,-0.07366929360731603,25,174
B_only,1000,2000,-0.06781413361743613,-0.04467924927401707,-0.02313488434341906,25,174
A_only,1000,5000,-2.4360332685751613,-0.000677201249950961,-2.4353560673252104,25,174
hybrid,1000,5000,-1.9808966266381578,-0.000677201249950961,-1.9802194253882068,25,174
B_only,1000,5000,-0.7320648269463798,-0.000677201249950961,-0.7313876256964288,25,174
A_only,1000,10000,-1.274196467989369,-0.01653092336097194,-1.257665544628397,25,174
hybrid,1000,10000,-0.7503322741524848,-0.01653092336097194,-0.7338013507915129,25,174
B_only,1000,10000,-0.01669261519621217,-0.01653092336097194,-0.00016169183524022968,25,174
A_only,1000,2000,-1.9232097289028016,-0.0033189882361477573,-1.9198907406666539,50,174
hybrid,1000,2000,-1.1680514092172645,-0.0033189882361477573,-1.1647324209811167,50,174
B_only,1000,2000,-0.2307176356870655,-0.0033189882361477573,-0.22739864745091773,50,174
A_only,1000,5000,-1.294674389394433,-0.01653092336097194,-1.2781434660334612,50,174
hybrid,1000,5000,-0.8623424847862443,-0.01653092336097194,-0.8458115614252724,50,174
B_only,1000,5000,-0.13477435488471964,-0.01653092336097194,-0.11824343152374771,50,174
A_only,1000,10000,-0.32031321013705355,-0.000677201249950961,-0.3196360088871026,50,174
hybrid,1000,10000,-0.15868347924718737,-0.000677201249950961,-0.1580062779972364,50,174
B_only,1000,10000,-0.24333870017566772,-0.000677201249950961,-0.24266149892571676,50,174
A_only,1000,2000,-0.5991799657273789,-0.034310857636452745,-0.5648691080909262,100,174
hybrid,1000,2000,-0.13989489079945458,-0.034310857636452745,-0.10558403316300183,100,174
B_only,1000,2000,-0.3560014084223274,-0.034310857636452745,-0.32169055078587466,100,174
A_only,1000,5000,-0.3084442227075967,-0.000677201249950961,-0.30776702145764573,100,174
hybrid,1000,5000,-0.06334865334231794,-0.000677201249950961,-0.06267145209236698,100,174
B_only,1000,5000,-0.01750430104160104,-0.000677201249950961,-0.016827099791650077,100,174
A_only,1000,10000,-0.7154544026926704,-0.000677201249950961,-0.7147772014427194,100,174
hybrid,1000,10000,-0.2702593014018433,-0.000677201249950961,-0.2695821001518923,100,174
B_only,1000,10000,-0.14372930578993492,-0.000677201249950961,-0.14305210453998396,100,174
A_only,1000,2000,-1.497074669484646,-0.01653092336097194,-1.4805437461236741,200,174
hybrid,1000,2000,-0.614280962922868,-0.01653092336097194,-0.5977500395618961,200,174
B_only,1000,2000,-0.18700272869614842,-0.01653092336097194,-0.17047180533517647,200,174
A_only,1000,5000,-0.7316287267468891,-0.000677201249950961,-0.7309515254969381,200,174
hybrid,1000,5000,-0.19515780420253365,-0.000677201249950961,-0.19448060295258268,200,174
B_only,1000,5000,-6.0283237553496885e-06,-0.000677201249950961,0.0006711729261956112,200,174
A_only,1000,10000,-1.2896689853115122,-0.000677201249950961,-1.2889917840615612,200,174
hybrid,1000,10000,-0.3799801122564942,-0.000677201249950961,-0.37930291100654323,200,174
B_only,1000,10000,-4.255883330937872e-06,-0.000677201249950961,0.0006729453666200231,200,174
A_only,1000,2000,-0.5239144344340841,-0.0017750075215489918,-0.5221394269125351,500,174
hybrid,1000,2000,-0.07720068015020175,-0.0017750075215489918,-0.07542567262865275,500,174
B_only,1000,2000,-0.0014626721678831637,-0.0017750075215489918,0.00031233535366582813,500,174
A_only,1000,5000,-0.6523935152401663,-0.0014094271702523638,-0.6509840880699139,500,174
hybrid,1000,5000,-0.19633743182827904,-0.0014094271702523638,-0.19492800465802668,500,174
B_only,1000,5000,-0.05161648085037157,-0.0014094271702523638,-0.050207053680119205,500,174
A_only,1000,10000,-0.3398796803600252,-0.0014094271702523638,-0.3384702531897728,500,174
hybrid,1000,10000,-0.06444462857252484,-0.0014094271702523638,-0.06303520140227248,500,174
B_only,1000,10000,-0.000457165871874638,-0.0014094271702523638,0.0009522612983777258,500,174
A_only,1000,2000,-1.5926295721861035,-0.0017750075215489918,-1.5908545646645544,25,175
hybrid,1000,2000,-0.7135223978549144,-0.0017750075215489918,-0.7117473903333654,25,175
B_only,1000,2000,-1.572018027787681,-0.0017750075215489918,-1.570243020266132,25,175
A_only,1000,5000,-1.0019090716430246,-0.0442296682476969,-0.9576794033953276,25,175
hybrid,1000,5000,-0.5202554911452313,-0.0442296682476969,-0.47602582289753437,25,175
B_only,1000,5000,-0.1540905187041149,-0.0442296682476969,-0.109860850456418,25,175
A_only,1000,10000,-1.7089523660570058,-0.000677201249950961,-1.7082751648070549,25,175
hybrid,1000,10000,-0.8033751461269871,-0.000677201249950961,-0.8026979448770362,25,175
B_only,1000,10000,-0.6136929237574696,-0.000677201249950961,-0.6130157225075187,25,175
A_only,1000,2000,-0.8617902727377851,-0.1111690382606413,-0.7506212344771438,50,175
hybrid,1000,2000,-0.30980857142030027,-0.1111690382606413,-0.198639533159659,50,175
B_only,1000,2000,-0.45953353680085757,-0.1111690382606413,-0.3483644985402163,50,175
A_only,1000,5000,-1.0330131782082141,-0.018494542316971195,-1.014518635891243,50,175
hybrid,1000,5000,-0.7637858956178599,-0.018494542316971195,-0.7452913533008887,50,175
B_only,1000,5000,-0.05968942690881519,-0.018494542316971195,-0.04119488459184399,50,175
A_only,1000,10000,-0.025776950700984666,-0.0014094271702523638,-0.0243675235307323,50,175
hybrid,1000,10000,-0.0016910247886312798,-0.0014094271702523638,-0.00028159761837891597,50,175
B_only,1000,10000,-0.007425194557387837,-0.0014094271702523638,-0.006015767387135473,50,175
A_only,1000,2000,-2.188669343068371,-0.0014094271702523638,-2.1872599158981187,100,175
hybrid,1000,2000,-1.0079253455475652,-0.0014094271702523638,-1.006515918377313,100,175
B_only,1000,2000,-0.007029718451700928,-0.0014094271702523638,-0.0056202912814485645,100,175
A_only,1000,5000,-0.13315411213869785,-0.000677201249950961,-0.13247691088874688,100,175
hybrid,1000,5000,-0.015609992151469876,-0.000677201249950961,-0.014932790901518915,100,175
B_only,1000,5000,-0.025916274445486536,-0.000677201249950961,-0.025239073195535575,100,175
A_only,1000,10000,-0.6931004449225464,-0.0017750075215489918,-0.6913254374009974,100,175
hybrid,1000,10000,-0.2901646238769005,-0.0017750075215489918,-0.28838961635535154,100,175
B_only,1000,10000,-0.018856697802806674,-0.0017750075215489918,-0.01708169028125768,100,175
A_only,1000,2000,-1.8321302378482724,-0.0033189882361477573,-1.8288112496121247,200,175
hybrid,1000,2000,-0.8049446373640753,-0.0033189882361477573,-0.8016256491279276,200,175
B_only,1000,2000,-0.07929588144076168,-0.0033189882361477573,-0.07597689320461391,200,175
A_only,1000,5000,-0.5041888614623312,-0.01653092336097194,-0.48765793810135927,200,175
hybrid,1000,5000,-0.11672496345795014,-0.01653092336097194,-0.1001940400969782,200,175
B_only,1000,5000,-0.0009067606731611842,-0.01653092336097194,0.015624162687810755,200,175
A_only,1000,10000,-2.236521959908269,-0.0033189882361477573,-2.2332029716721213,200,175
hybrid,1000,10000,-1.3208472538132556,-0.0033189882361477573,-1.317528265577108,200,175
B_only,1000,10000,-0.5260792672179249,-0.0033189882361477573,-0.5227602789817771,200,175
A_only,1000,2000,-1.072183114809342,-0.29520425577647763,-0.7769788590328643,500,175
hybrid,1000,2000,-0.3827804660687564,-0.29520425577647763,-0.08757621029227874,500,175
B_only,1000,2000,-0.16307811239056358,-0.29520425577647763,0.13212614338591405,500,175
A_only,1000,5000,-0.8131632336366609,-0.02619584115917027,-0.7869673924774906,500,175
hybrid,1000,5000,-0.2014796592326973,-0.02619584115917027,-0.17528381807352705,500,175
B_only,1000,5000,-0.0011625953426164766,-0.02619584115917027,0.025033245816553796,500,175
A_only,1000,10000,-0.9023046609075942,-0.000677201249950961,-0.9016274596576432,500,175
hybrid,1000,10000,-0.24736498682943694,-0.000677201249950961,-0.24668778557948598,500,175
B_only,1000,10000,-0.002661322622676467,-0.000677201249950961,-0.001984121372725506,500,175
A_only,1000,2000,-1.7946666871544112,-0.0014094271702523638,-1.793257259984159,25,176
hybrid,1000,2000,-0.6793470495369361,-0.0014094271702523638,-0.6779376223666838,25,176
B_only,1000,2000,-0.27036965113804917,-0.0014094271702523638,-0.2689602239677968,25,176
A_only,1000,5000,-1.4906541959724477,-0.016652718459798817,-1.4740014775126489,25,176
hybrid,1000,5000,-0.47874284748321877,-0.016652718459798817,-0.46209012902341995,25,176
B_only,1000,5000,-0.20424856775546968,-0.016652718459798817,-0.18759584929567086,25,176
A_only,1000,10000,-0.6744823884060136,-0.0017750075215489918,-0.6727073808844646,25,176
hybrid,1000,10000,-0.11165566589605119,-0.0017750075215489918,-0.1098806583745022,25,176
B_only,1000,10000,-6.220816005557068e-07,-0.0017750075215489918,0.001774385439948436,25,176
A_only,1000,2000,-1.612051126876346,-0.06997887129157059,-1.5420722555847755,50,176
hybrid,1000,2000,-0.789173673801567,-0.06997887129157059,-0.7191948025099965,50,176
B_only,1000,2000,-0.06426921778567637,-0.06997887129157059,0.0057096535058942105,50,176
A_only,1000,5000,-0.9735069325141931,-0.0014094271702523638,-0.9720975053439407,50,176
hybrid,1000,5000,-0.6187238701434683,-0.0014094271702523638,-0.6173144429732159,50,176
B_only,1000,5000,-1.2204974038117848,-0.0014094271702523638,-1.2190879766415326,50,176
A_only,1000,10000,-0.8301050258856517,-0.0017750075215489918,-0.8283300183641027,50,176
hybrid,1000,10000,-0.30958631494302763,-0.0017750075215489918,-0.30781130742147866,50,176
B_only,1000,10000,-0.326698675613488,-0.0017750075215489918,-0.324923668091939,50,176
A_only,1000,2000,-1.0573207218045875,-0.0017750075215489918,-1.0555457142830384,100,176
hybrid,1000,2000,-0.4132120436500058,-0.0017750075215489918,-0.41143703612845683,100,176
B_only,1000,2000,-0.7071075321572184,-0.0017750075215489918,-0.7053325246356694,100,176
A_only,1000,5000,-0.34203273261741685,-0.016652718459798817,-0.325380014157618,100,176
hybrid,1000,5000,-0.1012428310023091,-0.016652718459798817,-0.08459011254251028,100,176
B_only,1000,5000,-0.9572264261434983,-0.016652718459798817,-0.9405737076836995,100,176
A_only,1000,10000,-0.5319320222864352,-0.000677201249950961,-0.5312548210364842,100,176
hybrid,1000,10000,-0.2296565277324604,-0.000677201249950961,-0.22897932648250943,100,176
B_only,1000,10000,-0.15202943853450301,-0.000677201249950961,-0.15135223728455205,100,176
A_only,1000,2000,-1.7943229483642085,-0.0014094271702523638,-1.7929135211939562,200,176
hybrid,1000,2000,-0.7538365361274694,-0.0014094271702523638,-0.752427108957217,200,176
B_only,1000,2000,-0.15583354755692672,-0.0014094271702523638,-0.15442412038667436,200,176
A_only,1000,5000,-1.0272039625085483,-0.018494542316971195,-1.0087094201915772,200,176
hybrid,1000,5000,-0.2301976580173703,-0.018494542316971195,-0.2117031157003991,200,176
B_only,1000,5000,-1.741602565952432e-07,-0.018494542316971195,0.0184943681567146,200,176
A_only,1000,10000,-0.3485899953619327,-0.000677201249950961,-0.3479127941119817,200,176
hybrid,1000,10000,-0.05372929144566498,-0.000677201249950961,-0.053052090195714025,200,176
B_only,1000,10000,-0.0005564576448405784,-0.000677201249950961,0.00012074360511038257,200,176
A_only,1000,2000,-1.95424968165924,-0.06997887129157059,-1.8842708103676695,500,176
hybrid,1000,2000,-0.7245216279125929,-0.06997887129157059,-0.6545427566210223,500,176
B_only,1000,2000,-0.07829304469907317,-0.06997887129157059,-0.008314173407502581,500,176
A_only,1000,5000,-0.06675864892591656,-0.000677201249950961,-0.06608144767596559,500,176
hybrid,1000,5000,-0.008449884911930296,-0.000677201249950961,-0.007772683661979336,500,176
B_only,1000,5000,-0.010902668219641838,-0.000677201249950961,-0.010225466969690877,500,176
A_only,1000,10000,-0.0076710959510905685,-0.000677201249950961,-0.006993894701139608,500,176
hybrid,1000,10000,-0.001250784066288711,-0.000677201249950961,-0.0005735828163377501,500,176
B_only,1000,10000,-0.006307111567654895,-0.000677201249950961,-0.0056299103177039345,500,176
A_only,1000,2000,-0.7529921104011053,-0.12341214349600381,-0.6295799669051014,25,177
hybrid,1000,2000,-0.19081435960013596,-0.12341214349600381,-0.06740221610413215,25,177
B_only,1000,2000,-1.0075344166963465,-0.12341214349600381,-0.8841222732003426,25,177
A_only,1000,5000,-1.7509529373038333,-0.0017750075215489918,-1.7491779297822843,25,177
hybrid,1000,5000,-0.8925983778781755,-0.0017750075215489918,-0.8908233703566265,25,177
B_only,1000,5000,-0.007527510234625253,-0.0017750075215489918,-0.005752502713076261,25,177
A_only,1000,10000,-1.1314778025208534,-0.01653092336097194,-1.1149468791598816,25,177
hybrid,1000,10000,-0.6187228147575495,-0.01653092336097194,-0.6021918913965776,25,177
B_only,1000,10000,-0.20525118401732362,-0.01653092336097194,-0.18872026065635167,25,177
A_only,1000,2000,-1.1865359955224184,-0.048388414081634995,-1.1381475814407833,50,177
hybrid,1000,2000,-0.29764104913197975,-0.048388414081634995,-0.24925263505034476,50,177
B_only,1000,2000,-0.0004040234242976317,-0.048388414081634995,0.04798439065733736,50,177
A_only,1000,5000,-0.8375851554928149,-0.021107167799241426,-0.8164779876935735,50,177
hybrid,1000,5000,-0.14898996564629308,-0.021107167799241426,-0.12788279784705164,50,177
B_only,1000,5000,-0.1457133605065601,-0.021107167799241426,-0.12460619270731868,50,177
A_only,1000,10000,-1.2852137285662695,-0.000677201249950961,-1.2845365273163185,50,177
hybrid,1000,10000,-0.6322662171196355,-0.000677201249950961,-0.6315890158696845,50,177
B_only,1000,10000,-0.6602009134405349,-0.000677201249950961,-0.6595237121905839,50,177
A_only,1000,2000,-2.377218840611255,-0.10953837757218061,-2.267680463039074,100,177
hybrid,1000,2000,-1.3870322663808072,-0.10953837757218061,-1.2774938888086267,100,177
B_only,1000,2000,-0.21606442472446083,-0.10953837757218061,-0.10652604715228021,100,177
A_only,1000,5000,-1.6958876685241464,-0.0017750075215489918,-1.6941126610025974,100,177
hybrid,1000,5000,-0.7578847632130586,-0.0017750075215489918,-0.7561097556915096,100,177
B_only,1000,5000,-0.1310758460612976,-0.0017750075215489918,-0.1293008385397486,100,177
A_only,1000,10000,-0.690747793082344,-0.016652718459798817,-0.6740950746225453,100,177
hybrid,1000,10000,-0.21147308808358295,-0.016652718459798817,-0.19482036962378413,100,177
B_only,1000,10000,-4.782216008459264e-05,-0.016652718459798817,0.016604896299714223,100,177
A_only,1000,2000,-2.264859591803325,-0.000677201249950961,-2.264182390553374,200,177
hybrid,1000,2000,-1.2808653155326608,-0.000677201249950961,-1.2801881142827098,200,177
B_only,1000,2000,-0.2690189629905693,-0.000677201249950961,-0.26834176174061836,200,177
A_only,1000,5000,-0.3075854527025287,-0.0017750075215489918,-0.3058104451809797,200,177
hybrid,1000,5000,-0.13572219496145055,-0.0017750075215489918,-0.13394718743990155,200,177
B_only,1000,5000,-0.37296731649853393,-0.0017750075215489918,-0.37119230897698496,200,177
A_only,1000,10000,-0.4658778203361245,-0.000677201249950961,-0.46520061908617355,200,177
hybrid,1000,10000,-0.1876051081299455,-0.000677201249950961,-0.18692790687999453,200,177
B_only,1000,10000,-0.20884661594350537,-0.000677201249950961,-0.2081694146935544,200,177
A_only,1000,2000,-1.007283460405689,-0.1111690382606413,-0.8961144221450478,500,177
hybrid,1000,2000,-0.41601772217601835,-0.1111690382606413,-0.30484868391537706,500,177
B_only,1000,2000,-0.3647064787547715,-0.1111690382606413,-0.25353744049413024,500,177
A_only,1000,5000,-0.2519614598158962,-0.000677201249950961,-0.2512842585659452,500,177
hybrid,1000,5000,-0.06988745466039374,-0.000677201249950961,-0.06921025341044278,500,177
B_only,1000,5000,-0.04151017591343884,-0.000677201249950961,-0.040832974663487884,500,177
A_only,1000,10000,-0.7934841536654328,-0.0014094271702523638,-0.7920747264951804,500,177
hybrid,1000,10000,-0.18764986836444733,-0.0014094271702523638,-0.18624044119419497,500,177
B_only,1000,10000,-0.005222303012805607,-0.0014094271702523638,-0.0038128758425532427,500,177
A_only,1000,2000,-2.1361721215169513,-0.000677201249950961,-2.1354949202670004,25,178
hybrid,1000,2000,-1.5598257372160533,-0.000677201249950961,-1.5591485359661024,25,178
B_only,1000,2000,-1.021670658529281,-0.000677201249950961,-1.02099345727933,25,178
A_only,1000,5000,-1.3809075225397502,-0.034310857636452745,-1.3465966649032974,25,178
hybrid,1000,5000,-0.7784095956540656,-0.034310857636452745,-0.744098738017613,25,178
B_only,1000,5000,-0.10840733972496251,-0.034310857636452745,-0.07409648208850977,25,178
A_only,1000,10000,-0.7182388355340769,-0.0017750075215489918,-0.7164638280125278,25,178
hybrid,1000,10000,-0.3955842839597942,-0.0017750075215489918,-0.39380927643824526,25,178
B_only,1000,10000,-0.004920088102184561,-0.0017750075215489918,-0.003145080580635569,25,178
A_only,1000,2000,-0.9126332907740627,-0.0014094271702523638,-0.9112238636038104,50,178
hybrid,1000,2000,-0.24391119038566075,-0.0014094271702523638,-0.2425017632154084,50,178
B_only,1000,2000,-5.4097213331696384e-05,-0.0014094271702523638,0.0013553299569206674,50,178
A_only,1000,5000,-0.9288249180172211,-0.0014094271702523638,-0.9274154908469687,50,178
hybrid,1000,5000,-0.49339253454482423,-0.0014094271702523638,-0.49198310737457185,50,178
B_only,1000,5000,-2.440489357744426,-0.0014094271702523638,-2.4390799305741737,50,178
A_only,1000,10000,-0.002355689072470981,-0.000677201249950961,-0.0016784878225200198,50,178
hybrid,1000,10000,-5.256094425889684e-05,-0.000677201249950961,0.0006246403056920641,50,178
B_only,1000,10000,-0.6476172791916176,-0.000677201249950961,-0.6469400779416666,50,178
A_only,1000,2000,-0.8254229731559665,-0.0017750075215489918,-0.8236479656344174,100,178
hybrid,1000,2000,-0.25002534244490854,-0.0017750075215489918,-0.24825033492335954,100,178
B_only,1000,2000,-0.9424394468307362,-0.0017750075215489918,-0.9406644393091872,100,178
A_only,1000,5000,-0.25823205640498886,-0.0014094271702523638,-0.2568226292347365,100,178
hybrid,1000,5000,-0.06982896088608666,-0.0014094271702523638,-0.0684195337158343,100,178
B_only,1000,5000,-0.33178967830949746,-0.0014094271702523638,-0.3303802511392451,100,178
A_only,1000,10000,-1.4497990670577074,-0.000677201249950961,-1.4491218658077565,100,178
hybrid,1000,10000,-0.9834177499176711,-0.000677201249950961,-0.9827405486677201,100,178
B_only,1000,10000,-0.03543438121135483,-0.000677201249950961,-0.03475717996140387,100,178
A_only,1000,2000,-0.5036311837496201,-0.02619584115917027,-0.47743534259044984,200,178
hybrid,1000,2000,-0.16156158162217577,-0.02619584115917027,-0.13536574046300548,200,178
B_only,1000,2000,-0.17858335745833262,-0.02619584115917027,-0.15238751629916236,200,178
A_only,1000,5000,-2.047558372955034,-0.021107167799241426,-2.0264512051557926,200,178
hybrid,1000,5000,-1.0707414168723126,-0.021107167799241426,-1.0496342490730712,200,178
B_only,1000,5000,-0.014673200355358922,-0.021107167799241426,0.006433967443882504,200,178
A_only,1000,10000,-1.443748061365195,-0.000677201249950961,-1.443070860115244,200,178
hybrid,1000,10000,-0.3772865359084762,-0.000677201249950961,-0.37660933465852525,200,178
B_only,1000,10000,-1.2252415862486243e-05,-0.000677201249950961,0.0006649488340884748,200,178
A_only,1000,2000,-1.7102463666398013,-0.0017750075215489918,-1.7084713591182523,500,178
hybrid,1000,2000,-0.6187425899551781,-0.0017750075215489918,-0.616967582433629,500,178
B_only,1000,2000,-0.03379445078261783,-0.0017750075215489918,-0.032019443261068835,500,178
A_only,1000,5000,-0.41078490711437365,-0.016652718459798817,-0.39413218865457483,500,178
hybrid,1000,5000,-0.07732073969944739,-0.016652718459798817,-0.06066802123964857,500,178
B_only,1000,5000,-0.004472640654453056,-0.016652718459798817,0.012180077805345762,500,178
A_only,1000,10000,-0.8905021467392404,-0.000677201249950961,-0.8898249454892895,500,178
hybrid,1000,10000,-0.31262992726973615,-0.000677201249950961,-0.3119527260197852,500,178
B_only,1000,10000,-0.05931860611037801,-0.000677201249950961,-0.05864140486042705,500,178
A_only,1000,2000,-1.4923907452178409,-0.021107167799241426,-1.4712835774185995,25,179
hybrid,1000,2000,-0.4995112565455407,-0.021107167799241426,-0.47840408874629925,25,179
B_only,1000,2000,-0.0009239416643952858,-0.021107167799241426,0.02018322613484614,25,179
A_only,1000,5000,-1.6765167362391613,-0.0017750075215489918,-1.6747417287176123,25,179
hybrid,1000,5000,-0.7854217935519062,-0.0017750075215489918,-0.7836467860303572,25,179
B_only,1000,5000,-0.06668148750954095,-0.0017750075215489918,-0.06490647998799196,25,179
A_only,1000,10000,-2.152282832455997,-0.0014094271702523638,-2.1508734052857448,25,179
hybrid,1000,10000,-1.157958586079526,-0.0014094271702523638,-1.1565491589092738,25,179
B_only,1000,10000,-0.001248286775824656,-0.0014094271702523638,0.00016114039442770788,25,179
A_only,1000,2000,-0.5653729408179488,-0.000677201249950961,-0.5646957395679978,50,179
hybrid,1000,2000,-0.07284571412716492,-0.000677201249950961,-0.07216851287721396,50,179
B_only,1000,2000,-0.06746795161730322,-0.000677201249950961,-0.06679075036735226,50,179
A_only,1000,5000,-1.1122769777873047,-0.000677201249950961,-1.1115997765373538,50,179
hybrid,1000,5000,-0.4746447345604243,-0.000677201249950961,-0.4739675333104733,50,179
B_only,1000,5000,-0.15220263469667944,-0.000677201249950961,-0.15152543344672847,50,179
A_only,1000,10000,-1.0530262134469432,-0.000677201249950961,-1.0523490121969923,50,179
hybrid,1000,10000,-0.48751149810400995,-0.000677201249950961,-0.486834296854059,50,179
B_only,1000,10000,-0.30175054319013256,-0.000677201249950961,-0.3010733419401816,50,179
A_only,1000,2000,-3.1591613878173863,-0.021107167799241426,-3.138054220018145,100,179
hybrid,1000,2000,-1.6105974788016209,-0.021107167799241426,-1.5894903110023795,100,179
B_only,1000,2000,-0.011430288805156829,-0.021107167799241426,0.009676878994084597,100,179
A_only,1000,5000,-0.49770724650125103,-0.000677201249950961,-0.49703004525130007,100,179
hybrid,1000,5000,-0.12553759999040776,-0.000677201249950961,-0.12486039874045679,100,179
B_only,1000,5000,-0.16854438228729293,-0.000677201249950961,-0.16786718103734197,100,179
A_only,1000,10000,-0.2173387310535286,-0.000677201249950961,-0.21666152980357764,100,179
hybrid,1000,10000,-0.06779358920653233,-0.000677201249950961,-0.06711638795658137,100,179
B_only,1000,10000,-0.2677914096379894,-0.000677201249950961,-0.26711420838803845,100,179
A_only,1000,2000,-0.5462389665516163,-0.1927365916224321,-0.35350237492918424,200,179
hybrid,1000,2000,-0.11160311214325648,-0.1927365916224321,0.08113347947917561,200,179
B_only,1000,2000,-0.007623317751428367,-0.1927365916224321,0.18511327387100374,200,179
A_only,1000,5000,-0.06364020734344414,-0.000677201249950961,-0.06296300609349317,200,179
hybrid,1000,5000,-0.01056645197080785,-0.000677201249950961,-0.009889250720856889,200,179
B_only,1000,5000,-0.2210941010043696,-0.000677201249950961,-0.22041689975441864,200,179
A_only,1000,10000,-0.5188800904132197,-0.000677201249950961,-0.5182028891632687,200,179
hybrid,1000,10000,-0.16350487767815408,-0.000677201249950961,-0.16282767642820312,200,179
B_only,1000,10000,-2.4977030218621782e-05,-0.000677201249950961,0.0006522242197323392,200,179
A_only,1000,2000,-2.1137169481905413,-0.10943357822942999,-2.0042833699611116,500,179
hybrid,1000,2000,-0.6060277678461149,-0.10943357822942999,-0.4965941896166849,500,179
B_only,1000,2000,-0.17350847114500328,-0.10943357822942999,-0.06407489291557329,500,179
A_only,1000,5000,-1.2483617147595634,-0.000677201249950961,-1.2476845135096124,500,179
hybrid,1000,5000,-0.2831870958411822,-0.000677201249950961,-0.2825098945912312,500,179
B_only,1000,5000,-0.0013497684992210119,-0.000677201249950961,-0.0006725672492700509,500,179
A_only,1000,10000,-0.6952296773294319,-0.01653092336097194,-0.6786987539684599,500,179
hybrid,1000,10000,-0.16999722959596653,-0.01653092336097194,-0.15346630623499458,500,179
B_only,1000,10000,-0.0074973080509217515,-0.01653092336097194,0.009033615310050189,500,179
A_only,1000,2000,-1.7923273306791243,-0.000677201249950961,-1.7916501294291733,25,180
hybrid,1000,2000,-1.1009123069191429,-0.000677201249950961,-1.100235105669192,25,180
B_only,1000,2000,-0.5652656670445518,-0.000677201249950961,-0.5645884657946009,25,180
A_only,1000,5000,-1.7890095499979102,-0.0442296682476969,-1.7447798817502134,25,180
hybrid,1000,5000,-1.3677361589369015,-0.0442296682476969,-1.3235064906892047,25,180
B_only,1000,5000,-3.8466539808654803,-0.0442296682476969,-3.8024243126177835,25,180
A_only,1000,10000,-0.25238647277370374,-0.0017750075215489918,-0.2506114652521548,25,180
hybrid,1000,10000,-0.05231100047653251,-0.0017750075215489918,-0.05053599295498352,25,180
B_only,1000,10000,-0.15138830887611082,-0.0017750075215489918,-0.14961330135456183,25,180
A_only,1000,2000,-2.098884941678087,-0.02619584115917027,-2.0726891005189167,50,180
hybrid,1000,2000,-1.4235929262550706,-0.02619584115917027,-1.3973970850959003,50,180
B_only,1000,2000,-0.5193582698281569,-0.02619584115917027,-0.49316242866898663,50,180
A_only,1000,5000,-0.3972976543551878,-0.0014094271702523638,-0.39588822718493544,50,180
hybrid,1000,5000,-0.07948571390440988,-0.0014094271702523638,-0.07807628673415752,50,180
B_only,1000,5000,-0.2170325609943456,-0.0014094271702523638,-0.21562313382409323,50,180
A_only,1000,10000,-0.795345416477605,-0.000677201249950961,-0.7946682152276541,50,180
hybrid,1000,10000,-0.1427074956570456,-0.000677201249950961,-0.14203029440709464,50,180
B_only,1000,10000,-7.234658590386203e-07,-0.000677201249950961,0.0006764777840919223,50,180
A_only,1000,2000,-1.7337099947289498,-0.02619584115917027,-1.7075141535697795,100,180
hybrid,1000,2000,-0.8729627170478287,-0.02619584115917027,-0.8467668758886584,100,180
B_only,1000,2000,-0.45419012041963497,-0.02619584115917027,-0.4279942792604647,100,180
A_only,1000,5000,-0.9036462713114736,-0.0442296682476969,-0.8594166030637767,100,180
hybrid,1000,5000,-0.2787486223912125,-0.0442296682476969,-0.23451895414351562,100,180
B_only,1000,5000,-0.0002815274241701545,-0.0442296682476969,0.04394814082352674,100,180
A_only,1000,10000,-1.0938018455727134,-0.000677201249950961,-1.0931246443227625,100,180
hybrid,1000,10000,-0.6551139778220456,-0.000677201249950961,-0.6544367765720946,100,180
B_only,1000,10000,-0.10839580694060509,-0.000677201249950961,-0.10771860569065413,100,180
A_only,1000,2000,-1.4618783199477956,-0.0014094271702523638,-1.4604688927775433,200,180
hybrid,1000,2000,-0.5874841549005366,-0.0014094271702523638,-0.5860747277302842,200,180
B_only,1000,2000,-0.8816096108319054,-0.0014094271702523638,-0.880200183661653,200,180
A_only,1000,5000,-0.5040518698150294,-0.0014094271702523638,-0.502642442644777,200,180
hybrid,1000,5000,-0.19176783060927907,-0.0014094271702523638,-0.1903584034390267,200,180
B_only,1000,5000,-0.33851289117011363,-0.0014094271702523638,-0.33710346399986124,200,180
A_only,1000,10000,-1.0657626507122304,-0.0017750075215489918,-1.0639876431906814,200,180
hybrid,1000,10000,-0.39237226946599196,-0.0017750075215489918,-0.390597261944443,200,180
B_only,1000,10000,-0.004664410559737879,-0.0017750075215489918,-0.0028894030381888874,200,180
A_only,1000,2000,-1.6214228104300537,-0.13629847621520946,-1.4851243342148441,500,180
hybrid,1000,2000,-0.6517160494418675,-0.13629847621520946,-0.5154175732266579,500,180
B_only,1000,2000,-0.36405585111432837,-0.13629847621520946,-0.2277573748991189,500,180
A_only,1000,5000,-0.8216177495832329,-0.0442296682476969,-0.7773880813355359,500,180
hybrid,1000,5000,-0.329169562976973,-0.0442296682476969,-0.28493989472927606,500,180
B_only,1000,5000,-0.014418438739917919,-0.0442296682476969,0.02981122950777898,500,180
A_only,1000,10000,-0.974461025526437,-0.0017750075215489918,-0.972686018004888,500,180
hybrid,1000,10000,-0.3093053597528202,-0.0017750075215489918,-0.30753035223127123,500,180
B_only,1000,10000,-0.02108709329126633,-0.0017750075215489918,-0.019312085769717338,500,180
A_only,1000,2000,-1.6871279335228635,-0.0033189882361477573,-1.6838089452867158,25,181
hybrid,1000,2000,-0.5612908039483758,-0.0033189882361477573,-0.5579718157122281,25,181
B_only,1000,2000,-0.015398135739551337,-0.0033189882361477573,-0.01207914750340358,25,181
A_only,1000,5000,-1.1629220153178694,-0.0014094271702523638,-1.1615125881476172,25,181
hybrid,1000,5000,-0.5126865746411405,-0.0014094271702523638,-0.5112771474708881,25,181
B_only,1000,5000,-0.22012783379798706,-0.0014094271702523638,-0.2187184066277347,25,181
A_only,1000,10000,-0.5388115446017961,-0.0014094271702523638,-0.5374021174315438,25,181
hybrid,1000,10000,-0.1361672625170489,-0.0014094271702523638,-0.13475783534679653,25,181
B_only,1000,10000,-1.095278872818336e-06,-0.0014094271702523638,0.0014083318913795456,25,181
A_only,1000,2000,-1.2528931863308037,-0.034310857636452745,-1.218582328694351,50,181
hybrid,1000,2000,-0.48345044076832794,-0.034310857636452745,-0.4491395831318752,50,181
B_only,1000,2000,-0.0008135321745355992,-0.034310857636452745,0.033497325461917145,50,181
A_only,1000,5000,-1.024197069067579,-0.07123766710210508,-0.9529594019654739,50,181
hybrid,1000,5000,-0.5699596301805266,-0.07123766710210508,-0.49872196307842154,50,181
B_only,1000,5000,-0.28038728593217144,-0.07123766710210508,-0.20914961883006636,50,181
A_only,1000,10000,-1.5236786695351385,-0.000677201249950961,-1.5230014682851876,50,181
hybrid,1000,10000,-1.7917368717203446,-0.000677201249950961,-1.7910596704703936,50,181
B_only,1000,10000,-2.973334965592853,-0.000677201249950961,-2.972657764342902,50,181
A_only,1000,2000,-0.15972340427116277,-0.018494542316971195,-0.14122886195419157,100,181
hybrid,1000,2000,-0.011192860023086178,-0.018494542316971195,0.007301682293885017,100,181
B_only,1000,2000,-0.554068992471111,-0.018494542316971195,-0.5355744501541397,100,181
A_only,1000,5000,-0.7928390452222468,-0.0014094271702523638,-0.7914296180519944,100,181
hybrid,1000,5000,-0.2659739885524134,-0.0014094271702523638,-0.264564561382161,100,181
B_only,1000,5000,-0.00019921729474854392,-0.0014094271702523638,0.00121020987550382,100,181
A_only,1000,10000,-1.9436678829751906,-0.000677201249950961,-1.9429906817252396,100,181
hybrid,1000,10000,-1.0245944451131892,-0.000677201249950961,-1.0239172438632382,100,181
B_only,1000,10000,-0.1534546722114406,-0.000677201249950961,-0.15277747096148964,100,181
A_only,1000,2000,-1.8411651101968758,-0.0033189882361477573,-1.837846121960728,200,181
hybrid,1000,2000,-0.6443223179043839,-0.0033189882361477573,-0.6410033296682361,200,181
B_only,1000,2000,-0.012354654366906965,-0.0033189882361477573,-0.009035666130759207,200,181
A_only,1000,5000,-0.6114999980818537,-0.0017750075215489918,-0.6097249905603047,200,181
hybrid,1000,5000,-0.2284457613476775,-0.0017750075215489918,-0.2266707538261285,200,181
B_only,1000,5000,-0.02370225610189915,-0.0017750075215489918,-0.02192724858035016,200,181
A_only,1000,10000,-0.4085801132484169,-0.000677201249950961,-0.40790291199846596,200,181
hybrid,1000,10000,-0.11568224445917134,-0.000677201249950961,-0.11500504320922038,200,181
B_only,1000,10000,-0.23260616556972585,-0.000677201249950961,-0.2319289643197749,200,181
A_only,1000,2000,-0.9128950322567695,-0.0017750075215489918,-0.9111200247352205,500,181
hybrid,1000,2000,-0.337397282330382,-0.0017750075215489918,-0.33562227480883305,500,181
B_only,1000,2000,-0.1981885415304467,-0.0017750075215489918,-0.19641353400889772,500,181
A_only,1000,5000,-1.35353011802284,-0.0017750075215489918,-1.351755110501291,500,181
hybrid,1000,5000,-0.18486712521271811,-0.0017750075215489918,-0.18309211769116912,500,181
B_only,1000,5000,-0.0007094973888239388,-0.0017750075215489918,0.0010655101327250532,500,181
A_only,1000,10000,-0.7394671547889063,-0.000677201249950961,-0.7387899535389554,500,181
hybrid,1000,10000,-0.17410435016810008,-0.000677201249950961,-0.17342714891814912,500,181
B_only,1000,10000,-0.0027212680514532525,-0.000677201249950961,-0.0020440668015022914,500,181
A_only,1000,2000,-1.1172749122492738,-0.01653092336097194,-1.100743988888302,25,182
hybrid,1000,2000,-0.4032717882616769,-0.01653092336097194,-0.386740864900705,25,182
B_only,1000,2000,-0.20677637823421532,-0.01653092336097194,-0.19024545487324337,25,182
A_only,1000,5000,-0.6441865327497494,-0.016652718459798817,-0.6275338142899506,25,182
hybrid,1000,5000,-0.27841453272441463,-0.016652718459798817,-0.2617618142646158,25,182
B_only,1000,5000,-0.8942856322393803,-0.016652718459798817,-0.8776329137795815,25,182
A_only,1000,10000,-0.025959360640076926,-0.000677201249950961,-0.025282159390125965,25,182
hybrid,1000,10000,-0.0009774365966071865,-0.000677201249950961,-0.0003002353466562256,25,182
B_only,1000,10000,-0.29056820925834065,-0.000677201249950961,-0.2898910080083897,25,182
A_only,1000,2000,-0.7224648816668695,-0.000677201249950961,-0.7217876804169185,50,182
hybrid,1000,2000,-0.16518092278582222,-0.000677201249950961,-0.16450372153587126,50,182
B_only,1000,2000,-0.0010679828913326478,-0.000677201249950961,-0.0003907816413816868,50,182
A_only,1000,5000,-0.9929773310114529,-0.0033189882361477573,-0.9896583427753052,50,182
hybrid,1000,5000,-0.2856953440474094,-0.0033189882361477573,-0.2823763558112617,50,182
B_only,1000,5000,-0.019597495476435575,-0.0033189882361477573,-0.01627850724028782,50,182
A_only,1000,10000,-0.4224482946499209,-0.000677201249950961,-0.42177109339996993,50,182
hybrid,1000,10000,-0.1211765560570189,-0.000677201249950961,-0.12049935480706793,50,182
B_only,1000,10000,-0.0011413854721649362,-0.000677201249950961,-0.0004641842222139753,50,182
A_only,1000,2000,-1.1849523163596853,-0.0014094271702523638,-1.183542889189433,100,182
hybrid,1000,2000,-0.4260040505244833,-0.0014094271702523638,-0.4245946233542309,100,182
B_only,1000,2000,-0.00046597218064073055,-0.0014094271702523638,0.0009434549896116333,100,182
A_only,1000,5000,-1.282205537422382,-0.018494542316971195,-1.2637109951054109,100,182
hybrid,1000,5000,-0.3924846014609528,-0.018494542316971195,-0.37399005914398165,100,182
B_only,1000,5000,-5.999713310611088e-11,-0.018494542316971195,0.018494542256974063,100,182
A_only,1000,10000,-0.6914817606683121,-0.0014094271702523638,-0.6900723334980597,100,182
hybrid,1000,10000,-0.3007670141076097,-0.0014094271702523638,-0.2993575869373573,100,182
B_only,1000,10000,-0.11224643522448728,-0.0014094271702523638,-0.11083700805423492,100,182
A_only,1000,2000,-0.28245494151338285,-0.0033189882361477573,-0.2791359532772351,200,182
hybrid,1000,2000,-0.04820444663656712,-0.0033189882361477573,-0.04488545840041937,200,182
B_only,1000,2000,-0.34079188905911095,-0.0033189882361477573,-0.3374729008229632,200,182
A_only,1000,5000,-0.47967256505406297,-0.034310857636452745,-0.4453617074176102,200,182
hybrid,1000,5000,-0.16561894170476776,-0.034310857636452745,-0.131308084068315,200,182
B_only,1000,5000,-0.15847953975590143,-0.034310857636452745,-0.12416868211944868,200,182
A_only,1000,10000,-0.9157758189816686,-0.0014094271702523638,-0.9143663918114162,200,182
hybrid,1000,10000,-0.2678458486509507,-0.0014094271702523638,-0.2664364214806983,200,182
B_only,1000,10000,-0.0002175200258769421,-0.0014094271702523638,0.0011919071443754216,200,182
A_only,1000,2000,-1.7755847691088507,-0.016652718459798817,-1.7589320506490518,500,182
hybrid,1000,2000,-0.4344876393763295,-0.016652718459798817,-0.4178349209165307,500,182
B_only,1000,2000,-0.05713794033335812,-0.016652718459798817,-0.040485221873559296,500,182
A_only,1000,5000,-1.5720675980155592,-0.0014094271702523638,-1.570658170845307,500,182
hybrid,1000,5000,-0.5369676532853421,-0.0014094271702523638,-0.5355582261150897,500,182
B_only,1000,5000,-0.0009621118229233813,-0.0014094271702523638,0.0004473153473289825,500,182
A_only,1000,10000,-1.1263351342552468,-0.0014094271702523638,-1.1249257070849945,500,182
hybrid,1000,10000,-0.28845201345974264,-0.0014094271702523638,-0.28704258628949025,500,182
B_only,1000,10000,-0.00030625099032803317,-0.0014094271702523638,0.0011031761799243306,500,182
A_only,1000,2000,-0.8521487336165536,-0.02619584115917027,-0.8259528924573833,25,183
hybrid,1000,2000,-0.47037588661173707,-0.02619584115917027,-0.4441800454525668,25,183
B_only,1000,2000,-1.1679040498913638,-0.02619584115917027,-1.1417082087321935,25,183
A_only,1000,5000,-0.508833667521073,-0.000677201249950961,-0.508156466271122,25,183
hybrid,1000,5000,-0.1538772392632441,-0.000677201249950961,-0.15320003801329313,25,183
B_only,1000,5000,-0.15698703627467087,-0.000677201249950961,-0.1563098350247199,25,183
A_only,1000,10000,-0.26168976482684453,-0.000677201249950961,-0.26101256357689356,25,183
hybrid,1000,10000,-0.04017497633122666,-0.000677201249950961,-0.0394977750812757,25,183
B_only,1000,10000,-5.311276022638438e-07,-0.000677201249950961,0.0006766701223486971,25,183
A_only,1000,2000,-0.9203521578375676,-0.04467924927401707,-0.8756729085635505,50,183
hybrid,1000,2000,-0.3301999871780104,-0.04467924927401707,-0.28552073790399335,50,183
B_only,1000,2000,-0.547568937123615,-0.04467924927401707,-0.5028896878495979,50,183
A_only,1000,5000,-1.7132069283267946,-0.01653092336097194,-1.6966760049658227,50,183
hybrid,1000,5000,-1.5962765449889917,-0.01653092336097194,-1.57974562162802,50,183
B_only,1000,5000,-1.165076629477486,-0.01653092336097194,-1.148545706116514,50,183
A_only,1000,10000,-1.575316341731798,-0.000677201249950961,-1.574639140481847,50,183
hybrid,1000,10000,-0.7939238244783228,-0.000677201249950961,-0.7932466232283718,50,183
B_only,1000,10000,-0.1933762939423287,-0.000677201249950961,-0.19269909269237773,50,183
A_only,1000,2000,-1.2353873513166256,-0.018494542316971195,-1.2168928089996545,100,183
hybrid,1000,2000,-0.2713981964197059,-0.018494542316971195,-0.25290365410273474,100,183
B_only,1000,2000,-0.0018276465463619872,-0.018494542316971195,0.01666689577060921,100,183
A_only,1000,5000,-0.6657023719579532,-0.0014094271702523638,-0.6642929447877008,100,183
hybrid,1000,5000,-0.23071881404194516,-0.0014094271702523638,-0.2293093868716928,100,183
B_only,1000,5000,-0.029143102639905147,-0.0014094271702523638,-0.02773367546965278,100,183
A_only,1000,10000,-2.199824899867172,-0.000677201249950961,-2.199147698617221,100,183
hybrid,1000,10000,-0.8449758659226525,-0.000677201249950961,-0.8442986646727015,100,183
B_only,1000,10000,-1.2555224943173116e-06,-0.000677201249950961,0.0006759457274566437,100,183
A_only,1000,2000,-1.2444547700399626,-0.02619584115917027,-1.2182589288807923,200,183
hybrid,1000,2000,-0.6459811098894865,-0.02619584115917027,-0.6197852687303163,200,183
B_only,1000,2000,-0.28670979862688384,-0.02619584115917027,-0.26051395746771355,200,183
A_only,1000,5000,-1.6682312837102125,-0.0014094271702523638,-1.6668218565399602,200,183
hybrid,1000,5000,-0.5098914161405609,-0.0014094271702523638,-0.5084819889703085,200,183
B_only,1000,5000,-0.00219809556073148,-0.0014094271702523638,-0.0007886683904791162,200,183
A_only,1000,10000,-0.8485952759845796,-0.000677201249950961,-0.8479180747346287,200,183
hybrid,1000,10000,-0.4158945257006905,-0.000677201249950961,-0.41521732445073956,200,183
B_only,1000,10000,-0.178568772845658,-0.000677201249950961,-0.17789157159570704,200,183
A_only,1000,2000,-2.049990093153899,-0.01653092336097194,-2.033459169792927,500,183
hybrid,1000,2000,-0.4980132412844711,-0.01653092336097194,-0.48148231792349916,500,183
B_only,1000,2000,-0.02771785707546248,-0.01653092336097194,-0.01118693371449054,500,183
A_only,1000,5000,-1.4838944347441658,-0.0014094271702523638,-1.4824850075739135,500,183
hybrid,1000,5000,-0.6912455622430629,-0.0014094271702523638,-0.6898361350728105,500,183
B_only,1000,5000,-0.12902686794805285,-0.0014094271702523638,-0.1276174407778005,500,183
A_only,1000,10000,-1.0375988543888548,-0.000677201249950961,-1.0369216531389038,500,183
hybrid,1000,10000,-0.4505112853797024,-0.000677201249950961,-0.44983408412975145,500,183
B_only,1000,10000,-0.08578806162739679,-0.000677201249950961,-0.08511086037744582,500,183
A_only,1000,2000,-1.6768418246312717,-0.048388414081634995,-1.6284534105496367,25,184
hybrid,1000,2000,-1.284660435368698,-0.048388414081634995,-1.2362720212870628,25,184
B_only,1000,2000,-1.0980887396471117,-0.048388414081634995,-1.0497003255654767,25,184
A_only,1000,5000,-1.242859331043967,-0.0033189882361477573,-1.2395403428078193,25,184
hybrid,1000,5000,-0.7392589929938821,-0.0033189882361477573,-0.7359400047577344,25,184
B_only,1000,5000,-0.1966005196194764,-0.0033189882361477573,-0.19328153138332863,25,184
A_only,1000,10000,-1.3980416373766067,-0.000677201249950961,-1.3973644361266557,25,184
hybrid,1000,10000,-1.708471745160993,-0.000677201249950961,-1.707794543911042,25,184
B_only,1000,10000,-2.0775122097669256,-0.000677201249950961,-2.0768350085169747,25,184
A_only,1000,2000,-0.9506273798019301,-0.06997887129157059,-0.8806485085103596,50,184
hybrid,1000,2000,-0.15086498892175318,-0.06997887129157059,-0.0808861176301826,50,184
B_only,1000,2000,-0.002103402075102733,-0.06997887129157059,0.06787546921646785,50,184
A_only,1000,5000,-1.0016050122308071,-0.016652718459798817,-0.9849522937710083,50,184
hybrid,1000,5000,-0.36918728024653474,-0.016652718459798817,-0.3525345617867359,50,184
B_only,1000,5000,-0.1420400911136199,-0.016652718459798817,-0.12538737265382108,50,184
A_only,1000,10000,-1.304118949971909,-0.000677201249950961,-1.303441748721958,50,184
hybrid,1000,10000,-0.8993470676208771,-0.000677201249950961,-0.8986698663709262,50,184
B_only,1000,10000,-0.6374764666320408,-0.000677201249950961,-0.6367992653820899,50,184
A_only,1000,2000,-2.3377840489188517,-0.021107167799241426,-2.3166768811196103,100,184
hybrid,1000,2000,-0.805900017619825,-0.021107167799241426,-0.7847928498205836,100,184
B_only,1000,2000,-0.0019064666787782009,-0.021107167799241426,0.019200701120463227,100,184
A_only,1000,5000,-0.24941873245168975,-0.0014094271702523638,-0.2480093052814374,100,184
hybrid,1000,5000,-0.025523588603866502,-0.0014094271702523638,-0.02411416143361414,100,184
B_only,1000,5000,-0.01158895219171797,-0.0014094271702523638,-0.010179525021465605,100,184
A_only,1000,10000,-0.2426110140842998,-0.000677201249950961,-0.24193381283434884,100,184
hybrid,1000,10000,-0.07196786214016652,-0.000677201249950961,-0.07129066089021556,100,184
B_only,1000,10000,-0.0008481494275634354,-0.000677201249950961,-0.0001709481776124744,100,184
A_only,1000,2000,-1.0082126492771322,-0.000677201249950961,-1.0075354480271812,200,184
hybrid,1000,2000,-0.053440709774110084,-0.000677201249950961,-0.052763508524159126,200,184
B_only,1000,2000,-9.959294819554572e-07,-0.000677201249950961,0.0006762053204690055,200,184
A_only,1000,5000,-1.6633150071190153,-0.0014094271702523638,-1.661905579948763,200,184
hybrid,1000,5000,-0.9807649500339933,-0.0014094271702523638,-0.979355522863741,200,184
B_only,1000,5000,-0.15305352007011955,-0.0014094271702523638,-0.1516440928998672,200,184
A_only,1000,10000,-0.6310298361224062,-0.01653092336097194,-0.6144989127614342,200,184
hybrid,1000,10000,-0.1643747976386625,-0.01653092336097194,-0.14784387427769055,200,184
B_only,1000,10000,-0.0261123002786692,-0.01653092336097194,-0.009581376917697261,200,184
A_only,1000,2000,-1.6533841946568322,-0.018494542316971195,-1.634889652339861,500,184
hybrid,1000,2000,-0.22101440647721826,-0.018494542316971195,-0.20251986416024706,500,184
B_only,1000,2000,-8.791651243357453e-06,-0.018494542316971195,0.018485750665727836,500,184
A_only,1000,5000,-1.2991059614340574,-0.0017750075215489918,-1.2973309539125084,500,184
hybrid,1000,5000,-0.26494667234831215,-0.0017750075215489918,-0.2631716648267632,500,184
B_only,1000,5000,-0.0010103577587810947,-0.0017750075215489918,0.0007646497627678971,500,184
A_only,1000,10000,-0.10443105805190572,-0.0033189882361477573,-0.10111206981575796,500,184
hybrid,1000,10000,-0.03053805880909817,-0.0033189882361477573,-0.027219070572950414,500,184
B_only,1000,10000,-0.053271177009411426,-0.0033189882361477573,-0.04995218877326367,500,184
A_only,1000,2000,-1.93051181063739,-0.01653092336097194,-1.9139808872764181,25,185
hybrid,1000,2000,-0.973415185098279,-0.01653092336097194,-0.956884261737307,25,185
B_only,1000,2000,-0.029814961587276374,-0.01653092336097194,-0.013284038226304435,25,185
A_only,1000,5000,-1.5972999676341473,-0.0014094271702523638,-1.595890540463895,25,185
hybrid,1000,5000,-0.7471801906041834,-0.0014094271702523638,-0.745770763433931,25,185
B_only,1000,5000,-0.026020117844721087,-0.0014094271702523638,-0.02461069067446872,25,185
A_only,1000,10000,-0.18232265585484828,-0.000677201249950961,-0.1816454546048973,25,185
hybrid,1000,10000,-0.027931629937371045,-0.000677201249950961,-0.027254428687420083,25,185
B_only,1000,10000,-0.005112611194408948,-0.000677201249950961,-0.004435409944457987,25,185
A_only,1000,2000,-1.131637796530649,-0.0033189882361477573,-1.1283188082945013,50,185
hybrid,1000,2000,-0.3213720272756086,-0.0033189882361477573,-0.31805303903946086,50,185
B_only,1000,2000,-0.0049884912448585695,-0.0033189882361477573,-0.0016695030087108122,50,185
A_only,1000,5000,-0.7650876730510905,-0.0014094271702523638,-0.7636782458808381,50,185
hybrid,1000,5000,-0.2603932742370979,-0.0014094271702523638,-0.2589838470668455,50,185
B_only,1000,5000,-0.0075468665821546025,-0.0014094271702523638,-0.006137439411902239,50,185
A_only,1000,10000,-1.2124213758411526,-0.000677201249950961,-1.2117441745912017,50,185
hybrid,1000,10000,-0.6535713482664751,-0.000677201249950961,-0.6528941470165242,50,185
B_only,1000,10000,-0.12088226147701923,-0.000677201249950961,-0.12020506022706827,50,185
A_only,1000,2000,-2.204304020222294,-0.034310857636452745,-2.1699931625858415,100,185
hybrid,1000,2000,-1.0523637883141683,-0.034310857636452745,-1.0180529306777155,100,185
B_only,1000,2000,-0.02237977100793991,-0.034310857636452745,0.011931086628512836,100,185
A_only,1000,5000,-2.077701780662607,-0.1111690382606413,-1.9665327424019654,100,185
hybrid,1000,5000,-1.6789790331399415,-0.1111690382606413,-1.5678099948793,100,185
B_only,1000,5000,-0.008951401420222403,-0.1111690382606413,0.1022176368404189,100,185
A_only,1000,10000,-1.599049591536144,-0.000677201249950961,-1.598372390286193,100,185
hybrid,1000,10000,-0.47837728333690654,-0.000677201249950961,-0.4777000820869556,100,185
B_only,1000,10000,-9.615395611293096e-08,-0.000677201249950961,0.000677105095994848,100,185
A_only,1000,2000,-0.33853136266234407,-0.02619584115917027,-0.3123355215031738,200,185
hybrid,1000,2000,-0.06317360755175971,-0.02619584115917027,-0.03697776639258944,200,185
B_only,1000,2000,-0.05994637079164712,-0.02619584115917027,-0.03375052963247685,200,185
A_only,1000,5000,-0.3510061060470129,-0.0017750075215489918,-0.3492310985254639,200,185
hybrid,1000,5000,-0.13256800006530942,-0.0017750075215489918,-0.13079299254376042,200,185
B_only,1000,5000,-0.3813958482689475,-0.0017750075215489918,-0.37962084074739855,200,185
A_only,1000,10000,-0.23317846849666635,-0.0014094271702523638,-0.231769041326414,200,185
hybrid,1000,10000,-0.03305984250308529,-0.0014094271702523638,-0.03165041533283292,200,185
B_only,1000,10000,-2.7880752417961047e-05,-0.0014094271702523638,0.0013815464178344027,200,185
A_only,1000,2000,-0.5952322033674233,-0.000677201249950961,-0.5945550021174724,500,185
hybrid,1000,2000,-0.13416625716501668,-0.000677201249950961,-0.1334890559150657,500,185
B_only,1000,2000,-0.017499318252200174,-0.000677201249950961,-0.016822117002249212,500,185
A_only,1000,5000,-1.297239925876393,-0.0017750075215489918,-1.295464918354844,500,185
hybrid,1000,5000,-0.4358843501560853,-0.0017750075215489918,-0.4341093426345363,500,185
B_only,1000,5000,-0.2997894788825498,-0.0017750075215489918,-0.29801447136100084,500,185
A_only,1000,10000,-0.7507071821060542,-0.000677201249950961,-0.7500299808561033,500,185
hybrid,1000,10000,-0.1157173422426569,-0.000677201249950961,-0.11504014099270593,500,185
B_only,1000,10000,-1.6533481384660523e-05,-0.000677201249950961,0.0006606677685663004,500,185
A_only,1000,2000,-0.984107439811416,-0.000677201249950961,-0.983430238561465,25,186
hybrid,1000,2000,-0.296301576300819,-0.000677201249950961,-0.295624375050868,25,186
B_only,1000,2000,-0.05722768082650194,-0.000677201249950961,-0.05655047957655098,25,186
A_only,1000,5000,-0.8254324119572704,-0.000677201249950961,-0.8247552107073194,25,186
hybrid,1000,5000,-0.3795786890107474,-0.000677201249950961,-0.37890148776079646,25,186
B_only,1000,5000,-0.9976150038757186,-0.000677201249950961,-0.9969378026257676,25,186
A_only,1000,10000,-0.9772897203282039,-0.0014094271702523638,-0.9758802931579516,25,186
hybrid,1000,10000,-0.5405603651927258,-0.0014094271702523638,-0.5391509380224734,25,186
B_only,1000,10000,-0.06823401500067097,-0.0014094271702523638,-0.06682458783041861,25,186
A_only,1000,2000,-1.4199283985208648,-0.10953837757218061,-1.3103900209486843,50,186
hybrid,1000,2000,-0.737311924209851,-0.10953837757218061,-0.6277735466376704,50,186
B_only,1000,2000,-0.4132484711622412,-0.10953837757218061,-0.3037100935900606,50,186
A_only,1000,5000,-0.010088899669626422,-0.01653092336097194,0.006442023691345517,50,186
hybrid,1000,5000,-0.00020143675440266297,-0.01653092336097194,0.016329486606569275,50,186
B_only,1000,5000,-0.0049200368354246765,-0.01653092336097194,0.011610886525547263,50,186
A_only,1000,10000,-2.434414437016445,-0.000677201249950961,-2.433737235766494,50,186
hybrid,1000,10000,-1.948214347797648,-0.000677201249950961,-1.947537146547697,50,186
B_only,1000,10000,-0.9447142290221681,-0.000677201249950961,-0.9440370277722171,50,186
A_only,1000,2000,-2.14737095086011,-0.09677148271081154,-2.0505994681492985,100,186
hybrid,1000,2000,-0.8243303815742423,-0.09677148271081154,-0.7275588988634307,100,186
B_only,1000,2000,-0.023478953646042248,-0.09677148271081154,0.0732925290647693,100,186
A_only,1000,5000,-0.7988963436921287,-0.04467924927401707,-0.7542170944181116,100,186
hybrid,1000,5000,-0.1803302538942974,-0.04467924927401707,-0.13565100462028035,100,186
B_only,1000,5000,-0.0025375758197830204,-0.04467924927401707,0.04214167345423405,100,186
A_only,1000,10000,-0.22749161875804363,-0.000677201249950961,-0.22681441750809267,100,186
hybrid,1000,10000,-0.041105565530573575,-0.000677201249950961,-0.04042836428062262,100,186
B_only,1000,10000,-0.04351641326288913,-0.000677201249950961,-0.04283921201293817,100,186
A_only,1000,2000,-2.4965237020604905,-0.0017750075215489918,-2.4947486945389414,200,186
hybrid,1000,2000,-0.7072090011819423,-0.0017750075215489918,-0.7054339936603933,200,186
B_only,1000,2000,-0.0033544104052723542,-0.0017750075215489918,-0.0015794028837233624,200,186
A_only,1000,5000,-0.7264279801874118,-0.0014094271702523638,-0.7250185530171595,200,186
hybrid,1000,5000,-0.2441774003971598,-0.0014094271702523638,-0.24276797322690744,200,186
B_only,1000,5000,-0.01623639471805605,-0.0014094271702523638,-0.014826967547803686,200,186
A_only,1000,10000,-0.13123833348985775,-0.000677201249950961,-0.13056113223990679,200,186
hybrid,1000,10000,-0.03527943172665183,-0.000677201249950961,-0.03460223047670087,200,186
B_only,1000,10000,-0.028602389596848306,-0.000677201249950961,-0.027925188346897344,200,186
A_only,1000,2000,-1.3012135529191085,-0.0033189882361477573,-1.2978945646829607,500,186
hybrid,1000,2000,-0.4592703205441157,-0.0033189882361477573,-0.45595133230796797,500,186
B_only,1000,2000,-0.07822747183588168,-0.0033189882361477573,-0.07490848359973391,500,186
A_only,1000,5000,-0.26611808831768463,-0.021107167799241426,-0.2450109205184432,500,186
hybrid,1000,5000,-0.060460885935959795,-0.021107167799241426,-0.03935371813671837,500,186
B_only,1000,5000,-0.09591357633810636,-0.021107167799241426,-0.07480640853886494,500,186
A_only,1000,10000,-1.3156353386772344,-0.0017750075215489918,-1.3138603311556853,500,186
hybrid,1000,10000,-0.4510974694829057,-0.0017750075215489918,-0.4493224619613567,500,186
B_only,1000,10000,-0.05916639015320731,-0.0017750075215489918,-0.057391382631658314,500,186
A_only,1000,2000,-0.7167263704937151,-0.10943357822942999,-0.6072927922642851,25,187
hybrid,1000,2000,-0.20798004330798675,-0.10943357822942999,-0.09854646507855676,25,187
B_only,1000,2000,-0.8723574660327071,-0.10943357822942999,-0.7629238878032771,25,187
A_only,1000,5000,-0.248562279395796,-0.0014094271702523638,-0.24715285222554365,25,187
hybrid,1000,5000,-0.02334347049902477,-0.0014094271702523638,-0.021934043328772405,25,187
B_only,1000,5000,-9.752106567137503e-09,-0.0014094271702523638,0.0014094174181457967,25,187
A_only,1000,10000,-1.863451723544571,-0.0014094271702523638,-1.8620422963743186,25,187
hybrid,1000,10000,-0.9162445486915372,-0.0014094271702523638,-0.9148351215212848,25,187
B_only,1000,10000,-0.07977383938335875,-0.0014094271702523638,-0.07836441221310639,25,187
A_only,1000,2000,-0.17924350621489699,-0.016652718459798817,-0.16259078775509817,50,187
hybrid,1000,2000,-0.009035427859857554,-0.016652718459798817,0.007617290599941264,50,187
B_only,1000,2000,-5.545191769878123e-06,-0.016652718459798817,0.01664717326802894,50,187
A_only,1000,5000,-0.11077609012205351,-0.018494542316971195,-0.09228154780508233,50,187
hybrid,1000,5000,-0.003929779148968167,-0.018494542316971195,0.014564763168003028,50,187
B_only,1000,5000,-8.657142033830516e-05,-0.018494542316971195,0.01840797089663289,50,187
A_only,1000,10000,-1.1596912308827876,-0.000677201249950961,-1.1590140296328366,50,187
hybrid,1000,10000,-0.7630864564488227,-0.000677201249950961,-0.7624092551988717,50,187
B_only,1000,10000,-0.3524767310159314,-0.000677201249950961,-0.35179952976598045,50,187
A_only,1000,2000,-1.5643567915717673,-0.018494542316971195,-1.5458622492547962,100,187
hybrid,1000,2000,-0.9418689291485931,-0.018494542316971195,-0.9233743868316219,100,187
B_only,1000,2000,-0.27770519532594945,-0.018494542316971195,-0.2592106530089783,100,187
A_only,1000,5000,-0.29285350509052155,-0.0033189882361477573,-0.2895345168543738,100,187
hybrid,1000,5000,-0.06391781534143906,-0.0033189882361477573,-0.060598827105291304,100,187
B_only,1000,5000,-0.48468928268543704,-0.0033189882361477573,-0.4813702944492893,100,187
A_only,1000,10000,-0.8160350443638543,-0.0033189882361477573,-0.8127160561277066,100,187
hybrid,1000,10000,-0.4007010447372161,-0.0033189882361477573,-0.3973820565010684,100,187
B_only,1000,10000,-0.16253261794347812,-0.0033189882361477573,-0.15921362970733036,100,187
A_only,1000,2000,-1.464174570534627,-0.0017750075215489918,-1.462399563013078,200,187
hybrid,1000,2000,-0.46522447652842625,-0.0017750075215489918,-0.4634494690068773,200,187
B_only,1000,2000,-0.04324464384310766,-0.0017750075215489918,-0.041469636321558666,200,187
A_only,1000,5000,-1.7216660255391008,-0.021107167799241426,-1.7005588577398594,200,187
hybrid,1000,5000,-0.5266844672765258,-0.021107167799241426,-0.5055772994772845,200,187
B_only,1000,5000,-0.06577003920822479,-0.021107167799241426,-0.04466287140898336,200,187
A_only,1000,10000,-0.7761861961359316,-0.000677201249950961,-0.7755089948859807,200,187
hybrid,1000,10000,-0.22126835796741215,-0.000677201249950961,-0.22059115671746118,200,187
B_only,1000,10000,-0.0013134570272153507,-0.000677201249950961,-0.0006362557772643897,200,187
A_only,1000,2000,-0.17460551747419203,-0.016652718459798817,-0.1579527990143932,500,187
hybrid,1000,2000,-0.03702395282072751,-0.016652718459798817,-0.020371234360928695,500,187
B_only,1000,2000,-0.07165866152133539,-0.016652718459798817,-0.05500594306153657,500,187
A_only,1000,5000,-0.3405749446814114,-0.000677201249950961,-0.33989774343146045,500,187
hybrid,1000,5000,-0.03252528138707065,-0.000677201249950961,-0.03184808013711969,500,187
B_only,1000,5000,-0.0005070638653587883,-0.000677201249950961,0.00017013738459217267,500,187
A_only,1000,10000,-0.40707895800105337,-0.018494542316971195,-0.3885844156840822,500,187
hybrid,1000,10000,-0.04006605031448029,-0.018494542316971195,-0.021571507997509093,500,187
B_only,1000,10000,-2.3331252919160286e-05,-0.018494542316971195,0.018471211064052036,500,187
A_only,1000,2000,-0.988049777302871,-0.048388414081634995,-0.9396613632212361,25,188
hybrid,1000,2000,-0.2966229331276364,-0.048388414081634995,-0.24823451904600138,25,188
B_only,1000,2000,-0.06981042458477915,-0.048388414081634995,-0.021422010503144157,25,188
A_only,1000,5000,-0.7300334405692336,-0.021107167799241426,-0.7089262727699922,25,188
hybrid,1000,5000,-0.33947248688323345,-0.021107167799241426,-0.318365319083992,25,188
B_only,1000,5000,-0.6332807507790433,-0.021107167799241426,-0.612173582979802,25,188
A_only,1000,10000,-0.4038539587325037,-0.0014094271702523638,-0.4024445315622513,25,188
hybrid,1000,10000,-0.14808214878479087,-0.0014094271702523638,-0.1466727216145385,25,188
B_only,1000,10000,-0.011268016269098005,-0.0014094271702523638,-0.009858589098845641,25,188
A_only,1000,2000,-0.28829668802169417,-0.018494542316971195,-0.269802145704723,50,188
hybrid,1000,2000,-0.03441147610122741,-0.018494542316971195,-0.015916933784256217,50,188
B_only,1000,2000,-0.3702189703450285,-0.018494542316971195,-0.3517244280280573,50,188
A_only,1000,5000,-0.585497398695782,-0.01653092336097194,-0.56896647533481,50,188
hybrid,1000,5000,-0.1588019683897324,-0.01653092336097194,-0.14227104502876045,50,188
B_only,1000,5000,-0.09965435239391747,-0.01653092336097194,-0.08312342903294553,50,188
A_only,1000,10000,-0.4664997147064682,-0.0017750075215489918,-0.46472470718491926,50,188
hybrid,1000,10000,-0.23840743563325015,-0.0017750075215489918,-0.23663242811170115,50,188
B_only,1000,10000,-1.5138633687203713,-0.0017750075215489918,-1.5120883611988223,50,188
A_only,1000,2000,-1.4200833887622597,-0.0442296682476969,-1.375853720514563,100,188
hybrid,1000,2000,-0.6001824175549668,-0.0442296682476969,-0.5559527493072699,100,188
B_only,1000,2000,-0.18417401228542532,-0.0442296682476969,-0.13994434403772843,100,188
A_only,1000,5000,-1.4395938279283507,-0.000677201249950961,-1.4389166266783997,100,188
hybrid,1000,5000,-0.6807281338337888,-0.000677201249950961,-0.6800509325838379,100,188
B_only,1000,5000,-0.1825114422016379,-0.000677201249950961,-0.18183424095168693,100,188
A_only,1000,10000,-1.2722130560892015,-0.000677201249950961,-1.2715358548392506,100,188
hybrid,1000,10000,-0.2628341256619326,-0.000677201249950961,-0.26215692441198163,100,188
B_only,1000,10000,-0.00023964872379322159,-0.000677201249950961,0.00043755252615773935,100,188
A_only,1000,2000,-0.3225680657126871,-0.02619584115917027,-0.2963722245535168,200,188
hybrid,1000,2000,-0.05970353411001454,-0.02619584115917027,-0.03350769295084427,200,188
B_only,1000,2000,-0.003600327967201646,-0.02619584115917027,0.022595513191968626,200,188
A_only,1000,5000,-0.9211807015242589,-0.0014094271702523638,-0.9197712743540065,200,188
hybrid,1000,5000,-0.34442447175212204,-0.0014094271702523638,-0.34301504458186965,200,188
B_only,1000,5000,-0.012933851876162809,-0.0014094271702523638,-0.011524424705910445,200,188
A_only,1000,10000,-0.6236698759395868,-0.000677201249950961,-0.6229926746896358,200,188
hybrid,1000,10000,-0.09508692544134148,-0.000677201249950961,-0.09440972419139051,200,188
B_only,1000,10000,-0.00018517630238336404,-0.000677201249950961,0.000492024947567597,200,188
A_only,1000,2000,-1.4078799867321723,-0.048388414081634995,-1.3594915726505372,500,188
hybrid,1000,2000,-0.36662373296737805,-0.048388414081634995,-0.3182353188857431,500,188
B_only,1000,2000,-0.006516726775268056,-0.048388414081634995,0.041871687306366936,500,188
A_only,1000,5000,-0.7954339455170796,-0.0033189882361477573,-0.7921149572809318,500,188
hybrid,1000,5000,-0.25031142145594076,-0.0033189882361477573,-0.246992433219793,500,188
B_only,1000,5000,-0.03596522753568436,-0.0033189882361477573,-0.032646239299536604,500,188
A_only,1000,10000,-0.45118266562932063,-0.0017750075215489918,-0.44940765810777167,500,188
hybrid,1000,10000,-0.12540147107998462,-0.0017750075215489918,-0.12362646355843562,500,188
B_only,1000,10000,-0.05325033908702108,-0.0017750075215489918,-0.051475331565472085,500,188
A_only,1000,2000,-0.9610584014973212,-0.0033189882361477573,-0.9577394132611735,25,189
hybrid,1000,2000,-0.19328458310210778,-0.0033189882361477573,-0.18996559486596,25,189
B_only,1000,2000,-0.11578482666154755,-0.0033189882361477573,-0.11246583842539978,25,189
A_only,1000,5000,-2.5733960442167754,-0.048388414081634995,-2.5250076301351405,25,189
hybrid,1000,5000,-3.0983021270634756,-0.048388414081634995,-3.0499137129818408,25,189
B_only,1000,5000,-0.7711275363634401,-0.048388414081634995,-0.7227391222818051,25,189
A_only,1000,10000,-0.6027673146074695,-0.01653092336097194,-0.5862363912464975,25,189
hybrid,1000,10000,-0.1767007199721358,-0.01653092336097194,-0.16016979661116384,25,189
B_only,1000,10000,-1.0572063917293844,-0.01653092336097194,-1.0406754683684125,25,189
A_only,1000,2000,-1.4584631523979177,-0.0014094271702523638,-1.4570537252276654,50,189
hybrid,1000,2000,-0.5508363246288954,-0.0014094271702523638,-0.549426897458643,50,189
B_only,1000,2000,-0.22299147835716487,-0.0014094271702523638,-0.22158205118691252,50,189
A_only,1000,5000,-1.4134215580204899,-0.000677201249950961,-1.412744356770539,50,189
hybrid,1000,5000,-0.5818741261406548,-0.000677201249950961,-0.5811969248907038,50,189
B_only,1000,5000,-0.006038675568254651,-0.000677201249950961,-0.0053614743183036905,50,189
A_only,1000,10000,-1.222955541199737,-0.0014094271702523638,-1.2215461140294848,50,189
hybrid,1000,10000,-0.1893139137392254,-0.0014094271702523638,-0.18790448656897304,50,189
B_only,1000,10000,-1.8598613165220843e-06,-0.0014094271702523638,0.0014075673089358417,50,189
A_only,1000,2000,-1.2491169767455852,-0.0033189882361477573,-1.2457979885094375,100,189
hybrid,1000,2000,-0.5664055157767997,-0.0033189882361477573,-0.5630865275406519,100,189
B_only,1000,2000,-0.3644683952583332,-0.0033189882361477573,-0.36114940702218545,100,189
A_only,1000,5000,-1.0600294659775729,-0.0014094271702523638,-1.0586200388073206,100,189
hybrid,1000,5000,-0.539246419235267,-0.0014094271702523638,-0.5378369920650146,100,189
B_only,1000,5000,-0.1548117444982739,-0.0014094271702523638,-0.15340231732802154,100,189
A_only,1000,10000,-0.7690115222955562,-0.0014094271702523638,-0.7676020951253039,100,189
hybrid,1000,10000,-0.2925634952007645,-0.0014094271702523638,-0.29115406803051214,100,189
B_only,1000,10000,-0.34887084534579493,-0.0014094271702523638,-0.34746141817554255,100,189
A_only,1000,2000,-2.599606589141495,-0.09677148271081154,-2.502835106430683,200,189
hybrid,1000,2000,-1.5665330123612586,-0.09677148271081154,-1.4697615296504472,200,189
B_only,1000,2000,-0.2504953924682596,-0.09677148271081154,-0.15372390975744804,200,189
A_only,1000,5000,-0.6373363183187324,-0.09677148271081154,-0.5405648356079209,200,189
hybrid,1000,5000,-0.22986483600143348,-0.09677148271081154,-0.13309335329062194,200,189
B_only,1000,5000,-0.09456111276935736,-0.09677148271081154,0.002210369941454182,200,189
A_only,1000,10000,-0.40190869535248197,-0.000677201249950961,-0.401231494102531,200,189
hybrid,1000,10000,-0.0679619184287401,-0.000677201249950961,-0.06728471717878913,200,189
B_only,1000,10000,-0.0014373677680687516,-0.000677201249950961,-0.0007601665181177906,200,189
A_only,1000,2000,-1.8424908636867836,-0.021107167799241426,-1.8213836958875422,500,189
hybrid,1000,2000,-0.39280476579295365,-0.021107167799241426,-0.3716975979937122,500,189
B_only,1000,2000,-0.003224296044650643,-0.021107167799241426,0.017882871754590784,500,189
A_only,1000,5000,-0.6024631642883557,-0.0014094271702523638,-0.6010537371181033,500,189
hybrid,1000,5000,-0.20328950092204992,-0.0014094271702523638,-0.20188007375179756,500,189
B_only,1000,5000,-0.0005617689730609429,-0.0014094271702523638,0.0008476581971914209,500,189
A_only,1000,10000,-0.07019419446885598,-0.000677201249950961,-0.06951699321890502,500,189
hybrid,1000,10000,-0.04037739917723208,-0.000677201249950961,-0.03970019792728112,500,189
B_only,1000,10000,-0.21606165768075086,-0.000677201249950961,-0.2153844564307999,500,189
A_only,1000,2000,-1.8614511102752604,-0.0033189882361477573,-1.8581321220391127,25,190
hybrid,1000,2000,-1.5276969222275654,-0.0033189882361477573,-1.5243779339914176,25,190
B_only,1000,2000,-0.9987685057903932,-0.0033189882361477573,-0.9954495175542455,25,190
A_only,1000,5000,-0.7435474306684039,-0.0442296682476969,-0.699317762420707,25,190
hybrid,1000,5000,-0.33385666978499917,-0.0442296682476969,-0.28962700153730225,25,190
B_only,1000,5000,-0.4266951053073947,-0.0442296682476969,-0.38246543705969777,25,190
A_only,1000,10000,-0.10844216686222931,-0.0014094271702523638,-0.10703273969197695,25,190
hybrid,1000,10000,-0.018341646469669647,-0.0014094271702523638,-0.01693221929941728,25,190
B_only,1000,10000,-2.831704756978049,-0.0014094271702523638,-2.8302953298077966,25,190
A_only,1000,2000,-1.3517925303365212,-0.10943357822942999,-1.2423589521070912,50,190
hybrid,1000,2000,-0.5345873250662997,-0.10943357822942999,-0.4251537468368697,50,190
B_only,1000,2000,-0.0203259383038636,-0.10943357822942999,0.08910763992556639,50,190
A_only,1000,5000,-0.47352169153602164,-0.0017750075215489918,-0.4717466840144727,50,190
hybrid,1000,5000,-0.13559710976191386,-0.0017750075215489918,-0.13382210224036487,50,190
B_only,1000,5000,-0.00231814751275734,-0.0017750075215489918,-0.0005431399912083482,50,190
A_only,1000,10000,-0.4331407183640631,-0.000677201249950961,-0.43246351711411213,50,190
hybrid,1000,10000,-0.1225632232541754,-0.000677201249950961,-0.12188602200422444,50,190
B_only,1000,10000,-0.4266044067849241,-0.000677201249950961,-0.42592720553497315,50,190
A_only,1000,2000,-0.6956476781083591,-0.0017750075215489918,-0.6938726705868101,100,190
hybrid,1000,2000,-0.11766936136974668,-0.0017750075215489918,-0.11589435384819768,100,190
B_only,1000,2000,-0.08581532125690541,-0.0017750075215489918,-0.08404031373535642,100,190
A_only,1000,5000,-0.3420867064716392,-0.0442296682476969,-0.29785703822394227,100,190
hybrid,1000,5000,-0.06654495901481954,-0.0442296682476969,-0.022315290767122638,100,190
B_only,1000,5000,-0.0007613842979297892,-0.0442296682476969,0.04346828394976711,100,190
A_only,1000,10000,-0.5020587483101581,-0.000677201249950961,-0.5013815470602071,100,190
hybrid,1000,10000,-0.1554753163505467,-0.000677201249950961,-0.15479811510059574,100,190
B_only,1000,10000,-0.0028025079357701767,-0.000677201249950961,-0.0021253066858192156,100,190
A_only,1000,2000,-0.963851998693117,-0.018494542316971195,-0.9453574563761458,200,190
hybrid,1000,2000,-0.22821196115623507,-0.018494542316971195,-0.20971741883926387,200,190
B_only,1000,2000,-0.08980705844088044,-0.018494542316971195,-0.07131251612390924,200,190
A_only,1000,5000,-1.3617658840490818,-0.0017750075215489918,-1.3599908765275328,200,190
hybrid,1000,5000,-0.6792048354201806,-0.0017750075215489918,-0.6774298278986316,200,190
B_only,1000,5000,-0.04875759734162639,-0.0017750075215489918,-0.04698258982007739,200,190
A_only,1000,10000,-0.8061151446909043,-0.000677201249950961,-0.8054379434409533,200,190
hybrid,1000,10000,-0.2247214052050613,-0.000677201249950961,-0.22404420395511032,200,190
B_only,1000,10000,-3.4093321211288545e-05,-0.000677201249950961,0.0006431079287396724,200,190
A_only,1000,2000,-1.4946626405651096,-0.021107167799241426,-1.4735554727658682,500,190
hybrid,1000,2000,-0.1873316944357688,-0.021107167799241426,-0.16622452663652737,500,190
B_only,1000,2000,-0.02247256317957861,-0.021107167799241426,-0.0013653953803371838,500,190
A_only,1000,5000,-1.0643181253117326,-0.0014094271702523638,-1.0629086981414804,500,190
hybrid,1000,5000,-0.17704463407319931,-0.0014094271702523638,-0.17563520690294696,500,190
B_only,1000,5000,-9.509829088374547e-06,-0.0014094271702523638,0.0013999173411639893,500,190
A_only,1000,10000,-0.9688782548297484,-0.000677201249950961,-0.9682010535797975,500,190
hybrid,1000,10000,-0.1885315316345042,-0.000677201249950961,-0.18785433038455324,500,190
B_only,1000,10000,-6.939787428108582e-07,-0.000677201249950961,0.0006765072712081501,500,190
A_only,1000,2000,-1.0182232500513517,-0.034310857636452745,-0.983912392414899,25,191
hybrid,1000,2000,-0.24663664621192896,-0.034310857636452745,-0.2123257885754762,25,191
B_only,1000,2000,-0.18906698254772714,-0.034310857636452745,-0.15475612491127438,25,191
A_only,1000,5000,-0.9725563556810973,-0.02619584115917027,-0.946360514521927,25,191
hybrid,1000,5000,-0.41656089767541543,-0.02619584115917027,-0.39036505651624515,25,191
B_only,1000,5000,-0.22389367014095657,-0.02619584115917027,-0.19769782898178628,25,191
A_only,1000,10000,-0.15507816332298768,-0.018494542316971195,-0.13658362100601648,25,191
hybrid,1000,10000,-0.03683642335405158,-0.018494542316971195,-0.018341881037080385,25,191
B_only,1000,10000,-0.6879810150613545,-0.018494542316971195,-0.6694864727443832,25,191
A_only,1000,2000,-1.9490344351653661,-0.034310857636452745,-1.9147235775289133,50,191
hybrid,1000,2000,-1.0812046098037733,-0.034310857636452745,-1.0468937521673205,50,191
B_only,1000,2000,-0.1622126908226187,-0.034310857636452745,-0.12790183318616594,50,191
A_only,1000,5000,-0.3556935613549923,-0.0017750075215489918,-0.35391855383344334,50,191
hybrid,1000,5000,-0.17163820622553433,-0.0017750075215489918,-0.16986319870398534,50,191
B_only,1000,5000,-1.3741476080829076,-0.0017750075215489918,-1.3723726005613586,50,191
A_only,1000,10000,-0.6278543350137168,-0.000677201249950961,-0.6271771337637658,50,191
hybrid,1000,10000,-0.25130898334440366,-0.000677201249950961,-0.2506317820944527,50,191
B_only,1000,10000,-0.27320415217914473,-0.000677201249950961,-0.27252695092919377,50,191
A_only,1000,2000,-1.0473487462962356,-0.0014094271702523638,-1.0459393191259834,100,191
hybrid,1000,2000,-0.3677442611962,-0.0014094271702523638,-0.36633483402594763,100,191
B_only,1000,2000,-0.81824623384443,-0.0014094271702523638,-0.8168368066741776,100,191
A_only,1000,5000,-0.772945719901791,-0.000677201249950961,-0.77226851865184,100,191
hybrid,1000,5000,-0.41337008497493527,-0.000677201249950961,-0.4126928837249843,100,191
B_only,1000,5000,-0.8051792866097871,-0.000677201249950961,-0.8045020853598361,100,191
A_only,1000,10000,-1.4798624753102823,-0.000677201249950961,-1.4791852740603313,100,191
hybrid,1000,10000,-0.7100613538364606,-0.000677201249950961,-0.7093841525865097,100,191
B_only,1000,10000,-0.19786404117799594,-0.000677201249950961,-0.19718683992804498,100,191
A_only,1000,2000,-1.152347154213727,-0.018494542316971195,-1.1338526118967558,200,191
hybrid,1000,2000,-0.34408535874228535,-0.018494542316971195,-0.3255908164253142,200,191
B_only,1000,2000,-0.6232037757623268,-0.018494542316971195,-0.6047092334453555,200,191
A_only,1000,5000,-2.045476119391298,-0.048388414081634995,-1.997087705309663,200,191
hybrid,1000,5000,-1.071797154621264,-0.048388414081634995,-1.0234087405396288,200,191
B_only,1000,5000,-0.21421427606941762,-0.048388414081634995,-0.16582586198778262,200,191
A_only,1000,10000,-0.12967190719993182,-0.000677201249950961,-0.12899470594998086,200,191
hybrid,1000,10000,-0.02895510721987116,-0.000677201249950961,-0.0282779059699202,200,191
B_only,1000,10000,-0.02846580756310759,-0.000677201249950961,-0.02778860631315663,200,191
A_only,1000,2000,-1.0006640617927378,-0.0033189882361477573,-0.9973450735565901,500,191
hybrid,1000,2000,-0.3481978933986782,-0.0033189882361477573,-0.34487890516253045,500,191
B_only,1000,2000,-0.09875304716350647,-0.0033189882361477573,-0.0954340589273587,500,191
A_only,1000,5000,-0.4247578313734356,-0.000677201249950961,-0.4240806301234846,500,191
hybrid,1000,5000,-0.07412414152089755,-0.000677201249950961,-0.07344694027094659,500,191
B_only,1000,5000,-3.210852340583178e-07,-0.000677201249950961,0.0006768801647169027,500,191
A_only,1000,10000,-0.15907011287071512,-0.0014094271702523638,-0.15766068570046277,500,191
hybrid,1000,10000,-0.012410618429905974,-0.0014094271702523638,-0.01100119125965361,500,191
B_only,1000,10000,-2.6850251181785076e-07,-0.0014094271702523638,0.001409158667740546,500,191
A_only,1000,2000,-1.9083171956972254,-0.000677201249950961,-1.9076399944472744,25,192
hybrid,1000,2000,-0.7851747955605644,-0.000677201249950961,-0.7844975943106134,25,192
B_only,1000,2000,-0.03498481576460631,-0.000677201249950961,-0.03430761451465535,25,192
A_only,1000,5000,-1.1714940486148775,-0.0014094271702523638,-1.1700846214446252,25,192
hybrid,1000,5000,-0.7478768882601577,-0.0014094271702523638,-0.7464674610899054,25,192
B_only,1000,5000,-1.5235035121261995,-0.0014094271702523638,-1.5220940849559472,25,192
A_only,1000,10000,-0.22740101556042247,-0.000677201249950961,-0.2267238143104715,25,192
hybrid,1000,10000,-0.03371843080706605,-0.000677201249950961,-0.03304122955711509,25,192
B_only,1000,10000,-0.0011474883931432756,-0.000677201249950961,-0.0004702871431923147,25,192
A_only,1000,2000,-2.2380533691480746,-0.10943357822942999,-2.128619790918645,50,192
hybrid,1000,2000,-1.2742075762634275,-0.10943357822942999,-1.1647739980339975,50,192
B_only,1000,2000,-0.24388837108111183,-0.10943357822942999,-0.13445479285168183,50,192
A_only,1000,5000,-1.0826722128856527,-0.01653092336097194,-1.066141289524681,50,192
hybrid,1000,5000,-0.4310643824608839,-0.01653092336097194,-0.41453345909991196,50,192
B_only,1000,5000,-9.280944533741382e-05,-0.01653092336097194,0.016438113915634524,50,192
A_only,1000,10000,-2.0379809111508345,-0.000677201249950961,-2.0373037099008835,50,192
hybrid,1000,10000,-1.2308040564132772,-0.000677201249950961,-1.2301268551633262,50,192
B_only,1000,10000,-0.198694207136984,-0.000677201249950961,-0.19801700588703303,50,192
A_only,1000,2000,-0.6189856396881259,-0.1111690382606413,-0.5078166014274846,100,192
hybrid,1000,2000,-0.12066744002373365,-0.1111690382606413,-0.009498401763092357,100,192
B_only,1000,2000,-0.01672561518004457,-0.1111690382606413,0.09444342308059672,100,192
A_only,1000,5000,-0.559577009535519,-0.000677201249950961,-0.5588998082855681,100,192
hybrid,1000,5000,-0.1596884663006489,-0.000677201249950961,-0.15901126505069793,100,192
B_only,1000,5000,-0.006407957622618243,-0.000677201249950961,-0.0057307563726672825,100,192
A_only,1000,10000,-0.1513841210966147,-0.000677201249950961,-0.15070691984666373,100,192
hybrid,1000,10000,-0.03187296060267388,-0.000677201249950961,-0.03119575935272292,100,192
B_only,1000,10000,-0.09632968585567832,-0.000677201249950961,-0.09565248460572735,100,192
A_only,1000,2000,-1.509479697010204,-0.02619584115917027,-1.4832838558510337,200,192
hybrid,1000,2000,-0.5290544267278403,-0.02619584115917027,-0.50285858556867,200,192
B_only,1000,2000,-0.3247032696466405,-0.02619584115917027,-0.2985074284874702,200,192
A_only,1000,5000,-0.8284360492356273,-0.000677201249950961,-0.8277588479856763,200,192
hybrid,1000,5000,-0.308017790807973,-0.000677201249950961,-0.307340589558022,200,192
B_only,1000,5000,-0.1177860789550399,-0.000677201249950961,-0.11710887770508893,200,192
A_only,1000,10000,-0.7128495600639462,-0.0014094271702523638,-0.7114401328936938,200,192
hybrid,1000,10000,-0.5111161582383021,-0.0014094271702523638,-0.5097067310680498,200,192
B_only,1000,10000,-0.4235337352597149,-0.0014094271702523638,-0.4221243080894625,200,192
A_only,1000,2000,-1.1890500907341977,-0.2413949898821709,-0.9476551008520268,500,192
hybrid,1000,2000,-0.2868647007527019,-0.2413949898821709,-0.04546971087053098,500,192
B_only,1000,2000,-0.16917265439250473,-0.2413949898821709,0.07222233548966617,500,192
A_only,1000,5000,-0.24799958566691296,-0.0033189882361477573,-0.2446805974307652,500,192
hybrid,1000,5000,-0.07011987397180851,-0.0033189882361477573,-0.06680088573566074,500,192
B_only,1000,5000,-0.06422510058595172,-0.0033189882361477573,-0.06090611234980397,500,192
A_only,1000,10000,-0.5278844906798908,-0.0014094271702523638,-0.5264750635096385,500,192
hybrid,1000,10000,-0.0909011216287526,-0.0014094271702523638,-0.08949169445850025,500,192
B_only,1000,10000,-9.492800404101628e-06,-0.0014094271702523638,0.0013999343698482623,500,192
A_only,1000,2000,-0.7457223323575245,-0.018494542316971195,-0.7272277900405533,25,193
hybrid,1000,2000,-0.3197244802878633,-0.018494542316971195,-0.30122993797089215,25,193
B_only,1000,2000,-1.7508801130093605,-0.018494542316971195,-1.7323855706923894,25,193
A_only,1000,5000,-1.5353130436365783,-0.000677201249950961,-1.5346358423866273,25,193
hybrid,1000,5000,-0.8614943076984622,-0.000677201249950961,-0.8608171064485113,25,193
B_only,1000,5000,-0.3741372766356201,-0.000677201249950961,-0.3734600753856691,25,193
A_only,1000,10000,-0.20595326492928862,-0.0014094271702523638,-0.20454383775903626,25,193
hybrid,1000,10000,-0.06336079813007299,-0.0014094271702523638,-0.061951370959820624,25,193
B_only,1000,10000,-1.1088318351348665,-0.0014094271702523638,-1.1074224079646142,25,193
A_only,1000,2000,-1.0929203909203413,-0.0017750075215489918,-1.0911453833987923,50,193
hybrid,1000,2000,-0.5430799009920141,-0.0017750075215489918,-0.5413048934704651,50,193
B_only,1000,2000,-0.606759709281761,-0.0017750075215489918,-0.604984701760212,50,193
A_only,1000,5000,-1.353606892200055,-0.000677201249950961,-1.352929690950104,50,193
hybrid,1000,5000,-1.1633368157215507,-0.000677201249950961,-1.1626596144715997,50,193
B_only,1000,5000,-0.12249915715068437,-0.000677201249950961,-0.1218219559007334,50,193
A_only,1000,10000,-1.1625582258586533,-0.0014094271702523638,-1.161148798688401,50,193
hybrid,1000,10000,-0.6029703871882809,-0.0014094271702523638,-0.6015609600180285,50,193
B_only,1000,10000,-0.33005379489130293,-0.0014094271702523638,-0.32864436772105055,50,193
A_only,1000,2000,-1.0080912973056313,-0.0014094271702523638,-1.006681870135379,100,193
hybrid,1000,2000,-0.1720028409074614,-0.0014094271702523638,-0.17059341373720904,100,193
B_only,1000,2000,-0.00021701233632888034,-0.0014094271702523638,0.0011924148339234836,100,193
A_only,1000,5000,-0.49676731633221055,-0.000677201249950961,-0.4960901150822596,100,193
hybrid,1000,5000,-0.16163351132264892,-0.000677201249950961,-0.16095631007269795,100,193
B_only,1000,5000,-0.3613161970213017,-0.000677201249950961,-0.3606389957713507,100,193
A_only,1000,10000,-0.6296700315892206,-0.000677201249950961,-0.6289928303392697,100,193
hybrid,1000,10000,-0.2372650017206396,-0.000677201249950961,-0.23658780047068864,100,193
B_only,1000,10000,-0.058927864046360856,-0.000677201249950961,-0.0582506627964099,100,193
A_only,1000,2000,-2.1364390358277263,-0.016652718459798817,-2.1197863173679274,200,193
hybrid,1000,2000,-1.0868662359385406,-0.016652718459798817,-1.0702135174787417,200,193
B_only,1000,2000,-0.18716565593029016,-0.016652718459798817,-0.17051293747049134,200,193
A_only,1000,5000,-0.3592001551207962,-0.0033189882361477573,-0.3558811668846485,200,193
hybrid,1000,5000,-0.0473486200268615,-0.0033189882361477573,-0.044029631790713744,200,193
B_only,1000,5000,-0.0012458490813887994,-0.0033189882361477573,0.002073139154758958,200,193
A_only,1000,10000,-2.218594789608398,-0.000677201249950961,-2.217917588358447,200,193
hybrid,1000,10000,-1.1067749979434702,-0.000677201249950961,-1.1060977966935193,200,193
B_only,1000,10000,-0.0066965630730452435,-0.000677201249950961,-0.006019361823094283,200,193
A_only,1000,2000,-2.06649841601035,-0.12341214349600381,-1.943086272514346,500,193
hybrid,1000,2000,-0.735173205084223,-0.12341214349600381,-0.6117610615882192,500,193
B_only,1000,2000,-0.19201832758351195,-0.12341214349600381,-0.06860618408750814,500,193
A_only,1000,5000,-0.024227365466773045,-0.034310857636452745,0.0100834921696797,500,193
hybrid,1000,5000,-0.004187571424987779,-0.034310857636452745,0.030123286211464966,500,193
B_only,1000,5000,-0.0231365837303,-0.034310857636452745,0.011174273906152745,500,193
A_only,1000,10000,-0.3792241080770212,-0.000677201249950961,-0.37854690682707026,500,193
hybrid,1000,10000,-0.06618400474130948,-0.000677201249950961,-0.06550680349135851,500,193
B_only,1000,10000,-0.0008366105708888508,-0.000677201249950961,-0.00015940932093788988,500,193
A_only,1000,2000,-1.878724820530145,-0.09677148271081154,-1.7819533378193335,25,194
hybrid,1000,2000,-0.772810494589369,-0.09677148271081154,-0.6760390118785575,25,194
B_only,1000,2000,-0.014754743706708548,-0.09677148271081154,0.08201673900410299,25,194
A_only,1000,5000,-1.1205088608194118,-0.01653092336097194,-1.10397793745844,25,194
hybrid,1000,5000,-0.5638258338966605,-0.01653092336097194,-0.5472949105356886,25,194
B_only,1000,5000,-0.00294089881887335,-0.01653092336097194,0.01359002454209859,25,194
A_only,1000,10000,-1.0334907275926692,-0.000677201249950961,-1.0328135263427183,25,194
hybrid,1000,10000,-0.5418215287741281,-0.000677201249950961,-0.5411443275241772,25,194
B_only,1000,10000,-0.11666166642259226,-0.000677201249950961,-0.1159844651726413,25,194
A_only,1000,2000,-0.10647433009338174,-0.000677201249950961,-0.10579712884343077,50,194
hybrid,1000,2000,-0.007507152689523827,-0.000677201249950961,-0.006829951439572867,50,194
B_only,1000,2000,-1.2824308230133723,-0.000677201249950961,-1.2817536217634213,50,194
A_only,1000,5000,-0.9971115302422279,-0.0014094271702523638,-0.9957021030719755,50,194
hybrid,1000,5000,-0.3256921023874515,-0.0014094271702523638,-0.3242826752171991,50,194
B_only,1000,5000,-0.0007572011560165972,-0.0014094271702523638,0.0006522260142357666,50,194
A_only,1000,10000,-0.4909497677927808,-0.0014094271702523638,-0.48954034062252844,50,194
hybrid,1000,10000,-0.27438216440496643,-0.0014094271702523638,-0.27297273723471405,50,194
B_only,1000,10000,-1.2424196411322936,-0.0014094271702523638,-1.2410102139620414,50,194
A_only,1000,2000,-0.5767250701494463,-0.0014094271702523638,-0.5753156429791939,100,194
hybrid,1000,2000,-0.14656830369748458,-0.0014094271702523638,-0.14515887652723222,100,194
B_only,1000,2000,-0.004048575114435571,-0.0014094271702523638,-0.002639147944183207,100,194
A_only,1000,5000,-1.439520269053748,-0.021107167799241426,-1.4184131012545067,100,194
hybrid,1000,5000,-0.5320817800176605,-0.021107167799241426,-0.5109746122184191,100,194
B_only,1000,5000,-2.8598153613510423e-07,-0.021107167799241426,0.02110688181770529,100,194
A_only,1000,10000,-0.44329017219496664,-0.0014094271702523638,-0.44188074502471425,100,194
hybrid,1000,10000,-0.12893298133311137,-0.0014094271702523638,-0.12752355416285902,100,194
B_only,1000,10000,-0.03652784053033084,-0.0014094271702523638,-0.035118413360078475,100,194
A_only,1000,2000,-1.9808513814257482,-0.016652718459798817,-1.9641986629659494,200,194
hybrid,1000,2000,-1.4001716754841793,-0.016652718459798817,-1.3835189570243804,200,194
B_only,1000,2000,-0.48366651065949356,-0.016652718459798817,-0.46701379219969474,200,194
A_only,1000,5000,-1.0265686427141292,-0.0014094271702523638,-1.025159215543877,200,194
hybrid,1000,5000,-0.32251547501787514,-0.0014094271702523638,-0.32110604784762276,200,194
B_only,1000,5000,-0.10920440732182383,-0.0014094271702523638,-0.10779498015157148,200,194
A_only,1000,10000,-0.9448574702550679,-0.01653092336097194,-0.928326546894096,200,194
hybrid,1000,10000,-0.42342207115149516,-0.01653092336097194,-0.4068911477905232,200,194
B_only,1000,10000,-0.2695759015647635,-0.01653092336097194,-0.25304497820379157,200,194
A_only,1000,2000,-1.3673438072244408,-0.136118387533595,-1.2312254196908459,500,194
hybrid,1000,2000,-0.3600453166474914,-0.136118387533595,-0.2239269291138964,500,194
B_only,1000,2000,-0.03938930786525463,-0.136118387533595,0.09672907966834038,500,194
A_only,1000,5000,-1.4674764922895653,-0.000677201249950961,-1.4667992910396144,500,194
hybrid,1000,5000,-0.4860691091104251,-0.000677201249950961,-0.48539190786047415,500,194
B_only,1000,5000,-0.021576846736707837,-0.000677201249950961,-0.020899645486756876,500,194
A_only,1000,10000,-0.002219694719502169,-0.0017750075215489918,-0.0004446871979531773,500,194
hybrid,1000,10000,-0.00036773942742549047,-0.0017750075215489918,0.0014072680941235012,500,194
B_only,1000,10000,-0.2811834452997752,-0.0017750075215489918,-0.2794084377782262,500,194
A_only,1000,2000,-1.7173272683413259,-0.01653092336097194,-1.700796344980354,25,195
hybrid,1000,2000,-0.5359805311277429,-0.01653092336097194,-0.519449607766771,25,195
B_only,1000,2000,-0.10731880433409584,-0.01653092336097194,-0.0907878809731239,25,195
A_only,1000,5000,-0.7695203437028005,-0.0033189882361477573,-0.7662013554666528,25,195
hybrid,1000,5000,-0.30831462810446203,-0.0033189882361477573,-0.3049956398683143,25,195
B_only,1000,5000,-0.02902483244968917,-0.0033189882361477573,-0.025705844213541416,25,195
A_only,1000,10000,-0.5059768747271945,-0.000677201249950961,-0.5052996734772436,25,195
hybrid,1000,10000,-0.23782275200914718,-0.000677201249950961,-0.23714555075919622,25,195
B_only,1000,10000,-0.23784205639161518,-0.000677201249950961,-0.23716485514166422,25,195
A_only,1000,2000,-1.374479121442689,-0.07123766710210508,-1.303241454340584,50,195
hybrid,1000,2000,-0.703514014843192,-0.07123766710210508,-0.6322763477410869,50,195
B_only,1000,2000,-0.2664321250832337,-0.07123766710210508,-0.19519445798112864,50,195
A_only,1000,5000,-0.2609458529074275,-0.0017750075215489918,-0.25917084538587853,50,195
hybrid,1000,5000,-0.04298986433043708,-0.0017750075215489918,-0.04121485680888809,50,195
B_only,1000,5000,-0.03019840752995248,-0.0017750075215489918,-0.028423400008403488,50,195
A_only,1000,10000,-1.6711923151719272,-0.0014094271702523638,-1.669782888001675,50,195
hybrid,1000,10000,-0.9410805574135019,-0.0014094271702523638,-0.9396711302432496,50,195
B_only,1000,10000,-0.08508942417403886,-0.0014094271702523638,-0.0836799970037865,50,195
A_only,1000,2000,-1.7376787688198516,-0.0014094271702523638,-1.7362693416495993,100,195
hybrid,1000,2000,-0.7378657499184125,-0.0014094271702523638,-0.7364563227481601,100,195
B_only,1000,2000,-0.423460279391518,-0.0014094271702523638,-0.4220508522212656,100,195
A_only,1000,5000,-1.5533006445016646,-0.000677201249950961,-1.5526234432517136,100,195
hybrid,1000,5000,-1.055589378284175,-0.000677201249950961,-1.054912177034224,100,195
B_only,1000,5000,-1.1238911814463277,-0.000677201249950961,-1.1232139801963767,100,195
A_only,1000,10000,-0.06631779293148178,-0.0014094271702523638,-0.06490836576122942,100,195
hybrid,1000,10000,-0.012574052669168416,-0.0014094271702523638,-0.011164625498916052,100,195
B_only,1000,10000,-0.381800652995921,-0.0014094271702523638,-0.3803912258256686,100,195
A_only,1000,2000,-0.43258963563687314,-0.0017750075215489918,-0.43081462811532417,200,195
hybrid,1000,2000,-0.0428253870099453,-0.0017750075215489918,-0.04105037948839631,200,195
B_only,1000,2000,-0.0001375458491682545,-0.0017750075215489918,0.0016374616723807372,200,195
A_only,1000,5000,-0.6241479690469647,-0.0014094271702523638,-0.6227385418767123,200,195
hybrid,1000,5000,-0.2373434771369795,-0.0014094271702523638,-0.23593404996672715,200,195
B_only,1000,5000,-0.03582559580614179,-0.0014094271702523638,-0.03441616863588942,200,195
A_only,1000,10000,-0.8524978249133244,-0.0014094271702523638,-0.851088397743072,200,195
hybrid,1000,10000,-0.24086831611502352,-0.0014094271702523638,-0.23945888894477116,200,195
B_only,1000,10000,-0.01038086790797243,-0.0014094271702523638,-0.008971440737720066,200,195
A_only,1000,2000,-2.13017780400035,-0.0442296682476969,-2.0859481357526533,500,195
hybrid,1000,2000,-0.3888451651236698,-0.0442296682476969,-0.34461549687597287,500,195
B_only,1000,2000,-0.0015785112823558105,-0.0442296682476969,0.04265115696534109,500,195
A_only,1000,5000,-0.910929534499699,-0.0033189882361477573,-0.9076105462635513,500,195
hybrid,1000,5000,-0.12384695285677225,-0.0033189882361477573,-0.12052796462062448,500,195
B_only,1000,5000,-1.3205810264235678e-06,-0.0033189882361477573,0.0033176676551213338,500,195
A_only,1000,10000,-1.0369498992534418,-0.000677201249950961,-1.0362726980034909,500,195
hybrid,1000,10000,-0.27384246794832673,-0.000677201249950961,-0.27316526669837576,500,195
B_only,1000,10000,-0.003030308748553637,-0.000677201249950961,-0.0023531074986026758,500,195
A_only,1000,2000,-0.9822990993661007,-0.018494542316971195,-0.9638045570491295,25,196
hybrid,1000,2000,-0.2640210159111255,-0.018494542316971195,-0.24552647359415428,25,196
B_only,1000,2000,-0.25335137158214255,-0.018494542316971195,-0.23485682926517135,25,196
A_only,1000,5000,-1.4631143761715881,-0.016652718459798817,-1.4464616577117893,25,196
hybrid,1000,5000,-1.0240311867444292,-0.016652718459798817,-1.0073784682846303,25,196
B_only,1000,5000,-0.9349361071963765,-0.016652718459798817,-0.9182833887365778,25,196
A_only,1000,10000,-1.1103492963926374,-0.016652718459798817,-1.0936965779328385,25,196
hybrid,1000,10000,-0.4382436391258086,-0.016652718459798817,-0.4215909206660098,25,196
B_only,1000,10000,-0.000592341383412471,-0.016652718459798817,0.016060377076386346,25,196
A_only,1000,2000,-1.2602951679479326,-0.000677201249950961,-1.2596179666979817,50,196
hybrid,1000,2000,-0.6802898534301864,-0.000677201249950961,-0.6796126521802355,50,196
B_only,1000,2000,-0.14461594779002224,-0.000677201249950961,-0.14393874654007127,50,196
A_only,1000,5000,-2.676722731923242,-0.000677201249950961,-2.676045530673291,50,196
hybrid,1000,5000,-1.765600175209839,-0.000677201249950961,-1.764922973959888,50,196
B_only,1000,5000,-0.2229001759561275,-0.000677201249950961,-0.22222297470617652,50,196
A_only,1000,10000,-0.07083223709606305,-0.000677201249950961,-0.07015503584611209,50,196
hybrid,1000,10000,-0.004682883247803837,-0.000677201249950961,-0.004005681997852876,50,196
B_only,1000,10000,-0.00011343127512424276,-0.000677201249950961,0.0005637699748267183,50,196
A_only,1000,2000,-0.8367328227042806,-0.12341214349600381,-0.7133206792082768,100,196
hybrid,1000,2000,-0.16040899751393317,-0.12341214349600381,-0.03699685401792936,100,196
B_only,1000,2000,-0.003132662848882605,-0.12341214349600381,0.1202794806471212,100,196
A_only,1000,5000,-0.03672059067535541,-0.0442296682476969,0.00750907757234149,100,196
hybrid,1000,5000,-0.0016816810412647236,-0.0442296682476969,0.04254798720643217,100,196
B_only,1000,5000,-0.0013211372480126822,-0.0442296682476969,0.04290853099968422,100,196
A_only,1000,10000,-1.5231898667689023,-0.000677201249950961,-1.5225126655189514,100,196
hybrid,1000,10000,-0.6846525017800628,-0.000677201249950961,-0.6839753005301118,100,196
B_only,1000,10000,-0.006183880482664231,-0.000677201249950961,-0.00550667923271327,100,196
A_only,1000,2000,-1.6703303679524113,-0.10953837757218061,-1.5607919903802308,200,196
hybrid,1000,2000,-0.37623908491637154,-0.10953837757218061,-0.26670070734419093,200,196
B_only,1000,2000,-0.000381851154444483,-0.10953837757218061,0.10915652641773613,200,196
A_only,1000,5000,-0.6212813699594237,-0.0014094271702523638,-0.6198719427891713,200,196
hybrid,1000,5000,-0.11867865184698907,-0.0014094271702523638,-0.11726922467673671,200,196
B_only,1000,5000,-0.009325373874697245,-0.0014094271702523638,-0.007915946704444881,200,196
A_only,1000,10000,-0.5483886779036559,-0.0017750075215489918,-0.5466136703821068,200,196
hybrid,1000,10000,-0.1897061097130242,-0.0017750075215489918,-0.1879311021914752,200,196
B_only,1000,10000,-0.15732374200855365,-0.0017750075215489918,-0.15554873448700465,200,196
A_only,1000,2000,-0.6469602783312806,-0.1111690382606413,-0.5357912400706393,500,196
hybrid,1000,2000,-0.16025569647048665,-0.1111690382606413,-0.049086658209845355,500,196
B_only,1000,2000,-0.015600862148949336,-0.1111690382606413,0.09556817611169197,500,196
A_only,1000,5000,-0.9567469148841058,-0.0017750075215489918,-0.9549719073625568,500,196
hybrid,1000,5000,-0.331750175629348,-0.0017750075215489918,-0.32997516810779903,500,196
B_only,1000,5000,-0.006453538309619036,-0.0017750075215489918,-0.004678530788070044,500,196
A_only,1000,10000,-1.3499883790652267,-0.0017750075215489918,-1.3482133715436777,500,196
hybrid,1000,10000,-0.2829581032197749,-0.0017750075215489918,-0.2811830956982259,500,196
B_only,1000,10000,-4.064705605448254e-05,-0.0017750075215489918,0.0017343604654945094,500,196
A_only,1000,2000,-2.2215797019597363,-0.048388414081634995,-2.1731912878781015,25,197
hybrid,1000,2000,-2.0738432456295106,-0.048388414081634995,-2.0254548315478758,25,197
B_only,1000,2000,-1.8863457892963953,-0.048388414081634995,-1.8379573752147602,25,197
A_only,1000,5000,-0.41839058176349797,-0.01653092336097194,-0.401859658402526,25,197
hybrid,1000,5000,-0.051750869902428207,-0.01653092336097194,-0.03521994654145627,25,197
B_only,1000,5000,-2.206199217631345e-07,-0.01653092336097194,0.016530702741050177,25,197
A_only,1000,10000,-0.3174034719802612,-0.0017750075215489918,-0.31562846445871223,25,197
hybrid,1000,10000,-0.0866105911206398,-0.0017750075215489918,-0.08483558359909081,25,197
B_only,1000,10000,-0.28029803112864476,-0.0017750075215489918,-0.2785230236070958,25,197
A_only,1000,2000,-2.580543215441407,-0.13871280870864297,-2.441830406732764,50,197
hybrid,1000,2000,-0.859881112548046,-0.13871280870864297,-0.721168303839403,50,197
B_only,1000,2000,-3.6187468220134263e-06,-0.13871280870864297,0.13870918996182097,50,197
A_only,1000,5000,-2.3262208062853347,-0.000677201249950961,-2.3255436050353837,50,197
hybrid,1000,5000,-1.183799319937439,-0.000677201249950961,-1.183122118687488,50,197
B_only,1000,5000,-0.0398709167314264,-0.000677201249950961,-0.03919371548147544,50,197
A_only,1000,10000,-0.6094188519956751,-0.01653092336097194,-0.5928879286347032,50,197
hybrid,1000,10000,-0.2982733052191921,-0.01653092336097194,-0.28174238185822015,50,197
B_only,1000,10000,-0.295179424333592,-0.01653092336097194,-0.27864850097262006,50,197
A_only,1000,2000,-1.8421088943202966,-0.01653092336097194,-1.8255779709593247,100,197
hybrid,1000,2000,-1.0750029541051653,-0.01653092336097194,-1.0584720307441935,100,197
B_only,1000,2000,-0.37683956379461814,-0.01653092336097194,-0.3603086404336462,100,197
A_only,1000,5000,-1.3233731245117817,-0.01653092336097194,-1.3068422011508098,100,197
hybrid,1000,5000,-0.7652533171880205,-0.01653092336097194,-0.7487223938270485,100,197
B_only,1000,5000,-0.06111966766532142,-0.01653092336097194,-0.044588744304349476,100,197
A_only,1000,10000,-0.7322968884883122,-0.0014094271702523638,-0.7308874613180598,100,197
hybrid,1000,10000,-0.3051316925637788,-0.0014094271702523638,-0.3037222653935264,100,197
B_only,1000,10000,-0.0008936540628934999,-0.0014094271702523638,0.000515773107358864,100,197
A_only,1000,2000,-0.18105729172166074,-0.4940989380608771,0.3130416463392164,200,197
hybrid,1000,2000,-0.02575273789951103,-0.4940989380608771,0.4683462001613661,200,197
B_only,1000,2000,-0.02212983001480586,-0.4940989380608771,0.4719691080460713,200,197
A_only,1000,5000,-1.6379444854962795,-0.000677201249950961,-1.6372672842463285,200,197
hybrid,1000,5000,-0.887952642840658,-0.000677201249950961,-0.887275441590707,200,197
B_only,1000,5000,-0.4226737700313623,-0.000677201249950961,-0.42199656878141134,200,197
A_only,1000,10000,-0.8075790853113001,-0.000677201249950961,-0.8069018840613491,200,197
hybrid,1000,10000,-0.37634322686320143,-0.000677201249950961,-0.37566602561325046,200,197
B_only,1000,10000,-0.20789566712121385,-0.000677201249950961,-0.20721846587126289,200,197
A_only,1000,2000,-0.1953649059556243,-0.021107167799241426,-0.17425773815638287,500,197
hybrid,1000,2000,-0.03448832351920358,-0.021107167799241426,-0.013381155719962151,500,197
B_only,1000,2000,-0.04027363995194938,-0.021107167799241426,-0.019166472152707954,500,197
A_only,1000,5000,-0.9453325899224908,-0.000677201249950961,-0.9446553886725398,500,197
hybrid,1000,5000,-0.24047423958239805,-0.000677201249950961,-0.2397970383324471,500,197
B_only,1000,5000,-0.007110844654325011,-0.000677201249950961,-0.00643364340437405,500,197
A_only,1000,10000,-0.5872143851046451,-0.0017750075215489918,-0.585439377583096,500,197
hybrid,1000,10000,-0.2391943877993663,-0.0017750075215489918,-0.2374193802778173,500,197
B_only,1000,10000,-0.1289432253974926,-0.0017750075215489918,-0.1271682178759436,500,197
A_only,1000,2000,-0.5459960235302198,-0.000677201249950961,-0.5453188222802688,25,198
hybrid,1000,2000,-0.07955819883773568,-0.000677201249950961,-0.07888099758778472,25,198
B_only,1000,2000,-0.03696583336450233,-0.000677201249950961,-0.03628863211455137,25,198
A_only,1000,5000,-1.5275197394311013,-0.000677201249950961,-1.5268425381811503,25,198
hybrid,1000,5000,-0.8669670963192658,-0.000677201249950961,-0.8662898950693149,25,198
B_only,1000,5000,-0.028091631854485582,-0.000677201249950961,-0.02741443060453462,25,198
A_only,1000,10000,-0.8162264081734487,-0.0033189882361477573,-0.812907419937301,25,198
hybrid,1000,10000,-0.06275917155665424,-0.0033189882361477573,-0.05944018332050648,25,198
B_only,1000,10000,-4.5938602188529494e-17,-0.0033189882361477573,0.0033189882361477113,25,198
A_only,1000,2000,-0.9953391841471628,-0.0017750075215489918,-0.9935641766256138,50,198
hybrid,1000,2000,-0.19476362560157323,-0.0017750075215489918,-0.19298861808002424,50,198
B_only,1000,2000,-0.0007022736064640131,-0.0017750075215489918,0.0010727339150849787,50,198
A_only,1000,5000,-0.032553083232383595,-0.000677201249950961,-0.03187588198243264,50,198
hybrid,1000,5000,-0.0010766299283956374,-0.000677201249950961,-0.0003994286784446765,50,198
B_only,1000,5000,-0.012043380195999716,-0.000677201249950961,-0.011366178946048754,50,198
A_only,1000,10000,-0.019132455542231776,-0.0014094271702523638,-0.017723028371979414,50,198
hybrid,1000,10000,-0.0007791968800628203,-0.0014094271702523638,0.0006302302901895436,50,198
B_only,1000,10000,-0.15136696101140082,-0.0014094271702523638,-0.14995753384114846,50,198
A_only,1000,2000,-0.32656097359897834,-0.0442296682476969,-0.2823313053512814,100,198
hybrid,1000,2000,-0.02721379025312463,-0.0442296682476969,0.017015877994572267,100,198
B_only,1000,2000,-0.008309125508535853,-0.0442296682476969,0.035920542739161045,100,198
A_only,1000,5000,-1.1013150505310652,-0.000677201249950961,-1.1006378492811142,100,198
hybrid,1000,5000,-0.7216767006392895,-0.000677201249950961,-0.7209994993893385,100,198
B_only,1000,5000,-0.1568655163609708,-0.000677201249950961,-0.15618831511101983,100,198
A_only,1000,10000,-0.6348085563126251,-0.000677201249950961,-0.6341313550626742,100,198
hybrid,1000,10000,-0.3152398886628854,-0.000677201249950961,-0.3145626874129344,100,198
B_only,1000,10000,-0.21711006031800453,-0.000677201249950961,-0.21643285906805357,100,198
A_only,1000,2000,-1.1848696524260003,-0.0017750075215489918,-1.1830946449044513,200,198
hybrid,1000,2000,-0.32527086720669224,-0.0017750075215489918,-0.32349585968514327,200,198
B_only,1000,2000,-0.0019415687238994103,-0.0017750075215489918,-0.0001665612023504185,200,198
A_only,1000,5000,-0.3462082257917245,-0.01653092336097194,-0.32967730243075255,200,198
hybrid,1000,5000,-0.11241225706014081,-0.01653092336097194,-0.09588133369916887,200,198
B_only,1000,5000,-0.2921341348358379,-0.01653092336097194,-0.27560321147486594,200,198
A_only,1000,10000,-0.5238493891731055,-0.0014094271702523638,-0.5224399620028531,200,198
hybrid,1000,10000,-0.10203876169853032,-0.0014094271702523638,-0.10062933452827796,200,198
B_only,1000,10000,-0.0003387118413877873,-0.0014094271702523638,0.0010707153288645765,200,198
A_only,1000,2000,-0.6045377637777206,-0.0014094271702523638,-0.6031283366074682,500,198
hybrid,1000,2000,-0.10828287376511975,-0.0014094271702523638,-0.10687344659486739,500,198
B_only,1000,2000,-0.0014263962546253346,-0.0014094271702523638,-1.6969084372970775e-05,500,198
A_only,1000,5000,-1.2938930817677072,-0.0017750075215489918,-1.2921180742461582,500,198
hybrid,1000,5000,-0.31096255495985264,-0.0017750075215489918,-0.3091875474383037,500,198
B_only,1000,5000,-0.008821129904501254,-0.0017750075215489918,-0.007046122382952262,500,198
A_only,1000,10000,-0.9149186708602403,-0.000677201249950961,-0.9142414696102893,500,198
hybrid,1000,10000,-0.4270442671986287,-0.000677201249950961,-0.42636706594867774,500,198
B_only,1000,10000,-0.4970891853757581,-0.000677201249950961,-0.4964119841258071,500,198
A_only,1000,2000,-1.2375049395776576,-0.021107167799241426,-1.2163977717784162,25,199
hybrid,1000,2000,-0.2930373250446364,-0.021107167799241426,-0.271930157245395,25,199
B_only,1000,2000,-0.004434061269405349,-0.021107167799241426,0.016673106529836078,25,199
A_only,1000,5000,-1.1687368870557688,-0.0033189882361477573,-1.165417898819621,25,199
hybrid,1000,5000,-0.5828560779216393,-0.0033189882361477573,-0.5795370896854916,25,199
B_only,1000,5000,-0.367239655827241,-0.0033189882361477573,-0.36392066759109326,25,199
A_only,1000,10000,-0.0065882733057595864,-0.0017750075215489918,-0.004813265784210595,25,199
hybrid,1000,10000,-0.0004824091964030837,-0.0017750075215489918,0.001292598325145908,25,199
B_only,1000,10000,-0.05199695892299751,-0.0017750075215489918,-0.050221951401448514,25,199
A_only,1000,2000,-1.0057433838331253,-0.0017750075215489918,-1.0039683763115763,50,199
hybrid,1000,2000,-0.4341394224757209,-0.0017750075215489918,-0.43236441495417194,50,199
B_only,1000,2000,-0.13715024879647378,-0.0017750075215489918,-0.13537524127492478,50,199
A_only,1000,5000,-0.9855259483744476,-0.048388414081634995,-0.9371375342928127,50,199
hybrid,1000,5000,-0.5307841531067533,-0.048388414081634995,-0.48239573902511834,50,199
B_only,1000,5000,-0.01110676030070288,-0.048388414081634995,0.037281653780932116,50,199
A_only,1000,10000,-1.707072623025794,-0.000677201249950961,-1.706395421775843,50,199
hybrid,1000,10000,-0.312482377106178,-0.000677201249950961,-0.311805175856227,50,199
B_only,1000,10000,-2.708898583339898e-18,-0.000677201249950961,0.0006772012499509583,50,199
A_only,1000,2000,-1.531081295855751,-0.021107167799241426,-1.5099741280565095,100,199
hybrid,1000,2000,-0.7771495034006564,-0.021107167799241426,-0.756042335601415,100,199
B_only,1000,2000,-0.38791665157235067,-0.021107167799241426,-0.36680948377310924,100,199
A_only,1000,5000,-0.951917130371731,-0.0017750075215489918,-0.950142122850182,100,199
hybrid,1000,5000,-0.4278309546684345,-0.0017750075215489918,-0.42605594714688555,100,199
B_only,1000,5000,-0.23534017511428337,-0.0017750075215489918,-0.23356516759273438,100,199
A_only,1000,10000,-0.9253365355464934,-0.000677201249950961,-0.9246593342965425,100,199
hybrid,1000,10000,-0.39865244304911607,-0.000677201249950961,-0.3979752417991651,100,199
B_only,1000,10000,-0.01059836509966709,-0.000677201249950961,-0.00992116384971613,100,199
A_only,1000,2000,-1.8910092753213898,-0.1680484964847657,-1.7229607788366241,200,199
hybrid,1000,2000,-0.5107226408031577,-0.1680484964847657,-0.34267414431839194,200,199
B_only,1000,2000,-0.004434544308862643,-0.1680484964847657,0.16361395217590305,200,199
A_only,1000,5000,-0.5603157938296576,-0.016652718459798817,-0.5436630753698588,200,199
hybrid,1000,5000,-0.18749129613642196,-0.016652718459798817,-0.17083857767662314,200,199
B_only,1000,5000,-0.3341664799873424,-0.016652718459798817,-0.31751376152754357,200,199
A_only,1000,10000,-0.962474116933436,-0.0014094271702523638,-0.9610646897631836,200,199
hybrid,1000,10000,-0.40958755242737743,-0.0014094271702523638,-0.40817812525712505,200,199
B_only,1000,10000,-0.04710421795414655,-0.0014094271702523638,-0.045694790783894185,200,199
A_only,1000,2000,-1.7988383239598509,-0.20603721632164326,-1.5928011076382076,500,199
hybrid,1000,2000,-0.385419329816201,-0.20603721632164326,-0.1793821134945577,500,199
B_only,1000,2000,-0.0025850228003957655,-0.20603721632164326,0.2034521935212475,500,199
A_only,1000,5000,-0.2188820982407667,-0.04467924927401707,-0.17420284896674965,500,199
hybrid,1000,5000,-0.05608022198706753,-0.04467924927401707,-0.011400972713050461,500,199
B_only,1000,5000,-0.014171410813844518,-0.04467924927401707,0.030507838460172552,500,199
A_only,1000,10000,-1.7789534396534261,-0.000677201249950961,-1.7782762384034752,500,199
hybrid,1000,10000,-0.3068684883091418,-0.000677201249950961,-0.30619128705919085,500,199
B_only,1000,10000,-0.00011341979884402997,-0.000677201249950961,0.000563781451106931,500,199
